Bacteria_ID,Quality,Bacteria_phylum,Product Prediction,BiG-SCAPE class,Family
11-B.bin.3,High-quality,Actinomycetota,T1PKS,PKSI,Streptosporangiaceae
11-B.bin.3,High-quality,Actinomycetota,RRE-containing,RiPPs,Streptosporangiaceae
11-B.bin.3,High-quality,Actinomycetota,T1PKS,PKSI,Streptosporangiaceae
11-B.bin.3,High-quality,Actinomycetota,T1PKS,PKSI,Streptosporangiaceae
11-B.bin.3,High-quality,Actinomycetota,RiPP-like,RiPPs,Streptosporangiaceae
11-B.bin.3,High-quality,Actinomycetota,T1PKS,PKSI,Streptosporangiaceae
11-B.bin.3,High-quality,Actinomycetota,T3PKS,PKSother,Streptosporangiaceae
11-B.bin.3,High-quality,Actinomycetota,NI-siderophore,Others,Streptosporangiaceae
11-B.bin.3,High-quality,Actinomycetota,T1PKS,PKSI,Streptosporangiaceae
11-B.bin.3,High-quality,Actinomycetota,terpene,Terpene,Streptosporangiaceae
11-B.bin.3,High-quality,Actinomycetota,T1PKS,PKSI,Streptosporangiaceae
11-B.bin.3,High-quality,Actinomycetota,terpene,Terpene,Streptosporangiaceae
11-B.bin.3,High-quality,Actinomycetota,terpene,Terpene,Streptosporangiaceae
11-B.bin.3,High-quality,Actinomycetota,RRE-containing,RiPPs,Streptosporangiaceae
11-B.bin.3,High-quality,Actinomycetota,PKS-like,PKSother,Streptosporangiaceae
11-C.bin.7,High-quality,Bacillota,NI-siderophore,Others,Amphibacillaceae
11-C.bin.7,High-quality,Bacillota,NI-siderophore,Others,Amphibacillaceae
11-C.bin.7,High-quality,Bacillota,RiPP-like,RiPPs,Amphibacillaceae
13-b.bin.37,High-quality,Actinomycetota,RiPP-like,RiPPs,Unclassified
13-b.bin.37,High-quality,Actinomycetota,thioamitides,RiPPs,Unclassified
13-b.bin.37,High-quality,Actinomycetota,ectoine,Others,Unclassified
13-b.bin.77,High-quality,Chloroflexota,terpene,Terpene,JAJCYX01
13-C.bin.36,High-quality,Gemmatimonadota,NRPS-like,NRPS,JAHWKZ01
13-C.bin.36,High-quality,Gemmatimonadota,T1PKS,PKSI,JAHWKZ01
13-d.bin.13,High-quality,Pseudomonadota,terpene,Terpene,Halofilaceae
13-d.bin.31,High-quality,Pseudomonadota,NRPS-like,NRPS,Halofilaceae
13-d.bin.31,High-quality,Pseudomonadota,terpene,Terpene,Halofilaceae
14-A.bin.53,High-quality,Bacteroidota,NI-siderophore,Others,Flavobacteriaceae
14-A.bin.53,High-quality,Bacteroidota,NI-siderophore,Others,Flavobacteriaceae
14-A.bin.53,High-quality,Bacteroidota,NRPS-like,NRPS,Flavobacteriaceae
14-A.bin.53,High-quality,Bacteroidota,RiPP-like,RiPPs,Flavobacteriaceae
14-B.bin.23,High-quality,Fibrobacterota,T1PKS,PKSI,JADFYW01
14-B.bin.23,High-quality,Fibrobacterota,terpene,Terpene,JADFYW01
16-A.bin.3,High-quality,Actinomycetota,NRPS,NRPS,ZC4RG35
16-A.bin.3,High-quality,Actinomycetota,NRPS-like,NRPS,ZC4RG35
16-A.bin.3,High-quality,Actinomycetota,NRPS,NRPS,ZC4RG35
17-A.bin.43,High-quality,KSB1,NRPS,NRPS,JAABYK01
17-A.bin.43,High-quality,KSB1,NRPS,NRPS,JAABYK01
17-A.bin.43,High-quality,KSB1,NRPS,NRPS,JAABYK01
17-A.bin.43,High-quality,KSB1,RiPP-like,RiPPs,JAABYK01
17-A.bin.43,High-quality,KSB1,NRPS,NRPS,JAABYK01
17-A.bin.43,High-quality,KSB1,NRPS,NRPS,JAABYK01
17-A.bin.43,High-quality,KSB1,NRPS,NRPS,JAABYK01
17-A.bin.43,High-quality,KSB1,NRPS,NRPS,JAABYK01
17-A.bin.43,High-quality,KSB1,T1PKS,PKSI,JAABYK01
17-A.bin.43,High-quality,KSB1,NRPS,NRPS,JAABYK01
17-A.bin.5,High-quality,Pseudomonadota,NRPS,NRPS,Wenzhouxiangellaceae
17-A.bin.5,High-quality,Pseudomonadota,T1PKS.NRPS-like,PKS-NRP_Hybrids,Wenzhouxiangellaceae
17-A.bin.5,High-quality,Pseudomonadota,NRPS,NRPS,Wenzhouxiangellaceae
17-A.bin.5,High-quality,Pseudomonadota,NRPS,NRPS,Wenzhouxiangellaceae
17-A.bin.5,High-quality,Pseudomonadota,resorcinol,Others,Wenzhouxiangellaceae
17-A.bin.5,High-quality,Pseudomonadota,lanthipeptide-class-ii,RiPPs,Wenzhouxiangellaceae
17-A.bin.5,High-quality,Pseudomonadota,arylpolyene,Others,Wenzhouxiangellaceae
17-C.bin.185,High-quality,Pseudomonadota,NRPS-like,NRPS,CAJXLF01
17-C.bin.185,High-quality,Pseudomonadota,arylpolyene,Others,CAJXLF01
18-A.bin.16,High-quality,Actinomycetota,indole,Others,Egibacteraceae
18-A.bin.16,High-quality,Actinomycetota,T3PKS,PKSother,Egibacteraceae
18-A.bin.16,High-quality,Actinomycetota,NRPS-like,NRPS,Egibacteraceae
18-A.bin.29,High-quality,Actinomycetota,terpene,Terpene,CADCSY01
18-A.bin.29,High-quality,Actinomycetota,NRPS-like,NRPS,CADCSY01
18-A.bin.85,High-quality,Actinomycetota,hglE-KS,PKSother,CALAEC01
1-A.bin.12,High-quality,Pseudomonadota,NRPS,NRPS,Halomonadaceae
1-A.bin.12,High-quality,Pseudomonadota,NRPS,NRPS,Halomonadaceae
1-A.bin.12,High-quality,Pseudomonadota,NRPS,NRPS,Halomonadaceae
1-A.bin.12,High-quality,Pseudomonadota,NRPS-like,NRPS,Halomonadaceae
1-A.bin.12,High-quality,Pseudomonadota,NRPS,NRPS,Halomonadaceae
1-A.bin.12,High-quality,Pseudomonadota,NI-siderophore,Others,Halomonadaceae
1-A.bin.12,High-quality,Pseudomonadota,NI-siderophore,Others,Halomonadaceae
1-A.bin.12,High-quality,Pseudomonadota,NRP-metallophore.NRPS,Others,Halomonadaceae
1-A.bin.12,High-quality,Pseudomonadota,T1PKS,PKSI,Halomonadaceae
1-A.bin.12,High-quality,Pseudomonadota,RiPP-like,RiPPs,Halomonadaceae
1-A.bin.12,High-quality,Pseudomonadota,NRPS,NRPS,Halomonadaceae
1-A.bin.12,High-quality,Pseudomonadota,resorcinol,Others,Halomonadaceae
1-b.bin.29,High-quality,Pseudomonadota,NRPS,NRPS,Halomonadaceae
1-b.bin.29,High-quality,Pseudomonadota,RiPP-like,RiPPs,Halomonadaceae
1-b.bin.29,High-quality,Pseudomonadota,NRPS,NRPS,Halomonadaceae
1-b.bin.29,High-quality,Pseudomonadota,NRPS,NRPS,Halomonadaceae
1-b.bin.29,High-quality,Pseudomonadota,T1PKS,PKSI,Halomonadaceae
1-b.bin.29,High-quality,Pseudomonadota,NRPS-like,NRPS,Halomonadaceae
1-b.bin.29,High-quality,Pseudomonadota,NI-siderophore,Others,Halomonadaceae
1-b.bin.29,High-quality,Pseudomonadota,NI-siderophore,Others,Halomonadaceae
1-b.bin.29,High-quality,Pseudomonadota,NI-siderophore,Others,Halomonadaceae
1-b.bin.29,High-quality,Pseudomonadota,arylpolyene,Others,Halomonadaceae
1-b.bin.29,High-quality,Pseudomonadota,arylpolyene,Others,Halomonadaceae
1-b.bin.30,High-quality,Actinomycetota,NRPS,NRPS,Microbacteriaceae
1-b.bin.30,High-quality,Actinomycetota,NAPAA,NRPS,Microbacteriaceae
1-b.bin.30,High-quality,Actinomycetota,T3PKS,PKSother,Microbacteriaceae
1-b.bin.6,High-quality,Gemmatimonadota,T3PKS,PKSother,Palauibacteraceae
1-d.bin.22,High-quality,Actinomycetota,T1PKS,PKSI,Pseudonocardiaceae
1-d.bin.22,High-quality,Actinomycetota,RiPP-like,RiPPs,Pseudonocardiaceae
1-d.bin.22,High-quality,Actinomycetota,NI-siderophore,Others,Pseudonocardiaceae
1-d.bin.22,High-quality,Actinomycetota,NI-siderophore,Others,Pseudonocardiaceae
1-d.bin.22,High-quality,Actinomycetota,NI-siderophore,Others,Pseudonocardiaceae
1-d.bin.22,High-quality,Actinomycetota,NRPS-like,NRPS,Pseudonocardiaceae
1-d.bin.22,High-quality,Actinomycetota,hglE-KS,PKSother,Pseudonocardiaceae
1-d.bin.22,High-quality,Actinomycetota,terpene,Terpene,Pseudonocardiaceae
1-d.bin.22,High-quality,Actinomycetota,T1PKS,PKSI,Pseudonocardiaceae
1-d.bin.22,High-quality,Actinomycetota,NRPS-like,NRPS,Pseudonocardiaceae
1-d.bin.22,High-quality,Actinomycetota,NI-siderophore,Others,Pseudonocardiaceae
1-d.bin.22,High-quality,Actinomycetota,NI-siderophore,Others,Pseudonocardiaceae
1-d.bin.22,High-quality,Actinomycetota,T1PKS,PKSI,Pseudonocardiaceae
2-b.bin.27,High-quality,Actinomycetota,lanthipeptide-class-iii,RiPPs,JAICYB01
2-b.bin.27,High-quality,Actinomycetota,terpene,Terpene,JAICYB01
4-B.bin.27,High-quality,Bacteroidota,NRPS-like,NRPS,Flavobacteriaceae
4-B.bin.27,High-quality,Bacteroidota,terpene,Terpene,Flavobacteriaceae
4-B.bin.27,High-quality,Bacteroidota,RRE-containing,RiPPs,Flavobacteriaceae
4-B.bin.27,High-quality,Bacteroidota,arylpolyene,Others,Flavobacteriaceae
4-B.bin.27,High-quality,Bacteroidota,resorcinol,Others,Flavobacteriaceae
4-B.bin.27,High-quality,Bacteroidota,arylpolyene,Others,Flavobacteriaceae
4-B.bin.27,High-quality,Bacteroidota,arylpolyene,Others,Flavobacteriaceae
4-B.bin.27,High-quality,Bacteroidota,NI-siderophore,Others,Flavobacteriaceae
4-B.bin.27,High-quality,Bacteroidota,NI-siderophore,Others,Flavobacteriaceae
4-B.bin.27,High-quality,Bacteroidota,RRE-containing,RiPPs,Flavobacteriaceae
4-B.bin.27,High-quality,Bacteroidota,RiPP-like,RiPPs,Flavobacteriaceae
4-C.bin.25,High-quality,Planctomycetota,terpene,Terpene,Planctomycetaceae
4-C.bin.25,High-quality,Planctomycetota,terpene,Terpene,Planctomycetaceae
4-C.bin.25,High-quality,Planctomycetota,T3PKS,PKSother,Planctomycetaceae
4-C.bin.25,High-quality,Planctomycetota,RRE-containing,RiPPs,Planctomycetaceae
4-D.bin.19,High-quality,Acidobacteriota,ladderane,Others,JAIOJS01
4-D.bin.19,High-quality,Acidobacteriota,arylpolyene,Others,JAIOJS01
4-D.bin.19,High-quality,Acidobacteriota,NRPS-like,NRPS,JAIOJS01
4-D.bin.19,High-quality,Acidobacteriota,T1PKS,PKSI,JAIOJS01
4-D.bin.19,High-quality,Acidobacteriota,RiPP-like,RiPPs,JAIOJS01
4-D.bin.19,High-quality,Acidobacteriota,T1PKS,PKSI,JAIOJS01
4-D.bin.19,High-quality,Acidobacteriota,T1PKS.NRPS,PKS-NRP_Hybrids,JAIOJS01
4-D.bin.19,High-quality,Acidobacteriota,NRPS-like,NRPS,JAIOJS01
4-D.bin.19,High-quality,Acidobacteriota,lanthipeptide-class-ii,RiPPs,JAIOJS01
4-D.bin.19,High-quality,Acidobacteriota,T3PKS,PKSother,JAIOJS01
4-D.bin.19,High-quality,Acidobacteriota,T1PKS,PKSI,JAIOJS01
4-D.bin.19,High-quality,Acidobacteriota,NRPS-like,NRPS,JAIOJS01
4-D.bin.19,High-quality,Acidobacteriota,T1PKS,PKSI,JAIOJS01
4-D.bin.19,High-quality,Acidobacteriota,T1PKS,PKSI,JAIOJS01
4-D.bin.3,High-quality,Pseudomonadota,arylpolyene,Others,Wenzhouxiangellaceae
4-D.bin.4,High-quality,Bacteroidota,arylpolyene,Others,Flavobacteriaceae
4-D.bin.4,High-quality,Bacteroidota,arylpolyene,Others,Flavobacteriaceae
4-D.bin.4,High-quality,Bacteroidota,terpene,Terpene,Flavobacteriaceae
5-B.bin.13,High-quality,Bacteroidota,NI-siderophore,Others,Flavobacteriaceae
5-B.bin.13,High-quality,Bacteroidota,NI-siderophore,Others,Flavobacteriaceae
5-B.bin.13,High-quality,Bacteroidota,RiPP-like,RiPPs,Flavobacteriaceae
5-B.bin.13,High-quality,Bacteroidota,NRPS-like,NRPS,Flavobacteriaceae
5-B.bin.13,High-quality,Bacteroidota,RRE-containing,RiPPs,Flavobacteriaceae
5-B.bin.13,High-quality,Bacteroidota,NRPS-like,NRPS,Flavobacteriaceae
5-B.bin.13,High-quality,Bacteroidota,terpene,Terpene,Flavobacteriaceae
5-B.bin.13,High-quality,Bacteroidota,arylpolyene,Others,Flavobacteriaceae
5-B.bin.13,High-quality,Bacteroidota,arylpolyene,Others,Flavobacteriaceae
5-B.bin.13,High-quality,Bacteroidota,arylpolyene,Others,Flavobacteriaceae
5-B.bin.13,High-quality,Bacteroidota,resorcinol,Others,Flavobacteriaceae
5-B.bin.13,High-quality,Bacteroidota,RRE-containing,RiPPs,Flavobacteriaceae
5-C.bin.12,High-quality,Pseudomonadota,NRPS-like,NRPS,Porticoccaceae
5-C.bin.40,High-quality,Bacillota,T3PKS,PKSother,Fictibacillaceae
5-C.bin.40,High-quality,Bacillota,NI-siderophore,Others,Fictibacillaceae
5-C.bin.40,High-quality,Bacillota,NI-siderophore,Others,Fictibacillaceae
5-C.bin.40,High-quality,Bacillota,RiPP-like,RiPPs,Fictibacillaceae
5-C.bin.40,High-quality,Bacillota,RiPP-like,RiPPs,Fictibacillaceae
5-C.bin.40,High-quality,Bacillota,terpene,Terpene,Fictibacillaceae
5-C.bin.40,High-quality,Bacillota,RiPP-like,RiPPs,Fictibacillaceae
5-C.bin.40,High-quality,Bacillota,RiPP-like,RiPPs,Fictibacillaceae
5-C.bin.44,High-quality,Bacteroidota,T3PKS,PKSother,Balneolaceae
5-C.bin.44,High-quality,Bacteroidota,terpene,Terpene,Balneolaceae
5-C.bin.53,High-quality,KSB1,NRPS,NRPS,N075bin58
5-C.bin.53,High-quality,KSB1,NRPS,NRPS,N075bin58
5-C.bin.53,High-quality,KSB1,T1PKS,PKSI,N075bin58
5-C.bin.53,High-quality,KSB1,NRPS-like,NRPS,N075bin58
5-C.bin.53,High-quality,KSB1,transAT-PKS-like,PKSother,N075bin58
5-C.bin.53,High-quality,KSB1,NRPS-like,NRPS,N075bin58
5-C.bin.53,High-quality,KSB1,NRPS-like,NRPS,N075bin58
5-C.bin.53,High-quality,KSB1,NRPS,NRPS,N075bin58
5-C.bin.53,High-quality,KSB1,transAT-PKS-like,PKSother,N075bin58
5-C.bin.53,High-quality,KSB1,NRPS,NRPS,N075bin58
5-C.bin.53,High-quality,KSB1,NRPS,NRPS,N075bin58
5-C.bin.53,High-quality,KSB1,NRPS,NRPS,N075bin58
5-C.bin.53,High-quality,KSB1,T1PKS,PKSI,N075bin58
5-C.bin.53,High-quality,KSB1,transAT-PKS-like,PKSother,N075bin58
5-C.bin.53,High-quality,KSB1,NRPS,NRPS,N075bin58
5-C.bin.53,High-quality,KSB1,transAT-PKS-like,PKSother,N075bin58
5-C.bin.53,High-quality,KSB1,NRPS,NRPS,N075bin58
5-C.bin.53,High-quality,KSB1,transAT-PKS-like,PKSother,N075bin58
5-C.bin.53,High-quality,KSB1,transAT-PKS-like,PKSother,N075bin58
5-C.bin.53,High-quality,KSB1,transAT-PKS-like,PKSother,N075bin58
5-C.bin.53,High-quality,KSB1,transAT-PKS-like,PKSother,N075bin58
5-C.bin.53,High-quality,KSB1,NRPS,NRPS,N075bin58
5-C.bin.53,High-quality,KSB1,transAT-PKS-like,PKSother,N075bin58
5-C.bin.53,High-quality,KSB1,NRPS,NRPS,N075bin58
5-D.bin.45,High-quality,Actinomycetota,NRPS-like,NRPS,JACPCJ01
6-C.bin.42,High-quality,Pseudomonadota,arylpolyene,Others,SG8-41
6-C.bin.42,High-quality,Pseudomonadota,NRPS-like,NRPS,SG8-41
6-C.bin.42,High-quality,Pseudomonadota,NRPS-like,NRPS,SG8-41
7-B.bin.13,High-quality,Pseudomonadota,indole,Others,SZUA-36
7-c.bin.59,High-quality,Pseudomonadota,terpene,Terpene,HK1
7-c.bin.59,High-quality,Pseudomonadota,terpene,Terpene,HK1
7-c.bin.59,High-quality,Pseudomonadota,NRPS-like,NRPS,HK1
7-c.bin.59,High-quality,Pseudomonadota,hglE-KS,PKSother,HK1
7-c.bin.59,High-quality,Pseudomonadota,hglE-KS,PKSother,HK1
7-c.bin.59,High-quality,Pseudomonadota,T1PKS,PKSI,HK1
8-a.bin.3,High-quality,Actinomycetota,terpene,Terpene,Pseudonocardiaceae
8-a.bin.3,High-quality,Actinomycetota,NI-siderophore,Others,Pseudonocardiaceae
8-a.bin.3,High-quality,Actinomycetota,NI-siderophore,Others,Pseudonocardiaceae
8-a.bin.3,High-quality,Actinomycetota,NRPS,NRPS,Pseudonocardiaceae
8-a.bin.3,High-quality,Actinomycetota,T3PKS,PKSother,Pseudonocardiaceae
8-B.bin.11,High-quality,Acidobacteriota,NRPS,NRPS,Gp7-AA8
8-B.bin.11,High-quality,Acidobacteriota,NRPS,NRPS,Gp7-AA8
8-B.bin.11,High-quality,Acidobacteriota,RRE-containing,RiPPs,Gp7-AA8
8-B.bin.11,High-quality,Acidobacteriota,indole,Others,Gp7-AA8
8-B.bin.11,High-quality,Acidobacteriota,lanthipeptide-class-iv,RiPPs,Gp7-AA8
8-B.bin.11,High-quality,Acidobacteriota,NRPS,NRPS,Gp7-AA8
8-B.bin.11,High-quality,Acidobacteriota,NRPS,NRPS,Gp7-AA8
8-B.bin.11,High-quality,Acidobacteriota,RiPP-like,RiPPs,Gp7-AA8
8-B.bin.11,High-quality,Acidobacteriota,RRE-containing,RiPPs,Gp7-AA8
8-B.bin.11,High-quality,Acidobacteriota,NRPS,NRPS,Gp7-AA8
8-B.bin.11,High-quality,Acidobacteriota,transAT-PKS-like,PKSother,Gp7-AA8
8-B.bin.11,High-quality,Acidobacteriota,T3PKS,PKSother,Gp7-AA8
8-B.bin.11,High-quality,Acidobacteriota,lanthipeptide-class-ii,RiPPs,Gp7-AA8
9-A.bin.24,High-quality,Pseudomonadota,arylpolyene,Others,SZUA-152
9-A.bin.24,High-quality,Pseudomonadota,resorcinol,Others,SZUA-152
9-A.bin.24,High-quality,Pseudomonadota,NRPS-like,NRPS,SZUA-152
9-A.bin.24,High-quality,Pseudomonadota,NRPS-like,NRPS,SZUA-152
9-A.bin.24,High-quality,Pseudomonadota,NRPS-like,NRPS,SZUA-152
9-A.bin.24,High-quality,Pseudomonadota,NRPS-like,NRPS,SZUA-152
9-A.bin.24,High-quality,Pseudomonadota,arylpolyene,Others,SZUA-152
9-A.bin.59,High-quality,Pseudomonadota,NRPS-like,NRPS,CAJVXG01
9-A.bin.59,High-quality,Pseudomonadota,terpene,Terpene,CAJVXG01
9-A.bin.59,High-quality,Pseudomonadota,terpene,Terpene,CAJVXG01
9-A.bin.81,High-quality,Bacteroidota,terpene,Terpene,Balneolaceae
9-A.bin.81,High-quality,Bacteroidota,T3PKS,PKSother,Balneolaceae
9-C.bin.2,High-quality,Pseudomonadota,arylpolyene,Others,Wenzhouxiangellaceae
9-C.bin.2,High-quality,Pseudomonadota,lanthipeptide-class-ii,RiPPs,Wenzhouxiangellaceae
9-C.bin.2,High-quality,Pseudomonadota,resorcinol,Others,Wenzhouxiangellaceae
9-D.bin.15,High-quality,Chloroflexota,NRPS-like,NRPS,UBA3495
9-D.bin.15,High-quality,Chloroflexota,terpene,Terpene,UBA3495
9-D.bin.15,High-quality,Chloroflexota,terpene,Terpene,UBA3495
9-D.bin.29,High-quality,Pseudomonadota,phosphonate,Others,UBA4486
9-D.bin.29,High-quality,Pseudomonadota,terpene,Terpene,UBA4486
9-D.bin.29,High-quality,Pseudomonadota,terpene,Terpene,UBA4486
9-D.bin.34,High-quality,Acidobacteriota,RiPP-like,RiPPs,UBA5704
9-D.bin.34,High-quality,Acidobacteriota,ladderane,Others,UBA5704
9-D.bin.34,High-quality,Acidobacteriota,NRPS-like,NRPS,UBA5704
9-D.bin.34,High-quality,Acidobacteriota,terpene,Terpene,UBA5704
9-D.bin.55,High-quality,Gemmatimonadota,terpene,Terpene,GWC2-71-9
9-D.bin.55,High-quality,Gemmatimonadota,NRPS-like,NRPS,GWC2-71-9
9-D.bin.55,High-quality,Gemmatimonadota,T1PKS,PKSI,GWC2-71-9
9-D.bin.55,High-quality,Gemmatimonadota,NRPS-like,NRPS,GWC2-71-9
9-D.bin.55,High-quality,Gemmatimonadota,NRPS.T1PKS,PKS-NRP_Hybrids,GWC2-71-9
9-D.bin.55,High-quality,Gemmatimonadota,NRPS,NRPS,GWC2-71-9
ERR13934205.bin.11,High-quality,Desulfobacterota,terpene,Terpene,Pseudopelobacteraceae
ERR13934205.bin.11,High-quality,Desulfobacterota,hglE-KS.T1PKS,PKSother,Pseudopelobacteraceae
ERR13934205.bin.11,High-quality,Desulfobacterota,hglE-KS,PKSother,Pseudopelobacteraceae
ERR13934205.bin.11,High-quality,Desulfobacterota,terpene,Terpene,Pseudopelobacteraceae
ERR13934205.bin.11,High-quality,Desulfobacterota,NRPS-like,NRPS,Pseudopelobacteraceae
ERR13934205.bin.17,High-quality,Desulfobacterota,T1PKS,PKSI,Desulfobacteraceae
ERR13934205.bin.17,High-quality,Desulfobacterota,hglE-KS,PKSother,Desulfobacteraceae
ERR13934205.bin.17,High-quality,Desulfobacterota,NRPS,NRPS,Desulfobacteraceae
ERR13934205.bin.17,High-quality,Desulfobacterota,hglE-KS,PKSother,Desulfobacteraceae
ERR13934205.bin.17,High-quality,Desulfobacterota,T1PKS,PKSI,Desulfobacteraceae
ERR13934205.bin.17,High-quality,Desulfobacterota,RiPP-like,RiPPs,Desulfobacteraceae
ERR13934208.bin.4,High-quality,Elusimicrobiota,terpene,Terpene,UBA9959
ERR13934208.bin.4,High-quality,Elusimicrobiota,hglE-KS,PKSother,UBA9959
ERR13934208.bin.4,High-quality,Elusimicrobiota,T1PKS.hglE-KS,PKSother,UBA9959
ERR13934208.bin.4,High-quality,Elusimicrobiota,T1PKS,PKSI,UBA9959
ERR13934211.bin.2,High-quality,Elusimicrobiota,terpene,Terpene,UBA9959
ERR13934211.bin.2,High-quality,Elusimicrobiota,T1PKS,PKSI,UBA9959
ERR13934211.bin.26,High-quality,Bacteroidota,RiPP-like,RiPPs,VadinHA17
ERR13934211.bin.26,High-quality,Bacteroidota,terpene,Terpene,VadinHA17
ERR5004944.bin.7,High-quality,Chloroflexota,NRPS-like,NRPS,P2-11E
ERR9527525.bin.22,High-quality,Bacillota_A,ranthipeptide,RiPPs,Thermotaleaceae
ERR9527525.bin.22,High-quality,Bacillota_A,RiPP-like,RiPPs,Thermotaleaceae
ERR9527525.bin.37,High-quality,Bacillota_D,ranthipeptide,RiPPs,Dethiobacteraceae
ERR9527528.bin.13,High-quality,Bacteroidota,transAT-PKS-like.NRPS,PKS-NRP_Hybrids,UBA932
ERR9527528.bin.13,High-quality,Bacteroidota,NRPS,NRPS,UBA932
ERR9527528.bin.20,High-quality,Bacillota_D,RRE-containing,RiPPs,Dethiobacteraceae
ERR9527528.bin.31,High-quality,Bacteroidota,NRPS-like,NRPS,Tenuifilaceae
ERR9527528.bin.31,High-quality,Bacteroidota,ladderane,Others,Tenuifilaceae
ERR9527528.bin.31,High-quality,Bacteroidota,NRPS,NRPS,Tenuifilaceae
ERR9527533.bin.33,High-quality,Bacteroidota,terpene,Terpene,Prolixibacteraceae
ERR9527535.bin.35,High-quality,Desulfobacterota,RiPP-like,RiPPs,Desulfomicrobiaceae
ERR9527535.bin.35,High-quality,Desulfobacterota,RiPP-like,RiPPs,Desulfomicrobiaceae
ERR9527537.bin.16,High-quality,Acidobacteriota,terpene,Terpene,UBA7541
ERR9527537.bin.16,High-quality,Acidobacteriota,T3PKS,PKSother,UBA7541
ERR9527537.bin.16,High-quality,Acidobacteriota,terpene,Terpene,UBA7541
ERR9527537.bin.16,High-quality,Acidobacteriota,NRPS-like,NRPS,UBA7541
SRR16229776.bin.11,High-quality,Pseudomonadota,T1PKS,PKSI,Hyphomonadaceae
SRR16229776.bin.28,High-quality,Pseudomonadota,NRPS-like,NRPS,Steroidobacteraceae
SRR16229776.bin.28,High-quality,Pseudomonadota,T1PKS,PKSI,Steroidobacteraceae
SRR16229776.bin.28,High-quality,Pseudomonadota,hglE-KS,PKSother,Steroidobacteraceae
SRR16229776.bin.28,High-quality,Pseudomonadota,NRPS,NRPS,Steroidobacteraceae
SRR16229776.bin.28,High-quality,Pseudomonadota,arylpolyene,Others,Steroidobacteraceae
SRR16229776.bin.28,High-quality,Pseudomonadota,arylpolyene,Others,Steroidobacteraceae
SRR16229779.bin.23,High-quality,Acidobacteriota,T1PKS,PKSI,SCN-69-37
SRR16229779.bin.23,High-quality,Acidobacteriota,T1PKS,PKSI,SCN-69-37
SRR16229779.bin.23,High-quality,Acidobacteriota,NRPS,NRPS,SCN-69-37
SRR16229779.bin.23,High-quality,Acidobacteriota,NRPS,NRPS,SCN-69-37
SRR16229779.bin.23,High-quality,Acidobacteriota,NRPS-like,NRPS,SCN-69-37
SRR16229779.bin.23,High-quality,Acidobacteriota,NRPS,NRPS,SCN-69-37
SRR16229779.bin.23,High-quality,Acidobacteriota,NRPS,NRPS,SCN-69-37
SRR16229779.bin.23,High-quality,Acidobacteriota,NRPS-like,NRPS,SCN-69-37
SRR16229779.bin.23,High-quality,Acidobacteriota,T1PKS,PKSI,SCN-69-37
SRR16229779.bin.23,High-quality,Acidobacteriota,NRPS-like,NRPS,SCN-69-37
SRR16229779.bin.23,High-quality,Acidobacteriota,lanthipeptide-class-ii,RiPPs,SCN-69-37
SRR16229779.bin.23,High-quality,Acidobacteriota,T1PKS,PKSI,SCN-69-37
SRR16229781.bin.1,High-quality,Pseudomonadota,hglE-KS,PKSother,Shewanellaceae
SRR16229781.bin.1,High-quality,Pseudomonadota,NI-siderophore,Others,Shewanellaceae
SRR16229781.bin.1,High-quality,Pseudomonadota,RiPP-like,RiPPs,Shewanellaceae
SRR16229781.bin.1,High-quality,Pseudomonadota,hglE-KS.PUFA,Others,Shewanellaceae
SRR16229781.bin.1,High-quality,Pseudomonadota,arylpolyene,Others,Shewanellaceae
SRR16229781.bin.1,High-quality,Pseudomonadota,arylpolyene,Others,Shewanellaceae
SRR16229781.bin.10,High-quality,Gemmatimonadota,NRPS,NRPS,Gemmatimonadaceae
SRR16229782.bin.19,High-quality,Myxococcota,NRPS-like,NRPS,Polyangiaceae
SRR16229782.bin.19,High-quality,Myxococcota,arylpolyene,Others,Polyangiaceae
SRR16229782.bin.19,High-quality,Myxococcota,arylpolyene,Others,Polyangiaceae
SRR16229782.bin.19,High-quality,Myxococcota,NRPS-like,NRPS,Polyangiaceae
SRR16229782.bin.19,High-quality,Myxococcota,NRPS,NRPS,Polyangiaceae
SRR16229782.bin.19,High-quality,Myxococcota,T1PKS.NRPS-like,PKS-NRP_Hybrids,Polyangiaceae
SRR16229785.bin.13,High-quality,Pseudomonadota,T3PKS,PKSother,Sphingomonadaceae
SRR16229785.bin.13,High-quality,Pseudomonadota,terpene,Terpene,Sphingomonadaceae
SRR16229787.bin.8,High-quality,Myxococcota,NRPS-like,NRPS,Haliangiaceae
SRR16229787.bin.8,High-quality,Myxococcota,terpene,Terpene,Haliangiaceae
SRR16229787.bin.8,High-quality,Myxococcota,RiPP-like,RiPPs,Haliangiaceae
SRR16229787.bin.8,High-quality,Myxococcota,NRPS-like,NRPS,Haliangiaceae
SRR16229787.bin.8,High-quality,Myxococcota,RRE-containing,RiPPs,Haliangiaceae
SRR16229787.bin.8,High-quality,Myxococcota,NRPS-like,NRPS,Haliangiaceae
SRR16229787.bin.8,High-quality,Myxococcota,RRE-containing,RiPPs,Haliangiaceae
SRR19594459.bin.41,High-quality,Cyanobacteriota,NI-siderophore,Others,SIO1D9
SRR19594459.bin.41,High-quality,Cyanobacteriota,NI-siderophore,Others,SIO1D9
SRR19594459.bin.41,High-quality,Cyanobacteriota,terpene,Terpene,SIO1D9
SRR19594459.bin.56,High-quality,Pseudomonadota,T3PKS,PKSother,Sphingomonadaceae
SRR19594459.bin.56,High-quality,Pseudomonadota,terpene,Terpene,Sphingomonadaceae
SRR19594459.bin.56,High-quality,Pseudomonadota,terpene,Terpene,Sphingomonadaceae
SRR19594459.bin.66,High-quality,Pseudomonadota,NRPS-like,NRPS,Cellvibrionaceae
SRR19594459.bin.66,High-quality,Pseudomonadota,lanthipeptide-class-iv,RiPPs,Cellvibrionaceae
SRR19594459.bin.66,High-quality,Pseudomonadota,T1PKS,PKSI,Cellvibrionaceae
SRR19594459.bin.66,High-quality,Pseudomonadota,T1PKS,PKSI,Cellvibrionaceae
SRR19594459.bin.66,High-quality,Pseudomonadota,NRPS-like,NRPS,Cellvibrionaceae
SRR19594459.bin.66,High-quality,Pseudomonadota,NRPS,NRPS,Cellvibrionaceae
SRR19594459.bin.66,High-quality,Pseudomonadota,transAT-PKS-like,PKSother,Cellvibrionaceae
SRR19594459.bin.66,High-quality,Pseudomonadota,transAT-PKS-like,PKSother,Cellvibrionaceae
SRR19594459.bin.66,High-quality,Pseudomonadota,transAT-PKS-like.NRPS-like,PKS-NRP_Hybrids,Cellvibrionaceae
SRR19594459.bin.66,High-quality,Pseudomonadota,NRPS-like,NRPS,Cellvibrionaceae
SRR19594460.bin.16,High-quality,Nitrospirota,terpene,Terpene,UBA8639
SRR19594460.bin.16,High-quality,Nitrospirota,phosphonate,Others,UBA8639
SRR19594460.bin.16,High-quality,Nitrospirota,RiPP-like,RiPPs,UBA8639
SRR19594460.bin.16,High-quality,Nitrospirota,arylpolyene,Others,UBA8639
SRR19594460.bin.16,High-quality,Nitrospirota,RiPP-like,RiPPs,UBA8639
SRR19594460.bin.16,High-quality,Nitrospirota,terpene,Terpene,UBA8639
SRR19594460.bin.16,High-quality,Nitrospirota,NRPS-like,NRPS,UBA8639
SRR19594464.bin.26,High-quality,Gemmatimonadota,RiPP-like,RiPPs,GWC2-71-9
SRR19594464.bin.26,High-quality,Gemmatimonadota,terpene,Terpene,GWC2-71-9
SRR19594464.bin.26,High-quality,Gemmatimonadota,RRE-containing,RiPPs,GWC2-71-9
SRR19594464.bin.26,High-quality,Gemmatimonadota,RRE-containing,RiPPs,GWC2-71-9
SRR19594465.bin.18,High-quality,Pseudomonadota,terpene,Terpene,Wenzhouxiangellaceae
SRR19594465.bin.18,High-quality,Pseudomonadota,terpene,Terpene,Wenzhouxiangellaceae
SRR19594465.bin.18,High-quality,Pseudomonadota,terpene,Terpene,Wenzhouxiangellaceae
SRR19594465.bin.43,High-quality,Acidobacteriota,RiPP-like,RiPPs,UBA5704
SRR19594465.bin.43,High-quality,Acidobacteriota,NRPS,NRPS,UBA5704
SRR19594465.bin.43,High-quality,Acidobacteriota,T1PKS,PKSI,UBA5704
SRR19594465.bin.43,High-quality,Acidobacteriota,NRPS,NRPS,UBA5704
SRR19594465.bin.43,High-quality,Acidobacteriota,lanthipeptide-class-ii,RiPPs,UBA5704
SRR19594465.bin.43,High-quality,Acidobacteriota,NRPS,NRPS,UBA5704
SRR19594465.bin.43,High-quality,Acidobacteriota,NRPS-like,NRPS,UBA5704
SRR19594465.bin.43,High-quality,Acidobacteriota,T1PKS.NRPS,PKS-NRP_Hybrids,UBA5704
SRR19594465.bin.43,High-quality,Acidobacteriota,NRPS,NRPS,UBA5704
SRR19594465.bin.43,High-quality,Acidobacteriota,NRPS,NRPS,UBA5704
SRR19594465.bin.43,High-quality,Acidobacteriota,NRPS,NRPS,UBA5704
SRR19594465.bin.43,High-quality,Acidobacteriota,NRPS,NRPS,UBA5704
SRR19594465.bin.43,High-quality,Acidobacteriota,T1PKS,PKSI,UBA5704
SRR19594465.bin.43,High-quality,Acidobacteriota,T3PKS,PKSother,UBA5704
SRR19594465.bin.43,High-quality,Acidobacteriota,NRPS,NRPS,UBA5704
SRR19594465.bin.43,High-quality,Acidobacteriota,NRPS,NRPS,UBA5704
SRR19594465.bin.43,High-quality,Acidobacteriota,T1PKS.NRPS,PKS-NRP_Hybrids,UBA5704
SRR19594465.bin.43,High-quality,Acidobacteriota,NRPS,NRPS,UBA5704
SRR19594465.bin.43,High-quality,Acidobacteriota,NRPS,NRPS,UBA5704
SRR19594465.bin.43,High-quality,Acidobacteriota,terpene,Terpene,UBA5704
SRR19594465.bin.43,High-quality,Acidobacteriota,ladderane,Others,UBA5704
SRR19594465.bin.43,High-quality,Acidobacteriota,lanthipeptide-class-ii,RiPPs,UBA5704
SRR19594465.bin.43,High-quality,Acidobacteriota,NRPS,NRPS,UBA5704
SRR19594465.bin.43,High-quality,Acidobacteriota,NRPS,NRPS,UBA5704
SRR19594465.bin.43,High-quality,Acidobacteriota,NRPS,NRPS,UBA5704
SRR19594465.bin.43,High-quality,Acidobacteriota,T1PKS,PKSI,UBA5704
SRR19594465.bin.43,High-quality,Acidobacteriota,NRPS,NRPS,UBA5704
SRR19594465.bin.43,High-quality,Acidobacteriota,NRPS,NRPS,UBA5704
SRR19594465.bin.43,High-quality,Acidobacteriota,NRPS,NRPS,UBA5704
SRR19594465.bin.43,High-quality,Acidobacteriota,NRPS,NRPS,UBA5704
SRR19594465.bin.43,High-quality,Acidobacteriota,NRPS,NRPS,UBA5704
SRR19594465.bin.43,High-quality,Acidobacteriota,RiPP-like,RiPPs,UBA5704
SRR19594465.bin.43,High-quality,Acidobacteriota,NRPS-like,NRPS,UBA5704
SRR19594465.bin.43,High-quality,Acidobacteriota,NRPS.T1PKS,PKS-NRP_Hybrids,UBA5704
SRR19594465.bin.43,High-quality,Acidobacteriota,NRPS,NRPS,UBA5704
SRR19594465.bin.43,High-quality,Acidobacteriota,T1PKS.NRPS,PKS-NRP_Hybrids,UBA5704
SRR19594465.bin.43,High-quality,Acidobacteriota,NRPS,NRPS,UBA5704
SRR19594465.bin.43,High-quality,Acidobacteriota,T1PKS,PKSI,UBA5704
SRR19594465.bin.43,High-quality,Acidobacteriota,T1PKS.NRPS,PKS-NRP_Hybrids,UBA5704
SRR19594465.bin.43,High-quality,Acidobacteriota,T1PKS,PKSI,UBA5704
SRR19594465.bin.43,High-quality,Acidobacteriota,NRPS,NRPS,UBA5704
SRR19594465.bin.43,High-quality,Acidobacteriota,NRPS,NRPS,UBA5704
SRR19594465.bin.43,High-quality,Acidobacteriota,NRPS,NRPS,UBA5704
SRR19594465.bin.43,High-quality,Acidobacteriota,NRPS,NRPS,UBA5704
SRR19594465.bin.43,High-quality,Acidobacteriota,NRPS-like,NRPS,UBA5704
SRR19594465.bin.43,High-quality,Acidobacteriota,NRPS,NRPS,UBA5704
SRR19594465.bin.43,High-quality,Acidobacteriota,NRPS,NRPS,UBA5704
SRR19594466.bin.10,High-quality,Acidobacteriota,RiPP-like,RiPPs,UBA5704
SRR19594466.bin.10,High-quality,Acidobacteriota,NRPS-like,NRPS,UBA5704
SRR19594466.bin.10,High-quality,Acidobacteriota,lanthipeptide-class-ii,RiPPs,UBA5704
SRR19594466.bin.10,High-quality,Acidobacteriota,lanthipeptide-class-ii,RiPPs,UBA5704
SRR19594466.bin.10,High-quality,Acidobacteriota,T1PKS,PKSI,UBA5704
SRR19594466.bin.10,High-quality,Acidobacteriota,RRE-containing,RiPPs,UBA5704
SRR19594466.bin.10,High-quality,Acidobacteriota,RiPP-like,RiPPs,UBA5704
SRR19594466.bin.10,High-quality,Acidobacteriota,T3PKS,PKSother,UBA5704
SRR19594466.bin.10,High-quality,Acidobacteriota,lanthipeptide-class-ii,RiPPs,UBA5704
SRR19594466.bin.10,High-quality,Acidobacteriota,ladderane,Others,UBA5704
SRR19594466.bin.10,High-quality,Acidobacteriota,ranthipeptide,RiPPs,UBA5704
SRR19594466.bin.10,High-quality,Acidobacteriota,T3PKS,PKSother,UBA5704
SRR19594466.bin.10,High-quality,Acidobacteriota,NRPS-like,NRPS,UBA5704
SRR19594466.bin.10,High-quality,Acidobacteriota,terpene,Terpene,UBA5704
SRR19594467.bin.56,High-quality,Actinomycetota,terpene,Terpene,JACDCH01
SRR19594467.bin.56,High-quality,Actinomycetota,NRPS-like,NRPS,JACDCH01
SRR19594468.bin.46,High-quality,Gemmatimonadota,hglE-KS,PKSother,UBA6960
SRR19594468.bin.46,High-quality,Gemmatimonadota,NRPS-like,NRPS,UBA6960
SRR19594468.bin.46,High-quality,Gemmatimonadota,NRPS,NRPS,UBA6960
SRR19594468.bin.46,High-quality,Gemmatimonadota,T1PKS.NRPS,PKS-NRP_Hybrids,UBA6960
SRR19594468.bin.46,High-quality,Gemmatimonadota,NRPS-like,NRPS,UBA6960
SRR19594468.bin.46,High-quality,Gemmatimonadota,NRPS-like,NRPS,UBA6960
SRR19594468.bin.46,High-quality,Gemmatimonadota,T1PKS,PKSI,UBA6960
SRR19594468.bin.46,High-quality,Gemmatimonadota,ranthipeptide,RiPPs,UBA6960
SRR19594468.bin.46,High-quality,Gemmatimonadota,RiPP-like,RiPPs,UBA6960
SRR19594468.bin.46,High-quality,Gemmatimonadota,T3PKS,PKSother,UBA6960
SRR19594468.bin.5,High-quality,Desulfobacterota_E,T3PKS,PKSother,Deferrimicrobiaceae
SRR19594468.bin.52,High-quality,Pseudomonadota,NRPS-like,NRPS,HK1
SRR19594468.bin.52,High-quality,Pseudomonadota,NRPS,NRPS,HK1
SRR19594468.bin.52,High-quality,Pseudomonadota,NRPS-like,NRPS,HK1
SRR19594468.bin.52,High-quality,Pseudomonadota,terpene,Terpene,HK1
SRR19594468.bin.52,High-quality,Pseudomonadota,terpene,Terpene,HK1
SRR19594468.bin.52,High-quality,Pseudomonadota,RiPP-like,RiPPs,HK1
SRR19594469.bin.35,High-quality,Pseudomonadota,NRPS-like,NRPS,XN24
SRR19594469.bin.38,High-quality,Acidobacteriota,ladderane,Others,UBA5704
SRR19594469.bin.38,High-quality,Acidobacteriota,hglE-KS,PKSother,UBA5704
SRR19594469.bin.38,High-quality,Acidobacteriota,lanthipeptide-class-ii,RiPPs,UBA5704
SRR19594469.bin.38,High-quality,Acidobacteriota,terpene,Terpene,UBA5704
SRR19594469.bin.38,High-quality,Acidobacteriota,NRPS,NRPS,UBA5704
SRR19594469.bin.38,High-quality,Acidobacteriota,RiPP-like,RiPPs,UBA5704
SRR19594469.bin.38,High-quality,Acidobacteriota,RiPP-like,RiPPs,UBA5704
SRR19594469.bin.38,High-quality,Acidobacteriota,RiPP-like,RiPPs,UBA5704
SRR19594469.bin.38,High-quality,Acidobacteriota,RiPP-like,RiPPs,UBA5704
SRR19594469.bin.38,High-quality,Acidobacteriota,NRPS,NRPS,UBA5704
SRR19594469.bin.38,High-quality,Acidobacteriota,NRPS,NRPS,UBA5704
SRR19594469.bin.38,High-quality,Acidobacteriota,NRPS,NRPS,UBA5704
SRR19594469.bin.38,High-quality,Acidobacteriota,T3PKS,PKSother,UBA5704
SRR19594469.bin.38,High-quality,Acidobacteriota,lanthipeptide-class-ii,RiPPs,UBA5704
SRR19594469.bin.38,High-quality,Acidobacteriota,RRE-containing,RiPPs,UBA5704
SRR19594469.bin.38,High-quality,Acidobacteriota,NRPS-like,NRPS,UBA5704
SRR19594469.bin.38,High-quality,Acidobacteriota,T1PKS.NRPS,PKS-NRP_Hybrids,UBA5704
SRR19594469.bin.38,High-quality,Acidobacteriota,NRPS,NRPS,UBA5704
SRR19594469.bin.38,High-quality,Acidobacteriota,NRPS,NRPS,UBA5704
SRR19594469.bin.38,High-quality,Acidobacteriota,NRPS,NRPS,UBA5704
SRR19594469.bin.38,High-quality,Acidobacteriota,RRE-containing,RiPPs,UBA5704
SRR19594469.bin.38,High-quality,Acidobacteriota,NRPS-like,NRPS,UBA5704
SRR19594469.bin.38,High-quality,Acidobacteriota,NRPS,NRPS,UBA5704
SRR19594469.bin.38,High-quality,Acidobacteriota,NRPS,NRPS,UBA5704
SRR19594469.bin.38,High-quality,Acidobacteriota,NRPS,NRPS,UBA5704
SRR19594469.bin.38,High-quality,Acidobacteriota,NRPS,NRPS,UBA5704
SRR19594469.bin.38,High-quality,Acidobacteriota,NRPS,NRPS,UBA5704
SRR19594469.bin.38,High-quality,Acidobacteriota,NRPS,NRPS,UBA5704
SRR19594469.bin.38,High-quality,Acidobacteriota,NRPS-like,NRPS,UBA5704
SRR19594469.bin.38,High-quality,Acidobacteriota,NRPS,NRPS,UBA5704
SRR19594469.bin.38,High-quality,Acidobacteriota,NRPS,NRPS,UBA5704
SRR19594469.bin.38,High-quality,Acidobacteriota,NRPS,NRPS,UBA5704
SRR19594469.bin.38,High-quality,Acidobacteriota,NRPS,NRPS,UBA5704
SRR19594469.bin.38,High-quality,Acidobacteriota,NRPS,NRPS,UBA5704
SRR19594469.bin.38,High-quality,Acidobacteriota,NRPS,NRPS,UBA5704
SRR19594469.bin.38,High-quality,Acidobacteriota,NRPS,NRPS,UBA5704
SRR19594469.bin.38,High-quality,Acidobacteriota,NRPS,NRPS,UBA5704
SRR21412969.bin.18,High-quality,Pseudomonadota,NRPS-like,NRPS,Halofilaceae
SRR21412969.bin.18,High-quality,Pseudomonadota,arylpolyene,Others,Halofilaceae
SRR21412969.bin.18,High-quality,Pseudomonadota,arylpolyene,Others,Halofilaceae
SRR21412969.bin.29,High-quality,Actinomycetota,butyrolactone,Others,Egibacteraceae
SRR21412969.bin.29,High-quality,Actinomycetota,NRPS,NRPS,Egibacteraceae
SRR21412969.bin.29,High-quality,Actinomycetota,NRPS-like,NRPS,Egibacteraceae
SRR21412969.bin.29,High-quality,Actinomycetota,NRPS,NRPS,Egibacteraceae
SRR21412969.bin.29,High-quality,Actinomycetota,NRPS,NRPS,Egibacteraceae
SRR21412969.bin.29,High-quality,Actinomycetota,terpene,Terpene,Egibacteraceae
SRR21412969.bin.34,High-quality,Pseudomonadota,arylpolyene,Others,Wenzhouxiangellaceae
SRR21412972.bin.10,High-quality,Bacteroidota,T3PKS,PKSother,Salinibacteraceae
SRR21412972.bin.4,High-quality,Desulfobacterota,RiPP-like,RiPPs,Desulfosalsimonadaceae
SRR21412975.bin.54,High-quality,Bacteroidota,T3PKS,PKSother,Balneolaceae
SRR21412975.bin.54,High-quality,Bacteroidota,terpene,Terpene,Balneolaceae
SRR21412975.bin.6,High-quality,Nitrospinota,terpene,Terpene,Nitrospinaceae
SRR21412975.bin.6,High-quality,Nitrospinota,terpene,Terpene,Nitrospinaceae
SRR21412975.bin.6,High-quality,Nitrospinota,phosphonate,Others,Nitrospinaceae
SRR21412976.bin.13,High-quality,Actinomycetota,terpene,Terpene,Streptosporangiaceae
SRR21412976.bin.13,High-quality,Actinomycetota,NI-siderophore,Others,Streptosporangiaceae
SRR21412976.bin.13,High-quality,Actinomycetota,NI-siderophore,Others,Streptosporangiaceae
SRR21412976.bin.13,High-quality,Actinomycetota,NI-siderophore,Others,Streptosporangiaceae
SRR21412976.bin.13,High-quality,Actinomycetota,terpene,Terpene,Streptosporangiaceae
SRR21412977.bin.21,High-quality,Planctomycetota,T3PKS,PKSother,Pirellulaceae
SRR21412977.bin.21,High-quality,Planctomycetota,NRPS-like,NRPS,Pirellulaceae
SRR21412977.bin.21,High-quality,Planctomycetota,T1PKS.NRPS,PKS-NRP_Hybrids,Pirellulaceae
SRR21412977.bin.21,High-quality,Planctomycetota,NRPS-like,NRPS,Pirellulaceae
SRR21412977.bin.21,High-quality,Planctomycetota,NRPS-like,NRPS,Pirellulaceae
SRR21412977.bin.21,High-quality,Planctomycetota,terpene,Terpene,Pirellulaceae
SRR21412977.bin.21,High-quality,Planctomycetota,RRE-containing,RiPPs,Pirellulaceae
SRR21412977.bin.26,High-quality,Actinomycetota,NRPS-like,NRPS,Egibacteraceae
SRR21412977.bin.26,High-quality,Actinomycetota,NRPS,NRPS,Egibacteraceae
SRR21412977.bin.26,High-quality,Actinomycetota,indole,Others,Egibacteraceae
SRR21412977.bin.26,High-quality,Actinomycetota,NI-siderophore,Others,Egibacteraceae
SRR21412977.bin.26,High-quality,Actinomycetota,NI-siderophore,Others,Egibacteraceae
SRR21412977.bin.26,High-quality,Actinomycetota,NRPS,NRPS,Egibacteraceae
SRR21412977.bin.54,High-quality,Pseudomonadota,T3PKS,PKSother,Halomonadaceae
SRR21412977.bin.54,High-quality,Pseudomonadota,RiPP-like,RiPPs,Halomonadaceae
SRR21412977.bin.54,High-quality,Pseudomonadota,NI-siderophore,Others,Halomonadaceae
SRR21412977.bin.54,High-quality,Pseudomonadota,NI-siderophore,Others,Halomonadaceae
SRR21412977.bin.54,High-quality,Pseudomonadota,NI-siderophore,Others,Halomonadaceae
SRR21412977.bin.68,High-quality,Deinococcota,T3PKS,PKSother,Trueperaceae
SRR21412978.bin.14,High-quality,Actinomycetota,terpene,Terpene,Unclassified
SRR21412980.bin.14,High-quality,Actinomycetota,terpene,Terpene,Egibacteraceae
SRR21412980.bin.15,High-quality,Actinomycetota,terpene,Terpene,Egibacteraceae
SRR21412981.bin.23,High-quality,Myxococcota,NRPS,NRPS,Myxococcaceae
SRR21412981.bin.23,High-quality,Myxococcota,NRPS-like,NRPS,Myxococcaceae
SRR21412981.bin.23,High-quality,Myxococcota,NRPS,NRPS,Myxococcaceae
SRR21412981.bin.23,High-quality,Myxococcota,RiPP-like,RiPPs,Myxococcaceae
SRR21412981.bin.23,High-quality,Myxococcota,NRPS,NRPS,Myxococcaceae
SRR21412981.bin.23,High-quality,Myxococcota,NRPS,NRPS,Myxococcaceae
SRR21412981.bin.23,High-quality,Myxococcota,T1PKS,PKSI,Myxococcaceae
SRR21412981.bin.23,High-quality,Myxococcota,NRPS,NRPS,Myxococcaceae
SRR21412981.bin.23,High-quality,Myxococcota,NRPS.T1PKS,PKS-NRP_Hybrids,Myxococcaceae
SRR21412981.bin.23,High-quality,Myxococcota,NRPS-like,NRPS,Myxococcaceae
SRR21412981.bin.23,High-quality,Myxococcota,NRPS-like,NRPS,Myxococcaceae
SRR21412981.bin.23,High-quality,Myxococcota,NRPS-like,NRPS,Myxococcaceae
SRR21412981.bin.23,High-quality,Myxococcota,NRPS,NRPS,Myxococcaceae
SRR21412981.bin.23,High-quality,Myxococcota,LAP,RiPPs,Myxococcaceae
SRR21412981.bin.23,High-quality,Myxococcota,RiPP-like,RiPPs,Myxococcaceae
SRR21412981.bin.23,High-quality,Myxococcota,NRPS,NRPS,Myxococcaceae
SRR21412981.bin.23,High-quality,Myxococcota,NRPS,NRPS,Myxococcaceae
SRR21412981.bin.23,High-quality,Myxococcota,NRPS-like,NRPS,Myxococcaceae
SRR21412981.bin.23,High-quality,Myxococcota,NRPS-like,NRPS,Myxococcaceae
SRR21412981.bin.23,High-quality,Myxococcota,NRPS-like,NRPS,Myxococcaceae
SRR21412981.bin.23,High-quality,Myxococcota,NRPS,NRPS,Myxococcaceae
SRR21412981.bin.23,High-quality,Myxococcota,T1PKS,PKSI,Myxococcaceae
SRR21412981.bin.23,High-quality,Myxococcota,T3PKS,PKSother,Myxococcaceae
SRR21412981.bin.23,High-quality,Myxococcota,T1PKS.NRPS,PKS-NRP_Hybrids,Myxococcaceae
SRR21412981.bin.23,High-quality,Myxococcota,LAP,RiPPs,Myxococcaceae
SRR21412981.bin.23,High-quality,Myxococcota,NRPS.T1PKS,PKS-NRP_Hybrids,Myxococcaceae
SRR21412981.bin.23,High-quality,Myxococcota,RiPP-like,RiPPs,Myxococcaceae
SRR21412981.bin.23,High-quality,Myxococcota,RiPP-like,RiPPs,Myxococcaceae
SRR21412981.bin.23,High-quality,Myxococcota,NRPS-like,NRPS,Myxococcaceae
SRR21412981.bin.23,High-quality,Myxococcota,NRPS,NRPS,Myxococcaceae
SRR21412981.bin.23,High-quality,Myxococcota,NRPS,NRPS,Myxococcaceae
SRR21412981.bin.23,High-quality,Myxococcota,NRPS,NRPS,Myxococcaceae
SRR21412981.bin.23,High-quality,Myxococcota,NRPS-like,NRPS,Myxococcaceae
SRR21412981.bin.23,High-quality,Myxococcota,T3PKS,PKSother,Myxococcaceae
SRR21412981.bin.23,High-quality,Myxococcota,indole,Others,Myxococcaceae
SRR21412981.bin.23,High-quality,Myxococcota,RiPP-like,RiPPs,Myxococcaceae
SRR21412983.bin.19,High-quality,Actinomycetota,terpene,Terpene,Egibacteraceae
SRR21412986.bin.18,High-quality,Chloroflexota,hglE-KS,PKSother,UBA11858
SRR21412988.bin.22,High-quality,Actinomycetota,terpene,Terpene,Egibacteraceae
SRR21412988.bin.22,High-quality,Actinomycetota,NRPS.T1PKS,PKS-NRP_Hybrids,Egibacteraceae
SRR21412988.bin.8,High-quality,Bacteroidota,T3PKS,PKSother,Salinibacteraceae
SRR21412988.bin.8,High-quality,Bacteroidota,RRE-containing,RiPPs,Salinibacteraceae
SRR21412991.bin.19,High-quality,Pseudomonadota,NRPS-like,NRPS,Unclassified
SRR21412993.bin.10,High-quality,Actinomycetota,NRPS,NRPS,Propionibacteriaceae
SRR21412993.bin.10,High-quality,Actinomycetota,NRPS-like,NRPS,Propionibacteriaceae
SRR21412993.bin.17,High-quality,Bacillota,resorcinol,Others,Paenibacillaceae
SRR21412993.bin.17,High-quality,Bacillota,terpene,Terpene,Paenibacillaceae
SRR21412993.bin.17,High-quality,Bacillota,NRPS,NRPS,Paenibacillaceae
SRR21412993.bin.17,High-quality,Bacillota,terpene,Terpene,Paenibacillaceae
SRR21412993.bin.17,High-quality,Bacillota,T3PKS,PKSother,Paenibacillaceae
SRR21412994.bin.5,High-quality,Pseudomonadota,arylpolyene,Others,Halofilaceae
SRR21412994.bin.5,High-quality,Pseudomonadota,arylpolyene,Others,Halofilaceae
SRR21412994.bin.5,High-quality,Pseudomonadota,NRPS-like,NRPS,Halofilaceae
SRR21412995.bin.59,High-quality,Bacteroidota,arylpolyene,Others,PHOS-HE28
SRR21412995.bin.59,High-quality,Bacteroidota,T1PKS,PKSI,PHOS-HE28
SRR21412995.bin.59,High-quality,Bacteroidota,arylpolyene,Others,PHOS-HE28
SRR21412995.bin.59,High-quality,Bacteroidota,arylpolyene,Others,PHOS-HE28
SRR21412995.bin.59,High-quality,Bacteroidota,resorcinol,Others,PHOS-HE28
SRR21413000.bin.13,High-quality,Pseudomonadota,arylpolyene,Others,XN24
SRR21413000.bin.13,High-quality,Pseudomonadota,arylpolyene,Others,XN24
SRR21413000.bin.26,High-quality,Pseudomonadota,terpene,Terpene,Sphingomonadaceae
SRR21413000.bin.26,High-quality,Pseudomonadota,T3PKS,PKSother,Sphingomonadaceae
SRR21413001.bin.31,High-quality,Actinomycetota,other,Others,JACDCH01
SRR21413001.bin.31,High-quality,Actinomycetota,terpene,Terpene,JACDCH01
SRR21413001.bin.55,High-quality,Actinomycetota,terpene,Terpene,JAHELV01
SRR21413001.bin.55,High-quality,Actinomycetota,NRPS-like,NRPS,JAHELV01
SRR21413004.bin.31,High-quality,Actinomycetota,NRPS,NRPS,Egibacteraceae
SRR21413004.bin.31,High-quality,Actinomycetota,NRPS-like,NRPS,Egibacteraceae
SRR21413004.bin.31,High-quality,Actinomycetota,terpene,Terpene,Egibacteraceae
SRR21413004.bin.31,High-quality,Actinomycetota,NRPS,NRPS,Egibacteraceae
SRR21413004.bin.31,High-quality,Actinomycetota,T3PKS,PKSother,Egibacteraceae
SRR21413004.bin.31,High-quality,Actinomycetota,NRPS,NRPS,Egibacteraceae
SRR21413004.bin.31,High-quality,Actinomycetota,phosphonate,Others,Egibacteraceae
SRR21413005.bin.36,High-quality,Actinomycetota,terpene,Terpene,Egibacteraceae
SRR23851176.bin.26,High-quality,Chloroflexota,T1PKS,PKSI,Ardenticatenaceae
SRR23851176.bin.26,High-quality,Chloroflexota,T3PKS,PKSother,Ardenticatenaceae
SRR23851176.bin.48,High-quality,Gemmatimonadota,terpene,Terpene,Palauibacteraceae
SRR23851177.bin.1,High-quality,Gemmatimonadota,T3PKS,PKSother,Palauibacteraceae
SRR23851177.bin.56,High-quality,Planctomycetota,cyanobactin,RiPPs,Planctomycetaceae
SRR23851177.bin.56,High-quality,Planctomycetota,terpene,Terpene,Planctomycetaceae
SRR23851177.bin.56,High-quality,Planctomycetota,terpene,Terpene,Planctomycetaceae
SRR23851177.bin.56,High-quality,Planctomycetota,RiPP-like,RiPPs,Planctomycetaceae
SRR23851177.bin.56,High-quality,Planctomycetota,T1PKS,PKSI,Planctomycetaceae
SRR23851177.bin.56,High-quality,Planctomycetota,T1PKS,PKSI,Planctomycetaceae
SRR23851181.bin.18,High-quality,Actinomycetota,terpene,Terpene,JAOSJL01
SRR23851186.bin.12,High-quality,Acidobacteriota,RRE-containing,RiPPs,UBA5704
SRR23851186.bin.12,High-quality,Acidobacteriota,T1PKS,PKSI,UBA5704
SRR23851186.bin.12,High-quality,Acidobacteriota,RiPP-like,RiPPs,UBA5704
SRR23851186.bin.12,High-quality,Acidobacteriota,lanthipeptide-class-iv,RiPPs,UBA5704
SRR23851186.bin.12,High-quality,Acidobacteriota,ranthipeptide,RiPPs,UBA5704
SRR23851186.bin.12,High-quality,Acidobacteriota,NRPS-like,NRPS,UBA5704
SRR23851186.bin.12,High-quality,Acidobacteriota,terpene,Terpene,UBA5704
SRR23851186.bin.12,High-quality,Acidobacteriota,T3PKS,PKSother,UBA5704
SRR23851186.bin.12,High-quality,Acidobacteriota,T3PKS,PKSother,UBA5704
SRR23851186.bin.12,High-quality,Acidobacteriota,NRPS-like,NRPS,UBA5704
SRR23851186.bin.12,High-quality,Acidobacteriota,ladderane,Others,UBA5704
SRR23851186.bin.12,High-quality,Acidobacteriota,lanthipeptide-class-ii,RiPPs,UBA5704
SRR23851186.bin.12,High-quality,Acidobacteriota,lanthipeptide-class-ii,RiPPs,UBA5704
SRR23851186.bin.12,High-quality,Acidobacteriota,RiPP-like,RiPPs,UBA5704
SRR23851189.bin.1,High-quality,Actinomycetota,NRPS-like,NRPS,CALAEC01
SRR23851189.bin.1,High-quality,Actinomycetota,nucleoside,Others,CALAEC01
SRR23851189.bin.11,High-quality,Acidobacteriota,NRPS-like,NRPS,SMYC01
SRR23851189.bin.11,High-quality,Acidobacteriota,T3PKS,PKSother,SMYC01
SRR23851189.bin.11,High-quality,Acidobacteriota,NRPS-like,NRPS,SMYC01
SRR23851189.bin.11,High-quality,Acidobacteriota,RRE-containing,RiPPs,SMYC01
SRR23851189.bin.11,High-quality,Acidobacteriota,NRPS-like,NRPS,SMYC01
SRR23851189.bin.11,High-quality,Acidobacteriota,arylpolyene,Others,SMYC01
SRR23851189.bin.17,High-quality,Gemmatimonadota,hglE-KS,PKSother,JAHWKZ01
SRR23851189.bin.17,High-quality,Gemmatimonadota,T1PKS,PKSI,JAHWKZ01
SRR23851189.bin.17,High-quality,Gemmatimonadota,NRPS-like,NRPS,JAHWKZ01
SRR23851190.bin.33,High-quality,Chloroflexota,terpene,Terpene,UBA4823
SRR23851190.bin.33,High-quality,Chloroflexota,terpene,Terpene,UBA4823
SRR23851190.bin.37,High-quality,Pseudomonadota,NI-siderophore,Others,Halofilaceae
SRR23851190.bin.37,High-quality,Pseudomonadota,NRPS-like,NRPS,Halofilaceae
SRR23851190.bin.37,High-quality,Pseudomonadota,arylpolyene,Others,Halofilaceae
SRR23851190.bin.37,High-quality,Pseudomonadota,arylpolyene,Others,Halofilaceae
SRR23851190.bin.37,High-quality,Pseudomonadota,arylpolyene,Others,Halofilaceae
SRR23851190.bin.37,High-quality,Pseudomonadota,resorcinol,Others,Halofilaceae
SRR23851191.bin.72,High-quality,Pseudomonadota,NRPS-like,NRPS,Halofilaceae
SRR23851191.bin.74,High-quality,Acidobacteriota,NRPS,NRPS,UBA5704
SRR23851191.bin.74,High-quality,Acidobacteriota,NRPS,NRPS,UBA5704
SRR23851191.bin.74,High-quality,Acidobacteriota,NRPS,NRPS,UBA5704
SRR23851191.bin.74,High-quality,Acidobacteriota,NRPS,NRPS,UBA5704
SRR23851191.bin.74,High-quality,Acidobacteriota,T1PKS.NRPS,PKS-NRP_Hybrids,UBA5704
SRR23851191.bin.74,High-quality,Acidobacteriota,NRPS.T1PKS,PKS-NRP_Hybrids,UBA5704
SRR23851191.bin.74,High-quality,Acidobacteriota,NRPS,NRPS,UBA5704
SRR23851191.bin.74,High-quality,Acidobacteriota,NRPS,NRPS,UBA5704
SRR23851191.bin.74,High-quality,Acidobacteriota,RRE-containing,RiPPs,UBA5704
SRR23851191.bin.74,High-quality,Acidobacteriota,ladderane,Others,UBA5704
SRR23851191.bin.74,High-quality,Acidobacteriota,T1PKS,PKSI,UBA5704
SRR23851191.bin.74,High-quality,Acidobacteriota,NRPS,NRPS,UBA5704
SRR23851191.bin.74,High-quality,Acidobacteriota,NRPS-like,NRPS,UBA5704
SRR23851191.bin.74,High-quality,Acidobacteriota,NRPS,NRPS,UBA5704
SRR23851191.bin.74,High-quality,Acidobacteriota,NRPS,NRPS,UBA5704
SRR23851191.bin.74,High-quality,Acidobacteriota,NRPS,NRPS,UBA5704
SRR23851191.bin.74,High-quality,Acidobacteriota,NRPS,NRPS,UBA5704
SRR23851191.bin.74,High-quality,Acidobacteriota,NRPS.T1PKS,PKS-NRP_Hybrids,UBA5704
SRR23851191.bin.74,High-quality,Acidobacteriota,RiPP-like,RiPPs,UBA5704
SRR23851191.bin.74,High-quality,Acidobacteriota,T1PKS,PKSI,UBA5704
SRR23851191.bin.74,High-quality,Acidobacteriota,NRPS,NRPS,UBA5704
SRR23851191.bin.74,High-quality,Acidobacteriota,NRPS,NRPS,UBA5704
SRR23851191.bin.74,High-quality,Acidobacteriota,T1PKS.NRPS,PKS-NRP_Hybrids,UBA5704
SRR23851191.bin.74,High-quality,Acidobacteriota,terpene,Terpene,UBA5704
SRR23851191.bin.74,High-quality,Acidobacteriota,lanthipeptide-class-iv,RiPPs,UBA5704
SRR23851191.bin.74,High-quality,Acidobacteriota,T1PKS.NRPS,PKS-NRP_Hybrids,UBA5704
SRR23851191.bin.74,High-quality,Acidobacteriota,T1PKS,PKSI,UBA5704
SRR23851191.bin.74,High-quality,Acidobacteriota,T1PKS,PKSI,UBA5704
SRR23851191.bin.74,High-quality,Acidobacteriota,T1PKS.NRPS,PKS-NRP_Hybrids,UBA5704
SRR23851191.bin.74,High-quality,Acidobacteriota,NRPS-like,NRPS,UBA5704
SRR23851191.bin.74,High-quality,Acidobacteriota,NRPS,NRPS,UBA5704
SRR23851191.bin.74,High-quality,Acidobacteriota,NRPS,NRPS,UBA5704
SRR23851191.bin.74,High-quality,Acidobacteriota,NRPS,NRPS,UBA5704
SRR23851191.bin.74,High-quality,Acidobacteriota,T1PKS,PKSI,UBA5704
SRR23851191.bin.74,High-quality,Acidobacteriota,NRPS,NRPS,UBA5704
SRR23851191.bin.74,High-quality,Acidobacteriota,NRPS,NRPS,UBA5704
SRR23851191.bin.74,High-quality,Acidobacteriota,NRPS,NRPS,UBA5704
SRR23851191.bin.74,High-quality,Acidobacteriota,NRPS,NRPS,UBA5704
SRR23851191.bin.74,High-quality,Acidobacteriota,NRP-metallophore.NRPS,Others,UBA5704
SRR23851191.bin.74,High-quality,Acidobacteriota,T1PKS,PKSI,UBA5704
SRR23851191.bin.74,High-quality,Acidobacteriota,NRPS,NRPS,UBA5704
SRR23851191.bin.74,High-quality,Acidobacteriota,T1PKS,PKSI,UBA5704
SRR23851191.bin.74,High-quality,Acidobacteriota,NRPS-like,NRPS,UBA5704
SRR23851191.bin.74,High-quality,Acidobacteriota,NRPS,NRPS,UBA5704
SRR23851191.bin.74,High-quality,Acidobacteriota,NRPS,NRPS,UBA5704
SRR23851191.bin.74,High-quality,Acidobacteriota,T3PKS,PKSother,UBA5704
SRR23851192.bin.2,High-quality,Pseudomonadota,NRPS-like,NRPS,SG8-39
SRR23851192.bin.2,High-quality,Pseudomonadota,NRPS-like,NRPS,SG8-39
SRR23851192.bin.2,High-quality,Pseudomonadota,arylpolyene,Others,SG8-39
SRR23851193.bin.42,High-quality,Pseudomonadota,phosphonate,Others,UBA4486
SRR23851193.bin.42,High-quality,Pseudomonadota,terpene,Terpene,UBA4486
SRR23851193.bin.42,High-quality,Pseudomonadota,terpene,Terpene,UBA4486
SRR23851194.bin.23,High-quality,Desulfobacterota_D,T3PKS,PKSother,JAJCZQ01
SRR23851195.bin.31,High-quality,Planctomycetota,terpene,Terpene,Planctomycetaceae
SRR23851195.bin.31,High-quality,Planctomycetota,terpene,Terpene,Planctomycetaceae
SRR23851195.bin.31,High-quality,Planctomycetota,terpene,Terpene,Planctomycetaceae
SRR23851197.bin.8,High-quality,Chloroflexota,NRPS,NRPS,Promineifilaceae
SRR23851197.bin.8,High-quality,Chloroflexota,T1PKS,PKSI,Promineifilaceae
SRR23851197.bin.8,High-quality,Chloroflexota,T1PKS.NRPS,PKS-NRP_Hybrids,Promineifilaceae
SRR23851197.bin.8,High-quality,Chloroflexota,NRPS,NRPS,Promineifilaceae
SRR23851197.bin.8,High-quality,Chloroflexota,NRPS,NRPS,Promineifilaceae
SRR23851197.bin.8,High-quality,Chloroflexota,NRPS,NRPS,Promineifilaceae
SRR23851197.bin.8,High-quality,Chloroflexota,NRPS,NRPS,Promineifilaceae
SRR23851197.bin.8,High-quality,Chloroflexota,T1PKS,PKSI,Promineifilaceae
SRR23851197.bin.8,High-quality,Chloroflexota,NRPS,NRPS,Promineifilaceae
SRR23851197.bin.8,High-quality,Chloroflexota,NRPS,NRPS,Promineifilaceae
SRR23851197.bin.8,High-quality,Chloroflexota,NRPS-like,NRPS,Promineifilaceae
SRR23851197.bin.8,High-quality,Chloroflexota,hglE-KS,PKSother,Promineifilaceae
SRR23851197.bin.8,High-quality,Chloroflexota,NRPS,NRPS,Promineifilaceae
SRR23851197.bin.8,High-quality,Chloroflexota,NRPS,NRPS,Promineifilaceae
SRR23851197.bin.8,High-quality,Chloroflexota,NRPS,NRPS,Promineifilaceae
SRR23851197.bin.8,High-quality,Chloroflexota,NRPS,NRPS,Promineifilaceae
SRR23851197.bin.8,High-quality,Chloroflexota,NRPS,NRPS,Promineifilaceae
SRR23851197.bin.8,High-quality,Chloroflexota,NRPS,NRPS,Promineifilaceae
SRR23851197.bin.8,High-quality,Chloroflexota,NRPS,NRPS,Promineifilaceae
SRR23851197.bin.8,High-quality,Chloroflexota,RiPP-like,RiPPs,Promineifilaceae
SRR23851197.bin.8,High-quality,Chloroflexota,RiPP-like,RiPPs,Promineifilaceae
SRR23851197.bin.8,High-quality,Chloroflexota,terpene,Terpene,Promineifilaceae
SRR23851197.bin.8,High-quality,Chloroflexota,NRPS,NRPS,Promineifilaceae
SRR23851197.bin.8,High-quality,Chloroflexota,T1PKS,PKSI,Promineifilaceae
SRR23851197.bin.8,High-quality,Chloroflexota,NRPS-like,NRPS,Promineifilaceae
SRR23851197.bin.8,High-quality,Chloroflexota,NRPS,NRPS,Promineifilaceae
SRR23851197.bin.8,High-quality,Chloroflexota,T1PKS,PKSI,Promineifilaceae
SRR23851197.bin.8,High-quality,Chloroflexota,T1PKS,PKSI,Promineifilaceae
SRR23851201.bin.15,High-quality,Pseudomonadota,NRPS-like,NRPS,Unclassified
SRR23851203.bin.11,High-quality,Actinomycetota,T3PKS,PKSother,Jiangellaceae
SRR23851203.bin.11,High-quality,Actinomycetota,terpene,Terpene,Jiangellaceae
SRR23851203.bin.11,High-quality,Actinomycetota,NRPS-like,NRPS,Jiangellaceae
SRR23851203.bin.11,High-quality,Actinomycetota,RRE-containing,RiPPs,Jiangellaceae
SRR23851203.bin.5,High-quality,Actinomycetota,resorcinol,Others,ZC4RG35
SRR23851206.bin.22,High-quality,Actinomycetota,terpene,Terpene,AC-14
SRR23851206.bin.22,High-quality,Actinomycetota,other,Others,AC-14
SRR23851206.bin.22,High-quality,Actinomycetota,ectoine,Others,AC-14
SRR23851206.bin.22,High-quality,Actinomycetota,RiPP-like,RiPPs,AC-14
SRR23851207.bin.24,High-quality,Actinomycetota,NRPS,NRPS,Nitriliruptoraceae
SRR23851207.bin.24,High-quality,Actinomycetota,NRPS-like,NRPS,Nitriliruptoraceae
SRR23851207.bin.24,High-quality,Actinomycetota,NRPS,NRPS,Nitriliruptoraceae
SRR23851214.bin.11,High-quality,Desulfobacterota,RiPP-like,RiPPs,UBA11574
SRR23851214.bin.11,High-quality,Desulfobacterota,RiPP-like,RiPPs,UBA11574
SRR23851214.bin.11,High-quality,Desulfobacterota,hglE-KS,PKSother,UBA11574
SRR23929144.bin.17,High-quality,Actinomycetota,T3PKS,PKSother,Micrococcaceae
SRR23929144.bin.17,High-quality,Actinomycetota,NI-siderophore,Others,Micrococcaceae
SRR23929144.bin.17,High-quality,Actinomycetota,NAPAA,NRPS,Micrococcaceae
SRR23929179.bin.11,High-quality,Pseudomonadota,NRPS,NRPS,Burkholderiaceae
SRR23929179.bin.11,High-quality,Pseudomonadota,NRPS,NRPS,Burkholderiaceae
SRR23929179.bin.11,High-quality,Pseudomonadota,T1PKS,PKSI,Burkholderiaceae
SRR23929179.bin.11,High-quality,Pseudomonadota,arylpolyene,Others,Burkholderiaceae
SRR23929179.bin.11,High-quality,Pseudomonadota,arylpolyene,Others,Burkholderiaceae
SRR23929179.bin.11,High-quality,Pseudomonadota,RiPP-like,RiPPs,Burkholderiaceae
SRR28842982.bin.107,High-quality,Pseudomonadota,arylpolyene,Others,Halothiobacillaceae
SRR28842982.bin.107,High-quality,Pseudomonadota,RiPP-like,RiPPs,Halothiobacillaceae
SRR28842982.bin.37,High-quality,Acidobacteriota,NRPS-like,NRPS,JAIQFR01
SRR28842982.bin.37,High-quality,Acidobacteriota,NRPS-like,NRPS,JAIQFR01
SRR28842982.bin.77,High-quality,Pseudomonadota,terpene,Terpene,Sphingomonadaceae
SRR28842982.bin.77,High-quality,Pseudomonadota,terpene,Terpene,Sphingomonadaceae
SRR28842982.bin.92,High-quality,Pseudomonadota,terpene,Terpene,Sphingomonadaceae
SRR28842982.bin.92,High-quality,Pseudomonadota,RiPP-like,RiPPs,Sphingomonadaceae
SRR28842982.bin.92,High-quality,Pseudomonadota,T3PKS,PKSother,Sphingomonadaceae
SRR28842982.bin.92,High-quality,Pseudomonadota,terpene,Terpene,Sphingomonadaceae
SRR28842986.bin.24,High-quality,Pseudomonadota,terpene,Terpene,Sphingomonadaceae
SRR28842987.bin.35,High-quality,Pseudomonadota,terpene,Terpene,Sphingomonadaceae
SRR28842987.bin.77,High-quality,Pseudomonadota,terpene,Terpene,Sphingomonadaceae
SRR28842989.bin.27,High-quality,Verrucomicrobiota,NRPS,NRPS,Opitutaceae
SRR28842989.bin.27,High-quality,Verrucomicrobiota,NRPS.T1PKS,PKS-NRP_Hybrids,Opitutaceae
SRR28842989.bin.27,High-quality,Verrucomicrobiota,NRPS,NRPS,Opitutaceae
SRR28842989.bin.27,High-quality,Verrucomicrobiota,NRPS,NRPS,Opitutaceae
SRR28842989.bin.27,High-quality,Verrucomicrobiota,NRPS,NRPS,Opitutaceae
SRR28842989.bin.27,High-quality,Verrucomicrobiota,T3PKS,PKSother,Opitutaceae
SRR28842989.bin.27,High-quality,Verrucomicrobiota,ladderane,Others,Opitutaceae
SRR28842989.bin.30,High-quality,Pseudomonadota,terpene,Terpene,Sphingomonadaceae
SRR28842989.bin.51,High-quality,Pseudomonadota,T3PKS,PKSother,Sphingomonadaceae
SRR28842989.bin.65,High-quality,Pseudomonadota,thioamitides,RiPPs,Sphingomonadaceae
SRR28842989.bin.65,High-quality,Pseudomonadota,terpene,Terpene,Sphingomonadaceae
SRR28842989.bin.65,High-quality,Pseudomonadota,terpene,Terpene,Sphingomonadaceae
SRR28842989.bin.83,High-quality,Bdellovibrionota,acyl_amino_acids,Others,Bdellovibrionaceae
SRR28842989.bin.83,High-quality,Bdellovibrionota,acyl_amino_acids,Others,Bdellovibrionaceae
SRR28842989.bin.83,High-quality,Bdellovibrionota,acyl_amino_acids,Others,Bdellovibrionaceae
SRR28842989.bin.93,High-quality,Pseudomonadota,terpene,Terpene,Sphingomonadaceae
SRR28842989.bin.93,High-quality,Pseudomonadota,terpene,Terpene,Sphingomonadaceae
SRR28842992.bin.27,High-quality,Actinomycetota,NAPAA,NRPS,Microbacteriaceae
SRR28842992.bin.27,High-quality,Actinomycetota,T3PKS,PKSother,Microbacteriaceae
SRR29646150.bin.11,High-quality,Actinomycetota,NRPS-like,NRPS,Nocardioidaceae
SRR29646150.bin.60,High-quality,Bacteroidota,terpene,Terpene,Chitinophagaceae
SRR29646150.bin.60,High-quality,Bacteroidota,T3PKS,PKSother,Chitinophagaceae
SRR29646151.bin.39,High-quality,Pseudomonadota,arylpolyene,Others,Steroidobacteraceae
SRR29646151.bin.39,High-quality,Pseudomonadota,arylpolyene,Others,Steroidobacteraceae
SRR29646154.bin.37,High-quality,Desulfobacterota_B,arylpolyene,Others,CAITLU01
SRR29646154.bin.46,High-quality,Pseudomonadota,NRPS-like,NRPS,Steroidobacteraceae
SRR29646154.bin.51,High-quality,Myxococcota,NRPS,NRPS,Polyangiaceae
SRR29646154.bin.51,High-quality,Myxococcota,NRPS,NRPS,Polyangiaceae
SRR29646154.bin.51,High-quality,Myxococcota,terpene,Terpene,Polyangiaceae
SRR29646154.bin.51,High-quality,Myxococcota,T1PKS,PKSI,Polyangiaceae
SRR29646154.bin.51,High-quality,Myxococcota,NRPS-like,NRPS,Polyangiaceae
SRR29646154.bin.51,High-quality,Myxococcota,terpene,Terpene,Polyangiaceae
SRR29646154.bin.51,High-quality,Myxococcota,NRPS,NRPS,Polyangiaceae
SRR29646154.bin.51,High-quality,Myxococcota,NRPS,NRPS,Polyangiaceae
SRR29646154.bin.51,High-quality,Myxococcota,arylpolyene,Others,Polyangiaceae
SRR29646154.bin.51,High-quality,Myxococcota,NRPS,NRPS,Polyangiaceae
SRR29646154.bin.51,High-quality,Myxococcota,RiPP-like,RiPPs,Polyangiaceae
SRR29646154.bin.51,High-quality,Myxococcota,terpene,Terpene,Polyangiaceae
SRR29646154.bin.51,High-quality,Myxococcota,NRPS,NRPS,Polyangiaceae
SRR29646155.bin.41,High-quality,Pseudomonadota,arylpolyene,Others,Methylomonadaceae
SRR29646155.bin.41,High-quality,Pseudomonadota,terpene,Terpene,Methylomonadaceae
SRR29646155.bin.41,High-quality,Pseudomonadota,terpene,Terpene,Methylomonadaceae
SRR29646157.bin.21,High-quality,Gemmatimonadota,RiPP-like,RiPPs,UBA6960
SRR29646157.bin.21,High-quality,Gemmatimonadota,ranthipeptide,RiPPs,UBA6960
SRR29646157.bin.21,High-quality,Gemmatimonadota,T3PKS,PKSother,UBA6960
SRR29646157.bin.21,High-quality,Gemmatimonadota,RiPP-like,RiPPs,UBA6960
SRR29646157.bin.21,High-quality,Gemmatimonadota,terpene,Terpene,UBA6960
SRR29646157.bin.9,High-quality,Pseudomonadota,NRPS-like,NRPS,Methylomonadaceae
SRR29646157.bin.9,High-quality,Pseudomonadota,NRPS,NRPS,Methylomonadaceae
SRR29646157.bin.9,High-quality,Pseudomonadota,terpene,Terpene,Methylomonadaceae
SRR29646157.bin.9,High-quality,Pseudomonadota,terpene,Terpene,Methylomonadaceae
SRR29646157.bin.9,High-quality,Pseudomonadota,hglE-KS,PKSother,Methylomonadaceae
SRR29646157.bin.9,High-quality,Pseudomonadota,T3PKS,PKSother,Methylomonadaceae
SRR29646157.bin.9,High-quality,Pseudomonadota,arylpolyene,Others,Methylomonadaceae
SRR29646157.bin.9,High-quality,Pseudomonadota,arylpolyene,Others,Methylomonadaceae
SRR29646157.bin.9,High-quality,Pseudomonadota,T1PKS,PKSI,Methylomonadaceae
SRR29646157.bin.9,High-quality,Pseudomonadota,terpene,Terpene,Methylomonadaceae
SRR29646157.bin.9,High-quality,Pseudomonadota,NRPS,NRPS,Methylomonadaceae
SRR29646157.bin.9,High-quality,Pseudomonadota,NRPS,NRPS,Methylomonadaceae
SRR29646157.bin.9,High-quality,Pseudomonadota,NRPS,NRPS,Methylomonadaceae
SRR29646157.bin.9,High-quality,Pseudomonadota,NRPS-like,NRPS,Methylomonadaceae
SRR29646158.bin.2,High-quality,Bacteroidota,T3PKS,PKSother,B-1AR
SRR29646158.bin.25,High-quality,Bacteroidota,T3PKS,PKSother,Cyclobacteriaceae
SRR29646158.bin.25,High-quality,Bacteroidota,RiPP-like,RiPPs,Cyclobacteriaceae
SRR29646158.bin.50,High-quality,Pseudomonadota,terpene,Terpene,Sphingomonadaceae
SRR29646158.bin.50,High-quality,Pseudomonadota,terpene,Terpene,Sphingomonadaceae
SRR29646158.bin.69,High-quality,Bacteroidota,sactipeptide,RiPPs,Ignavibacteriaceae
SRR29646158.bin.69,High-quality,Bacteroidota,NRPS-like,NRPS,Ignavibacteriaceae
SRR29646158.bin.7,High-quality,Chloroflexota,terpene,Terpene,Aggregatilineaceae
SRR29646159.bin.10,High-quality,Bacteroidota,arylpolyene,Others,Crocinitomicaceae
SRR29646159.bin.10,High-quality,Bacteroidota,arylpolyene,Others,Crocinitomicaceae
SRR29646159.bin.10,High-quality,Bacteroidota,resorcinol,Others,Crocinitomicaceae
SRR29646159.bin.10,High-quality,Bacteroidota,arylpolyene,Others,Crocinitomicaceae
SRR29646159.bin.10,High-quality,Bacteroidota,terpene,Terpene,Crocinitomicaceae
SRR29646159.bin.10,High-quality,Bacteroidota,terpene,Terpene,Crocinitomicaceae
SRR29646159.bin.10,High-quality,Bacteroidota,arylpolyene,Others,Crocinitomicaceae
SRR29646159.bin.10,High-quality,Bacteroidota,resorcinol,Others,Crocinitomicaceae
SRR29646160.bin.42,High-quality,Pseudomonadota,terpene,Terpene,Rariloculaceae
SRR29646160.bin.42,High-quality,Pseudomonadota,terpene,Terpene,Rariloculaceae
SRR29646160.bin.42,High-quality,Pseudomonadota,NRPS-like,NRPS,Rariloculaceae
SRR29646161.bin.18,High-quality,Acidobacteriota,T3PKS,PKSother,UBA5704
SRR29646161.bin.18,High-quality,Acidobacteriota,NRPS,NRPS,UBA5704
SRR29646161.bin.18,High-quality,Acidobacteriota,T1PKS.NRPS,PKS-NRP_Hybrids,UBA5704
SRR29646161.bin.18,High-quality,Acidobacteriota,NRPS,NRPS,UBA5704
SRR29646161.bin.18,High-quality,Acidobacteriota,T1PKS,PKSI,UBA5704
SRR29646161.bin.18,High-quality,Acidobacteriota,NRPS,NRPS,UBA5704
SRR29646161.bin.18,High-quality,Acidobacteriota,NRPS,NRPS,UBA5704
SRR29646161.bin.18,High-quality,Acidobacteriota,NRPS,NRPS,UBA5704
SRR29646161.bin.18,High-quality,Acidobacteriota,NRPS,NRPS,UBA5704
SRR29646161.bin.18,High-quality,Acidobacteriota,NRPS,NRPS,UBA5704
SRR29646161.bin.18,High-quality,Acidobacteriota,T1PKS.NRPS,PKS-NRP_Hybrids,UBA5704
SRR29646161.bin.18,High-quality,Acidobacteriota,T1PKS,PKSI,UBA5704
SRR29646161.bin.18,High-quality,Acidobacteriota,T1PKS,PKSI,UBA5704
SRR29646161.bin.18,High-quality,Acidobacteriota,NRPS.T1PKS,PKS-NRP_Hybrids,UBA5704
SRR29646161.bin.18,High-quality,Acidobacteriota,NRPS,NRPS,UBA5704
SRR29646161.bin.18,High-quality,Acidobacteriota,NRPS,NRPS,UBA5704
SRR29646161.bin.18,High-quality,Acidobacteriota,NRPS,NRPS,UBA5704
SRR29646161.bin.18,High-quality,Acidobacteriota,NRPS-like,NRPS,UBA5704
SRR29646161.bin.18,High-quality,Acidobacteriota,T1PKS,PKSI,UBA5704
SRR29646161.bin.18,High-quality,Acidobacteriota,NRPS,NRPS,UBA5704
SRR29646161.bin.18,High-quality,Acidobacteriota,NRPS.T1PKS,PKS-NRP_Hybrids,UBA5704
SRR29646161.bin.18,High-quality,Acidobacteriota,NRPS,NRPS,UBA5704
SRR29646161.bin.18,High-quality,Acidobacteriota,NRPS-like,NRPS,UBA5704
SRR29646161.bin.18,High-quality,Acidobacteriota,NRPS,NRPS,UBA5704
SRR29646161.bin.18,High-quality,Acidobacteriota,NRPS,NRPS,UBA5704
SRR29646161.bin.18,High-quality,Acidobacteriota,NRPS,NRPS,UBA5704
SRR29646161.bin.18,High-quality,Acidobacteriota,NRPS,NRPS,UBA5704
SRR29646161.bin.18,High-quality,Acidobacteriota,NRPS,NRPS,UBA5704
SRR29646161.bin.18,High-quality,Acidobacteriota,NRPS,NRPS,UBA5704
SRR29646161.bin.18,High-quality,Acidobacteriota,NRPS,NRPS,UBA5704
SRR29646161.bin.18,High-quality,Acidobacteriota,NRPS,NRPS,UBA5704
SRR29646161.bin.18,High-quality,Acidobacteriota,NRPS,NRPS,UBA5704
SRR29646161.bin.18,High-quality,Acidobacteriota,NRPS,NRPS,UBA5704
SRR29646161.bin.18,High-quality,Acidobacteriota,NRPS,NRPS,UBA5704
SRR29646161.bin.18,High-quality,Acidobacteriota,NRPS,NRPS,UBA5704
SRR29646161.bin.18,High-quality,Acidobacteriota,NRPS,NRPS,UBA5704
SRR29646161.bin.18,High-quality,Acidobacteriota,T1PKS,PKSI,UBA5704
SRR29646161.bin.18,High-quality,Acidobacteriota,NRPS,NRPS,UBA5704
SRR29646161.bin.18,High-quality,Acidobacteriota,NRPS,NRPS,UBA5704
SRR29646161.bin.18,High-quality,Acidobacteriota,NRPS-like,NRPS,UBA5704
SRR29646161.bin.18,High-quality,Acidobacteriota,NRPS,NRPS,UBA5704
SRR29646161.bin.18,High-quality,Acidobacteriota,NRPS,NRPS,UBA5704
SRR29646161.bin.18,High-quality,Acidobacteriota,NRPS,NRPS,UBA5704
SRR29646161.bin.18,High-quality,Acidobacteriota,T1PKS,PKSI,UBA5704
SRR29646161.bin.18,High-quality,Acidobacteriota,NRPS,NRPS,UBA5704
SRR29646161.bin.18,High-quality,Acidobacteriota,T1PKS,PKSI,UBA5704
SRR29646161.bin.18,High-quality,Acidobacteriota,NRPS,NRPS,UBA5704
SRR29646161.bin.18,High-quality,Acidobacteriota,ladderane,Others,UBA5704
SRR29646161.bin.18,High-quality,Acidobacteriota,NRPS,NRPS,UBA5704
SRR29646161.bin.18,High-quality,Acidobacteriota,NRPS,NRPS,UBA5704
SRR29646161.bin.18,High-quality,Acidobacteriota,NRPS,NRPS,UBA5704
SRR29646161.bin.18,High-quality,Acidobacteriota,NRPS,NRPS,UBA5704
SRR29646161.bin.18,High-quality,Acidobacteriota,NRPS,NRPS,UBA5704
SRR29646161.bin.18,High-quality,Acidobacteriota,NRPS,NRPS,UBA5704
SRR29646161.bin.18,High-quality,Acidobacteriota,NRPS,NRPS,UBA5704
SRR29646161.bin.18,High-quality,Acidobacteriota,NRPS-like,NRPS,UBA5704
SRR29646161.bin.18,High-quality,Acidobacteriota,NRPS,NRPS,UBA5704
SRR29646161.bin.18,High-quality,Acidobacteriota,NRPS.T1PKS,PKS-NRP_Hybrids,UBA5704
SRR29646161.bin.18,High-quality,Acidobacteriota,NRPS-like,NRPS,UBA5704
SRR29646161.bin.18,High-quality,Acidobacteriota,NRPS,NRPS,UBA5704
SRR29646161.bin.18,High-quality,Acidobacteriota,NRPS-like,NRPS,UBA5704
SRR29646161.bin.18,High-quality,Acidobacteriota,NRPS,NRPS,UBA5704
SRR29646161.bin.18,High-quality,Acidobacteriota,NRPS,NRPS,UBA5704
SRR29646161.bin.18,High-quality,Acidobacteriota,NRPS,NRPS,UBA5704
SRR29646161.bin.18,High-quality,Acidobacteriota,NRPS,NRPS,UBA5704
SRR29646161.bin.18,High-quality,Acidobacteriota,NRPS,NRPS,UBA5704
SRR29646161.bin.18,High-quality,Acidobacteriota,NRPS-like,NRPS,UBA5704
SRR29646161.bin.18,High-quality,Acidobacteriota,T1PKS,PKSI,UBA5704
SRR29646161.bin.18,High-quality,Acidobacteriota,lanthipeptide-class-ii,RiPPs,UBA5704
SRR29646161.bin.18,High-quality,Acidobacteriota,NRPS,NRPS,UBA5704
SRR29646161.bin.18,High-quality,Acidobacteriota,NRPS,NRPS,UBA5704
SRR29646161.bin.18,High-quality,Acidobacteriota,NRPS,NRPS,UBA5704
SRR29646161.bin.18,High-quality,Acidobacteriota,NRPS,NRPS,UBA5704
SRR29646161.bin.18,High-quality,Acidobacteriota,NRPS,NRPS,UBA5704
SRR29646161.bin.18,High-quality,Acidobacteriota,NRPS,NRPS,UBA5704
SRR29646161.bin.18,High-quality,Acidobacteriota,NRPS,NRPS,UBA5704
SRR29646161.bin.18,High-quality,Acidobacteriota,T1PKS.NRPS,PKS-NRP_Hybrids,UBA5704
SRR29646161.bin.18,High-quality,Acidobacteriota,RiPP-like,RiPPs,UBA5704
SRR29646161.bin.18,High-quality,Acidobacteriota,NRPS,NRPS,UBA5704
SRR29646161.bin.18,High-quality,Acidobacteriota,NRPS,NRPS,UBA5704
SRR29646161.bin.18,High-quality,Acidobacteriota,NRPS,NRPS,UBA5704
SRR29646161.bin.18,High-quality,Acidobacteriota,NRPS,NRPS,UBA5704
SRR29646161.bin.18,High-quality,Acidobacteriota,NRPS,NRPS,UBA5704
SRR29646161.bin.18,High-quality,Acidobacteriota,NRPS,NRPS,UBA5704
SRR29646161.bin.18,High-quality,Acidobacteriota,NRPS,NRPS,UBA5704
SRR29646161.bin.18,High-quality,Acidobacteriota,NRPS-like,NRPS,UBA5704
SRR29646161.bin.18,High-quality,Acidobacteriota,NRPS,NRPS,UBA5704
SRR29646161.bin.18,High-quality,Acidobacteriota,NRPS,NRPS,UBA5704
SRR29646161.bin.18,High-quality,Acidobacteriota,NRPS,NRPS,UBA5704
SRR29646161.bin.18,High-quality,Acidobacteriota,NRPS,NRPS,UBA5704
SRR29646161.bin.18,High-quality,Acidobacteriota,NRPS,NRPS,UBA5704
SRR29646161.bin.18,High-quality,Acidobacteriota,NRPS,NRPS,UBA5704
SRR29646161.bin.18,High-quality,Acidobacteriota,NRPS,NRPS,UBA5704
SRR29646161.bin.18,High-quality,Acidobacteriota,NRPS,NRPS,UBA5704
SRR29646161.bin.18,High-quality,Acidobacteriota,NRPS,NRPS,UBA5704
SRR29646161.bin.18,High-quality,Acidobacteriota,T1PKS,PKSI,UBA5704
SRR29646161.bin.18,High-quality,Acidobacteriota,NRPS,NRPS,UBA5704
SRR29646161.bin.18,High-quality,Acidobacteriota,NRPS,NRPS,UBA5704
SRR29646161.bin.18,High-quality,Acidobacteriota,NRPS,NRPS,UBA5704
SRR29646161.bin.18,High-quality,Acidobacteriota,NRPS,NRPS,UBA5704
SRR29646161.bin.18,High-quality,Acidobacteriota,NRPS,NRPS,UBA5704
SRR29646161.bin.18,High-quality,Acidobacteriota,NRPS,NRPS,UBA5704
SRR29646161.bin.18,High-quality,Acidobacteriota,NRPS,NRPS,UBA5704
SRR29646161.bin.18,High-quality,Acidobacteriota,NRPS,NRPS,UBA5704
SRR29646161.bin.18,High-quality,Acidobacteriota,NRPS-like,NRPS,UBA5704
SRR29646161.bin.18,High-quality,Acidobacteriota,NRPS,NRPS,UBA5704
SRR29646161.bin.18,High-quality,Acidobacteriota,NRPS,NRPS,UBA5704
SRR29646161.bin.33,High-quality,Pseudomonadota,NRPS-like,NRPS,SG8-39
SRR29646161.bin.33,High-quality,Pseudomonadota,arylpolyene,Others,SG8-39
SRR29646161.bin.33,High-quality,Pseudomonadota,NRPS-like,NRPS,SG8-39
SRR29646161.bin.39,High-quality,Acidobacteriota,RRE-containing,RiPPs,UBA5704
SRR29646161.bin.39,High-quality,Acidobacteriota,NRPS,NRPS,UBA5704
SRR29646161.bin.39,High-quality,Acidobacteriota,NRPS,NRPS,UBA5704
SRR29646161.bin.39,High-quality,Acidobacteriota,NRPS,NRPS,UBA5704
SRR29646161.bin.39,High-quality,Acidobacteriota,NRPS,NRPS,UBA5704
SRR29646161.bin.39,High-quality,Acidobacteriota,NRPS.T1PKS,PKS-NRP_Hybrids,UBA5704
SRR29646161.bin.39,High-quality,Acidobacteriota,RiPP-like,RiPPs,UBA5704
SRR29646161.bin.39,High-quality,Acidobacteriota,NRPS,NRPS,UBA5704
SRR29646161.bin.39,High-quality,Acidobacteriota,NRPS,NRPS,UBA5704
SRR29646161.bin.39,High-quality,Acidobacteriota,T1PKS,PKSI,UBA5704
SRR29646161.bin.39,High-quality,Acidobacteriota,NRPS.T1PKS,PKS-NRP_Hybrids,UBA5704
SRR29646161.bin.39,High-quality,Acidobacteriota,NRPS,NRPS,UBA5704
SRR29646161.bin.39,High-quality,Acidobacteriota,NRPS,NRPS,UBA5704
SRR29646161.bin.39,High-quality,Acidobacteriota,NRPS,NRPS,UBA5704
SRR29646161.bin.39,High-quality,Acidobacteriota,NRPS,NRPS,UBA5704
SRR29646161.bin.39,High-quality,Acidobacteriota,T1PKS,PKSI,UBA5704
SRR29646161.bin.39,High-quality,Acidobacteriota,T1PKS,PKSI,UBA5704
SRR29646161.bin.39,High-quality,Acidobacteriota,T1PKS.NRPS,PKS-NRP_Hybrids,UBA5704
SRR29646161.bin.39,High-quality,Acidobacteriota,T3PKS,PKSother,UBA5704
SRR29646161.bin.39,High-quality,Acidobacteriota,T1PKS.NRPS,PKS-NRP_Hybrids,UBA5704
SRR29646161.bin.39,High-quality,Acidobacteriota,NRPS,NRPS,UBA5704
SRR29646161.bin.39,High-quality,Acidobacteriota,NRPS,NRPS,UBA5704
SRR29646161.bin.39,High-quality,Acidobacteriota,NRPS,NRPS,UBA5704
SRR29646161.bin.39,High-quality,Acidobacteriota,NRPS,NRPS,UBA5704
SRR29646161.bin.39,High-quality,Acidobacteriota,NRPS,NRPS,UBA5704
SRR29646161.bin.39,High-quality,Acidobacteriota,NRPS,NRPS,UBA5704
SRR29646161.bin.39,High-quality,Acidobacteriota,T1PKS.NRPS,PKS-NRP_Hybrids,UBA5704
SRR29646161.bin.39,High-quality,Acidobacteriota,T1PKS,PKSI,UBA5704
SRR29646161.bin.39,High-quality,Acidobacteriota,NRPS,NRPS,UBA5704
SRR29646161.bin.39,High-quality,Acidobacteriota,NRPS,NRPS,UBA5704
SRR29646161.bin.39,High-quality,Acidobacteriota,NRPS,NRPS,UBA5704
SRR29646161.bin.39,High-quality,Acidobacteriota,NRPS-like,NRPS,UBA5704
SRR29646161.bin.39,High-quality,Acidobacteriota,RRE-containing,RiPPs,UBA5704
SRR29646161.bin.39,High-quality,Acidobacteriota,arylpolyene,Others,UBA5704
SRR29646161.bin.39,High-quality,Acidobacteriota,NRPS-like,NRPS,UBA5704
SRR29646161.bin.39,High-quality,Acidobacteriota,NRPS,NRPS,UBA5704
SRR29646161.bin.39,High-quality,Acidobacteriota,terpene,Terpene,UBA5704
SRR29646161.bin.39,High-quality,Acidobacteriota,ladderane,Others,UBA5704
SRR29646161.bin.39,High-quality,Acidobacteriota,NRPS,NRPS,UBA5704
SRR29646161.bin.39,High-quality,Acidobacteriota,T1PKS.NRPS,PKS-NRP_Hybrids,UBA5704
SRR29646161.bin.51,High-quality,Gemmatimonadota,NRPS-like,NRPS,JAHWKZ01
SRR29646161.bin.51,High-quality,Gemmatimonadota,T1PKS,PKSI,JAHWKZ01
SRR29646161.bin.51,High-quality,Gemmatimonadota,T1PKS,PKSI,JAHWKZ01
SRR29646161.bin.53,High-quality,Pseudomonadota,RRE-containing,RiPPs,JADFVY01
SRR29646161.bin.53,High-quality,Pseudomonadota,RRE-containing,RiPPs,JADFVY01
SRR29646161.bin.53,High-quality,Pseudomonadota,T3PKS,PKSother,JADFVY01
SRR29646161.bin.53,High-quality,Pseudomonadota,ranthipeptide,RiPPs,JADFVY01
SRR29689609.bin.68,High-quality,Pseudomonadota,RiPP-like,RiPPs,Halomonadaceae
SRR29689609.bin.76,High-quality,Pseudomonadota,RiPP-like,RiPPs,Aeromonadaceae
SRR29689609.bin.76,High-quality,Pseudomonadota,NI-siderophore,Others,Aeromonadaceae
SRR29689609.bin.76,High-quality,Pseudomonadota,NI-siderophore,Others,Aeromonadaceae
SRR29689609.bin.82,High-quality,Bacteroidota,terpene,Terpene,Cyclobacteriaceae
SRR29689609.bin.82,High-quality,Bacteroidota,NRPS-like,NRPS,Cyclobacteriaceae
SRR29689609.bin.82,High-quality,Bacteroidota,T3PKS,PKSother,Cyclobacteriaceae
SRR29689611.bin.29,High-quality,Pseudomonadota,RiPP-like,RiPPs,Alteromonadaceae
SRR29792384.bin.9,High-quality,Pseudomonadota,arylpolyene,Others,Xanthomonadaceae
SRR31572242.bin.11,High-quality,Actinomycetota,terpene,Terpene,Rubrobacteraceae
SRR31572242.bin.11,High-quality,Actinomycetota,NRPS-like,NRPS,Rubrobacteraceae
SRR31572242.bin.11,High-quality,Actinomycetota,T3PKS,PKSother,Rubrobacteraceae
SRR31572242.bin.11,High-quality,Actinomycetota,RRE-containing,RiPPs,Rubrobacteraceae
SRR31674855.bin.2,High-quality,Bacteroidota,NRPS,NRPS,Ignavibacteriaceae
SRR31674855.bin.2,High-quality,Bacteroidota,T3PKS,PKSother,Ignavibacteriaceae
SRR31674855.bin.2,High-quality,Bacteroidota,T1PKS,PKSI,Ignavibacteriaceae
SRR31674855.bin.2,High-quality,Bacteroidota,NRPS,NRPS,Ignavibacteriaceae
SRR31674855.bin.2,High-quality,Bacteroidota,NRPS-like,NRPS,Ignavibacteriaceae
SRR31674855.bin.3,High-quality,Actinomycetota,terpene,Terpene,JAHELV01
SRR31674855.bin.3,High-quality,Actinomycetota,NRPS-like,NRPS,JAHELV01
SRR31674856.bin.20,High-quality,Actinomycetota,resorcinol,Others,ZC4RG35
SRR31674856.bin.20,High-quality,Actinomycetota,phosphonate,Others,ZC4RG35
SRR31674856.bin.23,High-quality,Pseudomonadota,NRPS-like,NRPS,SG8-41
SRR31674856.bin.23,High-quality,Pseudomonadota,arylpolyene,Others,SG8-41
SRR32147493.bin.14,High-quality,Pseudomonadota,blactam,Others,Sphingomonadaceae
SRR32147493.bin.14,High-quality,Pseudomonadota,NRPS,NRPS,Sphingomonadaceae
SRR32147493.bin.14,High-quality,Pseudomonadota,terpene,Terpene,Sphingomonadaceae
SRR32147493.bin.14,High-quality,Pseudomonadota,T3PKS,PKSother,Sphingomonadaceae
SRR32147493.bin.34,High-quality,Pseudomonadota,T3PKS,PKSother,Sphingomonadaceae
SRR32147493.bin.45,High-quality,Actinomycetota,RRE-containing,RiPPs,IMCC26256
SRR32147493.bin.45,High-quality,Actinomycetota,other,Others,IMCC26256
SRR32147493.bin.45,High-quality,Actinomycetota,other,Others,IMCC26256
SRR32147493.bin.45,High-quality,Actinomycetota,other,Others,IMCC26256
SRR32147493.bin.45,High-quality,Actinomycetota,other,Others,IMCC26256
SRR32147493.bin.45,High-quality,Actinomycetota,terpene,Terpene,IMCC26256
SRR32147493.bin.59,High-quality,Actinomycetota,resorcinol,Others,ZC4RG35
SRR32147493.bin.8,High-quality,Chloroflexota,NRPS,NRPS,Villigracilaceae
SRR32147493.bin.8,High-quality,Chloroflexota,resorcinol,Others,Villigracilaceae
SRR32147493.bin.8,High-quality,Chloroflexota,NRPS-like,NRPS,Villigracilaceae
SRR32147493.bin.8,High-quality,Chloroflexota,T1PKS.NRPS,PKS-NRP_Hybrids,Villigracilaceae
SRR32147493.bin.8,High-quality,Chloroflexota,T1PKS,PKSI,Villigracilaceae
SRR32147493.bin.81,High-quality,Acidobacteriota,terpene,Terpene,Unclassified
SRR32147493.bin.81,High-quality,Acidobacteriota,terpene,Terpene,Unclassified
SRR32147493.bin.81,High-quality,Acidobacteriota,T3PKS,PKSother,Unclassified
SRR32147493.bin.81,High-quality,Acidobacteriota,ladderane,Others,Unclassified
SRR32147493.bin.81,High-quality,Acidobacteriota,NRPS-like,NRPS,Unclassified
SRR32147493.bin.81,High-quality,Acidobacteriota,NRPS-like,NRPS,Unclassified
SRR32147493.bin.81,High-quality,Acidobacteriota,RiPP-like,RiPPs,Unclassified
SRR32147494.bin.11,High-quality,Acidobacteriota,NRPS,NRPS,UBA2999
SRR32147494.bin.11,High-quality,Acidobacteriota,NRPS-like,NRPS,UBA2999
SRR32147494.bin.11,High-quality,Acidobacteriota,NRPS,NRPS,UBA2999
SRR32147494.bin.11,High-quality,Acidobacteriota,ranthipeptide,RiPPs,UBA2999
SRR32147494.bin.11,High-quality,Acidobacteriota,T1PKS,PKSI,UBA2999
SRR32147494.bin.11,High-quality,Acidobacteriota,NRPS-like,NRPS,UBA2999
SRR32147494.bin.11,High-quality,Acidobacteriota,T1PKS,PKSI,UBA2999
SRR32147494.bin.24,High-quality,Desulfobacterota_B,terpene,Terpene,JAGDMS01
SRR32147494.bin.24,High-quality,Desulfobacterota_B,NRPS-like,NRPS,JAGDMS01
SRR32147494.bin.24,High-quality,Desulfobacterota_B,T3PKS,PKSother,JAGDMS01
SRR32147494.bin.54,High-quality,Acidobacteriota,NRPS,NRPS,UBA5704
SRR32147494.bin.54,High-quality,Acidobacteriota,NRPS,NRPS,UBA5704
SRR32147494.bin.54,High-quality,Acidobacteriota,NRPS,NRPS,UBA5704
SRR32147494.bin.54,High-quality,Acidobacteriota,ladderane,Others,UBA5704
SRR32147494.bin.54,High-quality,Acidobacteriota,NRPS-like,NRPS,UBA5704
SRR32147494.bin.54,High-quality,Acidobacteriota,T3PKS,PKSother,UBA5704
SRR32147494.bin.54,High-quality,Acidobacteriota,T1PKS.NRPS,PKS-NRP_Hybrids,UBA5704
SRR32147494.bin.54,High-quality,Acidobacteriota,terpene,Terpene,UBA5704
SRR32147494.bin.54,High-quality,Acidobacteriota,NRPS,NRPS,UBA5704
SRR32147494.bin.54,High-quality,Acidobacteriota,NRPS,NRPS,UBA5704
SRR32147494.bin.54,High-quality,Acidobacteriota,T3PKS,PKSother,UBA5704
SRR32147494.bin.54,High-quality,Acidobacteriota,lanthipeptide-class-ii,RiPPs,UBA5704
SRR32147494.bin.54,High-quality,Acidobacteriota,NRPS,NRPS,UBA5704
SRR32147494.bin.54,High-quality,Acidobacteriota,NRPS,NRPS,UBA5704
SRR32147494.bin.54,High-quality,Acidobacteriota,T1PKS.NRPS,PKS-NRP_Hybrids,UBA5704
SRR32147494.bin.54,High-quality,Acidobacteriota,NRPS,NRPS,UBA5704
SRR32147494.bin.54,High-quality,Acidobacteriota,T1PKS.NRPS,PKS-NRP_Hybrids,UBA5704
SRR32147494.bin.54,High-quality,Acidobacteriota,T1PKS,PKSI,UBA5704
SRR32147494.bin.54,High-quality,Acidobacteriota,NRPS,NRPS,UBA5704
SRR32147494.bin.54,High-quality,Acidobacteriota,NRPS,NRPS,UBA5704
SRR32147494.bin.54,High-quality,Acidobacteriota,NRPS,NRPS,UBA5704
SRR32147494.bin.54,High-quality,Acidobacteriota,T1PKS,PKSI,UBA5704
SRR32147494.bin.54,High-quality,Acidobacteriota,NRPS-like,NRPS,UBA5704
SRR32147494.bin.54,High-quality,Acidobacteriota,T1PKS,PKSI,UBA5704
SRR32147494.bin.6,High-quality,Pseudomonadota,T3PKS,PKSother,Methyloligellaceae
SRR32147495.bin.17,High-quality,Pseudomonadota,terpene,Terpene,Geminicoccaceae
SRR32147495.bin.17,High-quality,Pseudomonadota,ranthipeptide,RiPPs,Geminicoccaceae
SRR32147495.bin.17,High-quality,Pseudomonadota,T3PKS,PKSother,Geminicoccaceae
SRR32147495.bin.17,High-quality,Pseudomonadota,NRPS-like,NRPS,Geminicoccaceae
SRR32147495.bin.17,High-quality,Pseudomonadota,RiPP-like,RiPPs,Geminicoccaceae
SRR32147495.bin.66,High-quality,Actinomycetota,terpene,Terpene,JACDCH01
SRR32147495.bin.70,High-quality,Desulfobacterota_B,NRPS-like,NRPS,UBA9968
SRR32147495.bin.70,High-quality,Desulfobacterota_B,NRPS-like,NRPS,UBA9968
SRR32147495.bin.70,High-quality,Desulfobacterota_B,NRPS-like,NRPS,UBA9968
SRR32147495.bin.70,High-quality,Desulfobacterota_B,T1PKS.NRPS-like,PKS-NRP_Hybrids,UBA9968
SRR32147495.bin.70,High-quality,Desulfobacterota_B,NRPS,NRPS,UBA9968
SRR32147495.bin.70,High-quality,Desulfobacterota_B,NRPS,NRPS,UBA9968
SRR32147495.bin.70,High-quality,Desulfobacterota_B,NRPS-like,NRPS,UBA9968
SRR32147495.bin.70,High-quality,Desulfobacterota_B,NRPS-like,NRPS,UBA9968
SRR32147495.bin.70,High-quality,Desulfobacterota_B,NRPS-like,NRPS,UBA9968
SRR32147495.bin.70,High-quality,Desulfobacterota_B,NRPS,NRPS,UBA9968
SRR32147495.bin.70,High-quality,Desulfobacterota_B,NRPS,NRPS,UBA9968
SRR32147495.bin.70,High-quality,Desulfobacterota_B,NRPS-like,NRPS,UBA9968
SRR32147495.bin.70,High-quality,Desulfobacterota_B,NRPS,NRPS,UBA9968
SRR32147495.bin.70,High-quality,Desulfobacterota_B,NRPS,NRPS,UBA9968
SRR32147495.bin.70,High-quality,Desulfobacterota_B,NRPS-like,NRPS,UBA9968
SRR32147495.bin.70,High-quality,Desulfobacterota_B,NRPS,NRPS,UBA9968
SRR32147495.bin.70,High-quality,Desulfobacterota_B,NRPS,NRPS,UBA9968
SRR32147495.bin.70,High-quality,Desulfobacterota_B,NRPS,NRPS,UBA9968
SRR32147495.bin.70,High-quality,Desulfobacterota_B,NRPS,NRPS,UBA9968
SRR32147495.bin.76,High-quality,Actinomycetota,NRPS,NRPS,JAENVV01
SRR32147495.bin.76,High-quality,Actinomycetota,NRPS,NRPS,JAENVV01
SRR32147495.bin.76,High-quality,Actinomycetota,NRPS,NRPS,JAENVV01
SRR32147498.bin.11,High-quality,Actinomycetota,NAPAA,NRPS,Dermatophilaceae
SRR32147498.bin.11,High-quality,Actinomycetota,T3PKS,PKSother,Dermatophilaceae
SRR32147499.bin.18,High-quality,Pseudomonadota,terpene,Terpene,J153
SRR32147499.bin.18,High-quality,Pseudomonadota,T3PKS,PKSother,J153
SRR32147499.bin.2,High-quality,Pseudomonadota,T1PKS,PKSI,Nitrosomonadaceae
SRR32147499.bin.2,High-quality,Pseudomonadota,NRPS,NRPS,Nitrosomonadaceae
SRR32147499.bin.2,High-quality,Pseudomonadota,NRPS-like,NRPS,Nitrosomonadaceae
SRR32147499.bin.2,High-quality,Pseudomonadota,terpene,Terpene,Nitrosomonadaceae
SRR32147499.bin.2,High-quality,Pseudomonadota,terpene,Terpene,Nitrosomonadaceae
SRR32147499.bin.36,High-quality,Planctomycetota,T3PKS,PKSother,UBA1924
SRR32147499.bin.37,High-quality,Acidobacteriota,T3PKS,PKSother,UBA5704
SRR32147499.bin.37,High-quality,Acidobacteriota,NRPS,NRPS,UBA5704
SRR32147499.bin.37,High-quality,Acidobacteriota,T1PKS,PKSI,UBA5704
SRR32147499.bin.37,High-quality,Acidobacteriota,NRPS.T1PKS,PKS-NRP_Hybrids,UBA5704
SRR32147499.bin.37,High-quality,Acidobacteriota,RiPP-like,RiPPs,UBA5704
SRR32147499.bin.37,High-quality,Acidobacteriota,RiPP-like,RiPPs,UBA5704
SRR32147499.bin.37,High-quality,Acidobacteriota,NRPS,NRPS,UBA5704
SRR32147499.bin.37,High-quality,Acidobacteriota,RiPP-like,RiPPs,UBA5704
SRR32147499.bin.37,High-quality,Acidobacteriota,lanthipeptide-class-ii,RiPPs,UBA5704
SRR32147499.bin.37,High-quality,Acidobacteriota,T1PKS,PKSI,UBA5704
SRR32147499.bin.37,High-quality,Acidobacteriota,NRPS,NRPS,UBA5704
SRR32147499.bin.37,High-quality,Acidobacteriota,lanthipeptide-class-ii,RiPPs,UBA5704
SRR32147499.bin.37,High-quality,Acidobacteriota,terpene,Terpene,UBA5704
SRR32147499.bin.37,High-quality,Acidobacteriota,RRE-containing,RiPPs,UBA5704
SRR32147499.bin.37,High-quality,Acidobacteriota,NRPS,NRPS,UBA5704
SRR32147499.bin.37,High-quality,Acidobacteriota,T1PKS,PKSI,UBA5704
SRR32147499.bin.37,High-quality,Acidobacteriota,NRPS,NRPS,UBA5704
SRR32147499.bin.37,High-quality,Acidobacteriota,NRPS,NRPS,UBA5704
SRR32147499.bin.37,High-quality,Acidobacteriota,NRPS,NRPS,UBA5704
SRR32147499.bin.37,High-quality,Acidobacteriota,NRPS.T1PKS,PKS-NRP_Hybrids,UBA5704
SRR32147499.bin.37,High-quality,Acidobacteriota,NRPS,NRPS,UBA5704
SRR32147499.bin.37,High-quality,Acidobacteriota,NRPS,NRPS,UBA5704
SRR32147499.bin.37,High-quality,Acidobacteriota,NRPS,NRPS,UBA5704
SRR32147499.bin.37,High-quality,Acidobacteriota,NRPS,NRPS,UBA5704
SRR32147499.bin.37,High-quality,Acidobacteriota,NRPS.T1PKS,PKS-NRP_Hybrids,UBA5704
SRR32147499.bin.37,High-quality,Acidobacteriota,NRPS,NRPS,UBA5704
SRR32147499.bin.37,High-quality,Acidobacteriota,lanthipeptide-class-iv,RiPPs,UBA5704
SRR32147499.bin.37,High-quality,Acidobacteriota,ladderane,Others,UBA5704
SRR32147499.bin.37,High-quality,Acidobacteriota,RRE-containing,RiPPs,UBA5704
SRR32147499.bin.38,High-quality,Pseudomonadota,NRPS-like,NRPS,Woeseiaceae
SRR32147499.bin.38,High-quality,Pseudomonadota,NRPS-like,NRPS,Woeseiaceae
SRR32147499.bin.65,High-quality,Planctomycetota,NRPS-like,NRPS,UBA1845
SRR32147499.bin.65,High-quality,Planctomycetota,ladderane,Others,UBA1845
SRR32147499.bin.67,High-quality,Gemmatimonadota,terpene,Terpene,GWC2-71-9
SRR32147499.bin.67,High-quality,Gemmatimonadota,phosphonate,Others,GWC2-71-9
SRR32147499.bin.67,High-quality,Gemmatimonadota,RiPP-like,RiPPs,GWC2-71-9
SRR32147499.bin.68,High-quality,Hydrogenedentota,hglE-KS.T1PKS,PKSother,Unclassified
SRR32147499.bin.68,High-quality,Hydrogenedentota,hglE-KS,PKSother,Unclassified
SRR32147499.bin.68,High-quality,Hydrogenedentota,cyanobactin,RiPPs,Unclassified
SRR32147499.bin.68,High-quality,Hydrogenedentota,NRPS,NRPS,Unclassified
SRR32147499.bin.68,High-quality,Hydrogenedentota,RRE-containing,RiPPs,Unclassified
SRR32147499.bin.78,High-quality,Planctomycetota,terpene,Terpene,Planctomycetaceae
SRR32147499.bin.78,High-quality,Planctomycetota,terpene,Terpene,Planctomycetaceae
SRR32147499.bin.78,High-quality,Planctomycetota,RiPP-like,RiPPs,Planctomycetaceae
SRR32147499.bin.78,High-quality,Planctomycetota,resorcinol,Others,Planctomycetaceae
SRR32147499.bin.78,High-quality,Planctomycetota,terpene,Terpene,Planctomycetaceae
SRR32147499.bin.78,High-quality,Planctomycetota,terpene,Terpene,Planctomycetaceae
SRR32147508.bin.10,High-quality,Planctomycetota,hglE-KS.T1PKS,PKSother,UBA1845
SRR32147508.bin.10,High-quality,Planctomycetota,hglE-KS,PKSother,UBA1845
SRR32147508.bin.10,High-quality,Planctomycetota,T3PKS,PKSother,UBA1845
SRR32147508.bin.102,High-quality,Planctomycetota,T1PKS,PKSI,UBA1845
SRR32147508.bin.102,High-quality,Planctomycetota,NRPS-like,NRPS,UBA1845
SRR32147508.bin.102,High-quality,Planctomycetota,ladderane,Others,UBA1845
SRR32147508.bin.103,High-quality,Planctomycetota,NRPS-like,NRPS,UBA1845
SRR32147508.bin.103,High-quality,Planctomycetota,T3PKS,PKSother,UBA1845
SRR32147508.bin.23,High-quality,Planctomycetota,T1PKS,PKSI,UBA1845
SRR32147508.bin.23,High-quality,Planctomycetota,hglE-KS,PKSother,UBA1845
SRR32147508.bin.23,High-quality,Planctomycetota,NRPS-like,NRPS,UBA1845
SRR32147508.bin.23,High-quality,Planctomycetota,arylpolyene,Others,UBA1845
SRR32147508.bin.27,High-quality,Cyanobacteriota,T1PKS,PKSI,MRBY01
SRR32147508.bin.27,High-quality,Cyanobacteriota,NRPS-like,NRPS,MRBY01
SRR32147508.bin.27,High-quality,Cyanobacteriota,NRPS-like,NRPS,MRBY01
SRR32147508.bin.36,High-quality,Planctomycetota,T3PKS,PKSother,UBA1924
SRR32147508.bin.71,High-quality,Pseudomonadota,NRPS,NRPS,JAANXG01
SRR32147508.bin.71,High-quality,Pseudomonadota,terpene,Terpene,JAANXG01
SRR32147508.bin.71,High-quality,Pseudomonadota,NRPS-like,NRPS,JAANXG01
SRR32147508.bin.71,High-quality,Pseudomonadota,RRE-containing,RiPPs,JAANXG01
SRR32147508.bin.71,High-quality,Pseudomonadota,terpene,Terpene,JAANXG01
SRR32147508.bin.73,High-quality,Gemmatimonadota,RiPP-like,RiPPs,Palauibacteraceae
SRR32147508.bin.73,High-quality,Gemmatimonadota,ranthipeptide,RiPPs,Palauibacteraceae
SRR32147508.bin.73,High-quality,Gemmatimonadota,NRPS,NRPS,Palauibacteraceae
SRR32147508.bin.73,High-quality,Gemmatimonadota,NRPS,NRPS,Palauibacteraceae
SRR32147508.bin.90,High-quality,Desulfobacterota_D,T3PKS,PKSother,JAJCZQ01
SRR32147508.bin.91,High-quality,Hydrogenedentota,RRE-containing,RiPPs,Unclassified
SRR32147508.bin.91,High-quality,Hydrogenedentota,hglE-KS,PKSother,Unclassified
SRR32147508.bin.91,High-quality,Hydrogenedentota,T1PKS.hglE-KS,PKSother,Unclassified
SRR32147508.bin.91,High-quality,Hydrogenedentota,NRPS,NRPS,Unclassified
SRR32147508.bin.91,High-quality,Hydrogenedentota,arylpolyene,Others,Unclassified
SRR32147508.bin.91,High-quality,Hydrogenedentota,T3PKS,PKSother,Unclassified
SRR32147508.bin.91,High-quality,Hydrogenedentota,arylpolyene,Others,Unclassified
SRR32147508.bin.91,High-quality,Hydrogenedentota,arylpolyene,Others,Unclassified
SRR32147508.bin.97,High-quality,Gemmatimonadota,NRPS-like,NRPS,JAHWKZ01
SRR32147508.bin.97,High-quality,Gemmatimonadota,NRPS-like,NRPS,JAHWKZ01
SRR32147508.bin.98,High-quality,Planctomycetota,phosphonate,Others,JANQPP01
SRR32147508.bin.98,High-quality,Planctomycetota,NRPS-like,NRPS,JANQPP01
SRR32147508.bin.98,High-quality,Planctomycetota,lanthipeptide-class-iv,RiPPs,JANQPP01
SRR32147508.bin.98,High-quality,Planctomycetota,terpene,Terpene,JANQPP01
SRR32147508.bin.98,High-quality,Planctomycetota,T1PKS,PKSI,JANQPP01
SRR32147508.bin.98,High-quality,Planctomycetota,terpene,Terpene,JANQPP01
SRR32147508.bin.98,High-quality,Planctomycetota,terpene,Terpene,JANQPP01
SRR32147509.bin.104,High-quality,Bacteroidota,terpene,Terpene,Balneolaceae
SRR32147509.bin.104,High-quality,Bacteroidota,T3PKS,PKSother,Balneolaceae
SRR32147509.bin.110,High-quality,Pseudomonadota,terpene,Terpene,UBA4486
SRR32147509.bin.110,High-quality,Pseudomonadota,terpene,Terpene,UBA4486
SRR32147509.bin.110,High-quality,Pseudomonadota,RRE-containing,RiPPs,UBA4486
SRR32147509.bin.110,High-quality,Pseudomonadota,NRPS,NRPS,UBA4486
SRR32147509.bin.110,High-quality,Pseudomonadota,phosphonate,Others,UBA4486
SRR32147509.bin.39,High-quality,Pseudomonadota,terpene,Terpene,Parvularculaceae
SRR32147509.bin.55,High-quality,Planctomycetota,NRPS-like,NRPS,Lacipirellulaceae
SRR32147509.bin.55,High-quality,Planctomycetota,T1PKS,PKSI,Lacipirellulaceae
SRR32147509.bin.55,High-quality,Planctomycetota,terpene,Terpene,Lacipirellulaceae
SRR32147509.bin.55,High-quality,Planctomycetota,NRPS-like,NRPS,Lacipirellulaceae
SRR32147509.bin.60,High-quality,Pseudomonadota,lanthipeptide-class-iv,RiPPs,Wenzhouxiangellaceae
SRR32147509.bin.60,High-quality,Pseudomonadota,NRPS,NRPS,Wenzhouxiangellaceae
SRR32147509.bin.60,High-quality,Pseudomonadota,terpene,Terpene,Wenzhouxiangellaceae
SRR32147509.bin.60,High-quality,Pseudomonadota,terpene,Terpene,Wenzhouxiangellaceae
SRR32147509.bin.60,High-quality,Pseudomonadota,terpene,Terpene,Wenzhouxiangellaceae
SRR32147509.bin.60,High-quality,Pseudomonadota,NRPS-like,NRPS,Wenzhouxiangellaceae
SRR32147509.bin.60,High-quality,Pseudomonadota,NRPS,NRPS,Wenzhouxiangellaceae
SRR32147509.bin.60,High-quality,Pseudomonadota,NRPS,NRPS,Wenzhouxiangellaceae
SRR32147509.bin.60,High-quality,Pseudomonadota,NRPS,NRPS,Wenzhouxiangellaceae
SRR32147509.bin.60,High-quality,Pseudomonadota,NRPS,NRPS,Wenzhouxiangellaceae
SRR32147509.bin.60,High-quality,Pseudomonadota,other,Others,Wenzhouxiangellaceae
SRR32147509.bin.61,High-quality,Pseudomonadota,arylpolyene,Others,JAANXG01
SRR32147509.bin.61,High-quality,Pseudomonadota,arylpolyene,Others,JAANXG01
SRR32147509.bin.61,High-quality,Pseudomonadota,terpene,Terpene,JAANXG01
SRR32147509.bin.61,High-quality,Pseudomonadota,terpene,Terpene,JAANXG01
SRR32147509.bin.61,High-quality,Pseudomonadota,RRE-containing,RiPPs,JAANXG01
SRR32774197.bin.13,High-quality,Pseudomonadota,T3PKS,PKSother,Vibrionaceae
SRR32774197.bin.13,High-quality,Pseudomonadota,NRPS,NRPS,Vibrionaceae
SRR32774197.bin.13,High-quality,Pseudomonadota,NRPS,NRPS,Vibrionaceae
SRR32774197.bin.13,High-quality,Pseudomonadota,NRPS,NRPS,Vibrionaceae
SRR32774197.bin.13,High-quality,Pseudomonadota,NRPS,NRPS,Vibrionaceae
SRR32774197.bin.13,High-quality,Pseudomonadota,NRPS,NRPS,Vibrionaceae
SRR32774197.bin.14,High-quality,Bacillota,NI-siderophore,Others,Bacillaceae_H
SRR32774197.bin.14,High-quality,Bacillota,NI-siderophore,Others,Bacillaceae_H
SRR32774197.bin.14,High-quality,Bacillota,phosphonate,Others,Bacillaceae_H
SRR32774197.bin.14,High-quality,Bacillota,T3PKS,PKSother,Bacillaceae_H
SRR32774197.bin.14,High-quality,Bacillota,terpene,Terpene,Bacillaceae_H
SRR32774197.bin.22,High-quality,Pseudomonadota,hglE-KS,PKSother,Shewanellaceae
SRR32774197.bin.22,High-quality,Pseudomonadota,arylpolyene,Others,Shewanellaceae
SRR32774197.bin.22,High-quality,Pseudomonadota,arylpolyene,Others,Shewanellaceae
SRR32774197.bin.22,High-quality,Pseudomonadota,PUFA,Others,Shewanellaceae
SRR32774197.bin.22,High-quality,Pseudomonadota,RiPP-like,RiPPs,Shewanellaceae
SRR32774197.bin.22,High-quality,Pseudomonadota,NI-siderophore,Others,Shewanellaceae
SRR32774197.bin.22,High-quality,Pseudomonadota,NI-siderophore,Others,Shewanellaceae
SRR32774197.bin.33,High-quality,Pseudomonadota,RiPP-like,RiPPs,Alteromonadaceae
SRR32774197.bin.33,High-quality,Pseudomonadota,NI-siderophore,Others,Alteromonadaceae
SRR32774197.bin.33,High-quality,Pseudomonadota,T1PKS.NRPS,PKS-NRP_Hybrids,Alteromonadaceae
SRR32774197.bin.33,High-quality,Pseudomonadota,NRPS,NRPS,Alteromonadaceae
SRR32774197.bin.33,High-quality,Pseudomonadota,NRPS,NRPS,Alteromonadaceae
SRR32774197.bin.38,High-quality,Pseudomonadota,arylpolyene,Others,Shewanellaceae
SRR32774197.bin.38,High-quality,Pseudomonadota,arylpolyene,Others,Shewanellaceae
SRR32774197.bin.38,High-quality,Pseudomonadota,RiPP-like,RiPPs,Shewanellaceae
SRR32774197.bin.38,High-quality,Pseudomonadota,NI-siderophore,Others,Shewanellaceae
SRR32774197.bin.38,High-quality,Pseudomonadota,PUFA,Others,Shewanellaceae
SRR32774197.bin.38,High-quality,Pseudomonadota,hglE-KS,PKSother,Shewanellaceae
SRR32774198.bin.12,High-quality,Pseudomonadota,resorcinol,Others,Halomonadaceae
SRR32774198.bin.12,High-quality,Pseudomonadota,NI-siderophore,Others,Halomonadaceae
SRR32774198.bin.12,High-quality,Pseudomonadota,NI-siderophore,Others,Halomonadaceae
SRR32774198.bin.12,High-quality,Pseudomonadota,ranthipeptide,RiPPs,Halomonadaceae
SRR32774198.bin.12,High-quality,Pseudomonadota,RRE-containing,RiPPs,Halomonadaceae
SRR32774198.bin.12,High-quality,Pseudomonadota,RiPP-like,RiPPs,Halomonadaceae
SRR32774198.bin.18,High-quality,Pseudomonadota,arylpolyene,Others,Enterobacteriaceae
SRR32774198.bin.18,High-quality,Pseudomonadota,arylpolyene,Others,Enterobacteriaceae
SRR32774198.bin.18,High-quality,Pseudomonadota,NRPS,NRPS,Enterobacteriaceae
SRR32774198.bin.18,High-quality,Pseudomonadota,RiPP-like,RiPPs,Enterobacteriaceae
SRR32774199.bin.10,High-quality,Bacillota,terpene,Terpene,Bacillaceae
SRR32774199.bin.10,High-quality,Bacillota,NI-siderophore,Others,Bacillaceae
SRR32774199.bin.10,High-quality,Bacillota,NI-siderophore,Others,Bacillaceae
SRR32774199.bin.10,High-quality,Bacillota,T3PKS,PKSother,Bacillaceae
SRR32774199.bin.16,High-quality,Pseudomonadota,arylpolyene,Others,Enterobacteriaceae
SRR32774199.bin.16,High-quality,Pseudomonadota,arylpolyene,Others,Enterobacteriaceae
SRR32774199.bin.16,High-quality,Pseudomonadota,NRPS,NRPS,Enterobacteriaceae
SRR32774199.bin.16,High-quality,Pseudomonadota,RiPP-like,RiPPs,Enterobacteriaceae
SRR32774200.bin.20,High-quality,Pseudomonadota,NRPS,NRPS,Marinomonadaceae
SRR32774200.bin.20,High-quality,Pseudomonadota,NI-siderophore,Others,Marinomonadaceae
SRR32774200.bin.20,High-quality,Pseudomonadota,NI-siderophore,Others,Marinomonadaceae
SRR32774200.bin.20,High-quality,Pseudomonadota,RiPP-like,RiPPs,Marinomonadaceae
SRR32774200.bin.20,High-quality,Pseudomonadota,NRPS,NRPS,Marinomonadaceae
SRR32774200.bin.20,High-quality,Pseudomonadota,NRPS,NRPS,Marinomonadaceae
SRR32774201.bin.36,High-quality,Bacillota,T3PKS,PKSother,Bacillaceae_B
SRR33545844.bin.1,High-quality,Acidobacteriota,T3PKS,PKSother,Unclassified
SRR33545844.bin.1,High-quality,Acidobacteriota,ladderane,Others,Unclassified
SRR34563345.bin.2,High-quality,Cyanobacteriota,NRPS-like,NRPS,Elainellaceae
SRR34563345.bin.20,High-quality,Pseudomonadota,arylpolyene,Others,Burkholderiaceae
SRR34563345.bin.47,High-quality,Bacteroidota,sactipeptide,RiPPs,Salinibacteraceae
SRR34576098.bin.15,High-quality,Desulfobacterota_D,T3PKS,PKSother,UBA2774
SRR34576098.bin.15,High-quality,Desulfobacterota_D,NRPS-like,NRPS,UBA2774
SRR34576099.bin.14,High-quality,Pseudomonadota,hglE-KS,PKSother,UBA4486
SRR34576099.bin.14,High-quality,Pseudomonadota,T1PKS.hglE-KS,PKSother,UBA4486
SRR34576099.bin.14,High-quality,Pseudomonadota,phosphonate,Others,UBA4486
SRR34576099.bin.14,High-quality,Pseudomonadota,terpene,Terpene,UBA4486
SRR34576099.bin.14,High-quality,Pseudomonadota,terpene,Terpene,UBA4486
SRR34576099.bin.31,High-quality,Actinomycetota,T1PKS,PKSI,JAHWKV01
SRR34576099.bin.31,High-quality,Actinomycetota,hglE-KS,PKSother,JAHWKV01
SRR34576099.bin.31,High-quality,Actinomycetota,terpene,Terpene,JAHWKV01
SRR34576099.bin.41,High-quality,Pseudomonadota,phosphonate,Others,SZUA-36
SRR6056296.bin.12,High-quality,Bacteroidota,arylpolyene,Others,Flavobacteriaceae
SRR6056296.bin.12,High-quality,Bacteroidota,terpene,Terpene,Flavobacteriaceae
SRR6056296.bin.12,High-quality,Bacteroidota,T3PKS,PKSother,Flavobacteriaceae
SRR9952631.bin.10,High-quality,Pseudomonadota,terpene,Terpene,Sphingomonadaceae
SRR9952631.bin.10,High-quality,Pseudomonadota,RiPP-like,RiPPs,Sphingomonadaceae
SRR9952631.bin.10,High-quality,Pseudomonadota,T3PKS,PKSother,Sphingomonadaceae
SRR9952631.bin.10,High-quality,Pseudomonadota,RiPP-like,RiPPs,Sphingomonadaceae
SRR9952631.bin.2,High-quality,Actinomycetota,terpene,Terpene,JAHELV01
SRR9952631.bin.2,High-quality,Actinomycetota,T1PKS,PKSI,JAHELV01
SRR9952631.bin.20,High-quality,Actinomycetota,T1PKS,PKSI,25812
SRR9952631.bin.20,High-quality,Actinomycetota,NRPS-like,NRPS,25812
SRR9952631.bin.20,High-quality,Actinomycetota,NRPS,NRPS,25812
SRR9952635.bin.35,High-quality,Bacteroidota,T3PKS,PKSother,Chitinophagaceae
SRR9952635.bin.70,High-quality,Actinomycetota,terpene,Terpene,Egibacteraceae
SRR9952635.bin.70,High-quality,Actinomycetota,NRPS-like,NRPS,Egibacteraceae
SRR9952635.bin.70,High-quality,Actinomycetota,T3PKS,PKSother,Egibacteraceae
11-A.bin.19,Medium-quality,Actinomycetota,NRPS,NRPS,Pseudonocardiaceae
11-A.bin.19,Medium-quality,Actinomycetota,T1PKS,PKSI,Pseudonocardiaceae
11-A.bin.19,Medium-quality,Actinomycetota,transAT-PKS-like.NRPS,PKS-NRP_Hybrids,Pseudonocardiaceae
11-A.bin.19,Medium-quality,Actinomycetota,transAT-PKS-like,PKSother,Pseudonocardiaceae
11-A.bin.19,Medium-quality,Actinomycetota,T1PKS,PKSI,Pseudonocardiaceae
11-A.bin.19,Medium-quality,Actinomycetota,T1PKS,PKSI,Pseudonocardiaceae
11-A.bin.19,Medium-quality,Actinomycetota,T1PKS,PKSI,Pseudonocardiaceae
11-A.bin.19,Medium-quality,Actinomycetota,T1PKS,PKSI,Pseudonocardiaceae
11-A.bin.19,Medium-quality,Actinomycetota,NAPAA,NRPS,Pseudonocardiaceae
11-A.bin.19,Medium-quality,Actinomycetota,NI-siderophore,Others,Pseudonocardiaceae
11-A.bin.19,Medium-quality,Actinomycetota,NI-siderophore,Others,Pseudonocardiaceae
11-A.bin.19,Medium-quality,Actinomycetota,NI-siderophore,Others,Pseudonocardiaceae
11-A.bin.19,Medium-quality,Actinomycetota,T1PKS,PKSI,Pseudonocardiaceae
11-A.bin.19,Medium-quality,Actinomycetota,T1PKS,PKSI,Pseudonocardiaceae
11-A.bin.19,Medium-quality,Actinomycetota,T1PKS,PKSI,Pseudonocardiaceae
11-A.bin.19,Medium-quality,Actinomycetota,T1PKS,PKSI,Pseudonocardiaceae
11-A.bin.19,Medium-quality,Actinomycetota,T1PKS,PKSI,Pseudonocardiaceae
11-A.bin.19,Medium-quality,Actinomycetota,T1PKS,PKSI,Pseudonocardiaceae
11-A.bin.19,Medium-quality,Actinomycetota,T1PKS,PKSI,Pseudonocardiaceae
11-A.bin.19,Medium-quality,Actinomycetota,T1PKS,PKSI,Pseudonocardiaceae
11-A.bin.19,Medium-quality,Actinomycetota,T1PKS,PKSI,Pseudonocardiaceae
11-A.bin.19,Medium-quality,Actinomycetota,T1PKS,PKSI,Pseudonocardiaceae
11-A.bin.19,Medium-quality,Actinomycetota,T1PKS,PKSI,Pseudonocardiaceae
11-A.bin.19,Medium-quality,Actinomycetota,ladderane,Others,Pseudonocardiaceae
11-A.bin.19,Medium-quality,Actinomycetota,NRPS,NRPS,Pseudonocardiaceae
11-A.bin.19,Medium-quality,Actinomycetota,transAT-PKS-like,PKSother,Pseudonocardiaceae
11-A.bin.19,Medium-quality,Actinomycetota,T1PKS,PKSI,Pseudonocardiaceae
11-A.bin.19,Medium-quality,Actinomycetota,T1PKS,PKSI,Pseudonocardiaceae
11-A.bin.19,Medium-quality,Actinomycetota,T1PKS,PKSI,Pseudonocardiaceae
11-A.bin.19,Medium-quality,Actinomycetota,T1PKS,PKSI,Pseudonocardiaceae
11-A.bin.19,Medium-quality,Actinomycetota,NAPAA,NRPS,Pseudonocardiaceae
11-A.bin.19,Medium-quality,Actinomycetota,T1PKS,PKSI,Pseudonocardiaceae
11-A.bin.19,Medium-quality,Actinomycetota,T1PKS,PKSI,Pseudonocardiaceae
11-A.bin.5,Medium-quality,Actinomycetota,T3PKS,PKSother,Dermabacteraceae
11-A.bin.6,Medium-quality,Actinomycetota,NAPAA,NRPS,Brevibacteriaceae
11-A.bin.6,Medium-quality,Actinomycetota,NI-siderophore,Others,Brevibacteriaceae
11-A.bin.6,Medium-quality,Actinomycetota,T3PKS,PKSother,Brevibacteriaceae
11-B.bin.15,Medium-quality,Pseudomonadota,NRPS-like,NRPS,Halomonadaceae
11-B.bin.15,Medium-quality,Pseudomonadota,RiPP-like,RiPPs,Halomonadaceae
11-B.bin.18,Medium-quality,Pseudomonadota,NI-siderophore,Others,Halomonadaceae
11-B.bin.18,Medium-quality,Pseudomonadota,NI-siderophore,Others,Halomonadaceae
11-B.bin.18,Medium-quality,Pseudomonadota,NI-siderophore,Others,Halomonadaceae
11-B.bin.18,Medium-quality,Pseudomonadota,NRPS-like,NRPS,Halomonadaceae
11-B.bin.18,Medium-quality,Pseudomonadota,T1PKS,PKSI,Halomonadaceae
11-B.bin.18,Medium-quality,Pseudomonadota,RiPP-like,RiPPs,Halomonadaceae
11-B.bin.9,Medium-quality,Pseudomonadota,arylpolyene,Others,Halomonadaceae
11-B.bin.9,Medium-quality,Pseudomonadota,arylpolyene,Others,Halomonadaceae
11-B.bin.9,Medium-quality,Pseudomonadota,NI-siderophore,Others,Halomonadaceae
11-B.bin.9,Medium-quality,Pseudomonadota,NI-siderophore,Others,Halomonadaceae
11-B.bin.9,Medium-quality,Pseudomonadota,NI-siderophore,Others,Halomonadaceae
11-B.bin.9,Medium-quality,Pseudomonadota,NRPS,NRPS,Halomonadaceae
11-B.bin.9,Medium-quality,Pseudomonadota,RiPP-like,RiPPs,Halomonadaceae
11-B.bin.9,Medium-quality,Pseudomonadota,T1PKS,PKSI,Halomonadaceae
11-B.bin.9,Medium-quality,Pseudomonadota,NRPS,NRPS,Halomonadaceae
11-C.bin.18,Medium-quality,Actinomycetota,NI-siderophore,Others,Dermabacteraceae
11-C.bin.20,Medium-quality,Actinomycetota,NI-siderophore,Others,Micrococcaceae
11-C.bin.23,Medium-quality,Bacillota,T3PKS,PKSother,Staphylococcaceae
11-C.bin.23,Medium-quality,Bacillota,NI-siderophore,Others,Staphylococcaceae
11-C.bin.23,Medium-quality,Bacillota,NI-siderophore,Others,Staphylococcaceae
11-C.bin.23,Medium-quality,Bacillota,NRPS,NRPS,Staphylococcaceae
11-C.bin.23,Medium-quality,Bacillota,NRPS,NRPS,Staphylococcaceae
13-b.bin.16,Medium-quality,JADJOY01,NRPS-like,NRPS,Unclassified
13-b.bin.16,Medium-quality,JADJOY01,terpene,Terpene,Unclassified
13-b.bin.16,Medium-quality,JADJOY01,T1PKS,PKSI,Unclassified
13-b.bin.39,Medium-quality,Actinomycetota,NI-siderophore,Others,Nocardioidaceae
13-b.bin.39,Medium-quality,Actinomycetota,NI-siderophore,Others,Nocardioidaceae
13-b.bin.39,Medium-quality,Actinomycetota,NRPS-like,NRPS,Nocardioidaceae
13-b.bin.42,Medium-quality,Acidobacteriota,NRPS,NRPS,UBA5704
13-b.bin.42,Medium-quality,Acidobacteriota,NRPS,NRPS,UBA5704
13-b.bin.42,Medium-quality,Acidobacteriota,NRPS,NRPS,UBA5704
13-b.bin.42,Medium-quality,Acidobacteriota,NRPS,NRPS,UBA5704
13-b.bin.42,Medium-quality,Acidobacteriota,T3PKS,PKSother,UBA5704
13-b.bin.42,Medium-quality,Acidobacteriota,NRPS,NRPS,UBA5704
13-b.bin.42,Medium-quality,Acidobacteriota,NRPS-like,NRPS,UBA5704
13-b.bin.42,Medium-quality,Acidobacteriota,T1PKS,PKSI,UBA5704
13-b.bin.42,Medium-quality,Acidobacteriota,T1PKS,PKSI,UBA5704
13-b.bin.42,Medium-quality,Acidobacteriota,T1PKS,PKSI,UBA5704
13-b.bin.42,Medium-quality,Acidobacteriota,NRPS,NRPS,UBA5704
13-b.bin.42,Medium-quality,Acidobacteriota,NRPS,NRPS,UBA5704
13-b.bin.42,Medium-quality,Acidobacteriota,ladderane,Others,UBA5704
13-b.bin.42,Medium-quality,Acidobacteriota,NRPS,NRPS,UBA5704
13-b.bin.42,Medium-quality,Acidobacteriota,NRPS,NRPS,UBA5704
13-b.bin.42,Medium-quality,Acidobacteriota,T1PKS.NRPS-like,PKS-NRP_Hybrids,UBA5704
13-b.bin.42,Medium-quality,Acidobacteriota,NRPS-like,NRPS,UBA5704
13-b.bin.42,Medium-quality,Acidobacteriota,NRPS,NRPS,UBA5704
13-b.bin.42,Medium-quality,Acidobacteriota,NRPS,NRPS,UBA5704
13-b.bin.42,Medium-quality,Acidobacteriota,NRPS,NRPS,UBA5704
13-b.bin.42,Medium-quality,Acidobacteriota,NRPS,NRPS,UBA5704
13-b.bin.42,Medium-quality,Acidobacteriota,NRPS.T1PKS,PKS-NRP_Hybrids,UBA5704
13-b.bin.42,Medium-quality,Acidobacteriota,RRE-containing,RiPPs,UBA5704
13-b.bin.42,Medium-quality,Acidobacteriota,NRPS,NRPS,UBA5704
13-b.bin.42,Medium-quality,Acidobacteriota,NRPS,NRPS,UBA5704
13-b.bin.42,Medium-quality,Acidobacteriota,T3PKS,PKSother,UBA5704
13-b.bin.45,Medium-quality,Acidobacteriota,lanthipeptide-class-ii,RiPPs,UBA5704
13-b.bin.45,Medium-quality,Acidobacteriota,ladderane,Others,UBA5704
13-b.bin.45,Medium-quality,Acidobacteriota,RiPP-like,RiPPs,UBA5704
13-b.bin.45,Medium-quality,Acidobacteriota,T3PKS,PKSother,UBA5704
13-b.bin.45,Medium-quality,Acidobacteriota,RRE-containing,RiPPs,UBA5704
13-b.bin.45,Medium-quality,Acidobacteriota,RiPP-like,RiPPs,UBA5704
13-b.bin.45,Medium-quality,Acidobacteriota,terpene,Terpene,UBA5704
13-b.bin.45,Medium-quality,Acidobacteriota,RiPP-like,RiPPs,UBA5704
13-b.bin.46,Medium-quality,Pseudomonadota,NRPS-like,NRPS,GCA-2731375
13-b.bin.46,Medium-quality,Pseudomonadota,T3PKS,PKSother,GCA-2731375
13-b.bin.67,Medium-quality,Pseudomonadota,RiPP-like,RiPPs,Cellvibrionaceae
13-b.bin.67,Medium-quality,Pseudomonadota,NRPS,NRPS,Cellvibrionaceae
13-b.bin.67,Medium-quality,Pseudomonadota,resorcinol,Others,Cellvibrionaceae
13-b.bin.67,Medium-quality,Pseudomonadota,NI-siderophore,Others,Cellvibrionaceae
13-b.bin.67,Medium-quality,Pseudomonadota,NI-siderophore,Others,Cellvibrionaceae
13-b.bin.67,Medium-quality,Pseudomonadota,NI-siderophore,Others,Cellvibrionaceae
13-b.bin.67,Medium-quality,Pseudomonadota,NI-siderophore,Others,Cellvibrionaceae
13-b.bin.67,Medium-quality,Pseudomonadota,NI-siderophore,Others,Cellvibrionaceae
13-C.bin.47,Medium-quality,Gemmatimonadota,NRPS,NRPS,UBA6960
13-C.bin.47,Medium-quality,Gemmatimonadota,T1PKS,PKSI,UBA6960
13-C.bin.47,Medium-quality,Gemmatimonadota,NRPS-like,NRPS,UBA6960
13-C.bin.47,Medium-quality,Gemmatimonadota,NRPS-like,NRPS,UBA6960
13-C.bin.47,Medium-quality,Gemmatimonadota,RiPP-like,RiPPs,UBA6960
13-C.bin.56,Medium-quality,Gemmatimonadota,T3PKS,PKSother,RSA9
13-C.bin.60,Medium-quality,Pseudomonadota,NRPS-like,NRPS,Unclassified
13-C.bin.61,Medium-quality,Nitrospirota,terpene,Terpene,Unclassified
13-C.bin.61,Medium-quality,Nitrospirota,NRPS-like,NRPS,Unclassified
13-d.bin.22,Medium-quality,Pseudomonadota,NRPS-like,NRPS,JASBUN01
13-d.bin.22,Medium-quality,Pseudomonadota,arylpolyene,Others,JASBUN01
13-d.bin.22,Medium-quality,Pseudomonadota,NRPS-like,NRPS,JASBUN01
13-d.bin.23,Medium-quality,Pseudomonadota,terpene,Terpene,Bin65
13-d.bin.30,Medium-quality,Pseudomonadota,NRPS,NRPS,Pseudomonadaceae
13-d.bin.30,Medium-quality,Pseudomonadota,NRPS,NRPS,Pseudomonadaceae
13-d.bin.30,Medium-quality,Pseudomonadota,NRPS,NRPS,Pseudomonadaceae
13-d.bin.30,Medium-quality,Pseudomonadota,NRPS,NRPS,Pseudomonadaceae
13-d.bin.30,Medium-quality,Pseudomonadota,NRPS,NRPS,Pseudomonadaceae
13-d.bin.30,Medium-quality,Pseudomonadota,RiPP-like,RiPPs,Pseudomonadaceae
13-d.bin.30,Medium-quality,Pseudomonadota,NRPS,NRPS,Pseudomonadaceae
13-d.bin.30,Medium-quality,Pseudomonadota,NRPS,NRPS,Pseudomonadaceae
13-d.bin.30,Medium-quality,Pseudomonadota,NRPS,NRPS,Pseudomonadaceae
13-d.bin.30,Medium-quality,Pseudomonadota,NRPS-like,NRPS,Pseudomonadaceae
13-d.bin.30,Medium-quality,Pseudomonadota,NRPS,NRPS,Pseudomonadaceae
13-d.bin.30,Medium-quality,Pseudomonadota,NRPS,NRPS,Pseudomonadaceae
13-d.bin.30,Medium-quality,Pseudomonadota,NRPS,NRPS,Pseudomonadaceae
13-d.bin.30,Medium-quality,Pseudomonadota,NRPS,NRPS,Pseudomonadaceae
13-d.bin.30,Medium-quality,Pseudomonadota,NRPS,NRPS,Pseudomonadaceae
13-d.bin.30,Medium-quality,Pseudomonadota,NRPS,NRPS,Pseudomonadaceae
13-d.bin.30,Medium-quality,Pseudomonadota,NRPS,NRPS,Pseudomonadaceae
13-d.bin.30,Medium-quality,Pseudomonadota,arylpolyene,Others,Pseudomonadaceae
13-d.bin.30,Medium-quality,Pseudomonadota,NRPS-like,NRPS,Pseudomonadaceae
13-d.bin.30,Medium-quality,Pseudomonadota,NRPS,NRPS,Pseudomonadaceae
13-d.bin.41,Medium-quality,Chloroflexota,terpene,Terpene,E44-bin32
13-d.bin.59,Medium-quality,Gemmatimonadota,phosphonate,Others,UBA6960
13-d.bin.59,Medium-quality,Gemmatimonadota,RiPP-like,RiPPs,UBA6960
14-A.bin.24,Medium-quality,Chloroflexota,terpene,Terpene,JAJCYX01
14-A.bin.32,Medium-quality,Pseudomonadota,NRPS-like,NRPS,Unclassified
14-A.bin.32,Medium-quality,Pseudomonadota,phosphonate,Others,Unclassified
14-B.bin.2,Medium-quality,Pseudomonadota,terpene,Terpene,HK1
14-B.bin.2,Medium-quality,Pseudomonadota,NRPS-like,NRPS,HK1
14-B.bin.30,Medium-quality,Nitrospinota,terpene,Terpene,Nitrospinaceae
14-B.bin.30,Medium-quality,Nitrospinota,phosphonate,Others,Nitrospinaceae
14-B.bin.30,Medium-quality,Nitrospinota,NI-siderophore,Others,Nitrospinaceae
14-C.bin.7,Medium-quality,Pseudomonadota,NRPS-like,NRPS,Spongiibacteraceae
14-C.bin.7,Medium-quality,Pseudomonadota,NRPS-like,NRPS,Spongiibacteraceae
16-A.bin.6,Medium-quality,Desulfobacterota_B,NRPS-like,NRPS,JACPRU01
16-A.bin.6,Medium-quality,Desulfobacterota_B,terpene,Terpene,JACPRU01
16-D.bin.11,Medium-quality,Chloroflexota,terpene,Terpene,UBA4823
16-D.bin.12,Medium-quality,Chloroflexota,T3PKS,PKSother,UBA4823
16-D.bin.12,Medium-quality,Chloroflexota,NRPS-like,NRPS,UBA4823
16-D.bin.12,Medium-quality,Chloroflexota,NRPS-like,NRPS,UBA4823
16-D.bin.12,Medium-quality,Chloroflexota,terpene,Terpene,UBA4823
16-D.bin.12,Medium-quality,Chloroflexota,terpene,Terpene,UBA4823
16-D.bin.15,Medium-quality,Actinomycetota,NRPS-like,NRPS,Nocardioidaceae
17-A.bin.11,Medium-quality,Actinomycetota,terpene,Terpene,JACDCH01
17-A.bin.11,Medium-quality,Actinomycetota,NRPS-like,NRPS,JACDCH01
17-A.bin.25,Medium-quality,Pseudomonadota,NRPS-like,NRPS,SZUA-36
17-A.bin.3,Medium-quality,Actinomycetota,NRPS-like,NRPS,Nocardioidaceae
17-A.bin.68,Medium-quality,Gemmatimonadota,NRPS,NRPS,KS3-K002
17-A.bin.68,Medium-quality,Gemmatimonadota,NRPS,NRPS,KS3-K002
17-A.bin.79,Medium-quality,Pseudomonadota,NRPS-like,NRPS,Woeseiaceae
17-A.bin.98,Medium-quality,Bacteroidota,T3PKS,PKSother,Cyclobacteriaceae
17-A.bin.98,Medium-quality,Bacteroidota,phosphonate,Others,Cyclobacteriaceae
17-B.bin.102,Medium-quality,Pseudomonadota,NRPS-like,NRPS,Unclassified
17-B.bin.102,Medium-quality,Pseudomonadota,RRE-containing,RiPPs,Unclassified
17-B.bin.102,Medium-quality,Pseudomonadota,NRPS-like,NRPS,Unclassified
17-B.bin.102,Medium-quality,Pseudomonadota,arylpolyene,Others,Unclassified
17-B.bin.103,Medium-quality,JAGLTZ01,T3PKS,PKSother,Unclassified
17-B.bin.117,Medium-quality,Chloroflexota,T1PKS,PKSI,JABWBV01
17-B.bin.117,Medium-quality,Chloroflexota,T1PKS,PKSI,JABWBV01
17-B.bin.117,Medium-quality,Chloroflexota,NRPS-like,NRPS,JABWBV01
17-B.bin.117,Medium-quality,Chloroflexota,NRPS,NRPS,JABWBV01
17-B.bin.129,Medium-quality,Bacteroidota,terpene,Terpene,Balneolaceae
17-B.bin.135,Medium-quality,Pseudomonadota,RRE-containing,RiPPs,Unclassified
17-B.bin.135,Medium-quality,Pseudomonadota,phosphonate,Others,Unclassified
17-B.bin.135,Medium-quality,Pseudomonadota,NRPS-like,NRPS,Unclassified
17-B.bin.135,Medium-quality,Pseudomonadota,hglE-KS,PKSother,Unclassified
17-B.bin.137,Medium-quality,Myxococcota,T3PKS,PKSother,Haliangiaceae
17-B.bin.137,Medium-quality,Myxococcota,NRPS-like,NRPS,Haliangiaceae
17-B.bin.137,Medium-quality,Myxococcota,terpene,Terpene,Haliangiaceae
17-B.bin.137,Medium-quality,Myxococcota,NRPS-like,NRPS,Haliangiaceae
17-B.bin.137,Medium-quality,Myxococcota,NRPS-like,NRPS,Haliangiaceae
17-B.bin.137,Medium-quality,Myxococcota,T1PKS,PKSI,Haliangiaceae
17-B.bin.137,Medium-quality,Myxococcota,NRPS-like,NRPS,Haliangiaceae
17-B.bin.137,Medium-quality,Myxococcota,RRE-containing,RiPPs,Haliangiaceae
17-B.bin.149,Medium-quality,Bacteroidota,ladderane,Others,Flavobacteriaceae
17-B.bin.149,Medium-quality,Bacteroidota,NRPS-like,NRPS,Flavobacteriaceae
17-B.bin.149,Medium-quality,Bacteroidota,NRPS-like,NRPS,Flavobacteriaceae
17-B.bin.171,Medium-quality,Pseudomonadota,arylpolyene,Others,Halieaceae
17-B.bin.171,Medium-quality,Pseudomonadota,arylpolyene,Others,Halieaceae
17-B.bin.178,Medium-quality,Pseudomonadota,NI-siderophore,Others,Kangiellaceae
17-B.bin.178,Medium-quality,Pseudomonadota,NI-siderophore,Others,Kangiellaceae
17-B.bin.178,Medium-quality,Pseudomonadota,arylpolyene,Others,Kangiellaceae
17-B.bin.178,Medium-quality,Pseudomonadota,arylpolyene,Others,Kangiellaceae
17-B.bin.29,Medium-quality,Bacteroidota,terpene,Terpene,Balneolaceae
17-B.bin.29,Medium-quality,Bacteroidota,T3PKS,PKSother,Balneolaceae
17-B.bin.29,Medium-quality,Bacteroidota,RiPP-like,RiPPs,Balneolaceae
17-B.bin.57,Medium-quality,Bacteroidota,NRPS,NRPS,Cyclobacteriaceae
17-B.bin.57,Medium-quality,Bacteroidota,NRPS,NRPS,Cyclobacteriaceae
17-B.bin.57,Medium-quality,Bacteroidota,NRPS,NRPS,Cyclobacteriaceae
17-B.bin.57,Medium-quality,Bacteroidota,T3PKS,PKSother,Cyclobacteriaceae
17-B.bin.57,Medium-quality,Bacteroidota,NRPS-like,NRPS,Cyclobacteriaceae
17-B.bin.57,Medium-quality,Bacteroidota,NRPS,NRPS,Cyclobacteriaceae
17-B.bin.57,Medium-quality,Bacteroidota,NRPS,NRPS,Cyclobacteriaceae
17-B.bin.57,Medium-quality,Bacteroidota,NRPS,NRPS,Cyclobacteriaceae
17-B.bin.57,Medium-quality,Bacteroidota,NRPS,NRPS,Cyclobacteriaceae
17-B.bin.57,Medium-quality,Bacteroidota,arylpolyene,Others,Cyclobacteriaceae
17-B.bin.57,Medium-quality,Bacteroidota,arylpolyene,Others,Cyclobacteriaceae
17-B.bin.57,Medium-quality,Bacteroidota,arylpolyene,Others,Cyclobacteriaceae
17-B.bin.57,Medium-quality,Bacteroidota,NRPS,NRPS,Cyclobacteriaceae
17-B.bin.57,Medium-quality,Bacteroidota,NRPS,NRPS,Cyclobacteriaceae
17-B.bin.57,Medium-quality,Bacteroidota,NRPS,NRPS,Cyclobacteriaceae
17-B.bin.74,Medium-quality,Bacteroidota,T3PKS,PKSother,Balneolaceae
17-B.bin.76,Medium-quality,Actinomycetota,NRPS-like,NRPS,JACDCH01
17-B.bin.76,Medium-quality,Actinomycetota,RiPP-like,RiPPs,JACDCH01
17-B.bin.76,Medium-quality,Actinomycetota,RiPP-like,RiPPs,JACDCH01
17-C.bin.104,Medium-quality,Pseudomonadota,T3PKS,PKSother,Sphingomonadaceae
17-C.bin.109,Medium-quality,Acidobacteriota,NRPS-like,NRPS,UBA5704
17-C.bin.109,Medium-quality,Acidobacteriota,NRPS,NRPS,UBA5704
17-C.bin.109,Medium-quality,Acidobacteriota,NRPS,NRPS,UBA5704
17-C.bin.109,Medium-quality,Acidobacteriota,NRPS-like,NRPS,UBA5704
17-C.bin.109,Medium-quality,Acidobacteriota,ladderane,Others,UBA5704
17-C.bin.109,Medium-quality,Acidobacteriota,NRPS-like,NRPS,UBA5704
17-C.bin.109,Medium-quality,Acidobacteriota,NRPS,NRPS,UBA5704
17-C.bin.109,Medium-quality,Acidobacteriota,T3PKS,PKSother,UBA5704
17-C.bin.109,Medium-quality,Acidobacteriota,NRPS,NRPS,UBA5704
17-C.bin.109,Medium-quality,Acidobacteriota,NRPS,NRPS,UBA5704
17-C.bin.109,Medium-quality,Acidobacteriota,NRPS-like,NRPS,UBA5704
17-C.bin.109,Medium-quality,Acidobacteriota,NRPS,NRPS,UBA5704
17-C.bin.122,Medium-quality,Myxococcota,terpene,Terpene,Haliangiaceae
17-C.bin.122,Medium-quality,Myxococcota,terpene,Terpene,Haliangiaceae
17-C.bin.122,Medium-quality,Myxococcota,NRPS-like,NRPS,Haliangiaceae
17-C.bin.163,Medium-quality,SAR324,T3PKS,PKSother,JACQKK01
17-C.bin.163,Medium-quality,SAR324,NRPS-like,NRPS,JACQKK01
17-C.bin.163,Medium-quality,SAR324,T3PKS,PKSother,JACQKK01
17-C.bin.165,Medium-quality,Actinomycetota,terpene,Terpene,JACDCH01
17-C.bin.17,Medium-quality,Gemmatimonadota,RiPP-like,RiPPs,UBA6960
17-C.bin.17,Medium-quality,Gemmatimonadota,T1PKS,PKSI,UBA6960
17-C.bin.17,Medium-quality,Gemmatimonadota,NRPS-like,NRPS,UBA6960
17-C.bin.17,Medium-quality,Gemmatimonadota,NRPS-like,NRPS,UBA6960
17-C.bin.17,Medium-quality,Gemmatimonadota,ranthipeptide,RiPPs,UBA6960
17-C.bin.29,Medium-quality,Pseudomonadota,NRPS-like,NRPS,Azotimanducaceae_A
17-C.bin.29,Medium-quality,Pseudomonadota,terpene,Terpene,Azotimanducaceae_A
17-C.bin.29,Medium-quality,Pseudomonadota,terpene,Terpene,Azotimanducaceae_A
17-C.bin.33,Medium-quality,Bacteroidota,T3PKS,PKSother,Unclassified
17-C.bin.33,Medium-quality,Bacteroidota,terpene,Terpene,Unclassified
17-C.bin.37,Medium-quality,Pseudomonadota,NI-siderophore,Others,CAJXLF01
17-C.bin.37,Medium-quality,Pseudomonadota,NI-siderophore,Others,CAJXLF01
17-C.bin.37,Medium-quality,Pseudomonadota,arylpolyene,Others,CAJXLF01
17-C.bin.46,Medium-quality,Pseudomonadota,NAPAA,NRPS,HK1
17-C.bin.46,Medium-quality,Pseudomonadota,terpene,Terpene,HK1
17-C.bin.46,Medium-quality,Pseudomonadota,terpene,Terpene,HK1
17-C.bin.46,Medium-quality,Pseudomonadota,RiPP-like,RiPPs,HK1
17-C.bin.48,Medium-quality,Pseudomonadota,ranthipeptide,RiPPs,Halieaceae
17-C.bin.50,Medium-quality,Gemmatimonadota,NRPS-like,NRPS,UBA6960
17-C.bin.50,Medium-quality,Gemmatimonadota,terpene,Terpene,UBA6960
17-C.bin.58,Medium-quality,Gemmatimonadota,terpene,Terpene,UBA6960
17-C.bin.70,Medium-quality,Pseudomonadota,terpene,Terpene,Sphingomonadaceae
17-C.bin.86,Medium-quality,Pseudomonadota,RiPP-like,RiPPs,Halomonadaceae
17-C.bin.86,Medium-quality,Pseudomonadota,NI-siderophore,Others,Halomonadaceae
17-C.bin.86,Medium-quality,Pseudomonadota,RRE-containing,RiPPs,Halomonadaceae
17-C.bin.87,Medium-quality,Pseudomonadota,terpene,Terpene,JAANXG01
17-C.bin.87,Medium-quality,Pseudomonadota,NRPS-like,NRPS,JAANXG01
18-A.bin.14,Medium-quality,Chloroflexota,T1PKS.NRPS,PKS-NRP_Hybrids,UBA4823
18-A.bin.14,Medium-quality,Chloroflexota,T3PKS,PKSother,UBA4823
18-A.bin.14,Medium-quality,Chloroflexota,terpene,Terpene,UBA4823
18-A.bin.14,Medium-quality,Chloroflexota,terpene,Terpene,UBA4823
18-A.bin.17,Medium-quality,Pseudomonadota,arylpolyene,Others,Nevskiaceae
18-A.bin.17,Medium-quality,Pseudomonadota,NRPS,NRPS,Nevskiaceae
18-A.bin.17,Medium-quality,Pseudomonadota,resorcinol,Others,Nevskiaceae
18-A.bin.17,Medium-quality,Pseudomonadota,arylpolyene,Others,Nevskiaceae
18-A.bin.17,Medium-quality,Pseudomonadota,arylpolyene,Others,Nevskiaceae
18-A.bin.19,Medium-quality,Actinomycetota,NRPS,NRPS,Jatrophihabitantaceae
18-A.bin.19,Medium-quality,Actinomycetota,T1PKS,PKSI,Jatrophihabitantaceae
18-A.bin.19,Medium-quality,Actinomycetota,T3PKS,PKSother,Jatrophihabitantaceae
18-A.bin.19,Medium-quality,Actinomycetota,T1PKS,PKSI,Jatrophihabitantaceae
18-A.bin.19,Medium-quality,Actinomycetota,lanthipeptide-class-ii,RiPPs,Jatrophihabitantaceae
18-A.bin.19,Medium-quality,Actinomycetota,NRPS-like,NRPS,Jatrophihabitantaceae
18-A.bin.19,Medium-quality,Actinomycetota,NRPS-like,NRPS,Jatrophihabitantaceae
18-A.bin.19,Medium-quality,Actinomycetota,NRPS-like,NRPS,Jatrophihabitantaceae
18-A.bin.19,Medium-quality,Actinomycetota,phosphonate,Others,Jatrophihabitantaceae
18-A.bin.19,Medium-quality,Actinomycetota,T1PKS,PKSI,Jatrophihabitantaceae
18-A.bin.19,Medium-quality,Actinomycetota,NRPS,NRPS,Jatrophihabitantaceae
18-A.bin.19,Medium-quality,Actinomycetota,NRPS,NRPS,Jatrophihabitantaceae
18-A.bin.19,Medium-quality,Actinomycetota,T1PKS,PKSI,Jatrophihabitantaceae
18-A.bin.19,Medium-quality,Actinomycetota,T1PKS,PKSI,Jatrophihabitantaceae
18-A.bin.19,Medium-quality,Actinomycetota,hglE-KS,PKSother,Jatrophihabitantaceae
18-A.bin.19,Medium-quality,Actinomycetota,hglE-KS,PKSother,Jatrophihabitantaceae
18-A.bin.19,Medium-quality,Actinomycetota,NRPS,NRPS,Jatrophihabitantaceae
18-A.bin.19,Medium-quality,Actinomycetota,NRPS,NRPS,Jatrophihabitantaceae
18-A.bin.19,Medium-quality,Actinomycetota,T1PKS,PKSI,Jatrophihabitantaceae
18-A.bin.19,Medium-quality,Actinomycetota,PKS-like,PKSother,Jatrophihabitantaceae
18-A.bin.19,Medium-quality,Actinomycetota,terpene,Terpene,Jatrophihabitantaceae
18-A.bin.19,Medium-quality,Actinomycetota,NRPS,NRPS,Jatrophihabitantaceae
18-A.bin.19,Medium-quality,Actinomycetota,lanthipeptide-class-ii,RiPPs,Jatrophihabitantaceae
18-A.bin.21,Medium-quality,Pseudomonadota,NRPS,NRPS,Nevskiaceae
18-A.bin.31,Medium-quality,Chloroflexota,NRPS-like,NRPS,CSP1-4
18-A.bin.31,Medium-quality,Chloroflexota,NRPS-like,NRPS,CSP1-4
18-A.bin.32,Medium-quality,Actinomycetota,RiPP-like,RiPPs,25812
18-A.bin.39,Medium-quality,Desulfobacterota,RiPP-like,RiPPs,Desulfobulbaceae
18-A.bin.39,Medium-quality,Desulfobacterota,RiPP-like,RiPPs,Desulfobulbaceae
18-A.bin.39,Medium-quality,Desulfobacterota,arylpolyene,Others,Desulfobulbaceae
18-A.bin.39,Medium-quality,Desulfobacterota,T3PKS,PKSother,Desulfobulbaceae
18-A.bin.41,Medium-quality,Pseudomonadota,NRPS,NRPS,Rhizobiaceae
18-A.bin.41,Medium-quality,Pseudomonadota,NRPS-like,NRPS,Rhizobiaceae
18-A.bin.41,Medium-quality,Pseudomonadota,T1PKS,PKSI,Rhizobiaceae
18-A.bin.41,Medium-quality,Pseudomonadota,NRPS,NRPS,Rhizobiaceae
18-A.bin.41,Medium-quality,Pseudomonadota,NRPS,NRPS,Rhizobiaceae
18-A.bin.41,Medium-quality,Pseudomonadota,RiPP-like,RiPPs,Rhizobiaceae
18-A.bin.41,Medium-quality,Pseudomonadota,NRPS,NRPS,Rhizobiaceae
18-A.bin.41,Medium-quality,Pseudomonadota,NRPS-like,NRPS,Rhizobiaceae
18-A.bin.41,Medium-quality,Pseudomonadota,phosphonate,Others,Rhizobiaceae
18-A.bin.41,Medium-quality,Pseudomonadota,T1PKS,PKSI,Rhizobiaceae
18-A.bin.41,Medium-quality,Pseudomonadota,NRPS,NRPS,Rhizobiaceae
18-A.bin.49,Medium-quality,Chloroflexota,indole,Others,CSP1-4
18-A.bin.57,Medium-quality,Pseudomonadota,transAT-PKS-like,PKSother,Steroidobacteraceae
18-A.bin.57,Medium-quality,Pseudomonadota,PKS-like,PKSother,Steroidobacteraceae
18-A.bin.57,Medium-quality,Pseudomonadota,RiPP-like,RiPPs,Steroidobacteraceae
18-A.bin.57,Medium-quality,Pseudomonadota,NRPS-like,NRPS,Steroidobacteraceae
18-A.bin.57,Medium-quality,Pseudomonadota,transAT-PKS-like,PKSother,Steroidobacteraceae
18-A.bin.57,Medium-quality,Pseudomonadota,transAT-PKS-like,PKSother,Steroidobacteraceae
18-A.bin.57,Medium-quality,Pseudomonadota,transAT-PKS-like,PKSother,Steroidobacteraceae
18-A.bin.57,Medium-quality,Pseudomonadota,NRPS,NRPS,Steroidobacteraceae
18-A.bin.57,Medium-quality,Pseudomonadota,transAT-PKS-like,PKSother,Steroidobacteraceae
18-A.bin.57,Medium-quality,Pseudomonadota,NRPS,NRPS,Steroidobacteraceae
18-A.bin.57,Medium-quality,Pseudomonadota,NRPS,NRPS,Steroidobacteraceae
18-A.bin.57,Medium-quality,Pseudomonadota,NRPS,NRPS,Steroidobacteraceae
18-A.bin.57,Medium-quality,Pseudomonadota,transAT-PKS-like,PKSother,Steroidobacteraceae
18-A.bin.57,Medium-quality,Pseudomonadota,NRPS,NRPS,Steroidobacteraceae
18-A.bin.57,Medium-quality,Pseudomonadota,NRPS,NRPS,Steroidobacteraceae
18-A.bin.57,Medium-quality,Pseudomonadota,arylpolyene,Others,Steroidobacteraceae
18-A.bin.57,Medium-quality,Pseudomonadota,transAT-PKS-like,PKSother,Steroidobacteraceae
18-A.bin.57,Medium-quality,Pseudomonadota,T1PKS,PKSI,Steroidobacteraceae
18-A.bin.57,Medium-quality,Pseudomonadota,transAT-PKS-like,PKSother,Steroidobacteraceae
18-A.bin.57,Medium-quality,Pseudomonadota,NRPS-like,NRPS,Steroidobacteraceae
18-A.bin.57,Medium-quality,Pseudomonadota,NRP-metallophore.NRPS,Others,Steroidobacteraceae
18-A.bin.57,Medium-quality,Pseudomonadota,NRPS,NRPS,Steroidobacteraceae
18-A.bin.57,Medium-quality,Pseudomonadota,NRPS,NRPS,Steroidobacteraceae
18-A.bin.57,Medium-quality,Pseudomonadota,NRPS-like,NRPS,Steroidobacteraceae
18-A.bin.57,Medium-quality,Pseudomonadota,arylpolyene,Others,Steroidobacteraceae
18-A.bin.57,Medium-quality,Pseudomonadota,NRPS,NRPS,Steroidobacteraceae
18-A.bin.57,Medium-quality,Pseudomonadota,NRPS,NRPS,Steroidobacteraceae
18-A.bin.57,Medium-quality,Pseudomonadota,T1PKS,PKSI,Steroidobacteraceae
18-A.bin.57,Medium-quality,Pseudomonadota,NRPS,NRPS,Steroidobacteraceae
18-A.bin.78,Medium-quality,Actinomycetota,NRPS-like,NRPS,AC-14
18-A.bin.78,Medium-quality,Actinomycetota,NRPS,NRPS,AC-14
18-A.bin.78,Medium-quality,Actinomycetota,NRPS,NRPS,AC-14
18-A.bin.78,Medium-quality,Actinomycetota,terpene,Terpene,AC-14
18-A.bin.83,Medium-quality,Acidobacteriota,phosphonate,Others,SMYC01
18-A.bin.83,Medium-quality,Acidobacteriota,NRPS-like,NRPS,SMYC01
18-A.bin.83,Medium-quality,Acidobacteriota,NRPS-like,NRPS,SMYC01
18-A.bin.83,Medium-quality,Acidobacteriota,T3PKS,PKSother,SMYC01
18-A.bin.83,Medium-quality,Acidobacteriota,NRPS-like,NRPS,SMYC01
18-A.bin.88,Medium-quality,Gemmatimonadota,hglE-KS,PKSother,UBA6960
18-A.bin.88,Medium-quality,Gemmatimonadota,ranthipeptide,RiPPs,UBA6960
18-A.bin.88,Medium-quality,Gemmatimonadota,T3PKS,PKSother,UBA6960
18-A.bin.88,Medium-quality,Gemmatimonadota,T1PKS,PKSI,UBA6960
18-A.bin.88,Medium-quality,Gemmatimonadota,T1PKS,PKSI,UBA6960
18-A.bin.88,Medium-quality,Gemmatimonadota,T1PKS,PKSI,UBA6960
18-A.bin.88,Medium-quality,Gemmatimonadota,T1PKS,PKSI,UBA6960
18-A.bin.88,Medium-quality,Gemmatimonadota,NRPS,NRPS,UBA6960
18-A.bin.88,Medium-quality,Gemmatimonadota,NRPS.T1PKS,PKS-NRP_Hybrids,UBA6960
18-A.bin.88,Medium-quality,Gemmatimonadota,NRPS-like,NRPS,UBA6960
18-A.bin.88,Medium-quality,Gemmatimonadota,NRPS-like,NRPS,UBA6960
18-A.bin.88,Medium-quality,Gemmatimonadota,T1PKS,PKSI,UBA6960
18-A.bin.88,Medium-quality,Gemmatimonadota,NRPS-like,NRPS,UBA6960
18-A.bin.88,Medium-quality,Gemmatimonadota,T1PKS,PKSI,UBA6960
18-A.bin.88,Medium-quality,Gemmatimonadota,T1PKS,PKSI,UBA6960
18-A.bin.88,Medium-quality,Gemmatimonadota,RiPP-like,RiPPs,UBA6960
18-A.bin.89,Medium-quality,Desulfobacterota_B,T1PKS,PKSI,JACPRU01
18-A.bin.89,Medium-quality,Desulfobacterota_B,NRPS-like,NRPS,JACPRU01
18-A.bin.89,Medium-quality,Desulfobacterota_B,terpene,Terpene,JACPRU01
18-A.bin.89,Medium-quality,Desulfobacterota_B,NRPS-like,NRPS,JACPRU01
18-A.bin.91,Medium-quality,Chloroflexota,indole,Others,WHTK01
18-A.bin.92,Medium-quality,Actinomycetota,lanthipeptide-class-iv,RiPPs,Micromonosporaceae
18-A.bin.92,Medium-quality,Actinomycetota,RRE-containing,RiPPs,Micromonosporaceae
18-A.bin.92,Medium-quality,Actinomycetota,T3PKS,PKSother,Micromonosporaceae
18-A.bin.92,Medium-quality,Actinomycetota,RRE-containing,RiPPs,Micromonosporaceae
18-A.bin.92,Medium-quality,Actinomycetota,other,Others,Micromonosporaceae
18-A.bin.92,Medium-quality,Actinomycetota,lanthipeptide-class-iii,RiPPs,Micromonosporaceae
18-A.bin.92,Medium-quality,Actinomycetota,NI-siderophore,Others,Micromonosporaceae
18-A.bin.92,Medium-quality,Actinomycetota,NI-siderophore,Others,Micromonosporaceae
18-A.bin.92,Medium-quality,Actinomycetota,terpene,Terpene,Micromonosporaceae
18-A.bin.92,Medium-quality,Actinomycetota,resorcinol,Others,Micromonosporaceae
18-C.bin.13,Medium-quality,Chloroflexota,NRPS-like,NRPS,UBA4823
18-D.bin.26,Medium-quality,Chloroflexota,NRPS-like,NRPS,QHBO01
18-D.bin.31,Medium-quality,Chloroflexota,T1PKS.NRPS,PKS-NRP_Hybrids,UBA4823
18-D.bin.31,Medium-quality,Chloroflexota,T3PKS,PKSother,UBA4823
18-D.bin.31,Medium-quality,Chloroflexota,T3PKS,PKSother,UBA4823
18-D.bin.8,Medium-quality,Actinomycetota,terpene,Terpene,Streptomycetaceae
18-D.bin.8,Medium-quality,Actinomycetota,terpene,Terpene,Streptomycetaceae
18-D.bin.8,Medium-quality,Actinomycetota,NRPS,NRPS,Streptomycetaceae
18-D.bin.8,Medium-quality,Actinomycetota,terpene,Terpene,Streptomycetaceae
18-D.bin.8,Medium-quality,Actinomycetota,LAP,RiPPs,Streptomycetaceae
18-D.bin.8,Medium-quality,Actinomycetota,PKS-like,PKSother,Streptomycetaceae
18-D.bin.8,Medium-quality,Actinomycetota,NI-siderophore,Others,Streptomycetaceae
18-D.bin.8,Medium-quality,Actinomycetota,NRPS-like,NRPS,Streptomycetaceae
18-D.bin.8,Medium-quality,Actinomycetota,PKS-like,PKSother,Streptomycetaceae
18-D.bin.8,Medium-quality,Actinomycetota,NRPS,NRPS,Streptomycetaceae
18-D.bin.8,Medium-quality,Actinomycetota,terpene,Terpene,Streptomycetaceae
18-D.bin.8,Medium-quality,Actinomycetota,RiPP-like,RiPPs,Streptomycetaceae
18-D.bin.8,Medium-quality,Actinomycetota,lanthipeptide-class-iii,RiPPs,Streptomycetaceae
18-D.bin.8,Medium-quality,Actinomycetota,NI-siderophore,Others,Streptomycetaceae
18-D.bin.8,Medium-quality,Actinomycetota,NI-siderophore,Others,Streptomycetaceae
18-D.bin.8,Medium-quality,Actinomycetota,NRPS,NRPS,Streptomycetaceae
18-D.bin.8,Medium-quality,Actinomycetota,NRPS,NRPS,Streptomycetaceae
18-D.bin.8,Medium-quality,Actinomycetota,terpene,Terpene,Streptomycetaceae
18-D.bin.8,Medium-quality,Actinomycetota,T3PKS,PKSother,Streptomycetaceae
18-D.bin.8,Medium-quality,Actinomycetota,NRPS,NRPS,Streptomycetaceae
18-D.bin.8,Medium-quality,Actinomycetota,NI-siderophore,Others,Streptomycetaceae
18-D.bin.8,Medium-quality,Actinomycetota,terpene,Terpene,Streptomycetaceae
18-D.bin.8,Medium-quality,Actinomycetota,RRE-containing,RiPPs,Streptomycetaceae
18-D.bin.8,Medium-quality,Actinomycetota,lanthipeptide-class-iii,RiPPs,Streptomycetaceae
18-D.bin.8,Medium-quality,Actinomycetota,T3PKS,PKSother,Streptomycetaceae
18-D.bin.8,Medium-quality,Actinomycetota,NRPS-like,NRPS,Streptomycetaceae
18-D.bin.8,Medium-quality,Actinomycetota,NRPS-like,NRPS,Streptomycetaceae
18-D.bin.8,Medium-quality,Actinomycetota,terpene,Terpene,Streptomycetaceae
1-A.bin.22,Medium-quality,Actinomycetota,NAPAA,NRPS,Micrococcaceae
1-A.bin.24,Medium-quality,Actinomycetota,NRPS,NRPS,Pseudonocardiaceae
1-A.bin.24,Medium-quality,Actinomycetota,NRPS,NRPS,Pseudonocardiaceae
1-A.bin.24,Medium-quality,Actinomycetota,RRE-containing,RiPPs,Pseudonocardiaceae
1-A.bin.24,Medium-quality,Actinomycetota,lanthipeptide-class-iii,RiPPs,Pseudonocardiaceae
1-A.bin.24,Medium-quality,Actinomycetota,NAPAA,NRPS,Pseudonocardiaceae
1-A.bin.24,Medium-quality,Actinomycetota,T1PKS,PKSI,Pseudonocardiaceae
1-A.bin.24,Medium-quality,Actinomycetota,terpene,Terpene,Pseudonocardiaceae
1-A.bin.24,Medium-quality,Actinomycetota,T1PKS,PKSI,Pseudonocardiaceae
1-A.bin.24,Medium-quality,Actinomycetota,NRPS,NRPS,Pseudonocardiaceae
1-A.bin.24,Medium-quality,Actinomycetota,NRPS,NRPS,Pseudonocardiaceae
1-A.bin.24,Medium-quality,Actinomycetota,T1PKS,PKSI,Pseudonocardiaceae
1-A.bin.24,Medium-quality,Actinomycetota,NRPS-like,NRPS,Pseudonocardiaceae
1-A.bin.24,Medium-quality,Actinomycetota,NRPS,NRPS,Pseudonocardiaceae
1-A.bin.24,Medium-quality,Actinomycetota,transAT-PKS-like,PKSother,Pseudonocardiaceae
1-A.bin.24,Medium-quality,Actinomycetota,NRPS,NRPS,Pseudonocardiaceae
1-A.bin.26,Medium-quality,Actinomycetota,transAT-PKS-like,PKSother,Pseudonocardiaceae
1-A.bin.26,Medium-quality,Actinomycetota,T1PKS,PKSI,Pseudonocardiaceae
1-A.bin.26,Medium-quality,Actinomycetota,T1PKS,PKSI,Pseudonocardiaceae
1-A.bin.26,Medium-quality,Actinomycetota,transAT-PKS-like.NRPS,PKS-NRP_Hybrids,Pseudonocardiaceae
1-A.bin.26,Medium-quality,Actinomycetota,T1PKS,PKSI,Pseudonocardiaceae
1-A.bin.26,Medium-quality,Actinomycetota,transAT-PKS-like,PKSother,Pseudonocardiaceae
1-A.bin.26,Medium-quality,Actinomycetota,transAT-PKS-like,PKSother,Pseudonocardiaceae
1-A.bin.26,Medium-quality,Actinomycetota,T1PKS,PKSI,Pseudonocardiaceae
1-A.bin.26,Medium-quality,Actinomycetota,T1PKS,PKSI,Pseudonocardiaceae
1-A.bin.26,Medium-quality,Actinomycetota,NRPS,NRPS,Pseudonocardiaceae
1-A.bin.26,Medium-quality,Actinomycetota,T1PKS,PKSI,Pseudonocardiaceae
1-A.bin.26,Medium-quality,Actinomycetota,transAT-PKS-like,PKSother,Pseudonocardiaceae
1-A.bin.26,Medium-quality,Actinomycetota,T1PKS,PKSI,Pseudonocardiaceae
1-A.bin.26,Medium-quality,Actinomycetota,NRPS,NRPS,Pseudonocardiaceae
1-A.bin.26,Medium-quality,Actinomycetota,T1PKS,PKSI,Pseudonocardiaceae
1-A.bin.26,Medium-quality,Actinomycetota,T1PKS,PKSI,Pseudonocardiaceae
1-A.bin.26,Medium-quality,Actinomycetota,T1PKS,PKSI,Pseudonocardiaceae
1-A.bin.26,Medium-quality,Actinomycetota,NRPS,NRPS,Pseudonocardiaceae
1-A.bin.26,Medium-quality,Actinomycetota,transAT-PKS-like,PKSother,Pseudonocardiaceae
1-A.bin.26,Medium-quality,Actinomycetota,T1PKS,PKSI,Pseudonocardiaceae
1-A.bin.26,Medium-quality,Actinomycetota,T1PKS,PKSI,Pseudonocardiaceae
1-A.bin.26,Medium-quality,Actinomycetota,T1PKS,PKSI,Pseudonocardiaceae
1-A.bin.26,Medium-quality,Actinomycetota,T1PKS,PKSI,Pseudonocardiaceae
1-A.bin.26,Medium-quality,Actinomycetota,T1PKS,PKSI,Pseudonocardiaceae
1-A.bin.26,Medium-quality,Actinomycetota,T1PKS,PKSI,Pseudonocardiaceae
1-A.bin.26,Medium-quality,Actinomycetota,NI-siderophore,Others,Pseudonocardiaceae
1-A.bin.26,Medium-quality,Actinomycetota,NI-siderophore,Others,Pseudonocardiaceae
1-A.bin.26,Medium-quality,Actinomycetota,NI-siderophore,Others,Pseudonocardiaceae
1-A.bin.26,Medium-quality,Actinomycetota,T1PKS,PKSI,Pseudonocardiaceae
1-A.bin.27,Medium-quality,Actinomycetota,NI-siderophore,Others,Micrococcaceae
1-A.bin.33,Medium-quality,Pseudomonadota,NRPS-like,NRPS,Halofilaceae
1-A.bin.33,Medium-quality,Pseudomonadota,arylpolyene,Others,Halofilaceae
1-A.bin.7,Medium-quality,Actinomycetota,NI-siderophore,Others,Nocardioidaceae
1-A.bin.7,Medium-quality,Actinomycetota,NRPS,NRPS,Nocardioidaceae
1-A.bin.7,Medium-quality,Actinomycetota,NRPS,NRPS,Nocardioidaceae
1-A.bin.7,Medium-quality,Actinomycetota,NRPS,NRPS,Nocardioidaceae
1-A.bin.7,Medium-quality,Actinomycetota,NRPS-like,NRPS,Nocardioidaceae
1-A.bin.7,Medium-quality,Actinomycetota,RRE-containing,RiPPs,Nocardioidaceae
1-A.bin.7,Medium-quality,Actinomycetota,RRE-containing,RiPPs,Nocardioidaceae
1-b.bin.11,Medium-quality,Pseudomonadota,NRPS,NRPS,Rhodobacteraceae
1-b.bin.11,Medium-quality,Pseudomonadota,NI-siderophore,Others,Rhodobacteraceae
1-b.bin.11,Medium-quality,Pseudomonadota,NI-siderophore,Others,Rhodobacteraceae
1-b.bin.11,Medium-quality,Pseudomonadota,NRPS,NRPS,Rhodobacteraceae
1-b.bin.11,Medium-quality,Pseudomonadota,NRPS,NRPS,Rhodobacteraceae
1-b.bin.11,Medium-quality,Pseudomonadota,NRPS,NRPS,Rhodobacteraceae
1-b.bin.11,Medium-quality,Pseudomonadota,NRPS,NRPS,Rhodobacteraceae
1-b.bin.11,Medium-quality,Pseudomonadota,NRPS,NRPS,Rhodobacteraceae
1-b.bin.11,Medium-quality,Pseudomonadota,NRPS,NRPS,Rhodobacteraceae
1-b.bin.11,Medium-quality,Pseudomonadota,NRPS,NRPS,Rhodobacteraceae
1-b.bin.11,Medium-quality,Pseudomonadota,NRPS,NRPS,Rhodobacteraceae
1-b.bin.16,Medium-quality,Pseudomonadota,NRPS,NRPS,Oleiphilaceae
1-b.bin.16,Medium-quality,Pseudomonadota,RiPP-like,RiPPs,Oleiphilaceae
1-b.bin.16,Medium-quality,Pseudomonadota,NRPS,NRPS,Oleiphilaceae
1-b.bin.20,Medium-quality,Actinomycetota,NI-siderophore,Others,Dermabacteraceae
1-b.bin.20,Medium-quality,Actinomycetota,T3PKS,PKSother,Dermabacteraceae
1-b.bin.20,Medium-quality,Actinomycetota,NAPAA,NRPS,Dermabacteraceae
1-b.bin.5,Medium-quality,Actinomycetota,T3PKS,PKSother,Microbacteriaceae
1-b.bin.5,Medium-quality,Actinomycetota,NI-siderophore,Others,Microbacteriaceae
1-b.bin.5,Medium-quality,Actinomycetota,NAPAA,NRPS,Microbacteriaceae
1-d.bin.1,Medium-quality,Actinomycetota,NI-siderophore,Others,Micrococcaceae
1-d.bin.1,Medium-quality,Actinomycetota,T3PKS,PKSother,Micrococcaceae
1-d.bin.2,Medium-quality,Actinomycetota,NI-siderophore,Others,Nocardioidaceae
2-a.bin.29,Medium-quality,Chloroflexota,NRPS,NRPS,E44-bin32
2-a.bin.7,Medium-quality,Chloroflexota,terpene,Terpene,E44-bin32
2-b.bin.12,Medium-quality,Desulfobacterota_B,terpene,Terpene,JACPRU01
2-b.bin.12,Medium-quality,Desulfobacterota_B,NRPS-like,NRPS,JACPRU01
2-b.bin.12,Medium-quality,Desulfobacterota_B,T1PKS,PKSI,JACPRU01
2-b.bin.12,Medium-quality,Desulfobacterota_B,T3PKS,PKSother,JACPRU01
2-b.bin.26,Medium-quality,Pseudomonadota,T1PKS,PKSI,Rhodobacteraceae
2-b.bin.26,Medium-quality,Pseudomonadota,RiPP-like,RiPPs,Rhodobacteraceae
2-b.bin.26,Medium-quality,Pseudomonadota,terpene,Terpene,Rhodobacteraceae
2-b.bin.7,Medium-quality,Pseudomonadota,NRPS,NRPS,JAANXG01
2-b.bin.7,Medium-quality,Pseudomonadota,terpene,Terpene,JAANXG01
2-b.bin.7,Medium-quality,Pseudomonadota,NRPS-like,NRPS,JAANXG01
2-b.bin.7,Medium-quality,Pseudomonadota,terpene,Terpene,JAANXG01
2-b.bin.7,Medium-quality,Pseudomonadota,NRPS-like,NRPS,JAANXG01
2-c.bin.32,Medium-quality,Pseudomonadota,RiPP-like,RiPPs,Oleiphilaceae
2-c.bin.32,Medium-quality,Pseudomonadota,NI-siderophore,Others,Oleiphilaceae
4-B.bin.24,Medium-quality,Pseudomonadota,RiPP-like,RiPPs,Oleiphilaceae
4-B.bin.24,Medium-quality,Pseudomonadota,NI-siderophore,Others,Oleiphilaceae
4-C.bin.16,Medium-quality,Pseudomonadota,NRPS-like,NRPS,Halomonadaceae
4-C.bin.16,Medium-quality,Pseudomonadota,NRPS,NRPS,Halomonadaceae
4-C.bin.16,Medium-quality,Pseudomonadota,T1PKS,PKSI,Halomonadaceae
4-C.bin.16,Medium-quality,Pseudomonadota,arylpolyene,Others,Halomonadaceae
4-C.bin.16,Medium-quality,Pseudomonadota,arylpolyene,Others,Halomonadaceae
4-C.bin.16,Medium-quality,Pseudomonadota,RiPP-like,RiPPs,Halomonadaceae
4-C.bin.16,Medium-quality,Pseudomonadota,NI-siderophore,Others,Halomonadaceae
4-C.bin.16,Medium-quality,Pseudomonadota,NI-siderophore,Others,Halomonadaceae
4-C.bin.16,Medium-quality,Pseudomonadota,NI-siderophore,Others,Halomonadaceae
4-C.bin.32,Medium-quality,Pseudomonadota,RiPP-like,RiPPs,Oleiphilaceae
4-C.bin.32,Medium-quality,Pseudomonadota,NI-siderophore,Others,Oleiphilaceae
4-C.bin.7,Medium-quality,Pseudomonadota,terpene,Terpene,UBA4486
4-C.bin.7,Medium-quality,Pseudomonadota,terpene,Terpene,UBA4486
4-C.bin.7,Medium-quality,Pseudomonadota,arylpolyene,Others,UBA4486
4-C.bin.7,Medium-quality,Pseudomonadota,RRE-containing,RiPPs,UBA4486
4-C.bin.7,Medium-quality,Pseudomonadota,arylpolyene,Others,UBA4486
4-D.bin.11,Medium-quality,Bacteroidota,T3PKS,PKSother,Balneolaceae
4-D.bin.11,Medium-quality,Bacteroidota,terpene,Terpene,Balneolaceae
4-D.bin.11,Medium-quality,Bacteroidota,RiPP-like,RiPPs,Balneolaceae
4-D.bin.8,Medium-quality,Gemmatimonadota,T3PKS,PKSother,Palauibacteraceae
5-B.bin.11,Medium-quality,Pseudomonadota,RiPP-like,RiPPs,Halomonadaceae
5-B.bin.11,Medium-quality,Pseudomonadota,RiPP-like,RiPPs,Halomonadaceae
5-B.bin.11,Medium-quality,Pseudomonadota,NI-siderophore,Others,Halomonadaceae
5-B.bin.11,Medium-quality,Pseudomonadota,NI-siderophore,Others,Halomonadaceae
5-B.bin.11,Medium-quality,Pseudomonadota,arylpolyene,Others,Halomonadaceae
5-B.bin.11,Medium-quality,Pseudomonadota,NRPS,NRPS,Halomonadaceae
5-B.bin.14,Medium-quality,Actinomycetota,T1PKS,PKSI,Streptosporangiaceae
5-B.bin.14,Medium-quality,Actinomycetota,T1PKS,PKSI,Streptosporangiaceae
5-B.bin.14,Medium-quality,Actinomycetota,T1PKS,PKSI,Streptosporangiaceae
5-B.bin.14,Medium-quality,Actinomycetota,T1PKS,PKSI,Streptosporangiaceae
5-B.bin.14,Medium-quality,Actinomycetota,terpene,Terpene,Streptosporangiaceae
5-B.bin.14,Medium-quality,Actinomycetota,lanthipeptide-class-ii,RiPPs,Streptosporangiaceae
5-B.bin.14,Medium-quality,Actinomycetota,T3PKS,PKSother,Streptosporangiaceae
5-B.bin.14,Medium-quality,Actinomycetota,NRPS-like,NRPS,Streptosporangiaceae
5-B.bin.14,Medium-quality,Actinomycetota,T1PKS,PKSI,Streptosporangiaceae
5-B.bin.14,Medium-quality,Actinomycetota,T1PKS,PKSI,Streptosporangiaceae
5-B.bin.14,Medium-quality,Actinomycetota,NRPS,NRPS,Streptosporangiaceae
5-B.bin.14,Medium-quality,Actinomycetota,NRPS,NRPS,Streptosporangiaceae
5-B.bin.14,Medium-quality,Actinomycetota,terpene,Terpene,Streptosporangiaceae
5-B.bin.14,Medium-quality,Actinomycetota,RiPP-like,RiPPs,Streptosporangiaceae
5-B.bin.14,Medium-quality,Actinomycetota,NRPS,NRPS,Streptosporangiaceae
5-B.bin.14,Medium-quality,Actinomycetota,NRPS,NRPS,Streptosporangiaceae
5-B.bin.14,Medium-quality,Actinomycetota,RiPP-like,RiPPs,Streptosporangiaceae
5-B.bin.14,Medium-quality,Actinomycetota,lanthipeptide-class-iii,RiPPs,Streptosporangiaceae
5-B.bin.14,Medium-quality,Actinomycetota,RiPP-like,RiPPs,Streptosporangiaceae
5-B.bin.14,Medium-quality,Actinomycetota,PKS-like,PKSother,Streptosporangiaceae
5-B.bin.14,Medium-quality,Actinomycetota,T1PKS,PKSI,Streptosporangiaceae
5-B.bin.14,Medium-quality,Actinomycetota,NRPS,NRPS,Streptosporangiaceae
5-B.bin.14,Medium-quality,Actinomycetota,RRE-containing,RiPPs,Streptosporangiaceae
5-B.bin.2,Medium-quality,Pseudomonadota,RiPP-like,RiPPs,Halomonadaceae
5-B.bin.2,Medium-quality,Pseudomonadota,NI-siderophore,Others,Halomonadaceae
5-B.bin.2,Medium-quality,Pseudomonadota,resorcinol,Others,Halomonadaceae
5-B.bin.2,Medium-quality,Pseudomonadota,NRPS-like,NRPS,Halomonadaceae
5-B.bin.28,Medium-quality,Pseudomonadota,arylpolyene,Others,Halofilaceae
5-B.bin.28,Medium-quality,Pseudomonadota,T3PKS,PKSother,Halofilaceae
5-B.bin.45,Medium-quality,Pseudomonadota,T3PKS,PKSother,Kiloniellaceae
5-B.bin.45,Medium-quality,Pseudomonadota,terpene,Terpene,Kiloniellaceae
5-B.bin.45,Medium-quality,Pseudomonadota,NRPS-like,NRPS,Kiloniellaceae
5-B.bin.7,Medium-quality,Pseudomonadota,terpene,Terpene,Halomonadaceae
5-B.bin.7,Medium-quality,Pseudomonadota,T3PKS,PKSother,Halomonadaceae
5-B.bin.7,Medium-quality,Pseudomonadota,RiPP-like,RiPPs,Halomonadaceae
5-C.bin.16,Medium-quality,Pseudomonadota,RiPP-like,RiPPs,Halomonadaceae
5-C.bin.16,Medium-quality,Pseudomonadota,RRE-containing,RiPPs,Halomonadaceae
5-C.bin.16,Medium-quality,Pseudomonadota,terpene,Terpene,Halomonadaceae
5-C.bin.16,Medium-quality,Pseudomonadota,NI-siderophore,Others,Halomonadaceae
5-C.bin.16,Medium-quality,Pseudomonadota,NI-siderophore,Others,Halomonadaceae
5-C.bin.5,Medium-quality,Pseudomonadota,NRPS-like,NRPS,Natronospirillaceae
5-C.bin.9,Medium-quality,Pseudomonadota,terpene,Terpene,Casp-alpha2
5-C.bin.9,Medium-quality,Pseudomonadota,T3PKS,PKSother,Casp-alpha2
5-D.bin.3,Medium-quality,Pseudomonadota,T3PKS,PKSother,Halomonadaceae
5-D.bin.3,Medium-quality,Pseudomonadota,NI-siderophore,Others,Halomonadaceae
5-D.bin.3,Medium-quality,Pseudomonadota,NI-siderophore,Others,Halomonadaceae
5-D.bin.3,Medium-quality,Pseudomonadota,arylpolyene,Others,Halomonadaceae
5-D.bin.31,Medium-quality,Actinomycetota,NRPS-like,NRPS,Streptosporangiaceae
5-D.bin.31,Medium-quality,Actinomycetota,NRPS-like,NRPS,Streptosporangiaceae
5-D.bin.31,Medium-quality,Actinomycetota,NRPS,NRPS,Streptosporangiaceae
5-D.bin.31,Medium-quality,Actinomycetota,T1PKS,PKSI,Streptosporangiaceae
5-D.bin.31,Medium-quality,Actinomycetota,NI-siderophore,Others,Streptosporangiaceae
5-D.bin.31,Medium-quality,Actinomycetota,NI-siderophore,Others,Streptosporangiaceae
5-D.bin.31,Medium-quality,Actinomycetota,RiPP-like,RiPPs,Streptosporangiaceae
5-D.bin.31,Medium-quality,Actinomycetota,terpene,Terpene,Streptosporangiaceae
5-D.bin.31,Medium-quality,Actinomycetota,RiPP-like,RiPPs,Streptosporangiaceae
5-D.bin.31,Medium-quality,Actinomycetota,terpene,Terpene,Streptosporangiaceae
5-D.bin.31,Medium-quality,Actinomycetota,T1PKS,PKSI,Streptosporangiaceae
5-D.bin.31,Medium-quality,Actinomycetota,T1PKS,PKSI,Streptosporangiaceae
5-D.bin.31,Medium-quality,Actinomycetota,T1PKS,PKSI,Streptosporangiaceae
5-D.bin.31,Medium-quality,Actinomycetota,T1PKS,PKSI,Streptosporangiaceae
5-D.bin.31,Medium-quality,Actinomycetota,T1PKS,PKSI,Streptosporangiaceae
5-D.bin.31,Medium-quality,Actinomycetota,RiPP-like,RiPPs,Streptosporangiaceae
5-D.bin.31,Medium-quality,Actinomycetota,RRE-containing,RiPPs,Streptosporangiaceae
5-D.bin.34,Medium-quality,Pseudomonadota,RiPP-like,RiPPs,Methylophagaceae
5-D.bin.48,Medium-quality,Gemmatimonadota,terpene,Terpene,UBA6960
5-D.bin.6,Medium-quality,Pseudomonadota,NI-siderophore,Others,Halomonadaceae
5-D.bin.6,Medium-quality,Pseudomonadota,terpene,Terpene,Halomonadaceae
5-D.bin.6,Medium-quality,Pseudomonadota,arylpolyene,Others,Halomonadaceae
5-D.bin.6,Medium-quality,Pseudomonadota,T3PKS,PKSother,Halomonadaceae
5-D.bin.6,Medium-quality,Pseudomonadota,terpene,Terpene,Halomonadaceae
5-D.bin.61,Medium-quality,Pseudomonadota,NRPS-like,NRPS,Spongiibacteraceae
6-B.bin.15,Medium-quality,Acidobacteriota,hglE-KS,PKSother,JACPZX01
6-B.bin.15,Medium-quality,Acidobacteriota,hglE-KS,PKSother,JACPZX01
6-B.bin.15,Medium-quality,Acidobacteriota,NRPS,NRPS,JACPZX01
6-B.bin.15,Medium-quality,Acidobacteriota,terpene,Terpene,JACPZX01
6-B.bin.15,Medium-quality,Acidobacteriota,NRPS,NRPS,JACPZX01
6-B.bin.15,Medium-quality,Acidobacteriota,T1PKS,PKSI,JACPZX01
6-B.bin.15,Medium-quality,Acidobacteriota,NRPS,NRPS,JACPZX01
6-B.bin.15,Medium-quality,Acidobacteriota,T3PKS,PKSother,JACPZX01
6-B.bin.15,Medium-quality,Acidobacteriota,NRPS-like,NRPS,JACPZX01
6-B.bin.28,Medium-quality,Pseudomonadota,NRPS-like,NRPS,Woeseiaceae
6-B.bin.28,Medium-quality,Pseudomonadota,NRPS-like,NRPS,Woeseiaceae
6-B.bin.35,Medium-quality,Actinomycetota,NRPS-like,NRPS,Pseudonocardiaceae
6-B.bin.35,Medium-quality,Actinomycetota,NRPS,NRPS,Pseudonocardiaceae
6-B.bin.35,Medium-quality,Actinomycetota,T1PKS,PKSI,Pseudonocardiaceae
6-B.bin.35,Medium-quality,Actinomycetota,NRPS-like,NRPS,Pseudonocardiaceae
6-B.bin.35,Medium-quality,Actinomycetota,LAP,RiPPs,Pseudonocardiaceae
6-B.bin.35,Medium-quality,Actinomycetota,NI-siderophore,Others,Pseudonocardiaceae
6-B.bin.35,Medium-quality,Actinomycetota,NI-siderophore,Others,Pseudonocardiaceae
6-B.bin.35,Medium-quality,Actinomycetota,NI-siderophore,Others,Pseudonocardiaceae
6-B.bin.35,Medium-quality,Actinomycetota,NRPS,NRPS,Pseudonocardiaceae
6-B.bin.35,Medium-quality,Actinomycetota,T1PKS,PKSI,Pseudonocardiaceae
6-B.bin.35,Medium-quality,Actinomycetota,T1PKS,PKSI,Pseudonocardiaceae
6-B.bin.35,Medium-quality,Actinomycetota,terpene,Terpene,Pseudonocardiaceae
6-B.bin.50,Medium-quality,Gemmatimonadota,T3PKS,PKSother,Palauibacteraceae
6-C.bin.13,Medium-quality,Pseudomonadota,arylpolyene,Others,Halomonadaceae
6-C.bin.13,Medium-quality,Pseudomonadota,NRPS-like,NRPS,Halomonadaceae
6-C.bin.13,Medium-quality,Pseudomonadota,T1PKS,PKSI,Halomonadaceae
6-C.bin.13,Medium-quality,Pseudomonadota,arylpolyene,Others,Halomonadaceae
6-C.bin.13,Medium-quality,Pseudomonadota,RRE-containing,RiPPs,Halomonadaceae
6-C.bin.13,Medium-quality,Pseudomonadota,resorcinol,Others,Halomonadaceae
6-C.bin.13,Medium-quality,Pseudomonadota,NI-siderophore,Others,Halomonadaceae
6-C.bin.13,Medium-quality,Pseudomonadota,NI-siderophore,Others,Halomonadaceae
6-C.bin.13,Medium-quality,Pseudomonadota,NI-siderophore,Others,Halomonadaceae
6-C.bin.22,Medium-quality,Actinomycetota,T3PKS,PKSother,Nocardioidaceae
6-C.bin.39,Medium-quality,Actinomycetota,T1PKS,PKSI,Pseudonocardiaceae
6-C.bin.39,Medium-quality,Actinomycetota,NI-siderophore,Others,Pseudonocardiaceae
6-C.bin.39,Medium-quality,Actinomycetota,NI-siderophore,Others,Pseudonocardiaceae
6-C.bin.39,Medium-quality,Actinomycetota,NI-siderophore,Others,Pseudonocardiaceae
6-C.bin.39,Medium-quality,Actinomycetota,NRPS,NRPS,Pseudonocardiaceae
6-C.bin.39,Medium-quality,Actinomycetota,NRPS,NRPS,Pseudonocardiaceae
6-C.bin.39,Medium-quality,Actinomycetota,NRPS,NRPS,Pseudonocardiaceae
6-C.bin.39,Medium-quality,Actinomycetota,NRPS,NRPS,Pseudonocardiaceae
6-C.bin.39,Medium-quality,Actinomycetota,NI-siderophore,Others,Pseudonocardiaceae
6-C.bin.39,Medium-quality,Actinomycetota,NI-siderophore,Others,Pseudonocardiaceae
6-C.bin.39,Medium-quality,Actinomycetota,NRPS-like,NRPS,Pseudonocardiaceae
6-C.bin.39,Medium-quality,Actinomycetota,hglE-KS,PKSother,Pseudonocardiaceae
6-C.bin.39,Medium-quality,Actinomycetota,NI-siderophore,Others,Pseudonocardiaceae
6-C.bin.39,Medium-quality,Actinomycetota,NI-siderophore,Others,Pseudonocardiaceae
6-C.bin.39,Medium-quality,Actinomycetota,NI-siderophore,Others,Pseudonocardiaceae
6-C.bin.39,Medium-quality,Actinomycetota,arylpolyene,Others,Pseudonocardiaceae
6-C.bin.39,Medium-quality,Actinomycetota,ladderane,Others,Pseudonocardiaceae
6-C.bin.39,Medium-quality,Actinomycetota,PKS-like,PKSother,Pseudonocardiaceae
6-C.bin.39,Medium-quality,Actinomycetota,NRPS-like,NRPS,Pseudonocardiaceae
6-C.bin.39,Medium-quality,Actinomycetota,NRPS-like,NRPS,Pseudonocardiaceae
6-C.bin.39,Medium-quality,Actinomycetota,RiPP-like,RiPPs,Pseudonocardiaceae
6-C.bin.46,Medium-quality,Pseudomonadota,NRPS-like,NRPS,SZUA-36
6-C.bin.47,Medium-quality,Pseudomonadota,NRPS-like,NRPS,Woeseiaceae
6-C.bin.47,Medium-quality,Pseudomonadota,NRPS-like,NRPS,Woeseiaceae
6-C.bin.47,Medium-quality,Pseudomonadota,NRPS-like,NRPS,Woeseiaceae
7-B.bin.8,Medium-quality,Pseudomonadota,RiPP-like,RiPPs,Oleiphilaceae
7-B.bin.8,Medium-quality,Pseudomonadota,T1PKS.NRPS-like,PKS-NRP_Hybrids,Oleiphilaceae
7-B.bin.8,Medium-quality,Pseudomonadota,NRPS,NRPS,Oleiphilaceae
7-B.bin.8,Medium-quality,Pseudomonadota,ranthipeptide,RiPPs,Oleiphilaceae
7-B.bin.8,Medium-quality,Pseudomonadota,ranthipeptide,RiPPs,Oleiphilaceae
7-B.bin.8,Medium-quality,Pseudomonadota,NI-siderophore,Others,Oleiphilaceae
7-B.bin.8,Medium-quality,Pseudomonadota,RiPP-like,RiPPs,Oleiphilaceae
7-c.bin.5,Medium-quality,Pseudomonadota,arylpolyene,Others,Pseudomonadaceae
7-c.bin.5,Medium-quality,Pseudomonadota,NRPS,NRPS,Pseudomonadaceae
7-c.bin.5,Medium-quality,Pseudomonadota,NRPS,NRPS,Pseudomonadaceae
7-c.bin.5,Medium-quality,Pseudomonadota,NRPS,NRPS,Pseudomonadaceae
7-c.bin.5,Medium-quality,Pseudomonadota,NRPS-like,NRPS,Pseudomonadaceae
7-c.bin.5,Medium-quality,Pseudomonadota,NRPS,NRPS,Pseudomonadaceae
7-c.bin.9,Medium-quality,Chloroflexota,T3PKS,PKSother,E44-bin32
7-c.bin.9,Medium-quality,Chloroflexota,terpene,Terpene,E44-bin32
7-D.bin.13,Medium-quality,Pseudomonadota,NRPS-like,NRPS,Rhizobiaceae
7-D.bin.13,Medium-quality,Pseudomonadota,NI-siderophore,Others,Rhizobiaceae
7-D.bin.13,Medium-quality,Pseudomonadota,NI-siderophore,Others,Rhizobiaceae
7-D.bin.23,Medium-quality,Desulfobacterota_B,terpene,Terpene,JACPRU01
7-D.bin.27,Medium-quality,Gemmatimonadota,RiPP-like,RiPPs,Palauibacteraceae
7-D.bin.27,Medium-quality,Gemmatimonadota,indole,Others,Palauibacteraceae
7-D.bin.34,Medium-quality,Actinomycetota,NRPS-like,NRPS,Nocardioidaceae
7-D.bin.34,Medium-quality,Actinomycetota,NI-siderophore,Others,Nocardioidaceae
7-D.bin.44,Medium-quality,Pseudomonadota,NRPS-like,NRPS,SG8-39
7-D.bin.44,Medium-quality,Pseudomonadota,arylpolyene,Others,SG8-39
7-D.bin.45,Medium-quality,Actinomycetota,terpene,Terpene,JACDCH01
7-D.bin.9,Medium-quality,Pseudomonadota,RiPP-like,RiPPs,Methylophagaceae
8-a.bin.13,Medium-quality,Actinomycetota,NRPS,NRPS,Streptomycetaceae
8-a.bin.13,Medium-quality,Actinomycetota,T3PKS,PKSother,Streptomycetaceae
8-a.bin.13,Medium-quality,Actinomycetota,T1PKS,PKSI,Streptomycetaceae
8-a.bin.13,Medium-quality,Actinomycetota,T1PKS,PKSI,Streptomycetaceae
8-a.bin.13,Medium-quality,Actinomycetota,NRPS,NRPS,Streptomycetaceae
8-a.bin.13,Medium-quality,Actinomycetota,NRPS,NRPS,Streptomycetaceae
8-a.bin.13,Medium-quality,Actinomycetota,T3PKS,PKSother,Streptomycetaceae
8-a.bin.13,Medium-quality,Actinomycetota,T1PKS,PKSI,Streptomycetaceae
8-a.bin.13,Medium-quality,Actinomycetota,butyrolactone,Others,Streptomycetaceae
8-a.bin.13,Medium-quality,Actinomycetota,NRPS,NRPS,Streptomycetaceae
8-a.bin.13,Medium-quality,Actinomycetota,NI-siderophore,Others,Streptomycetaceae
8-a.bin.13,Medium-quality,Actinomycetota,RiPP-like,RiPPs,Streptomycetaceae
8-a.bin.13,Medium-quality,Actinomycetota,T1PKS.NRPS-like,PKS-NRP_Hybrids,Streptomycetaceae
8-a.bin.13,Medium-quality,Actinomycetota,NRPS,NRPS,Streptomycetaceae
8-a.bin.13,Medium-quality,Actinomycetota,terpene,Terpene,Streptomycetaceae
8-a.bin.13,Medium-quality,Actinomycetota,nucleoside,Others,Streptomycetaceae
8-a.bin.13,Medium-quality,Actinomycetota,terpene,Terpene,Streptomycetaceae
8-a.bin.13,Medium-quality,Actinomycetota,terpene,Terpene,Streptomycetaceae
8-a.bin.13,Medium-quality,Actinomycetota,NRPS,NRPS,Streptomycetaceae
8-a.bin.13,Medium-quality,Actinomycetota,NRPS,NRPS,Streptomycetaceae
8-a.bin.13,Medium-quality,Actinomycetota,T1PKS,PKSI,Streptomycetaceae
8-a.bin.13,Medium-quality,Actinomycetota,T1PKS.NRPS-like,PKS-NRP_Hybrids,Streptomycetaceae
8-a.bin.13,Medium-quality,Actinomycetota,NRPS,NRPS,Streptomycetaceae
8-a.bin.13,Medium-quality,Actinomycetota,T1PKS,PKSI,Streptomycetaceae
8-a.bin.13,Medium-quality,Actinomycetota,T1PKS,PKSI,Streptomycetaceae
8-a.bin.13,Medium-quality,Actinomycetota,NRPS-like,NRPS,Streptomycetaceae
8-a.bin.13,Medium-quality,Actinomycetota,NI-siderophore,Others,Streptomycetaceae
8-a.bin.13,Medium-quality,Actinomycetota,NI-siderophore,Others,Streptomycetaceae
8-a.bin.13,Medium-quality,Actinomycetota,T1PKS,PKSI,Streptomycetaceae
8-a.bin.13,Medium-quality,Actinomycetota,T1PKS.NRPS-like,PKS-NRP_Hybrids,Streptomycetaceae
8-a.bin.15,Medium-quality,Actinomycetota,T1PKS,PKSI,Thermoleophilaceae
8-a.bin.15,Medium-quality,Actinomycetota,T1PKS,PKSI,Thermoleophilaceae
8-a.bin.15,Medium-quality,Actinomycetota,T1PKS,PKSI,Thermoleophilaceae
8-a.bin.15,Medium-quality,Actinomycetota,T1PKS,PKSI,Thermoleophilaceae
8-a.bin.15,Medium-quality,Actinomycetota,T1PKS,PKSI,Thermoleophilaceae
8-a.bin.15,Medium-quality,Actinomycetota,T3PKS,PKSother,Thermoleophilaceae
8-a.bin.17,Medium-quality,Actinomycetota,NI-siderophore,Others,Solirubrobacteraceae
8-a.bin.5,Medium-quality,Actinomycetota,ladderane,Others,Micromonosporaceae
8-a.bin.5,Medium-quality,Actinomycetota,arylpolyene,Others,Micromonosporaceae
8-a.bin.5,Medium-quality,Actinomycetota,NI-siderophore,Others,Micromonosporaceae
8-a.bin.5,Medium-quality,Actinomycetota,terpene,Terpene,Micromonosporaceae
8-a.bin.5,Medium-quality,Actinomycetota,T3PKS,PKSother,Micromonosporaceae
8-a.bin.5,Medium-quality,Actinomycetota,other,Others,Micromonosporaceae
8-a.bin.5,Medium-quality,Actinomycetota,NI-siderophore,Others,Micromonosporaceae
8-a.bin.5,Medium-quality,Actinomycetota,NI-siderophore,Others,Micromonosporaceae
8-a.bin.5,Medium-quality,Actinomycetota,resorcinol,Others,Micromonosporaceae
8-a.bin.8,Medium-quality,Actinomycetota,terpene,Terpene,Pseudonocardiaceae
8-a.bin.8,Medium-quality,Actinomycetota,NRPS,NRPS,Pseudonocardiaceae
8-a.bin.8,Medium-quality,Actinomycetota,NRPS-like,NRPS,Pseudonocardiaceae
8-a.bin.8,Medium-quality,Actinomycetota,NRPS-like,NRPS,Pseudonocardiaceae
8-a.bin.8,Medium-quality,Actinomycetota,NRPS-like,NRPS,Pseudonocardiaceae
8-a.bin.8,Medium-quality,Actinomycetota,NRPS,NRPS,Pseudonocardiaceae
8-a.bin.8,Medium-quality,Actinomycetota,blactam,Others,Pseudonocardiaceae
8-a.bin.8,Medium-quality,Actinomycetota,NRPS,NRPS,Pseudonocardiaceae
8-a.bin.8,Medium-quality,Actinomycetota,NRPS,NRPS,Pseudonocardiaceae
8-a.bin.8,Medium-quality,Actinomycetota,NAPAA,NRPS,Pseudonocardiaceae
8-a.bin.8,Medium-quality,Actinomycetota,NRPS-like,NRPS,Pseudonocardiaceae
8-a.bin.8,Medium-quality,Actinomycetota,terpene,Terpene,Pseudonocardiaceae
8-a.bin.8,Medium-quality,Actinomycetota,NRPS-like,NRPS,Pseudonocardiaceae
8-a.bin.8,Medium-quality,Actinomycetota,T1PKS,PKSI,Pseudonocardiaceae
8-a.bin.8,Medium-quality,Actinomycetota,T1PKS,PKSI,Pseudonocardiaceae
8-a.bin.8,Medium-quality,Actinomycetota,T1PKS,PKSI,Pseudonocardiaceae
8-a.bin.8,Medium-quality,Actinomycetota,terpene,Terpene,Pseudonocardiaceae
8-a.bin.8,Medium-quality,Actinomycetota,lanthipeptide-class-ii,RiPPs,Pseudonocardiaceae
8-a.bin.8,Medium-quality,Actinomycetota,terpene,Terpene,Pseudonocardiaceae
8-a.bin.8,Medium-quality,Actinomycetota,T1PKS,PKSI,Pseudonocardiaceae
8-a.bin.8,Medium-quality,Actinomycetota,NRPS,NRPS,Pseudonocardiaceae
8-a.bin.8,Medium-quality,Actinomycetota,T1PKS,PKSI,Pseudonocardiaceae
8-a.bin.8,Medium-quality,Actinomycetota,T1PKS,PKSI,Pseudonocardiaceae
8-a.bin.8,Medium-quality,Actinomycetota,T1PKS,PKSI,Pseudonocardiaceae
8-a.bin.8,Medium-quality,Actinomycetota,lanthipeptide-class-ii,RiPPs,Pseudonocardiaceae
8-a.bin.8,Medium-quality,Actinomycetota,T1PKS,PKSI,Pseudonocardiaceae
8-a.bin.8,Medium-quality,Actinomycetota,NRPS,NRPS,Pseudonocardiaceae
8-a.bin.8,Medium-quality,Actinomycetota,NRPS-like,NRPS,Pseudonocardiaceae
8-a.bin.8,Medium-quality,Actinomycetota,NRPS,NRPS,Pseudonocardiaceae
8-a.bin.8,Medium-quality,Actinomycetota,NRPS,NRPS,Pseudonocardiaceae
8-a.bin.8,Medium-quality,Actinomycetota,NRPS-like,NRPS,Pseudonocardiaceae
8-a.bin.8,Medium-quality,Actinomycetota,T3PKS,PKSother,Pseudonocardiaceae
8-a.bin.8,Medium-quality,Actinomycetota,T1PKS,PKSI,Pseudonocardiaceae
8-a.bin.8,Medium-quality,Actinomycetota,lanthipeptide-class-iii,RiPPs,Pseudonocardiaceae
8-a.bin.8,Medium-quality,Actinomycetota,T1PKS,PKSI,Pseudonocardiaceae
8-a.bin.8,Medium-quality,Actinomycetota,terpene,Terpene,Pseudonocardiaceae
8-a.bin.8,Medium-quality,Actinomycetota,T1PKS,PKSI,Pseudonocardiaceae
8-a.bin.8,Medium-quality,Actinomycetota,NI-siderophore,Others,Pseudonocardiaceae
8-a.bin.8,Medium-quality,Actinomycetota,T3PKS,PKSother,Pseudonocardiaceae
8-a.bin.8,Medium-quality,Actinomycetota,T1PKS,PKSI,Pseudonocardiaceae
8-a.bin.8,Medium-quality,Actinomycetota,T1PKS,PKSI,Pseudonocardiaceae
8-a.bin.8,Medium-quality,Actinomycetota,T1PKS,PKSI,Pseudonocardiaceae
8-a.bin.8,Medium-quality,Actinomycetota,indole,Others,Pseudonocardiaceae
8-a.bin.8,Medium-quality,Actinomycetota,RiPP-like,RiPPs,Pseudonocardiaceae
8-a.bin.8,Medium-quality,Actinomycetota,NRPS,NRPS,Pseudonocardiaceae
8-a.bin.8,Medium-quality,Actinomycetota,T1PKS,PKSI,Pseudonocardiaceae
8-a.bin.8,Medium-quality,Actinomycetota,T1PKS,PKSI,Pseudonocardiaceae
8-a.bin.8,Medium-quality,Actinomycetota,terpene,Terpene,Pseudonocardiaceae
8-a.bin.8,Medium-quality,Actinomycetota,NRPS-like,NRPS,Pseudonocardiaceae
8-a.bin.8,Medium-quality,Actinomycetota,NRPS,NRPS,Pseudonocardiaceae
8-C.bin.6,Medium-quality,Chloroflexota,T1PKS,PKSI,Kallotenuaceae
8-C.bin.6,Medium-quality,Chloroflexota,NRP-metallophore.NRPS,Others,Kallotenuaceae
8-C.bin.6,Medium-quality,Chloroflexota,NRPS,NRPS,Kallotenuaceae
8-C.bin.6,Medium-quality,Chloroflexota,NRPS,NRPS,Kallotenuaceae
8-C.bin.6,Medium-quality,Chloroflexota,NRPS,NRPS,Kallotenuaceae
8-C.bin.6,Medium-quality,Chloroflexota,NRPS,NRPS,Kallotenuaceae
8-C.bin.6,Medium-quality,Chloroflexota,NRPS-like,NRPS,Kallotenuaceae
8-C.bin.6,Medium-quality,Chloroflexota,NRPS,NRPS,Kallotenuaceae
8-C.bin.6,Medium-quality,Chloroflexota,T1PKS,PKSI,Kallotenuaceae
8-C.bin.6,Medium-quality,Chloroflexota,NRPS,NRPS,Kallotenuaceae
8-C.bin.6,Medium-quality,Chloroflexota,T1PKS,PKSI,Kallotenuaceae
8-C.bin.6,Medium-quality,Chloroflexota,NRPS,NRPS,Kallotenuaceae
8-C.bin.6,Medium-quality,Chloroflexota,T1PKS,PKSI,Kallotenuaceae
8-C.bin.6,Medium-quality,Chloroflexota,NRPS,NRPS,Kallotenuaceae
8-C.bin.6,Medium-quality,Chloroflexota,NRPS,NRPS,Kallotenuaceae
8-C.bin.6,Medium-quality,Chloroflexota,NRPS,NRPS,Kallotenuaceae
8-C.bin.6,Medium-quality,Chloroflexota,lanthipeptide-class-iv,RiPPs,Kallotenuaceae
8-C.bin.6,Medium-quality,Chloroflexota,T1PKS,PKSI,Kallotenuaceae
8-C.bin.6,Medium-quality,Chloroflexota,NRPS,NRPS,Kallotenuaceae
8-C.bin.6,Medium-quality,Chloroflexota,NRPS,NRPS,Kallotenuaceae
8-C.bin.6,Medium-quality,Chloroflexota,T1PKS,PKSI,Kallotenuaceae
8-C.bin.6,Medium-quality,Chloroflexota,T1PKS,PKSI,Kallotenuaceae
8-C.bin.6,Medium-quality,Chloroflexota,T1PKS,PKSI,Kallotenuaceae
8-C.bin.6,Medium-quality,Chloroflexota,T1PKS.NRPS-like,PKS-NRP_Hybrids,Kallotenuaceae
8-C.bin.6,Medium-quality,Chloroflexota,NRPS-like,NRPS,Kallotenuaceae
8-C.bin.6,Medium-quality,Chloroflexota,NRPS,NRPS,Kallotenuaceae
8-C.bin.6,Medium-quality,Chloroflexota,lanthipeptide-class-ii,RiPPs,Kallotenuaceae
8-C.bin.6,Medium-quality,Chloroflexota,NRPS,NRPS,Kallotenuaceae
8-C.bin.6,Medium-quality,Chloroflexota,NRPS-like,NRPS,Kallotenuaceae
8-C.bin.6,Medium-quality,Chloroflexota,NRPS,NRPS,Kallotenuaceae
8-C.bin.6,Medium-quality,Chloroflexota,NRPS,NRPS,Kallotenuaceae
8-C.bin.6,Medium-quality,Chloroflexota,T1PKS,PKSI,Kallotenuaceae
8-C.bin.6,Medium-quality,Chloroflexota,T1PKS,PKSI,Kallotenuaceae
8-C.bin.6,Medium-quality,Chloroflexota,NRPS.T1PKS,PKS-NRP_Hybrids,Kallotenuaceae
8-C.bin.6,Medium-quality,Chloroflexota,T1PKS,PKSI,Kallotenuaceae
8-C.bin.6,Medium-quality,Chloroflexota,NRPS,NRPS,Kallotenuaceae
8-C.bin.6,Medium-quality,Chloroflexota,NRPS-like,NRPS,Kallotenuaceae
8-C.bin.6,Medium-quality,Chloroflexota,T1PKS,PKSI,Kallotenuaceae
8-C.bin.6,Medium-quality,Chloroflexota,NRPS,NRPS,Kallotenuaceae
8-C.bin.6,Medium-quality,Chloroflexota,NRPS,NRPS,Kallotenuaceae
8-C.bin.6,Medium-quality,Chloroflexota,NRPS,NRPS,Kallotenuaceae
8-C.bin.6,Medium-quality,Chloroflexota,NRPS,NRPS,Kallotenuaceae
8-C.bin.6,Medium-quality,Chloroflexota,NRPS,NRPS,Kallotenuaceae
8-C.bin.6,Medium-quality,Chloroflexota,T1PKS.NRPS-like,PKS-NRP_Hybrids,Kallotenuaceae
8-C.bin.6,Medium-quality,Chloroflexota,NRPS-like,NRPS,Kallotenuaceae
8-C.bin.6,Medium-quality,Chloroflexota,transAT-PKS-like,PKSother,Kallotenuaceae
8-C.bin.6,Medium-quality,Chloroflexota,NRPS-like,NRPS,Kallotenuaceae
8-C.bin.6,Medium-quality,Chloroflexota,NRPS,NRPS,Kallotenuaceae
8-C.bin.6,Medium-quality,Chloroflexota,NRPS,NRPS,Kallotenuaceae
8-C.bin.6,Medium-quality,Chloroflexota,NRPS,NRPS,Kallotenuaceae
8-C.bin.6,Medium-quality,Chloroflexota,NRPS,NRPS,Kallotenuaceae
8-C.bin.6,Medium-quality,Chloroflexota,NRPS.T1PKS,PKS-NRP_Hybrids,Kallotenuaceae
8-C.bin.6,Medium-quality,Chloroflexota,NRPS,NRPS,Kallotenuaceae
8-C.bin.6,Medium-quality,Chloroflexota,RiPP-like,RiPPs,Kallotenuaceae
8-C.bin.6,Medium-quality,Chloroflexota,NRPS,NRPS,Kallotenuaceae
8-C.bin.6,Medium-quality,Chloroflexota,NRPS,NRPS,Kallotenuaceae
8-C.bin.6,Medium-quality,Chloroflexota,NRPS,NRPS,Kallotenuaceae
8-C.bin.6,Medium-quality,Chloroflexota,NRPS,NRPS,Kallotenuaceae
8-C.bin.6,Medium-quality,Chloroflexota,NRPS,NRPS,Kallotenuaceae
8-C.bin.6,Medium-quality,Chloroflexota,NRPS,NRPS,Kallotenuaceae
8-C.bin.6,Medium-quality,Chloroflexota,NRPS,NRPS,Kallotenuaceae
8-C.bin.6,Medium-quality,Chloroflexota,NRPS,NRPS,Kallotenuaceae
8-C.bin.6,Medium-quality,Chloroflexota,NRPS,NRPS,Kallotenuaceae
8-C.bin.6,Medium-quality,Chloroflexota,NRPS,NRPS,Kallotenuaceae
8-C.bin.6,Medium-quality,Chloroflexota,T1PKS,PKSI,Kallotenuaceae
8-C.bin.6,Medium-quality,Chloroflexota,NRPS-like,NRPS,Kallotenuaceae
8-C.bin.6,Medium-quality,Chloroflexota,T3PKS,PKSother,Kallotenuaceae
8-C.bin.6,Medium-quality,Chloroflexota,NRPS-like,NRPS,Kallotenuaceae
8-C.bin.6,Medium-quality,Chloroflexota,T1PKS,PKSI,Kallotenuaceae
8-C.bin.6,Medium-quality,Chloroflexota,NRPS,NRPS,Kallotenuaceae
8-C.bin.6,Medium-quality,Chloroflexota,NRPS,NRPS,Kallotenuaceae
8-C.bin.6,Medium-quality,Chloroflexota,T1PKS,PKSI,Kallotenuaceae
8-C.bin.6,Medium-quality,Chloroflexota,NRPS,NRPS,Kallotenuaceae
8-C.bin.6,Medium-quality,Chloroflexota,NRPS,NRPS,Kallotenuaceae
8-C.bin.6,Medium-quality,Chloroflexota,T1PKS,PKSI,Kallotenuaceae
8-C.bin.6,Medium-quality,Chloroflexota,NRPS,NRPS,Kallotenuaceae
8-C.bin.6,Medium-quality,Chloroflexota,NRPS,NRPS,Kallotenuaceae
8-C.bin.6,Medium-quality,Chloroflexota,NRPS,NRPS,Kallotenuaceae
8-C.bin.6,Medium-quality,Chloroflexota,NI-siderophore,Others,Kallotenuaceae
8-C.bin.6,Medium-quality,Chloroflexota,NI-siderophore,Others,Kallotenuaceae
8-C.bin.6,Medium-quality,Chloroflexota,NI-siderophore,Others,Kallotenuaceae
8-C.bin.6,Medium-quality,Chloroflexota,T1PKS,PKSI,Kallotenuaceae
8-C.bin.6,Medium-quality,Chloroflexota,NRPS,NRPS,Kallotenuaceae
8-C.bin.6,Medium-quality,Chloroflexota,NRPS,NRPS,Kallotenuaceae
8-C.bin.6,Medium-quality,Chloroflexota,NRPS,NRPS,Kallotenuaceae
8-C.bin.6,Medium-quality,Chloroflexota,NRPS,NRPS,Kallotenuaceae
8-C.bin.6,Medium-quality,Chloroflexota,NRPS,NRPS,Kallotenuaceae
8-C.bin.6,Medium-quality,Chloroflexota,NRPS,NRPS,Kallotenuaceae
8-C.bin.6,Medium-quality,Chloroflexota,T1PKS,PKSI,Kallotenuaceae
8-C.bin.6,Medium-quality,Chloroflexota,NRPS,NRPS,Kallotenuaceae
8-C.bin.6,Medium-quality,Chloroflexota,T1PKS.NRPS-like,PKS-NRP_Hybrids,Kallotenuaceae
8-C.bin.6,Medium-quality,Chloroflexota,NRPS-like,NRPS,Kallotenuaceae
8-C.bin.6,Medium-quality,Chloroflexota,NRPS,NRPS,Kallotenuaceae
8-C.bin.6,Medium-quality,Chloroflexota,NRPS,NRPS,Kallotenuaceae
8-C.bin.6,Medium-quality,Chloroflexota,NRPS.T1PKS,PKS-NRP_Hybrids,Kallotenuaceae
8-C.bin.6,Medium-quality,Chloroflexota,NRPS,NRPS,Kallotenuaceae
8-C.bin.6,Medium-quality,Chloroflexota,T1PKS.NRPS,PKS-NRP_Hybrids,Kallotenuaceae
8-C.bin.6,Medium-quality,Chloroflexota,NRPS,NRPS,Kallotenuaceae
8-C.bin.6,Medium-quality,Chloroflexota,NRPS,NRPS,Kallotenuaceae
8-C.bin.6,Medium-quality,Chloroflexota,NRPS,NRPS,Kallotenuaceae
8-C.bin.6,Medium-quality,Chloroflexota,NRPS,NRPS,Kallotenuaceae
8-C.bin.6,Medium-quality,Chloroflexota,T1PKS.NRPS,PKS-NRP_Hybrids,Kallotenuaceae
8-C.bin.6,Medium-quality,Chloroflexota,T1PKS,PKSI,Kallotenuaceae
8-C.bin.6,Medium-quality,Chloroflexota,T1PKS,PKSI,Kallotenuaceae
8-C.bin.6,Medium-quality,Chloroflexota,NRPS,NRPS,Kallotenuaceae
8-C.bin.6,Medium-quality,Chloroflexota,NRPS,NRPS,Kallotenuaceae
8-C.bin.6,Medium-quality,Chloroflexota,T1PKS,PKSI,Kallotenuaceae
8-C.bin.6,Medium-quality,Chloroflexota,NRPS-like,NRPS,Kallotenuaceae
8-C.bin.6,Medium-quality,Chloroflexota,T1PKS,PKSI,Kallotenuaceae
8-C.bin.6,Medium-quality,Chloroflexota,NRPS,NRPS,Kallotenuaceae
9-A.bin.16,Medium-quality,Chloroflexota,NRPS,NRPS,Promineifilaceae
9-A.bin.16,Medium-quality,Chloroflexota,T1PKS.NRPS,PKS-NRP_Hybrids,Promineifilaceae
9-A.bin.18,Medium-quality,Gemmatimonadota,terpene,Terpene,UBA6960
9-A.bin.18,Medium-quality,Gemmatimonadota,PKS-like,PKSother,UBA6960
9-A.bin.19,Medium-quality,Chloroflexota,NRPS-like,NRPS,Promineifilaceae
9-A.bin.19,Medium-quality,Chloroflexota,terpene,Terpene,Promineifilaceae
9-A.bin.33,Medium-quality,Gemmatimonadota,T3PKS,PKSother,UBA6960
9-A.bin.33,Medium-quality,Gemmatimonadota,RiPP-like,RiPPs,UBA6960
9-A.bin.33,Medium-quality,Gemmatimonadota,ranthipeptide,RiPPs,UBA6960
9-A.bin.33,Medium-quality,Gemmatimonadota,RiPP-like,RiPPs,UBA6960
9-A.bin.33,Medium-quality,Gemmatimonadota,hglE-KS,PKSother,UBA6960
9-A.bin.33,Medium-quality,Gemmatimonadota,hglE-KS,PKSother,UBA6960
9-A.bin.37,Medium-quality,Nitrospirota,NRPS-like,NRPS,Unclassified
9-A.bin.37,Medium-quality,Nitrospirota,terpene,Terpene,Unclassified
9-A.bin.4,Medium-quality,Pseudomonadota,NRPS-like,NRPS,JAANXG01
9-A.bin.4,Medium-quality,Pseudomonadota,terpene,Terpene,JAANXG01
9-A.bin.41,Medium-quality,Pseudomonadota,terpene,Terpene,Rariloculaceae
9-A.bin.41,Medium-quality,Pseudomonadota,terpene,Terpene,Rariloculaceae
9-A.bin.41,Medium-quality,Pseudomonadota,RRE-containing,RiPPs,Rariloculaceae
9-A.bin.41,Medium-quality,Pseudomonadota,NRPS-like,NRPS,Rariloculaceae
9-A.bin.44,Medium-quality,Pseudomonadota,NRPS-like,NRPS,Unclassified
9-A.bin.44,Medium-quality,Pseudomonadota,terpene,Terpene,Unclassified
9-A.bin.5,Medium-quality,Planctomycetota,terpene,Terpene,JALHLM01
9-A.bin.5,Medium-quality,Planctomycetota,NRPS,NRPS,JALHLM01
9-A.bin.5,Medium-quality,Planctomycetota,NRPS-like,NRPS,JALHLM01
9-A.bin.5,Medium-quality,Planctomycetota,NRPS,NRPS,JALHLM01
9-A.bin.5,Medium-quality,Planctomycetota,T1PKS.NRPS-like,PKS-NRP_Hybrids,JALHLM01
9-A.bin.5,Medium-quality,Planctomycetota,NRPS-like,NRPS,JALHLM01
9-A.bin.5,Medium-quality,Planctomycetota,NRPS-like,NRPS,JALHLM01
9-A.bin.5,Medium-quality,Planctomycetota,T1PKS,PKSI,JALHLM01
9-A.bin.62,Medium-quality,Pseudomonadota,NRPS-like,NRPS,SZUA-152
9-A.bin.80,Medium-quality,Pseudomonadota,RRE-containing,RiPPs,Halomonadaceae
9-A.bin.80,Medium-quality,Pseudomonadota,NI-siderophore,Others,Halomonadaceae
9-A.bin.80,Medium-quality,Pseudomonadota,NI-siderophore,Others,Halomonadaceae
9-A.bin.80,Medium-quality,Pseudomonadota,NI-siderophore,Others,Halomonadaceae
9-A.bin.80,Medium-quality,Pseudomonadota,NRPS-like,NRPS,Halomonadaceae
9-A.bin.80,Medium-quality,Pseudomonadota,terpene,Terpene,Halomonadaceae
9-A.bin.80,Medium-quality,Pseudomonadota,RiPP-like,RiPPs,Halomonadaceae
9-A.bin.80,Medium-quality,Pseudomonadota,resorcinol,Others,Halomonadaceae
ERR13934192.bin.19,Medium-quality,Actinomycetota,T3PKS,PKSother,Cellulomonadaceae
ERR13934192.bin.6,Medium-quality,Verrucomicrobiota,ladderane,Others,SIBE01
ERR13934192.bin.6,Medium-quality,Verrucomicrobiota,NRPS-like,NRPS,SIBE01
ERR13934192.bin.6,Medium-quality,Verrucomicrobiota,terpene,Terpene,SIBE01
ERR13934192.bin.6,Medium-quality,Verrucomicrobiota,phosphonate,Others,SIBE01
ERR13934192.bin.6,Medium-quality,Verrucomicrobiota,NRPS,NRPS,SIBE01
ERR13934192.bin.6,Medium-quality,Verrucomicrobiota,ladderane,Others,SIBE01
ERR13934192.bin.6,Medium-quality,Verrucomicrobiota,NRPS,NRPS,SIBE01
ERR13934200.bin.15,Medium-quality,Pseudomonadota,arylpolyene,Others,Rhodocyclaceae
ERR13934200.bin.15,Medium-quality,Pseudomonadota,RiPP-like,RiPPs,Rhodocyclaceae
ERR13934200.bin.15,Medium-quality,Pseudomonadota,NRPS-like,NRPS,Rhodocyclaceae
ERR13934200.bin.16,Medium-quality,Desulfobacterota,T3PKS,PKSother,CALZIZ01
ERR13934200.bin.16,Medium-quality,Desulfobacterota,hglE-KS.T1PKS,PKSother,CALZIZ01
ERR13934200.bin.16,Medium-quality,Desulfobacterota,hglE-KS,PKSother,CALZIZ01
ERR13934200.bin.21,Medium-quality,Bacteroidota,phosphonate,Others,Prolixibacteraceae
ERR13934200.bin.25,Medium-quality,Verrucomicrobiota,NRPS,NRPS,UBA8199
ERR13934200.bin.25,Medium-quality,Verrucomicrobiota,terpene,Terpene,UBA8199
ERR13934200.bin.25,Medium-quality,Verrucomicrobiota,terpene,Terpene,UBA8199
ERR13934200.bin.25,Medium-quality,Verrucomicrobiota,NRPS,NRPS,UBA8199
ERR13934200.bin.25,Medium-quality,Verrucomicrobiota,NRPS,NRPS,UBA8199
ERR13934200.bin.25,Medium-quality,Verrucomicrobiota,terpene,Terpene,UBA8199
ERR13934202.bin.10,Medium-quality,Bacteroidota,terpene,Terpene,Prolixibacteraceae
ERR13934205.bin.13,Medium-quality,Desulfobacterota,hglE-KS,PKSother,UBA2197
ERR13934205.bin.13,Medium-quality,Desulfobacterota,T1PKS.hglE-KS,PKSother,UBA2197
ERR13934205.bin.13,Medium-quality,Desulfobacterota,NRPS-like,NRPS,UBA2197
ERR13934205.bin.36,Medium-quality,Desulfobacterota,NRPS-like,NRPS,Pseudopelobacteraceae
ERR13934205.bin.36,Medium-quality,Desulfobacterota,NRPS-like,NRPS,Pseudopelobacteraceae
ERR13934205.bin.36,Medium-quality,Desulfobacterota,terpene,Terpene,Pseudopelobacteraceae
ERR13934205.bin.36,Medium-quality,Desulfobacterota,ladderane,Others,Pseudopelobacteraceae
ERR13934205.bin.37,Medium-quality,Desulfobacterota,terpene,Terpene,Geobacteraceae
ERR13934205.bin.37,Medium-quality,Desulfobacterota,arylpolyene,Others,Geobacteraceae
ERR13934205.bin.37,Medium-quality,Desulfobacterota,arylpolyene,Others,Geobacteraceae
ERR13934205.bin.37,Medium-quality,Desulfobacterota,arylpolyene,Others,Geobacteraceae
ERR13934205.bin.37,Medium-quality,Desulfobacterota,arylpolyene,Others,Geobacteraceae
ERR13934205.bin.37,Medium-quality,Desulfobacterota,resorcinol,Others,Geobacteraceae
ERR13934205.bin.37,Medium-quality,Desulfobacterota,T1PKS.hglE-KS,PKSother,Geobacteraceae
ERR13934205.bin.37,Medium-quality,Desulfobacterota,hglE-KS,PKSother,Geobacteraceae
ERR13934205.bin.37,Medium-quality,Desulfobacterota,T3PKS,PKSother,Geobacteraceae
ERR13934205.bin.37,Medium-quality,Desulfobacterota,NRPS-like,NRPS,Geobacteraceae
ERR13934205.bin.40,Medium-quality,Bacillota_A,NRPS,NRPS,UBA5734
ERR13934208.bin.12,Medium-quality,Pseudomonadota,arylpolyene,Others,Sulfuricellaceae
ERR13934208.bin.12,Medium-quality,Pseudomonadota,RiPP-like,RiPPs,Sulfuricellaceae
ERR13934208.bin.16,Medium-quality,Desulfobacterota,arylpolyene,Others,Trichloromonadaceae
ERR13934208.bin.16,Medium-quality,Desulfobacterota,resorcinol,Others,Trichloromonadaceae
ERR13934208.bin.16,Medium-quality,Desulfobacterota,arylpolyene,Others,Trichloromonadaceae
ERR13934208.bin.16,Medium-quality,Desulfobacterota,arylpolyene,Others,Trichloromonadaceae
ERR13934208.bin.16,Medium-quality,Desulfobacterota,arylpolyene,Others,Trichloromonadaceae
ERR13934208.bin.16,Medium-quality,Desulfobacterota,T1PKS,PKSI,Trichloromonadaceae
ERR13934208.bin.16,Medium-quality,Desulfobacterota,T1PKS.hglE-KS,PKSother,Trichloromonadaceae
ERR13934208.bin.16,Medium-quality,Desulfobacterota,hglE-KS,PKSother,Trichloromonadaceae
ERR13934208.bin.28,Medium-quality,Desulfobacterota,ladderane,Others,UBA2197
ERR13934208.bin.28,Medium-quality,Desulfobacterota,hglE-KS.T1PKS,PKSother,UBA2197
ERR13934208.bin.28,Medium-quality,Desulfobacterota,hglE-KS,PKSother,UBA2197
ERR13934211.bin.14,Medium-quality,Bacillota_B,transAT-PKS-like,PKSother,UBA2595
ERR13934211.bin.16,Medium-quality,Desulfobacterota,terpene,Terpene,Pseudopelobacteraceae
ERR13934211.bin.16,Medium-quality,Desulfobacterota,NRPS-like,NRPS,Pseudopelobacteraceae
ERR13934211.bin.16,Medium-quality,Desulfobacterota,T3PKS,PKSother,Pseudopelobacteraceae
ERR13934211.bin.16,Medium-quality,Desulfobacterota,hglE-KS,PKSother,Pseudopelobacteraceae
ERR13934211.bin.16,Medium-quality,Desulfobacterota,hglE-KS.T1PKS,PKSother,Pseudopelobacteraceae
ERR13934211.bin.21,Medium-quality,Bacillota_I,NRPS-like,NRPS,Erysipelotrichaceae
ERR13934211.bin.28,Medium-quality,Bacteroidota,terpene,Terpene,VadinHA17
ERR13934211.bin.28,Medium-quality,Bacteroidota,NRPS,NRPS,VadinHA17
ERR13934211.bin.28,Medium-quality,Bacteroidota,T1PKS,PKSI,VadinHA17
ERR13934211.bin.3,Medium-quality,Bacillota_B,RiPP-like,RiPPs,Unclassified
ERR13934211.bin.3,Medium-quality,Bacillota_B,RRE-containing,RiPPs,Unclassified
ERR13934211.bin.3,Medium-quality,Bacillota_B,LAP,RiPPs,Unclassified
ERR13934211.bin.48,Medium-quality,Desulfobacterota,resorcinol,Others,Geobacteraceae
ERR13934211.bin.48,Medium-quality,Desulfobacterota,arylpolyene,Others,Geobacteraceae
ERR13934211.bin.48,Medium-quality,Desulfobacterota,T3PKS,PKSother,Geobacteraceae
ERR13934211.bin.48,Medium-quality,Desulfobacterota,arylpolyene,Others,Geobacteraceae
ERR13934211.bin.48,Medium-quality,Desulfobacterota,arylpolyene,Others,Geobacteraceae
ERR13934211.bin.48,Medium-quality,Desulfobacterota,arylpolyene,Others,Geobacteraceae
ERR13934211.bin.48,Medium-quality,Desulfobacterota,NRPS-like,NRPS,Geobacteraceae
ERR13934211.bin.48,Medium-quality,Desulfobacterota,terpene,Terpene,Geobacteraceae
ERR13934211.bin.48,Medium-quality,Desulfobacterota,hglE-KS.T1PKS,PKSother,Geobacteraceae
ERR13934211.bin.48,Medium-quality,Desulfobacterota,hglE-KS,PKSother,Geobacteraceae
ERR13934211.bin.9,Medium-quality,Desulfobacterota,NRPS-like,NRPS,DSM-12255
ERR13934211.bin.9,Medium-quality,Desulfobacterota,hglE-KS,PKSother,DSM-12255
ERR13934211.bin.9,Medium-quality,Desulfobacterota,NRPS-like,NRPS,DSM-12255
ERR13934211.bin.9,Medium-quality,Desulfobacterota,hglE-KS.T1PKS,PKSother,DSM-12255
ERR5004157.bin.17,Medium-quality,Verrucomicrobiota,T3PKS,PKSother,UBA10450
ERR5004157.bin.17,Medium-quality,Verrucomicrobiota,ladderane,Others,UBA10450
ERR5004157.bin.17,Medium-quality,Verrucomicrobiota,terpene,Terpene,UBA10450
ERR5004157.bin.17,Medium-quality,Verrucomicrobiota,NRPS-like,NRPS,UBA10450
ERR5004157.bin.17,Medium-quality,Verrucomicrobiota,NRPS,NRPS,UBA10450
ERR5004157.bin.17,Medium-quality,Verrucomicrobiota,NRPS,NRPS,UBA10450
ERR5004157.bin.9,Medium-quality,Nitrospirota,NRPS,NRPS,Nitrospiraceae
ERR5004157.bin.9,Medium-quality,Nitrospirota,arylpolyene,Others,Nitrospiraceae
ERR5004157.bin.9,Medium-quality,Nitrospirota,terpene,Terpene,Nitrospiraceae
ERR5004157.bin.9,Medium-quality,Nitrospirota,terpene,Terpene,Nitrospiraceae
ERR5004157.bin.9,Medium-quality,Nitrospirota,resorcinol,Others,Nitrospiraceae
ERR5004157.bin.9,Medium-quality,Nitrospirota,RiPP-like,RiPPs,Nitrospiraceae
ERR5004671.bin.3,Medium-quality,Eremiobacterota,indole,Others,Eremiobacteraceae
ERR5004671.bin.3,Medium-quality,Eremiobacterota,terpene,Terpene,Eremiobacteraceae
ERR5004944.bin.8,Medium-quality,Acidobacteriota,ladderane,Others,UBA5066
ERR9527525.bin.11,Medium-quality,Bacteroidota,terpene,Terpene,UBA7960
ERR9527525.bin.2,Medium-quality,Bacillota_H,RRE-containing,RiPPs,UBA994
ERR9527525.bin.23,Medium-quality,Bacillota_A,ranthipeptide,RiPPs,Acidaminobacteraceae
ERR9527525.bin.35,Medium-quality,Bacillota_A,NRPS-like,NRPS,UBA5734
ERR9527525.bin.44,Medium-quality,Bacillota_H,RRE-containing,RiPPs,UBA994
ERR9527526.bin.20,Medium-quality,Acidobacteriota,terpene,Terpene,Bryobacteraceae
ERR9527526.bin.20,Medium-quality,Acidobacteriota,terpene,Terpene,Bryobacteraceae
ERR9527526.bin.20,Medium-quality,Acidobacteriota,T1PKS,PKSI,Bryobacteraceae
ERR9527526.bin.37,Medium-quality,Bacillota_E,PKS-like,PKSother,Symbiobacteriaceae
ERR9527526.bin.37,Medium-quality,Bacillota_E,RiPP-like,RiPPs,Symbiobacteriaceae
ERR9527526.bin.37,Medium-quality,Bacillota_E,RRE-containing,RiPPs,Symbiobacteriaceae
ERR9527526.bin.49,Medium-quality,Bacteroidota,terpene,Terpene,Prolixibacteraceae
ERR9527526.bin.49,Medium-quality,Bacteroidota,NRPS-like,NRPS,Prolixibacteraceae
ERR9527526.bin.9,Medium-quality,Pseudomonadota,RiPP-like,RiPPs,Rhodocyclaceae
ERR9527527.bin.11,Medium-quality,Fibrobacterota,terpene,Terpene,UBA5070
ERR9527527.bin.22,Medium-quality,Acidobacteriota,NRPS-like,NRPS,Bryobacteraceae
ERR9527527.bin.22,Medium-quality,Acidobacteriota,NRPS-like,NRPS,Bryobacteraceae
ERR9527527.bin.22,Medium-quality,Acidobacteriota,lanthipeptide-class-ii,RiPPs,Bryobacteraceae
ERR9527527.bin.22,Medium-quality,Acidobacteriota,terpene,Terpene,Bryobacteraceae
ERR9527527.bin.22,Medium-quality,Acidobacteriota,RiPP-like,RiPPs,Bryobacteraceae
ERR9527527.bin.22,Medium-quality,Acidobacteriota,T3PKS,PKSother,Bryobacteraceae
ERR9527527.bin.3,Medium-quality,Pseudomonadota,T3PKS,PKSother,Thiomicrospiraceae
ERR9527527.bin.37,Medium-quality,Bacteroidota,terpene,Terpene,Prolixibacteraceae
ERR9527527.bin.37,Medium-quality,Bacteroidota,RiPP-like,RiPPs,Prolixibacteraceae
ERR9527527.bin.37,Medium-quality,Bacteroidota,RiPP-like,RiPPs,Prolixibacteraceae
ERR9527528.bin.17,Medium-quality,Bacteroidota,T1PKS.NRPS,PKS-NRP_Hybrids,VadinHA17
ERR9527528.bin.17,Medium-quality,Bacteroidota,NRPS,NRPS,VadinHA17
ERR9527528.bin.27,Medium-quality,Bacillota_H,RRE-containing,RiPPs,UBA994
ERR9527528.bin.29,Medium-quality,Desulfobacterota,NRPS-like,NRPS,UBA2197
ERR9527528.bin.29,Medium-quality,Desulfobacterota,T1PKS.hglE-KS,PKSother,UBA2197
ERR9527528.bin.29,Medium-quality,Desulfobacterota,hglE-KS,PKSother,UBA2197
ERR9527528.bin.29,Medium-quality,Desulfobacterota,T3PKS,PKSother,UBA2197
ERR9527528.bin.30,Medium-quality,Planctomycetota,NRPS-like,NRPS,Anaerohalosphaeraceae
ERR9527528.bin.38,Medium-quality,Bacillota_B,RiPP-like,RiPPs,Unclassified
ERR9527528.bin.38,Medium-quality,Bacillota_B,RRE-containing,RiPPs,Unclassified
ERR9527528.bin.38,Medium-quality,Bacillota_B,proteusin,RiPPs,Unclassified
ERR9527528.bin.39,Medium-quality,Desulfobacterota,hglE-KS.T1PKS,PKSother,Geobacteraceae
ERR9527528.bin.39,Medium-quality,Desulfobacterota,terpene,Terpene,Geobacteraceae
ERR9527528.bin.39,Medium-quality,Desulfobacterota,hglE-KS,PKSother,Geobacteraceae
ERR9527528.bin.39,Medium-quality,Desulfobacterota,T3PKS,PKSother,Geobacteraceae
ERR9527528.bin.39,Medium-quality,Desulfobacterota,ladderane,Others,Geobacteraceae
ERR9527529.bin.34,Medium-quality,Desulfobacterota,T3PKS,PKSother,UBA2197
ERR9527529.bin.34,Medium-quality,Desulfobacterota,NRPS-like,NRPS,UBA2197
ERR9527529.bin.34,Medium-quality,Desulfobacterota,hglE-KS,PKSother,UBA2197
ERR9527529.bin.34,Medium-quality,Desulfobacterota,T1PKS.hglE-KS,PKSother,UBA2197
ERR9527529.bin.37,Medium-quality,Bacteroidota,terpene,Terpene,Prolixibacteraceae
ERR9527529.bin.37,Medium-quality,Bacteroidota,T3PKS,PKSother,Prolixibacteraceae
ERR9527530.bin.24,Medium-quality,Desulfobacterota,terpene,Terpene,Geobacteraceae
ERR9527530.bin.24,Medium-quality,Desulfobacterota,RiPP-like,RiPPs,Geobacteraceae
ERR9527530.bin.24,Medium-quality,Desulfobacterota,NRPS-like,NRPS,Geobacteraceae
ERR9527530.bin.24,Medium-quality,Desulfobacterota,ladderane,Others,Geobacteraceae
ERR9527530.bin.24,Medium-quality,Desulfobacterota,T3PKS,PKSother,Geobacteraceae
ERR9527530.bin.24,Medium-quality,Desulfobacterota,T1PKS.hglE-KS,PKSother,Geobacteraceae
ERR9527530.bin.24,Medium-quality,Desulfobacterota,hglE-KS,PKSother,Geobacteraceae
ERR9527530.bin.24,Medium-quality,Desulfobacterota,proteusin,RiPPs,Geobacteraceae
ERR9527530.bin.30,Medium-quality,Bacillota_B,RiPP-like,RiPPs,Unclassified
ERR9527530.bin.30,Medium-quality,Bacillota_B,RRE-containing,RiPPs,Unclassified
ERR9527531.bin.16,Medium-quality,Pseudomonadota,NRPS-like,NRPS,Rhodocyclaceae
ERR9527531.bin.16,Medium-quality,Pseudomonadota,RiPP-like,RiPPs,Rhodocyclaceae
ERR9527531.bin.2,Medium-quality,Bacillota_I,T3PKS,PKSother,Erysipelotrichaceae
ERR9527531.bin.3,Medium-quality,Chloroflexota,NRPS,NRPS,Ktedonobacteraceae
ERR9527531.bin.3,Medium-quality,Chloroflexota,terpene,Terpene,Ktedonobacteraceae
ERR9527531.bin.3,Medium-quality,Chloroflexota,NRPS-like,NRPS,Ktedonobacteraceae
ERR9527531.bin.3,Medium-quality,Chloroflexota,NRPS,NRPS,Ktedonobacteraceae
ERR9527531.bin.3,Medium-quality,Chloroflexota,RiPP-like,RiPPs,Ktedonobacteraceae
ERR9527531.bin.3,Medium-quality,Chloroflexota,NRPS-like,NRPS,Ktedonobacteraceae
ERR9527531.bin.3,Medium-quality,Chloroflexota,T1PKS,PKSI,Ktedonobacteraceae
ERR9527531.bin.3,Medium-quality,Chloroflexota,T1PKS,PKSI,Ktedonobacteraceae
ERR9527531.bin.3,Medium-quality,Chloroflexota,NRPS,NRPS,Ktedonobacteraceae
ERR9527531.bin.3,Medium-quality,Chloroflexota,lanthipeptide-class-ii,RiPPs,Ktedonobacteraceae
ERR9527531.bin.3,Medium-quality,Chloroflexota,NRPS,NRPS,Ktedonobacteraceae
ERR9527531.bin.3,Medium-quality,Chloroflexota,NRPS,NRPS,Ktedonobacteraceae
ERR9527531.bin.3,Medium-quality,Chloroflexota,NRPS,NRPS,Ktedonobacteraceae
ERR9527531.bin.3,Medium-quality,Chloroflexota,T1PKS,PKSI,Ktedonobacteraceae
ERR9527531.bin.3,Medium-quality,Chloroflexota,terpene,Terpene,Ktedonobacteraceae
ERR9527531.bin.3,Medium-quality,Chloroflexota,RiPP-like,RiPPs,Ktedonobacteraceae
ERR9527531.bin.3,Medium-quality,Chloroflexota,NRPS,NRPS,Ktedonobacteraceae
ERR9527531.bin.3,Medium-quality,Chloroflexota,NRPS,NRPS,Ktedonobacteraceae
ERR9527531.bin.3,Medium-quality,Chloroflexota,T1PKS,PKSI,Ktedonobacteraceae
ERR9527531.bin.3,Medium-quality,Chloroflexota,NRPS,NRPS,Ktedonobacteraceae
ERR9527531.bin.3,Medium-quality,Chloroflexota,NRPS,NRPS,Ktedonobacteraceae
ERR9527531.bin.3,Medium-quality,Chloroflexota,NRPS,NRPS,Ktedonobacteraceae
ERR9527531.bin.3,Medium-quality,Chloroflexota,NRPS,NRPS,Ktedonobacteraceae
ERR9527531.bin.3,Medium-quality,Chloroflexota,NRPS,NRPS,Ktedonobacteraceae
ERR9527531.bin.3,Medium-quality,Chloroflexota,NRPS-like,NRPS,Ktedonobacteraceae
ERR9527531.bin.34,Medium-quality,Desulfobacterota,hglE-KS,PKSother,UBA2197
ERR9527531.bin.34,Medium-quality,Desulfobacterota,T1PKS.hglE-KS,PKSother,UBA2197
ERR9527531.bin.34,Medium-quality,Desulfobacterota,NRPS-like,NRPS,UBA2197
ERR9527531.bin.37,Medium-quality,Actinomycetota,NRPS,NRPS,Mycobacteriaceae
ERR9527531.bin.37,Medium-quality,Actinomycetota,NRPS,NRPS,Mycobacteriaceae
ERR9527531.bin.37,Medium-quality,Actinomycetota,NRPS,NRPS,Mycobacteriaceae
ERR9527531.bin.37,Medium-quality,Actinomycetota,NRPS,NRPS,Mycobacteriaceae
ERR9527531.bin.37,Medium-quality,Actinomycetota,NRPS,NRPS,Mycobacteriaceae
ERR9527531.bin.37,Medium-quality,Actinomycetota,NRPS,NRPS,Mycobacteriaceae
ERR9527531.bin.37,Medium-quality,Actinomycetota,NRPS,NRPS,Mycobacteriaceae
ERR9527531.bin.37,Medium-quality,Actinomycetota,NRPS-like,NRPS,Mycobacteriaceae
ERR9527531.bin.37,Medium-quality,Actinomycetota,T1PKS,PKSI,Mycobacteriaceae
ERR9527531.bin.37,Medium-quality,Actinomycetota,T1PKS,PKSI,Mycobacteriaceae
ERR9527531.bin.37,Medium-quality,Actinomycetota,NRPS-like,NRPS,Mycobacteriaceae
ERR9527531.bin.37,Medium-quality,Actinomycetota,NRPS,NRPS,Mycobacteriaceae
ERR9527531.bin.37,Medium-quality,Actinomycetota,NRPS,NRPS,Mycobacteriaceae
ERR9527531.bin.37,Medium-quality,Actinomycetota,T1PKS,PKSI,Mycobacteriaceae
ERR9527531.bin.37,Medium-quality,Actinomycetota,T1PKS,PKSI,Mycobacteriaceae
ERR9527531.bin.37,Medium-quality,Actinomycetota,NRPS,NRPS,Mycobacteriaceae
ERR9527531.bin.37,Medium-quality,Actinomycetota,T3PKS,PKSother,Mycobacteriaceae
ERR9527531.bin.37,Medium-quality,Actinomycetota,T1PKS,PKSI,Mycobacteriaceae
ERR9527531.bin.37,Medium-quality,Actinomycetota,T1PKS,PKSI,Mycobacteriaceae
ERR9527531.bin.37,Medium-quality,Actinomycetota,T1PKS,PKSI,Mycobacteriaceae
ERR9527531.bin.37,Medium-quality,Actinomycetota,T3PKS,PKSother,Mycobacteriaceae
ERR9527531.bin.37,Medium-quality,Actinomycetota,NRPS-like,NRPS,Mycobacteriaceae
ERR9527531.bin.37,Medium-quality,Actinomycetota,NRPS,NRPS,Mycobacteriaceae
ERR9527531.bin.37,Medium-quality,Actinomycetota,NRPS-like,NRPS,Mycobacteriaceae
ERR9527531.bin.37,Medium-quality,Actinomycetota,NRPS,NRPS,Mycobacteriaceae
ERR9527532.bin.20,Medium-quality,Acidobacteriota,terpene,Terpene,Bryobacteraceae
ERR9527532.bin.20,Medium-quality,Acidobacteriota,NRPS-like,NRPS,Bryobacteraceae
ERR9527532.bin.20,Medium-quality,Acidobacteriota,cyanobactin,RiPPs,Bryobacteraceae
ERR9527532.bin.20,Medium-quality,Acidobacteriota,RiPP-like,RiPPs,Bryobacteraceae
ERR9527532.bin.20,Medium-quality,Acidobacteriota,NRPS-like,NRPS,Bryobacteraceae
ERR9527532.bin.23,Medium-quality,Desulfobacterota,arylpolyene,Others,Smithellaceae
ERR9527532.bin.23,Medium-quality,Desulfobacterota,resorcinol,Others,Smithellaceae
ERR9527533.bin.10,Medium-quality,Pseudomonadota,NRPS-like,NRPS,Rhodocyclaceae
ERR9527533.bin.10,Medium-quality,Pseudomonadota,RiPP-like,RiPPs,Rhodocyclaceae
ERR9527533.bin.16,Medium-quality,Pseudomonadota,RiPP-like,RiPPs,Pseudomonadaceae
ERR9527533.bin.38,Medium-quality,Bacillota_I,T3PKS,PKSother,Erysipelotrichaceae
ERR9527533.bin.39,Medium-quality,Bacillota_A,RRE-containing,RiPPs,Unclassified
ERR9527533.bin.44,Medium-quality,Bacillota_D,ranthipeptide,RiPPs,Dethiobacteraceae
ERR9527533.bin.45,Medium-quality,Pseudomonadota,NRPS-like,NRPS,Burkholderiaceae
ERR9527534.bin.28,Medium-quality,Bacillota_A,ranthipeptide,RiPPs,DSM-8532
ERR9527534.bin.30,Medium-quality,Desulfobacterota,NRPS-like,NRPS,WTL
ERR9527534.bin.30,Medium-quality,Desulfobacterota,hglE-KS.T1PKS,PKSother,WTL
ERR9527534.bin.30,Medium-quality,Desulfobacterota,hglE-KS,PKSother,WTL
ERR9527536.bin.17,Medium-quality,Desulfobacterota,arylpolyene,Others,Unclassified
ERR9527536.bin.17,Medium-quality,Desulfobacterota,arylpolyene,Others,Unclassified
ERR9527536.bin.17,Medium-quality,Desulfobacterota,arylpolyene,Others,Unclassified
ERR9527536.bin.17,Medium-quality,Desulfobacterota,resorcinol,Others,Unclassified
ERR9527536.bin.17,Medium-quality,Desulfobacterota,arylpolyene,Others,Unclassified
ERR9527536.bin.17,Medium-quality,Desulfobacterota,hglE-KS,PKSother,Unclassified
ERR9527536.bin.17,Medium-quality,Desulfobacterota,hglE-KS.T1PKS,PKSother,Unclassified
ERR9527536.bin.25,Medium-quality,Bacteroidota,terpene,Terpene,Prolixibacteraceae
ERR9527536.bin.31,Medium-quality,Bacteroidota,RiPP-like,RiPPs,Prolixibacteraceae
ERR9527536.bin.32,Medium-quality,Bacteroidota,NRPS-like,NRPS,Marinilabiliaceae
ERR9527536.bin.32,Medium-quality,Bacteroidota,phosphonate,Others,Marinilabiliaceae
ERR9527536.bin.39,Medium-quality,Bacteroidota,terpene,Terpene,Prolixibacteraceae
ERR9527536.bin.39,Medium-quality,Bacteroidota,terpene,Terpene,Prolixibacteraceae
ERR9527537.bin.11,Medium-quality,Pseudomonadota,arylpolyene,Others,REEB76
ERR9527537.bin.11,Medium-quality,Pseudomonadota,arylpolyene,Others,REEB76
ERR9527537.bin.11,Medium-quality,Pseudomonadota,arylpolyene,Others,REEB76
ERR9527537.bin.11,Medium-quality,Pseudomonadota,resorcinol,Others,REEB76
ERR9527537.bin.11,Medium-quality,Pseudomonadota,arylpolyene,Others,REEB76
ERR9527537.bin.13,Medium-quality,Pseudomonadota,arylpolyene,Others,Stellaceae
ERR9527537.bin.13,Medium-quality,Pseudomonadota,terpene,Terpene,Stellaceae
ERR9527537.bin.13,Medium-quality,Pseudomonadota,T1PKS,PKSI,Stellaceae
ERR9527537.bin.13,Medium-quality,Pseudomonadota,T3PKS,PKSother,Stellaceae
ERR9527537.bin.13,Medium-quality,Pseudomonadota,NRPS-like,NRPS,Stellaceae
ERR9527537.bin.14,Medium-quality,Pseudomonadota,arylpolyene,Others,REEB76
ERR9527537.bin.14,Medium-quality,Pseudomonadota,resorcinol,Others,REEB76
ERR9527537.bin.14,Medium-quality,Pseudomonadota,arylpolyene,Others,REEB76
ERR9527537.bin.14,Medium-quality,Pseudomonadota,arylpolyene,Others,REEB76
ERR9527537.bin.8,Medium-quality,Bacillota_G,NRPS-like,NRPS,JAAYXC01
SRR1164896.bin.11,Medium-quality,Bacteroidota,T3PKS,PKSother,Flavobacteriaceae
SRR1164896.bin.12,Medium-quality,Pseudomonadota,terpene,Terpene,Rhodobacteraceae
SRR1164896.bin.19,Medium-quality,Pseudomonadota,arylpolyene,Others,Psychromonadaceae
SRR1164896.bin.19,Medium-quality,Pseudomonadota,arylpolyene,Others,Psychromonadaceae
SRR1164896.bin.19,Medium-quality,Pseudomonadota,NI-siderophore,Others,Psychromonadaceae
SRR1164896.bin.19,Medium-quality,Pseudomonadota,NI-siderophore,Others,Psychromonadaceae
SRR1164896.bin.19,Medium-quality,Pseudomonadota,PUFA,Others,Psychromonadaceae
SRR1164896.bin.19,Medium-quality,Pseudomonadota,hglE-KS,PKSother,Psychromonadaceae
SRR1164896.bin.2,Medium-quality,Pseudomonadota,PUFA,Others,Shewanellaceae
SRR1164896.bin.2,Medium-quality,Pseudomonadota,arylpolyene,Others,Shewanellaceae
SRR1164896.bin.2,Medium-quality,Pseudomonadota,arylpolyene,Others,Shewanellaceae
SRR1164896.bin.23,Medium-quality,Actinomycetota,RiPP-like,RiPPs,S36-B12
SRR1164896.bin.23,Medium-quality,Actinomycetota,hglE-KS,PKSother,S36-B12
SRR1164896.bin.23,Medium-quality,Actinomycetota,T1PKS,PKSI,S36-B12
SRR1164896.bin.23,Medium-quality,Actinomycetota,T3PKS,PKSother,S36-B12
SRR1164896.bin.24,Medium-quality,Pseudomonadota,terpene,Terpene,Wenzhouxiangellaceae
SRR1164896.bin.27,Medium-quality,Bacillota,NRPS,NRPS,Bacillaceae
SRR1164896.bin.27,Medium-quality,Bacillota,NRPS,NRPS,Bacillaceae
SRR1164896.bin.27,Medium-quality,Bacillota,transAT-PKS-like.NRPS,PKS-NRP_Hybrids,Bacillaceae
SRR1164896.bin.27,Medium-quality,Bacillota,transAT-PKS-like,PKSother,Bacillaceae
SRR1164896.bin.27,Medium-quality,Bacillota,transAT-PKS-like,PKSother,Bacillaceae
SRR1164896.bin.27,Medium-quality,Bacillota,NRPS,NRPS,Bacillaceae
SRR1164896.bin.27,Medium-quality,Bacillota,NRPS,NRPS,Bacillaceae
SRR1164896.bin.27,Medium-quality,Bacillota,NRPS,NRPS,Bacillaceae
SRR1164896.bin.27,Medium-quality,Bacillota,T3PKS,PKSother,Bacillaceae
SRR1164896.bin.27,Medium-quality,Bacillota,transAT-PKS-like,PKSother,Bacillaceae
SRR1164896.bin.27,Medium-quality,Bacillota,transAT-PKS-like,PKSother,Bacillaceae
SRR1164896.bin.27,Medium-quality,Bacillota,transAT-PKS-like,PKSother,Bacillaceae
SRR1164896.bin.27,Medium-quality,Bacillota,transAT-PKS-like,PKSother,Bacillaceae
SRR1164896.bin.27,Medium-quality,Bacillota,terpene,Terpene,Bacillaceae
SRR1164896.bin.27,Medium-quality,Bacillota,lanthipeptide-class-ii,RiPPs,Bacillaceae
SRR1164896.bin.27,Medium-quality,Bacillota,other,Others,Bacillaceae
SRR1164896.bin.27,Medium-quality,Bacillota,transAT-PKS-like,PKSother,Bacillaceae
SRR1164896.bin.27,Medium-quality,Bacillota,NRPS,NRPS,Bacillaceae
SRR1164896.bin.27,Medium-quality,Bacillota,transAT-PKS-like,PKSother,Bacillaceae
SRR1164896.bin.27,Medium-quality,Bacillota,transAT-PKS-like.NRPS,PKS-NRP_Hybrids,Bacillaceae
SRR1164896.bin.27,Medium-quality,Bacillota,transAT-PKS-like,PKSother,Bacillaceae
SRR1164896.bin.27,Medium-quality,Bacillota,transAT-PKS-like,PKSother,Bacillaceae
SRR1164896.bin.27,Medium-quality,Bacillota,transAT-PKS-like.NRPS,PKS-NRP_Hybrids,Bacillaceae
SRR1164896.bin.27,Medium-quality,Bacillota,T3PKS,PKSother,Bacillaceae
SRR1164896.bin.27,Medium-quality,Bacillota,NRPS,NRPS,Bacillaceae
SRR1164896.bin.27,Medium-quality,Bacillota,transAT-PKS-like.NRPS,PKS-NRP_Hybrids,Bacillaceae
SRR1164896.bin.27,Medium-quality,Bacillota,NRPS,NRPS,Bacillaceae
SRR1164896.bin.27,Medium-quality,Bacillota,NRPS,NRPS,Bacillaceae
SRR1164896.bin.27,Medium-quality,Bacillota,transAT-PKS-like,PKSother,Bacillaceae
SRR1164896.bin.27,Medium-quality,Bacillota,transAT-PKS-like,PKSother,Bacillaceae
SRR1164896.bin.27,Medium-quality,Bacillota,transAT-PKS-like,PKSother,Bacillaceae
SRR1164896.bin.27,Medium-quality,Bacillota,transAT-PKS-like,PKSother,Bacillaceae
SRR1164896.bin.27,Medium-quality,Bacillota,transAT-PKS-like,PKSother,Bacillaceae
SRR1164896.bin.27,Medium-quality,Bacillota,transAT-PKS-like,PKSother,Bacillaceae
SRR1164896.bin.27,Medium-quality,Bacillota,NRPS,NRPS,Bacillaceae
SRR1164896.bin.27,Medium-quality,Bacillota,NRPS,NRPS,Bacillaceae
SRR1164896.bin.27,Medium-quality,Bacillota,PKS-like,PKSother,Bacillaceae
SRR1164896.bin.30,Medium-quality,Pseudomonadota,NRPS,NRPS,Cellvibrionaceae
SRR1164896.bin.30,Medium-quality,Pseudomonadota,arylpolyene,Others,Cellvibrionaceae
SRR1164896.bin.30,Medium-quality,Pseudomonadota,NRPS-like,NRPS,Cellvibrionaceae
SRR1164896.bin.4,Medium-quality,Pseudomonadota,arylpolyene,Others,Cellvibrionaceae
SRR1164896.bin.4,Medium-quality,Pseudomonadota,arylpolyene,Others,Cellvibrionaceae
SRR1164896.bin.4,Medium-quality,Pseudomonadota,resorcinol,Others,Cellvibrionaceae
SRR1164896.bin.4,Medium-quality,Pseudomonadota,arylpolyene,Others,Cellvibrionaceae
SRR1164896.bin.4,Medium-quality,Pseudomonadota,arylpolyene,Others,Cellvibrionaceae
SRR14626313.bin.1,Medium-quality,Pseudomonadota,terpene,Terpene,Nitrococcaceae
SRR14626313.bin.1,Medium-quality,Pseudomonadota,NRPS-like,NRPS,Nitrococcaceae
SRR14626313.bin.11,Medium-quality,Desulfobacterota,ranthipeptide,RiPPs,Desulfosalsimonadaceae
SRR14626313.bin.11,Medium-quality,Desulfobacterota,RiPP-like,RiPPs,Desulfosalsimonadaceae
SRR14626313.bin.11,Medium-quality,Desulfobacterota,NRPS-like,NRPS,Desulfosalsimonadaceae
SRR14626313.bin.11,Medium-quality,Desulfobacterota,RiPP-like,RiPPs,Desulfosalsimonadaceae
SRR14626313.bin.24,Medium-quality,Pseudomonadota,terpene,Terpene,Nitrococcaceae
SRR14626313.bin.24,Medium-quality,Pseudomonadota,NRPS-like,NRPS,Nitrococcaceae
SRR14626313.bin.6,Medium-quality,Pseudomonadota,terpene,Terpene,Rhodobacteraceae
SRR16229770.bin.19,Medium-quality,Pseudomonadota,NRPS-like,NRPS,SG8-39
SRR16229770.bin.19,Medium-quality,Pseudomonadota,NRPS-like,NRPS,SG8-39
SRR16229770.bin.4,Medium-quality,Pseudomonadota,NRPS-like,NRPS,Chromobacteriaceae
SRR16229770.bin.4,Medium-quality,Pseudomonadota,NI-siderophore,Others,Chromobacteriaceae
SRR16229771.bin.10,Medium-quality,Pseudomonadota,arylpolyene,Others,SG8-39
SRR16229771.bin.10,Medium-quality,Pseudomonadota,NRPS-like,NRPS,SG8-39
SRR16229772.bin.3,Medium-quality,Bacteroidota,T3PKS,PKSother,Cyclobacteriaceae
SRR16229772.bin.9,Medium-quality,Actinomycetota,NRPS-like,NRPS,Ilumatobacteraceae
SRR16229772.bin.9,Medium-quality,Actinomycetota,other,Others,Ilumatobacteraceae
SRR16229774.bin.2,Medium-quality,Pseudomonadota,arylpolyene,Others,Rhodanobacteraceae
SRR16229774.bin.2,Medium-quality,Pseudomonadota,arylpolyene,Others,Rhodanobacteraceae
SRR16229775.bin.24,Medium-quality,Pseudomonadota,NRPS-like,NRPS,Steroidobacteraceae
SRR16229776.bin.18,Medium-quality,Chloroflexota,NRPS,NRPS,Villigracilaceae
SRR16229776.bin.23,Medium-quality,Myxococcota,hglE-KS,PKSother,Nannocystaceae
SRR16229776.bin.23,Medium-quality,Myxococcota,T3PKS,PKSother,Nannocystaceae
SRR16229776.bin.23,Medium-quality,Myxococcota,indole,Others,Nannocystaceae
SRR16229776.bin.23,Medium-quality,Myxococcota,terpene,Terpene,Nannocystaceae
SRR16229776.bin.23,Medium-quality,Myxococcota,terpene,Terpene,Nannocystaceae
SRR16229776.bin.23,Medium-quality,Myxococcota,T1PKS,PKSI,Nannocystaceae
SRR16229776.bin.23,Medium-quality,Myxococcota,NRPS,NRPS,Nannocystaceae
SRR16229776.bin.23,Medium-quality,Myxococcota,arylpolyene,Others,Nannocystaceae
SRR16229776.bin.23,Medium-quality,Myxococcota,arylpolyene,Others,Nannocystaceae
SRR16229776.bin.23,Medium-quality,Myxococcota,arylpolyene,Others,Nannocystaceae
SRR16229776.bin.23,Medium-quality,Myxococcota,hglE-KS,PKSother,Nannocystaceae
SRR16229776.bin.23,Medium-quality,Myxococcota,hglE-KS,PKSother,Nannocystaceae
SRR16229776.bin.7,Medium-quality,Pseudomonadota,arylpolyene,Others,Xanthomonadaceae
SRR16229776.bin.7,Medium-quality,Pseudomonadota,arylpolyene,Others,Xanthomonadaceae
SRR16229776.bin.7,Medium-quality,Pseudomonadota,indole,Others,Xanthomonadaceae
SRR16229776.bin.9,Medium-quality,Acidobacteriota,T3PKS,PKSother,UBA5704
SRR16229778.bin.24,Medium-quality,Pseudomonadota,NRPS-like,NRPS,Woeseiaceae
SRR16229778.bin.24,Medium-quality,Pseudomonadota,NRPS,NRPS,Woeseiaceae
SRR16229779.bin.10,Medium-quality,Pseudomonadota,arylpolyene,Others,Steroidobacteraceae
SRR16229779.bin.8,Medium-quality,Pseudomonadota,NRPS-like,NRPS,Kiloniellaceae
SRR16229779.bin.8,Medium-quality,Pseudomonadota,T3PKS,PKSother,Kiloniellaceae
SRR16229779.bin.8,Medium-quality,Pseudomonadota,terpene,Terpene,Kiloniellaceae
SRR16229780.bin.7,Medium-quality,Pseudomonadota,terpene,Terpene,Sphingomonadaceae
SRR16229780.bin.7,Medium-quality,Pseudomonadota,T3PKS,PKSother,Sphingomonadaceae
SRR16229780.bin.8,Medium-quality,Pseudomonadota,NRPS-like,NRPS,Steroidobacteraceae
SRR16229781.bin.9,Medium-quality,Pseudomonadota,RiPP-like,RiPPs,Aeromonadaceae
SRR16229781.bin.9,Medium-quality,Pseudomonadota,NRPS,NRPS,Aeromonadaceae
SRR16229781.bin.9,Medium-quality,Pseudomonadota,NRPS,NRPS,Aeromonadaceae
SRR16229781.bin.9,Medium-quality,Pseudomonadota,arylpolyene,Others,Aeromonadaceae
SRR16229781.bin.9,Medium-quality,Pseudomonadota,arylpolyene,Others,Aeromonadaceae
SRR16229782.bin.10,Medium-quality,Pseudomonadota,NRPS-like,NRPS,Steroidobacteraceae
SRR16229784.bin.3,Medium-quality,Pseudomonadota,NRPS,NRPS,Sphingomonadaceae
SRR16229784.bin.3,Medium-quality,Pseudomonadota,NRPS,NRPS,Sphingomonadaceae
SRR16229784.bin.3,Medium-quality,Pseudomonadota,terpene,Terpene,Sphingomonadaceae
SRR16229784.bin.3,Medium-quality,Pseudomonadota,T3PKS,PKSother,Sphingomonadaceae
SRR16229784.bin.3,Medium-quality,Pseudomonadota,RiPP-like,RiPPs,Sphingomonadaceae
SRR16229785.bin.20,Medium-quality,Pseudomonadota,lanthipeptide-class-iv,RiPPs,Dongiaceae
SRR16229785.bin.20,Medium-quality,Pseudomonadota,NRPS-like,NRPS,Dongiaceae
SRR16229785.bin.20,Medium-quality,Pseudomonadota,T3PKS,PKSother,Dongiaceae
SRR16229787.bin.5,Medium-quality,Pseudomonadota,NRPS-like,NRPS,Rhodocyclaceae
SRR16229787.bin.5,Medium-quality,Pseudomonadota,arylpolyene,Others,Rhodocyclaceae
SRR16229787.bin.5,Medium-quality,Pseudomonadota,RiPP-like,RiPPs,Rhodocyclaceae
SRR19594458.bin.15,Medium-quality,Pseudomonadota,arylpolyene,Others,HTCC5015
SRR19594458.bin.15,Medium-quality,Pseudomonadota,arylpolyene,Others,HTCC5015
SRR19594458.bin.15,Medium-quality,Pseudomonadota,terpene,Terpene,HTCC5015
SRR19594458.bin.4,Medium-quality,Pseudomonadota,terpene,Terpene,UBA4486
SRR19594458.bin.4,Medium-quality,Pseudomonadota,terpene,Terpene,UBA4486
SRR19594458.bin.4,Medium-quality,Pseudomonadota,phosphonate,Others,UBA4486
SRR19594458.bin.6,Medium-quality,Chlamydiota,NRPS-like,NRPS,SM23-39
SRR19594458.bin.6,Medium-quality,Chlamydiota,T3PKS,PKSother,SM23-39
SRR19594458.bin.8,Medium-quality,Pseudomonadota,NRPS-like,NRPS,QNFN01
SRR19594458.bin.8,Medium-quality,Pseudomonadota,ranthipeptide,RiPPs,QNFN01
SRR19594459.bin.1,Medium-quality,Bacteroidota,arylpolyene,Others,Flavobacteriaceae
SRR19594459.bin.1,Medium-quality,Bacteroidota,T3PKS,PKSother,Flavobacteriaceae
SRR19594459.bin.18,Medium-quality,Pseudomonadota,terpene,Terpene,Sphingomonadaceae
SRR19594459.bin.18,Medium-quality,Pseudomonadota,T3PKS,PKSother,Sphingomonadaceae
SRR19594459.bin.20,Medium-quality,Bacteroidota,T3PKS,PKSother,Cyclobacteriaceae
SRR19594459.bin.20,Medium-quality,Bacteroidota,terpene,Terpene,Cyclobacteriaceae
SRR19594459.bin.21,Medium-quality,Pseudomonadota,NRPS,NRPS,Xanthomonadaceae
SRR19594459.bin.21,Medium-quality,Pseudomonadota,arylpolyene,Others,Xanthomonadaceae
SRR19594459.bin.21,Medium-quality,Pseudomonadota,T1PKS.NRPS-like,PKS-NRP_Hybrids,Xanthomonadaceae
SRR19594459.bin.22,Medium-quality,Pseudomonadota,terpene,Terpene,Burkholderiaceae
SRR19594459.bin.22,Medium-quality,Pseudomonadota,arylpolyene,Others,Burkholderiaceae
SRR19594459.bin.22,Medium-quality,Pseudomonadota,RiPP-like,RiPPs,Burkholderiaceae
SRR19594459.bin.23,Medium-quality,Cyanobacteriota,terpene,Terpene,Phormidesmiaceae
SRR19594459.bin.23,Medium-quality,Cyanobacteriota,arylpolyene,Others,Phormidesmiaceae
SRR19594459.bin.23,Medium-quality,Cyanobacteriota,NRPS-like,NRPS,Phormidesmiaceae
SRR19594459.bin.23,Medium-quality,Cyanobacteriota,NRPS-like,NRPS,Phormidesmiaceae
SRR19594459.bin.23,Medium-quality,Cyanobacteriota,terpene,Terpene,Phormidesmiaceae
SRR19594459.bin.23,Medium-quality,Cyanobacteriota,T1PKS,PKSI,Phormidesmiaceae
SRR19594459.bin.23,Medium-quality,Cyanobacteriota,T1PKS,PKSI,Phormidesmiaceae
SRR19594459.bin.23,Medium-quality,Cyanobacteriota,T1PKS,PKSI,Phormidesmiaceae
SRR19594459.bin.23,Medium-quality,Cyanobacteriota,T1PKS,PKSI,Phormidesmiaceae
SRR19594459.bin.23,Medium-quality,Cyanobacteriota,T1PKS,PKSI,Phormidesmiaceae
SRR19594459.bin.23,Medium-quality,Cyanobacteriota,terpene,Terpene,Phormidesmiaceae
SRR19594459.bin.23,Medium-quality,Cyanobacteriota,NRPS-like,NRPS,Phormidesmiaceae
SRR19594459.bin.23,Medium-quality,Cyanobacteriota,T1PKS,PKSI,Phormidesmiaceae
SRR19594459.bin.23,Medium-quality,Cyanobacteriota,NRPS,NRPS,Phormidesmiaceae
SRR19594459.bin.23,Medium-quality,Cyanobacteriota,NRPS,NRPS,Phormidesmiaceae
SRR19594459.bin.33,Medium-quality,Pseudomonadota,NRPS-like,NRPS,Oleiphilaceae
SRR19594459.bin.33,Medium-quality,Pseudomonadota,NI-siderophore,Others,Oleiphilaceae
SRR19594459.bin.45,Medium-quality,Bacteroidota,T3PKS,PKSother,Flavobacteriaceae
SRR19594459.bin.45,Medium-quality,Bacteroidota,arylpolyene,Others,Flavobacteriaceae
SRR19594459.bin.47,Medium-quality,Bacteroidota,terpene,Terpene,Flavobacteriaceae
SRR19594459.bin.47,Medium-quality,Bacteroidota,arylpolyene,Others,Flavobacteriaceae
SRR19594459.bin.47,Medium-quality,Bacteroidota,T3PKS,PKSother,Flavobacteriaceae
SRR19594459.bin.47,Medium-quality,Bacteroidota,arylpolyene,Others,Flavobacteriaceae
SRR19594459.bin.47,Medium-quality,Bacteroidota,arylpolyene,Others,Flavobacteriaceae
SRR19594459.bin.47,Medium-quality,Bacteroidota,T1PKS,PKSI,Flavobacteriaceae
SRR19594459.bin.53,Medium-quality,Gemmatimonadota,NRPS,NRPS,Longimicrobiaceae
SRR19594459.bin.53,Medium-quality,Gemmatimonadota,T1PKS,PKSI,Longimicrobiaceae
SRR19594459.bin.53,Medium-quality,Gemmatimonadota,NRPS-like,NRPS,Longimicrobiaceae
SRR19594459.bin.53,Medium-quality,Gemmatimonadota,NRPS,NRPS,Longimicrobiaceae
SRR19594459.bin.53,Medium-quality,Gemmatimonadota,NRPS,NRPS,Longimicrobiaceae
SRR19594459.bin.53,Medium-quality,Gemmatimonadota,NRPS,NRPS,Longimicrobiaceae
SRR19594459.bin.53,Medium-quality,Gemmatimonadota,NRPS,NRPS,Longimicrobiaceae
SRR19594459.bin.53,Medium-quality,Gemmatimonadota,T1PKS,PKSI,Longimicrobiaceae
SRR19594459.bin.53,Medium-quality,Gemmatimonadota,NRPS,NRPS,Longimicrobiaceae
SRR19594459.bin.53,Medium-quality,Gemmatimonadota,T1PKS,PKSI,Longimicrobiaceae
SRR19594459.bin.53,Medium-quality,Gemmatimonadota,NRPS-like,NRPS,Longimicrobiaceae
SRR19594459.bin.53,Medium-quality,Gemmatimonadota,NRPS,NRPS,Longimicrobiaceae
SRR19594459.bin.53,Medium-quality,Gemmatimonadota,NRPS,NRPS,Longimicrobiaceae
SRR19594459.bin.53,Medium-quality,Gemmatimonadota,NRPS,NRPS,Longimicrobiaceae
SRR19594459.bin.53,Medium-quality,Gemmatimonadota,NRPS,NRPS,Longimicrobiaceae
SRR19594459.bin.53,Medium-quality,Gemmatimonadota,NRPS,NRPS,Longimicrobiaceae
SRR19594459.bin.53,Medium-quality,Gemmatimonadota,terpene,Terpene,Longimicrobiaceae
SRR19594459.bin.53,Medium-quality,Gemmatimonadota,NRPS-like,NRPS,Longimicrobiaceae
SRR19594459.bin.53,Medium-quality,Gemmatimonadota,NRPS,NRPS,Longimicrobiaceae
SRR19594459.bin.53,Medium-quality,Gemmatimonadota,NRPS,NRPS,Longimicrobiaceae
SRR19594459.bin.53,Medium-quality,Gemmatimonadota,NRPS,NRPS,Longimicrobiaceae
SRR19594459.bin.53,Medium-quality,Gemmatimonadota,NRPS,NRPS,Longimicrobiaceae
SRR19594459.bin.53,Medium-quality,Gemmatimonadota,NRPS-like,NRPS,Longimicrobiaceae
SRR19594459.bin.53,Medium-quality,Gemmatimonadota,NRPS,NRPS,Longimicrobiaceae
SRR19594459.bin.53,Medium-quality,Gemmatimonadota,NRPS,NRPS,Longimicrobiaceae
SRR19594459.bin.53,Medium-quality,Gemmatimonadota,NRPS,NRPS,Longimicrobiaceae
SRR19594459.bin.53,Medium-quality,Gemmatimonadota,NRPS,NRPS,Longimicrobiaceae
SRR19594459.bin.53,Medium-quality,Gemmatimonadota,NRPS-like,NRPS,Longimicrobiaceae
SRR19594459.bin.53,Medium-quality,Gemmatimonadota,NRPS,NRPS,Longimicrobiaceae
SRR19594459.bin.53,Medium-quality,Gemmatimonadota,NRPS,NRPS,Longimicrobiaceae
SRR19594459.bin.53,Medium-quality,Gemmatimonadota,NRPS-like,NRPS,Longimicrobiaceae
SRR19594459.bin.53,Medium-quality,Gemmatimonadota,RiPP-like,RiPPs,Longimicrobiaceae
SRR19594459.bin.54,Medium-quality,Bacteroidota,T3PKS,PKSother,Balneolaceae
SRR19594459.bin.58,Medium-quality,Bacteroidota,T3PKS,PKSother,Balneolaceae
SRR19594459.bin.58,Medium-quality,Bacteroidota,terpene,Terpene,Balneolaceae
SRR19594459.bin.65,Medium-quality,Bacteroidota,T3PKS,PKSother,Flavobacteriaceae
SRR19594460.bin.19,Medium-quality,Pseudomonadota,phosphonate,Others,SZUA-36
SRR19594460.bin.5,Medium-quality,Acidobacteriota,NRPS,NRPS,UBA5704
SRR19594460.bin.5,Medium-quality,Acidobacteriota,NRPS,NRPS,UBA5704
SRR19594460.bin.5,Medium-quality,Acidobacteriota,NRPS,NRPS,UBA5704
SRR19594460.bin.5,Medium-quality,Acidobacteriota,NRPS,NRPS,UBA5704
SRR19594460.bin.5,Medium-quality,Acidobacteriota,NRPS,NRPS,UBA5704
SRR19594460.bin.5,Medium-quality,Acidobacteriota,NRPS.T1PKS,PKS-NRP_Hybrids,UBA5704
SRR19594460.bin.5,Medium-quality,Acidobacteriota,NRPS,NRPS,UBA5704
SRR19594460.bin.5,Medium-quality,Acidobacteriota,T3PKS,PKSother,UBA5704
SRR19594460.bin.5,Medium-quality,Acidobacteriota,RiPP-like,RiPPs,UBA5704
SRR19594460.bin.5,Medium-quality,Acidobacteriota,T3PKS,PKSother,UBA5704
SRR19594460.bin.5,Medium-quality,Acidobacteriota,NRPS,NRPS,UBA5704
SRR19594460.bin.5,Medium-quality,Acidobacteriota,NRPS.T1PKS,PKS-NRP_Hybrids,UBA5704
SRR19594460.bin.5,Medium-quality,Acidobacteriota,terpene,Terpene,UBA5704
SRR19594460.bin.5,Medium-quality,Acidobacteriota,NRPS,NRPS,UBA5704
SRR19594460.bin.5,Medium-quality,Acidobacteriota,T1PKS.NRPS,PKS-NRP_Hybrids,UBA5704
SRR19594460.bin.5,Medium-quality,Acidobacteriota,NRPS,NRPS,UBA5704
SRR19594460.bin.5,Medium-quality,Acidobacteriota,lanthipeptide-class-ii,RiPPs,UBA5704
SRR19594460.bin.5,Medium-quality,Acidobacteriota,NRPS,NRPS,UBA5704
SRR19594460.bin.5,Medium-quality,Acidobacteriota,NRPS,NRPS,UBA5704
SRR19594460.bin.5,Medium-quality,Acidobacteriota,T1PKS,PKSI,UBA5704
SRR19594460.bin.5,Medium-quality,Acidobacteriota,NRPS,NRPS,UBA5704
SRR19594460.bin.5,Medium-quality,Acidobacteriota,T1PKS.NRPS,PKS-NRP_Hybrids,UBA5704
SRR19594460.bin.5,Medium-quality,Acidobacteriota,NRPS,NRPS,UBA5704
SRR19594460.bin.5,Medium-quality,Acidobacteriota,T1PKS,PKSI,UBA5704
SRR19594460.bin.5,Medium-quality,Acidobacteriota,NRPS,NRPS,UBA5704
SRR19594460.bin.5,Medium-quality,Acidobacteriota,RRE-containing,RiPPs,UBA5704
SRR19594460.bin.5,Medium-quality,Acidobacteriota,NRPS,NRPS,UBA5704
SRR19594460.bin.5,Medium-quality,Acidobacteriota,NRPS,NRPS,UBA5704
SRR19594460.bin.5,Medium-quality,Acidobacteriota,T1PKS,PKSI,UBA5704
SRR19594460.bin.5,Medium-quality,Acidobacteriota,NRPS,NRPS,UBA5704
SRR19594460.bin.5,Medium-quality,Acidobacteriota,NRPS,NRPS,UBA5704
SRR19594460.bin.5,Medium-quality,Acidobacteriota,NRPS,NRPS,UBA5704
SRR19594460.bin.5,Medium-quality,Acidobacteriota,T1PKS.NRPS,PKS-NRP_Hybrids,UBA5704
SRR19594460.bin.5,Medium-quality,Acidobacteriota,T1PKS.NRPS,PKS-NRP_Hybrids,UBA5704
SRR19594460.bin.5,Medium-quality,Acidobacteriota,NRPS,NRPS,UBA5704
SRR19594460.bin.5,Medium-quality,Acidobacteriota,NRPS,NRPS,UBA5704
SRR19594460.bin.5,Medium-quality,Acidobacteriota,terpene,Terpene,UBA5704
SRR19594460.bin.5,Medium-quality,Acidobacteriota,T1PKS.NRPS,PKS-NRP_Hybrids,UBA5704
SRR19594460.bin.5,Medium-quality,Acidobacteriota,NRPS,NRPS,UBA5704
SRR19594460.bin.5,Medium-quality,Acidobacteriota,NRPS,NRPS,UBA5704
SRR19594460.bin.5,Medium-quality,Acidobacteriota,NRPS,NRPS,UBA5704
SRR19594460.bin.5,Medium-quality,Acidobacteriota,NRPS,NRPS,UBA5704
SRR19594460.bin.5,Medium-quality,Acidobacteriota,NRPS,NRPS,UBA5704
SRR19594460.bin.5,Medium-quality,Acidobacteriota,NRPS,NRPS,UBA5704
SRR19594460.bin.5,Medium-quality,Acidobacteriota,NRPS-like,NRPS,UBA5704
SRR19594460.bin.5,Medium-quality,Acidobacteriota,NRPS,NRPS,UBA5704
SRR19594460.bin.5,Medium-quality,Acidobacteriota,NRPS,NRPS,UBA5704
SRR19594460.bin.5,Medium-quality,Acidobacteriota,RiPP-like,RiPPs,UBA5704
SRR19594460.bin.5,Medium-quality,Acidobacteriota,NRPS,NRPS,UBA5704
SRR19594460.bin.5,Medium-quality,Acidobacteriota,NRPS-like,NRPS,UBA5704
SRR19594460.bin.5,Medium-quality,Acidobacteriota,RiPP-like,RiPPs,UBA5704
SRR19594460.bin.5,Medium-quality,Acidobacteriota,NRPS-like,NRPS,UBA5704
SRR19594460.bin.5,Medium-quality,Acidobacteriota,NRPS,NRPS,UBA5704
SRR19594460.bin.5,Medium-quality,Acidobacteriota,NRPS.T1PKS,PKS-NRP_Hybrids,UBA5704
SRR19594460.bin.5,Medium-quality,Acidobacteriota,T1PKS,PKSI,UBA5704
SRR19594460.bin.5,Medium-quality,Acidobacteriota,T1PKS,PKSI,UBA5704
SRR19594460.bin.5,Medium-quality,Acidobacteriota,NRPS,NRPS,UBA5704
SRR19594460.bin.5,Medium-quality,Acidobacteriota,NRPS,NRPS,UBA5704
SRR19594460.bin.5,Medium-quality,Acidobacteriota,NRPS-like,NRPS,UBA5704
SRR19594460.bin.5,Medium-quality,Acidobacteriota,NRPS,NRPS,UBA5704
SRR19594460.bin.5,Medium-quality,Acidobacteriota,NRPS,NRPS,UBA5704
SRR19594460.bin.5,Medium-quality,Acidobacteriota,RiPP-like,RiPPs,UBA5704
SRR19594460.bin.5,Medium-quality,Acidobacteriota,NRPS,NRPS,UBA5704
SRR19594461.bin.10,Medium-quality,Bacteroidota,terpene,Terpene,Balneolaceae
SRR19594461.bin.10,Medium-quality,Bacteroidota,T3PKS,PKSother,Balneolaceae
SRR19594461.bin.10,Medium-quality,Bacteroidota,terpene,Terpene,Balneolaceae
SRR19594461.bin.31,Medium-quality,Bacteroidota,terpene,Terpene,Balneolaceae
SRR19594461.bin.31,Medium-quality,Bacteroidota,T3PKS,PKSother,Balneolaceae
SRR19594461.bin.33,Medium-quality,Bacteroidota,terpene,Terpene,Cyclobacteriaceae
SRR19594461.bin.33,Medium-quality,Bacteroidota,RiPP-like,RiPPs,Cyclobacteriaceae
SRR19594461.bin.33,Medium-quality,Bacteroidota,T3PKS,PKSother,Cyclobacteriaceae
SRR19594461.bin.36,Medium-quality,Bacteroidota,arylpolyene,Others,Flavobacteriaceae
SRR19594461.bin.36,Medium-quality,Bacteroidota,terpene,Terpene,Flavobacteriaceae
SRR19594461.bin.36,Medium-quality,Bacteroidota,T3PKS,PKSother,Flavobacteriaceae
SRR19594461.bin.47,Medium-quality,Bacteroidota,T3PKS,PKSother,Balneolaceae
SRR19594461.bin.47,Medium-quality,Bacteroidota,terpene,Terpene,Balneolaceae
SRR19594461.bin.50,Medium-quality,Pseudomonadota,NRPS,NRPS,Alcanivoracaceae
SRR19594461.bin.60,Medium-quality,Bacteroidota,terpene,Terpene,Cyclobacteriaceae
SRR19594461.bin.60,Medium-quality,Bacteroidota,other,Others,Cyclobacteriaceae
SRR19594461.bin.60,Medium-quality,Bacteroidota,T3PKS,PKSother,Cyclobacteriaceae
SRR19594461.bin.62,Medium-quality,Bacteroidota,T3PKS,PKSother,Balneolaceae
SRR19594461.bin.62,Medium-quality,Bacteroidota,terpene,Terpene,Balneolaceae
SRR19594461.bin.63,Medium-quality,Bacteroidota,terpene,Terpene,VXPQ01
SRR19594461.bin.63,Medium-quality,Bacteroidota,T3PKS,PKSother,VXPQ01
SRR19594461.bin.65,Medium-quality,Gemmatimonadota,T3PKS,PKSother,UBA6960
SRR19594461.bin.65,Medium-quality,Gemmatimonadota,terpene,Terpene,UBA6960
SRR19594461.bin.66,Medium-quality,Gemmatimonadota,terpene,Terpene,Longimicrobiaceae
SRR19594461.bin.66,Medium-quality,Gemmatimonadota,NRPS,NRPS,Longimicrobiaceae
SRR19594461.bin.68,Medium-quality,Pseudomonadota,arylpolyene,Others,Xanthomonadaceae
SRR19594461.bin.68,Medium-quality,Pseudomonadota,arylpolyene,Others,Xanthomonadaceae
SRR19594461.bin.70,Medium-quality,Bacteroidota,terpene,Terpene,Cyclobacteriaceae
SRR19594461.bin.70,Medium-quality,Bacteroidota,arylpolyene,Others,Cyclobacteriaceae
SRR19594461.bin.70,Medium-quality,Bacteroidota,arylpolyene,Others,Cyclobacteriaceae
SRR19594461.bin.70,Medium-quality,Bacteroidota,arylpolyene,Others,Cyclobacteriaceae
SRR19594461.bin.70,Medium-quality,Bacteroidota,T3PKS,PKSother,Cyclobacteriaceae
SRR19594461.bin.81,Medium-quality,Gemmatimonadota,ranthipeptide,RiPPs,Longimicrobiaceae
SRR19594461.bin.81,Medium-quality,Gemmatimonadota,terpene,Terpene,Longimicrobiaceae
SRR19594461.bin.83,Medium-quality,Pseudomonadota,NRPS-like,NRPS,Alcanivoracaceae
SRR19594462.bin.17,Medium-quality,Chloroflexota,arylpolyene,Others,RBG-16-68-14
SRR19594462.bin.27,Medium-quality,Acidobacteriota,NRPS-like,NRPS,SMYC01
SRR19594462.bin.27,Medium-quality,Acidobacteriota,ranthipeptide,RiPPs,SMYC01
SRR19594462.bin.27,Medium-quality,Acidobacteriota,terpene,Terpene,SMYC01
SRR19594462.bin.27,Medium-quality,Acidobacteriota,T3PKS,PKSother,SMYC01
SRR19594462.bin.27,Medium-quality,Acidobacteriota,arylpolyene,Others,SMYC01
SRR19594462.bin.29,Medium-quality,Pseudomonadota,NRPS-like,NRPS,Woeseiaceae
SRR19594462.bin.31,Medium-quality,Pseudomonadota,terpene,Terpene,Afifellaceae
SRR19594462.bin.31,Medium-quality,Pseudomonadota,RiPP-like,RiPPs,Afifellaceae
SRR19594462.bin.5,Medium-quality,Gemmatimonadota,indole,Others,GWC2-71-9
SRR19594462.bin.5,Medium-quality,Gemmatimonadota,terpene,Terpene,GWC2-71-9
SRR19594462.bin.6,Medium-quality,SAR324,T3PKS,PKSother,JACQKK01
SRR19594462.bin.6,Medium-quality,SAR324,NRPS-like,NRPS,JACQKK01
SRR19594462.bin.7,Medium-quality,Acidobacteriota,phosphonate,Others,2-02-FULL-67-57
SRR19594462.bin.7,Medium-quality,Acidobacteriota,T3PKS,PKSother,2-02-FULL-67-57
SRR19594462.bin.7,Medium-quality,Acidobacteriota,NRPS-like,NRPS,2-02-FULL-67-57
SRR19594463.bin.1,Medium-quality,Pseudomonadota,terpene,Terpene,Wenzhouxiangellaceae
SRR19594463.bin.1,Medium-quality,Pseudomonadota,terpene,Terpene,Wenzhouxiangellaceae
SRR19594463.bin.1,Medium-quality,Pseudomonadota,terpene,Terpene,Wenzhouxiangellaceae
SRR19594463.bin.27,Medium-quality,Desulfobacterota,acyl_amino_acids,Others,Desulfovibrionaceae
SRR19594463.bin.27,Medium-quality,Desulfobacterota,arylpolyene,Others,Desulfovibrionaceae
SRR19594463.bin.27,Medium-quality,Desulfobacterota,arylpolyene,Others,Desulfovibrionaceae
SRR19594463.bin.27,Medium-quality,Desulfobacterota,arylpolyene,Others,Desulfovibrionaceae
SRR19594463.bin.27,Medium-quality,Desulfobacterota,NRPS-like,NRPS,Desulfovibrionaceae
SRR19594463.bin.27,Medium-quality,Desulfobacterota,RiPP-like,RiPPs,Desulfovibrionaceae
SRR19594463.bin.37,Medium-quality,Desulfobacterota,T1PKS,PKSI,BM103
SRR19594463.bin.37,Medium-quality,Desulfobacterota,NRPS-like,NRPS,BM103
SRR19594463.bin.37,Medium-quality,Desulfobacterota,T3PKS,PKSother,BM103
SRR19594464.bin.15,Medium-quality,Pseudomonadota,phosphonate,Others,SZUA-36
SRR19594464.bin.18,Medium-quality,Pseudomonadota,terpene,Terpene,UBA4486
SRR19594464.bin.18,Medium-quality,Pseudomonadota,terpene,Terpene,UBA4486
SRR19594464.bin.18,Medium-quality,Pseudomonadota,phosphonate,Others,UBA4486
SRR19594464.bin.27,Medium-quality,Chloroflexota,other,Others,RBG-16-64-32
SRR19594464.bin.27,Medium-quality,Chloroflexota,terpene,Terpene,RBG-16-64-32
SRR19594464.bin.27,Medium-quality,Chloroflexota,other,Others,RBG-16-64-32
SRR19594464.bin.31,Medium-quality,Acidobacteriota,T3PKS,PKSother,Unclassified
SRR19594464.bin.31,Medium-quality,Acidobacteriota,T3PKS,PKSother,Unclassified
SRR19594464.bin.31,Medium-quality,Acidobacteriota,terpene,Terpene,Unclassified
SRR19594464.bin.31,Medium-quality,Acidobacteriota,RiPP-like,RiPPs,Unclassified
SRR19594464.bin.31,Medium-quality,Acidobacteriota,NRPS-like,NRPS,Unclassified
SRR19594465.bin.10,Medium-quality,Pseudomonadota,NRPS-like,NRPS,JAABTG01
SRR19594465.bin.11,Medium-quality,Acidobacteriota,T3PKS,PKSother,UBA5704
SRR19594465.bin.11,Medium-quality,Acidobacteriota,PKS-like,PKSother,UBA5704
SRR19594465.bin.11,Medium-quality,Acidobacteriota,ladderane,Others,UBA5704
SRR19594465.bin.11,Medium-quality,Acidobacteriota,T3PKS,PKSother,UBA5704
SRR19594465.bin.11,Medium-quality,Acidobacteriota,NRPS,NRPS,UBA5704
SRR19594465.bin.11,Medium-quality,Acidobacteriota,NRPS,NRPS,UBA5704
SRR19594465.bin.11,Medium-quality,Acidobacteriota,lanthipeptide-class-iv,RiPPs,UBA5704
SRR19594465.bin.20,Medium-quality,Marinisomatota,T3PKS,PKSother,JAANXI01
SRR19594465.bin.28,Medium-quality,Pseudomonadota,NRPS,NRPS,Inquilinaceae
SRR19594465.bin.28,Medium-quality,Pseudomonadota,NRPS,NRPS,Inquilinaceae
SRR19594465.bin.28,Medium-quality,Pseudomonadota,terpene,Terpene,Inquilinaceae
SRR19594465.bin.28,Medium-quality,Pseudomonadota,T3PKS,PKSother,Inquilinaceae
SRR19594465.bin.28,Medium-quality,Pseudomonadota,NRPS-like,NRPS,Inquilinaceae
SRR19594465.bin.29,Medium-quality,Bacteroidota,terpene,Terpene,Balneolaceae
SRR19594465.bin.29,Medium-quality,Bacteroidota,T3PKS,PKSother,Balneolaceae
SRR19594465.bin.38,Medium-quality,Pseudomonadota,terpene,Terpene,Wenzhouxiangellaceae
SRR19594465.bin.38,Medium-quality,Pseudomonadota,terpene,Terpene,Wenzhouxiangellaceae
SRR19594465.bin.38,Medium-quality,Pseudomonadota,terpene,Terpene,Wenzhouxiangellaceae
SRR19594465.bin.39,Medium-quality,Acidobacteriota,T1PKS,PKSI,Unclassified
SRR19594465.bin.39,Medium-quality,Acidobacteriota,NRPS-like,NRPS,Unclassified
SRR19594465.bin.39,Medium-quality,Acidobacteriota,T3PKS,PKSother,Unclassified
SRR19594465.bin.39,Medium-quality,Acidobacteriota,NRPS,NRPS,Unclassified
SRR19594465.bin.39,Medium-quality,Acidobacteriota,NRPS,NRPS,Unclassified
SRR19594465.bin.39,Medium-quality,Acidobacteriota,NRPS,NRPS,Unclassified
SRR19594465.bin.39,Medium-quality,Acidobacteriota,NRPS,NRPS,Unclassified
SRR19594465.bin.39,Medium-quality,Acidobacteriota,NRPS,NRPS,Unclassified
SRR19594465.bin.39,Medium-quality,Acidobacteriota,NRPS,NRPS,Unclassified
SRR19594465.bin.39,Medium-quality,Acidobacteriota,T1PKS,PKSI,Unclassified
SRR19594465.bin.39,Medium-quality,Acidobacteriota,NRPS,NRPS,Unclassified
SRR19594465.bin.39,Medium-quality,Acidobacteriota,ladderane,Others,Unclassified
SRR19594465.bin.39,Medium-quality,Acidobacteriota,NRPS,NRPS,Unclassified
SRR19594465.bin.39,Medium-quality,Acidobacteriota,NRPS-like,NRPS,Unclassified
SRR19594465.bin.39,Medium-quality,Acidobacteriota,NRPS,NRPS,Unclassified
SRR19594465.bin.39,Medium-quality,Acidobacteriota,NRPS,NRPS,Unclassified
SRR19594465.bin.39,Medium-quality,Acidobacteriota,NRPS,NRPS,Unclassified
SRR19594465.bin.39,Medium-quality,Acidobacteriota,T1PKS,PKSI,Unclassified
SRR19594465.bin.39,Medium-quality,Acidobacteriota,NRPS,NRPS,Unclassified
SRR19594465.bin.39,Medium-quality,Acidobacteriota,NRPS,NRPS,Unclassified
SRR19594465.bin.39,Medium-quality,Acidobacteriota,NRPS,NRPS,Unclassified
SRR19594465.bin.39,Medium-quality,Acidobacteriota,NRPS,NRPS,Unclassified
SRR19594465.bin.39,Medium-quality,Acidobacteriota,NRPS,NRPS,Unclassified
SRR19594465.bin.39,Medium-quality,Acidobacteriota,T1PKS,PKSI,Unclassified
SRR19594465.bin.39,Medium-quality,Acidobacteriota,NRPS-like,NRPS,Unclassified
SRR19594465.bin.39,Medium-quality,Acidobacteriota,NRPS,NRPS,Unclassified
SRR19594465.bin.39,Medium-quality,Acidobacteriota,NRPS,NRPS,Unclassified
SRR19594465.bin.39,Medium-quality,Acidobacteriota,NRPS-like,NRPS,Unclassified
SRR19594465.bin.39,Medium-quality,Acidobacteriota,NRPS,NRPS,Unclassified
SRR19594465.bin.39,Medium-quality,Acidobacteriota,NRPS,NRPS,Unclassified
SRR19594465.bin.39,Medium-quality,Acidobacteriota,NRPS,NRPS,Unclassified
SRR19594465.bin.39,Medium-quality,Acidobacteriota,NRPS-like,NRPS,Unclassified
SRR19594465.bin.39,Medium-quality,Acidobacteriota,NRPS,NRPS,Unclassified
SRR19594465.bin.39,Medium-quality,Acidobacteriota,NRPS,NRPS,Unclassified
SRR19594465.bin.39,Medium-quality,Acidobacteriota,NRPS,NRPS,Unclassified
SRR19594465.bin.39,Medium-quality,Acidobacteriota,NRPS,NRPS,Unclassified
SRR19594465.bin.39,Medium-quality,Acidobacteriota,NRPS,NRPS,Unclassified
SRR19594465.bin.39,Medium-quality,Acidobacteriota,NRPS,NRPS,Unclassified
SRR19594465.bin.39,Medium-quality,Acidobacteriota,NRPS,NRPS,Unclassified
SRR19594465.bin.39,Medium-quality,Acidobacteriota,NRPS-like,NRPS,Unclassified
SRR19594465.bin.39,Medium-quality,Acidobacteriota,NRPS-like,NRPS,Unclassified
SRR19594465.bin.39,Medium-quality,Acidobacteriota,T1PKS,PKSI,Unclassified
SRR19594465.bin.39,Medium-quality,Acidobacteriota,NRPS,NRPS,Unclassified
SRR19594465.bin.39,Medium-quality,Acidobacteriota,NRPS-like,NRPS,Unclassified
SRR19594465.bin.39,Medium-quality,Acidobacteriota,NRPS-like,NRPS,Unclassified
SRR19594465.bin.39,Medium-quality,Acidobacteriota,NRPS,NRPS,Unclassified
SRR19594465.bin.39,Medium-quality,Acidobacteriota,NRPS-like,NRPS,Unclassified
SRR19594465.bin.39,Medium-quality,Acidobacteriota,NRPS,NRPS,Unclassified
SRR19594465.bin.39,Medium-quality,Acidobacteriota,RiPP-like,RiPPs,Unclassified
SRR19594465.bin.39,Medium-quality,Acidobacteriota,NRPS,NRPS,Unclassified
SRR19594465.bin.39,Medium-quality,Acidobacteriota,lanthipeptide-class-ii,RiPPs,Unclassified
SRR19594465.bin.39,Medium-quality,Acidobacteriota,NRPS,NRPS,Unclassified
SRR19594465.bin.39,Medium-quality,Acidobacteriota,NRPS,NRPS,Unclassified
SRR19594465.bin.39,Medium-quality,Acidobacteriota,NRPS,NRPS,Unclassified
SRR19594465.bin.39,Medium-quality,Acidobacteriota,NRPS,NRPS,Unclassified
SRR19594465.bin.39,Medium-quality,Acidobacteriota,NRPS,NRPS,Unclassified
SRR19594465.bin.39,Medium-quality,Acidobacteriota,NRPS,NRPS,Unclassified
SRR19594465.bin.39,Medium-quality,Acidobacteriota,lanthipeptide-class-iv,RiPPs,Unclassified
SRR19594465.bin.39,Medium-quality,Acidobacteriota,NRPS,NRPS,Unclassified
SRR19594465.bin.39,Medium-quality,Acidobacteriota,NRPS,NRPS,Unclassified
SRR19594465.bin.39,Medium-quality,Acidobacteriota,NRPS,NRPS,Unclassified
SRR19594465.bin.39,Medium-quality,Acidobacteriota,NRPS,NRPS,Unclassified
SRR19594465.bin.39,Medium-quality,Acidobacteriota,NRPS,NRPS,Unclassified
SRR19594465.bin.39,Medium-quality,Acidobacteriota,NRPS,NRPS,Unclassified
SRR19594465.bin.39,Medium-quality,Acidobacteriota,NRPS-like,NRPS,Unclassified
SRR19594465.bin.39,Medium-quality,Acidobacteriota,NRPS,NRPS,Unclassified
SRR19594465.bin.39,Medium-quality,Acidobacteriota,NRPS,NRPS,Unclassified
SRR19594465.bin.44,Medium-quality,Gemmatimonadota,NRPS-like,NRPS,UBA6960
SRR19594465.bin.44,Medium-quality,Gemmatimonadota,T1PKS,PKSI,UBA6960
SRR19594465.bin.45,Medium-quality,Pseudomonadota,terpene,Terpene,Nitrococcaceae
SRR19594465.bin.45,Medium-quality,Pseudomonadota,terpene,Terpene,Nitrococcaceae
SRR19594465.bin.45,Medium-quality,Pseudomonadota,NRPS-like,NRPS,Nitrococcaceae
SRR19594466.bin.26,Medium-quality,Chloroflexota,terpene,Terpene,E44-bin32
SRR19594466.bin.3,Medium-quality,Pseudomonadota,arylpolyene,Others,Methylomonadaceae
SRR19594466.bin.3,Medium-quality,Pseudomonadota,arylpolyene,Others,Methylomonadaceae
SRR19594466.bin.3,Medium-quality,Pseudomonadota,terpene,Terpene,Methylomonadaceae
SRR19594466.bin.3,Medium-quality,Pseudomonadota,terpene,Terpene,Methylomonadaceae
SRR19594466.bin.4,Medium-quality,Acidobacteriota,NRPS-like,NRPS,2-02-FULL-67-57
SRR19594466.bin.4,Medium-quality,Acidobacteriota,T3PKS,PKSother,2-02-FULL-67-57
SRR19594466.bin.9,Medium-quality,Acidobacteriota,T3PKS,PKSother,UBA5704
SRR19594466.bin.9,Medium-quality,Acidobacteriota,T1PKS,PKSI,UBA5704
SRR19594467.bin.10,Medium-quality,Pseudomonadota,NRPS-like,NRPS,Unclassified
SRR19594467.bin.18,Medium-quality,Gemmatimonadota,NRPS,NRPS,UBA6960
SRR19594467.bin.18,Medium-quality,Gemmatimonadota,NRPS-like,NRPS,UBA6960
SRR19594467.bin.19,Medium-quality,Verrucomicrobiota,NRPS-like,NRPS,Akkermansiaceae
SRR19594467.bin.19,Medium-quality,Verrucomicrobiota,T1PKS.NRPS,PKS-NRP_Hybrids,Akkermansiaceae
SRR19594467.bin.19,Medium-quality,Verrucomicrobiota,terpene,Terpene,Akkermansiaceae
SRR19594467.bin.19,Medium-quality,Verrucomicrobiota,NRPS-like,NRPS,Akkermansiaceae
SRR19594467.bin.19,Medium-quality,Verrucomicrobiota,NRPS-like,NRPS,Akkermansiaceae
SRR19594467.bin.19,Medium-quality,Verrucomicrobiota,T3PKS,PKSother,Akkermansiaceae
SRR19594467.bin.25,Medium-quality,Bacteroidota,NRPS-like,NRPS,Balneolaceae
SRR19594467.bin.25,Medium-quality,Bacteroidota,terpene,Terpene,Balneolaceae
SRR19594467.bin.25,Medium-quality,Bacteroidota,T3PKS,PKSother,Balneolaceae
SRR19594467.bin.33,Medium-quality,Bacteroidota,T3PKS,PKSother,Flavobacteriaceae
SRR19594467.bin.45,Medium-quality,Pseudomonadota,RiPP-like,RiPPs,Sphingomonadaceae
SRR19594467.bin.53,Medium-quality,Pseudomonadota,T1PKS,PKSI,Rhodobacteraceae
SRR19594467.bin.53,Medium-quality,Pseudomonadota,NRPS-like,NRPS,Rhodobacteraceae
SRR19594467.bin.59,Medium-quality,Bacteroidota,T3PKS,PKSother,Flavobacteriaceae
SRR19594467.bin.61,Medium-quality,Pseudomonadota,NRPS,NRPS,Rhodobacteraceae
SRR19594467.bin.63,Medium-quality,Bacteroidota,T3PKS,PKSother,Balneolaceae
SRR19594467.bin.63,Medium-quality,Bacteroidota,terpene,Terpene,Balneolaceae
SRR19594467.bin.69,Medium-quality,Pseudomonadota,NI-siderophore,Others,Oleiphilaceae
SRR19594467.bin.69,Medium-quality,Pseudomonadota,RiPP-like,RiPPs,Oleiphilaceae
SRR19594467.bin.69,Medium-quality,Pseudomonadota,T3PKS,PKSother,Oleiphilaceae
SRR19594467.bin.70,Medium-quality,Bacteroidota,RiPP-like,RiPPs,Balneolaceae
SRR19594467.bin.70,Medium-quality,Bacteroidota,terpene,Terpene,Balneolaceae
SRR19594467.bin.70,Medium-quality,Bacteroidota,T3PKS,PKSother,Balneolaceae
SRR19594468.bin.10,Medium-quality,Myxococcota,terpene,Terpene,Polyangiaceae
SRR19594468.bin.10,Medium-quality,Myxococcota,T3PKS,PKSother,Polyangiaceae
SRR19594468.bin.10,Medium-quality,Myxococcota,arylpolyene,Others,Polyangiaceae
SRR19594468.bin.10,Medium-quality,Myxococcota,NRPS-like,NRPS,Polyangiaceae
SRR19594468.bin.10,Medium-quality,Myxococcota,NRPS-like,NRPS,Polyangiaceae
SRR19594468.bin.10,Medium-quality,Myxococcota,NRPS-like,NRPS,Polyangiaceae
SRR19594468.bin.10,Medium-quality,Myxococcota,NRPS-like,NRPS,Polyangiaceae
SRR19594468.bin.25,Medium-quality,Chloroflexota,T3PKS,PKSother,E44-bin32
SRR19594468.bin.25,Medium-quality,Chloroflexota,terpene,Terpene,E44-bin32
SRR19594468.bin.30,Medium-quality,Chloroflexota,T1PKS,PKSI,Promineifilaceae
SRR19594468.bin.30,Medium-quality,Chloroflexota,NRPS,NRPS,Promineifilaceae
SRR19594468.bin.30,Medium-quality,Chloroflexota,NRPS,NRPS,Promineifilaceae
SRR19594468.bin.30,Medium-quality,Chloroflexota,T1PKS.NRPS,PKS-NRP_Hybrids,Promineifilaceae
SRR19594468.bin.30,Medium-quality,Chloroflexota,hglE-KS,PKSother,Promineifilaceae
SRR19594468.bin.30,Medium-quality,Chloroflexota,NRPS,NRPS,Promineifilaceae
SRR19594468.bin.30,Medium-quality,Chloroflexota,NRPS-like,NRPS,Promineifilaceae
SRR19594468.bin.30,Medium-quality,Chloroflexota,T1PKS.NRPS,PKS-NRP_Hybrids,Promineifilaceae
SRR19594468.bin.42,Medium-quality,Gemmatimonadota,terpene,Terpene,UBA6960
SRR19594468.bin.42,Medium-quality,Gemmatimonadota,RiPP-like,RiPPs,UBA6960
SRR19594468.bin.42,Medium-quality,Gemmatimonadota,RiPP-like,RiPPs,UBA6960
SRR19594468.bin.42,Medium-quality,Gemmatimonadota,terpene,Terpene,UBA6960
SRR19594468.bin.45,Medium-quality,Gemmatimonadota,terpene,Terpene,Palauibacteraceae
SRR19594468.bin.48,Medium-quality,Chloroflexota,hglE-KS.T1PKS,PKSother,Phototrophicaceae
SRR19594468.bin.48,Medium-quality,Chloroflexota,hglE-KS,PKSother,Phototrophicaceae
SRR19594468.bin.50,Medium-quality,Acidobacteriota,NRPS-like,NRPS,UBA5704
SRR19594468.bin.50,Medium-quality,Acidobacteriota,lanthipeptide-class-ii,RiPPs,UBA5704
SRR19594468.bin.50,Medium-quality,Acidobacteriota,T3PKS,PKSother,UBA5704
SRR19594468.bin.50,Medium-quality,Acidobacteriota,T1PKS,PKSI,UBA5704
SRR19594468.bin.50,Medium-quality,Acidobacteriota,T3PKS,PKSother,UBA5704
SRR19594468.bin.50,Medium-quality,Acidobacteriota,RiPP-like,RiPPs,UBA5704
SRR19594468.bin.50,Medium-quality,Acidobacteriota,NRPS-like,NRPS,UBA5704
SRR19594468.bin.50,Medium-quality,Acidobacteriota,RiPP-like,RiPPs,UBA5704
SRR19594468.bin.50,Medium-quality,Acidobacteriota,ladderane,Others,UBA5704
SRR19594468.bin.50,Medium-quality,Acidobacteriota,terpene,Terpene,UBA5704
SRR19594468.bin.50,Medium-quality,Acidobacteriota,RiPP-like,RiPPs,UBA5704
SRR19594468.bin.50,Medium-quality,Acidobacteriota,RiPP-like,RiPPs,UBA5704
SRR19594468.bin.50,Medium-quality,Acidobacteriota,RRE-containing,RiPPs,UBA5704
SRR19594468.bin.51,Medium-quality,Bacteroidota,T3PKS,PKSother,Balneolaceae
SRR19594468.bin.53,Medium-quality,Pseudomonadota,terpene,Terpene,UBA4486
SRR19594468.bin.53,Medium-quality,Pseudomonadota,terpene,Terpene,UBA4486
SRR19594468.bin.53,Medium-quality,Pseudomonadota,phosphonate,Others,UBA4486
SRR19594468.bin.59,Medium-quality,Acidobacteriota,NRPS-like,NRPS,2-02-FULL-67-57
SRR19594468.bin.59,Medium-quality,Acidobacteriota,NRPS-like,NRPS,2-02-FULL-67-57
SRR19594468.bin.59,Medium-quality,Acidobacteriota,T3PKS,PKSother,2-02-FULL-67-57
SRR19594468.bin.6,Medium-quality,Pseudomonadota,terpene,Terpene,SMXR01
SRR19594468.bin.60,Medium-quality,Pseudomonadota,terpene,Terpene,SMXR01
SRR19594468.bin.66,Medium-quality,Gemmatimonadota,terpene,Terpene,RSA9
SRR19594468.bin.66,Medium-quality,Gemmatimonadota,terpene,Terpene,RSA9
SRR19594468.bin.66,Medium-quality,Gemmatimonadota,indole,Others,RSA9
SRR19594468.bin.67,Medium-quality,Pseudomonadota,NRPS-like,NRPS,Woeseiaceae
SRR19594468.bin.70,Medium-quality,JADFOP01,NRPS-like,NRPS,JADFOP01
SRR19594468.bin.70,Medium-quality,JADFOP01,RiPP-like,RiPPs,JADFOP01
SRR19594468.bin.70,Medium-quality,JADFOP01,T3PKS,PKSother,JADFOP01
SRR19594469.bin.25,Medium-quality,Gemmatimonadota,terpene,Terpene,RSA9
SRR19594469.bin.3,Medium-quality,Desulfobacterota,T3PKS,PKSother,BM103
SRR19594469.bin.3,Medium-quality,Desulfobacterota,NRPS-like,NRPS,BM103
SRR19594469.bin.3,Medium-quality,Desulfobacterota,T3PKS,PKSother,BM103
SRR19594469.bin.31,Medium-quality,Electryoneota,T3PKS,PKSother,Electryoneaceae
SRR19594469.bin.37,Medium-quality,Bacteroidota,terpene,Terpene,Balneolaceae
SRR19594469.bin.37,Medium-quality,Bacteroidota,T3PKS,PKSother,Balneolaceae
SRR21412968.bin.18,Medium-quality,Actinomycetota,NRPS-like,NRPS,Micrococcaceae
SRR21412968.bin.18,Medium-quality,Actinomycetota,NI-siderophore,Others,Micrococcaceae
SRR21412968.bin.18,Medium-quality,Actinomycetota,terpene,Terpene,Micrococcaceae
SRR21412968.bin.18,Medium-quality,Actinomycetota,T3PKS,PKSother,Micrococcaceae
SRR21412968.bin.18,Medium-quality,Actinomycetota,NAPAA,NRPS,Micrococcaceae
SRR21412968.bin.18,Medium-quality,Actinomycetota,NAPAA,NRPS,Micrococcaceae
SRR21412968.bin.18,Medium-quality,Actinomycetota,NRPS-like,NRPS,Micrococcaceae
SRR21412968.bin.18,Medium-quality,Actinomycetota,T3PKS,PKSother,Micrococcaceae
SRR21412968.bin.2,Medium-quality,Bacteroidota,terpene,Terpene,Cyclobacteriaceae
SRR21412968.bin.2,Medium-quality,Bacteroidota,T3PKS,PKSother,Cyclobacteriaceae
SRR21412968.bin.2,Medium-quality,Bacteroidota,NRPS,NRPS,Cyclobacteriaceae
SRR21412968.bin.2,Medium-quality,Bacteroidota,NRPS,NRPS,Cyclobacteriaceae
SRR21412968.bin.24,Medium-quality,Bacteroidota,T3PKS,PKSother,Flavobacteriaceae
SRR21412968.bin.5,Medium-quality,Bacteroidota,terpene,Terpene,Flavobacteriaceae
SRR21412968.bin.5,Medium-quality,Bacteroidota,arylpolyene,Others,Flavobacteriaceae
SRR21412968.bin.5,Medium-quality,Bacteroidota,T3PKS,PKSother,Flavobacteriaceae
SRR21412969.bin.19,Medium-quality,Actinomycetota,terpene,Terpene,Egibacteraceae
SRR21412969.bin.19,Medium-quality,Actinomycetota,RiPP-like,RiPPs,Egibacteraceae
SRR21412969.bin.22,Medium-quality,Pseudomonadota,RiPP-like,RiPPs,Halomonadaceae
SRR21412969.bin.22,Medium-quality,Pseudomonadota,arylpolyene,Others,Halomonadaceae
SRR21412969.bin.23,Medium-quality,Pseudomonadota,arylpolyene,Others,Pseudohongiellaceae
SRR21412969.bin.23,Medium-quality,Pseudomonadota,resorcinol,Others,Pseudohongiellaceae
SRR21412969.bin.23,Medium-quality,Pseudomonadota,arylpolyene,Others,Pseudohongiellaceae
SRR21412969.bin.31,Medium-quality,Pseudomonadota,NRPS-like,NRPS,DSM-21159
SRR21412969.bin.31,Medium-quality,Pseudomonadota,NRPS,NRPS,DSM-21159
SRR21412969.bin.31,Medium-quality,Pseudomonadota,NRPS,NRPS,DSM-21159
SRR21412969.bin.31,Medium-quality,Pseudomonadota,NRPS-like,NRPS,DSM-21159
SRR21412969.bin.31,Medium-quality,Pseudomonadota,RRE-containing,RiPPs,DSM-21159
SRR21412969.bin.39,Medium-quality,Gemmatimonadota,terpene,Terpene,UBA6960
SRR21412969.bin.41,Medium-quality,Bacteroidota,terpene,Terpene,Balneolaceae
SRR21412969.bin.41,Medium-quality,Bacteroidota,T3PKS,PKSother,Balneolaceae
SRR21412969.bin.50,Medium-quality,Actinomycetota,T1PKS,PKSI,Micromonosporaceae
SRR21412969.bin.50,Medium-quality,Actinomycetota,terpene,Terpene,Micromonosporaceae
SRR21412969.bin.50,Medium-quality,Actinomycetota,terpene,Terpene,Micromonosporaceae
SRR21412969.bin.50,Medium-quality,Actinomycetota,NRPS,NRPS,Micromonosporaceae
SRR21412969.bin.50,Medium-quality,Actinomycetota,T1PKS,PKSI,Micromonosporaceae
SRR21412969.bin.50,Medium-quality,Actinomycetota,transAT-PKS-like,PKSother,Micromonosporaceae
SRR21412969.bin.50,Medium-quality,Actinomycetota,lanthipeptide-class-iii,RiPPs,Micromonosporaceae
SRR21412969.bin.50,Medium-quality,Actinomycetota,NRPS-like,NRPS,Micromonosporaceae
SRR21412969.bin.50,Medium-quality,Actinomycetota,NRPS,NRPS,Micromonosporaceae
SRR21412969.bin.50,Medium-quality,Actinomycetota,NRPS,NRPS,Micromonosporaceae
SRR21412969.bin.50,Medium-quality,Actinomycetota,NRPS,NRPS,Micromonosporaceae
SRR21412969.bin.50,Medium-quality,Actinomycetota,lanthipeptide-class-iii,RiPPs,Micromonosporaceae
SRR21412969.bin.50,Medium-quality,Actinomycetota,transAT-PKS-like,PKSother,Micromonosporaceae
SRR21412969.bin.50,Medium-quality,Actinomycetota,T1PKS,PKSI,Micromonosporaceae
SRR21412969.bin.50,Medium-quality,Actinomycetota,T1PKS,PKSI,Micromonosporaceae
SRR21412969.bin.50,Medium-quality,Actinomycetota,RiPP-like,RiPPs,Micromonosporaceae
SRR21412969.bin.50,Medium-quality,Actinomycetota,T3PKS,PKSother,Micromonosporaceae
SRR21412969.bin.50,Medium-quality,Actinomycetota,lanthipeptide-class-iii,RiPPs,Micromonosporaceae
SRR21412969.bin.50,Medium-quality,Actinomycetota,transAT-PKS-like,PKSother,Micromonosporaceae
SRR21412969.bin.50,Medium-quality,Actinomycetota,transAT-PKS-like,PKSother,Micromonosporaceae
SRR21412969.bin.50,Medium-quality,Actinomycetota,T1PKS,PKSI,Micromonosporaceae
SRR21412969.bin.50,Medium-quality,Actinomycetota,NI-siderophore,Others,Micromonosporaceae
SRR21412969.bin.50,Medium-quality,Actinomycetota,RRE-containing,RiPPs,Micromonosporaceae
SRR21412969.bin.50,Medium-quality,Actinomycetota,T3PKS,PKSother,Micromonosporaceae
SRR21412969.bin.50,Medium-quality,Actinomycetota,T1PKS,PKSI,Micromonosporaceae
SRR21412969.bin.50,Medium-quality,Actinomycetota,lanthipeptide-class-iii,RiPPs,Micromonosporaceae
SRR21412969.bin.50,Medium-quality,Actinomycetota,NRPS-like,NRPS,Micromonosporaceae
SRR21412969.bin.50,Medium-quality,Actinomycetota,RRE-containing,RiPPs,Micromonosporaceae
SRR21412969.bin.7,Medium-quality,Gemmatimonadota,terpene,Terpene,UBA6960
SRR21412969.bin.7,Medium-quality,Gemmatimonadota,NRPS-like,NRPS,UBA6960
SRR21412970.bin.25,Medium-quality,Actinomycetota,terpene,Terpene,JAHWKV01
SRR21412971.bin.24,Medium-quality,Pseudomonadota,arylpolyene,Others,Halofilaceae
SRR21412972.bin.12,Medium-quality,Desulfobacterota,T1PKS.hglE-KS,PKSother,SKZT01
SRR21412972.bin.12,Medium-quality,Desulfobacterota,hglE-KS,PKSother,SKZT01
SRR21412972.bin.12,Medium-quality,Desulfobacterota,RiPP-like,RiPPs,SKZT01
SRR21412972.bin.12,Medium-quality,Desulfobacterota,RiPP-like,RiPPs,SKZT01
SRR21412972.bin.12,Medium-quality,Desulfobacterota,T1PKS,PKSI,SKZT01
SRR21412972.bin.12,Medium-quality,Desulfobacterota,NRPS-like,NRPS,SKZT01
SRR21412972.bin.24,Medium-quality,Pseudomonadota,terpene,Terpene,Chromatiaceae
SRR21412972.bin.24,Medium-quality,Pseudomonadota,terpene,Terpene,Chromatiaceae
SRR21412972.bin.24,Medium-quality,Pseudomonadota,NRPS-like,NRPS,Chromatiaceae
SRR21412972.bin.24,Medium-quality,Pseudomonadota,arylpolyene,Others,Chromatiaceae
SRR21412972.bin.27,Medium-quality,Bacteroidota,terpene,Terpene,Balneolaceae
SRR21412972.bin.27,Medium-quality,Bacteroidota,T3PKS,PKSother,Balneolaceae
SRR21412972.bin.31,Medium-quality,Bacteroidota,T3PKS,PKSother,Salinibacteraceae
SRR21412972.bin.49,Medium-quality,Bacteroidota,T3PKS,PKSother,Balneolaceae
SRR21412972.bin.49,Medium-quality,Bacteroidota,terpene,Terpene,Balneolaceae
SRR21412972.bin.50,Medium-quality,Gemmatimonadota,T3PKS,PKSother,RSA9
SRR21412972.bin.57,Medium-quality,Desulfobacterota,RiPP-like,RiPPs,Desulfocapsaceae
SRR21412972.bin.57,Medium-quality,Desulfobacterota,arylpolyene,Others,Desulfocapsaceae
SRR21412972.bin.57,Medium-quality,Desulfobacterota,arylpolyene,Others,Desulfocapsaceae
SRR21412972.bin.57,Medium-quality,Desulfobacterota,RiPP-like,RiPPs,Desulfocapsaceae
SRR21412972.bin.57,Medium-quality,Desulfobacterota,RiPP-like,RiPPs,Desulfocapsaceae
SRR21412972.bin.57,Medium-quality,Desulfobacterota,resorcinol,Others,Desulfocapsaceae
SRR21412972.bin.59,Medium-quality,Bacteroidota,T3PKS,PKSother,Balneolaceae
SRR21412972.bin.59,Medium-quality,Bacteroidota,terpene,Terpene,Balneolaceae
SRR21412972.bin.69,Medium-quality,Pseudomonadota,arylpolyene,Others,SLND01
SRR21412972.bin.69,Medium-quality,Pseudomonadota,resorcinol,Others,SLND01
SRR21412972.bin.69,Medium-quality,Pseudomonadota,arylpolyene,Others,SLND01
SRR21412972.bin.69,Medium-quality,Pseudomonadota,terpene,Terpene,SLND01
SRR21412972.bin.71,Medium-quality,Pseudomonadota,arylpolyene,Others,Aquisalimonadaceae
SRR21412972.bin.71,Medium-quality,Pseudomonadota,resorcinol,Others,Aquisalimonadaceae
SRR21412972.bin.71,Medium-quality,Pseudomonadota,arylpolyene,Others,Aquisalimonadaceae
SRR21412972.bin.71,Medium-quality,Pseudomonadota,terpene,Terpene,Aquisalimonadaceae
SRR21412972.bin.9,Medium-quality,Bacillota,T3PKS,PKSother,Planococcaceae
SRR21412974.bin.11,Medium-quality,Actinomycetota,terpene,Terpene,Egibacteraceae
SRR21412974.bin.11,Medium-quality,Actinomycetota,NI-siderophore,Others,Egibacteraceae
SRR21412975.bin.10,Medium-quality,Hydrogenedentota,T3PKS,PKSother,GCA-2746185
SRR21412975.bin.10,Medium-quality,Hydrogenedentota,T1PKS.hglE-KS,PKSother,GCA-2746185
SRR21412975.bin.10,Medium-quality,Hydrogenedentota,hglE-KS,PKSother,GCA-2746185
SRR21412975.bin.11,Medium-quality,Gemmatimonadota,NRPS,NRPS,UBA6960
SRR21412975.bin.11,Medium-quality,Gemmatimonadota,T3PKS,PKSother,UBA6960
SRR21412975.bin.11,Medium-quality,Gemmatimonadota,NRPS,NRPS,UBA6960
SRR21412975.bin.11,Medium-quality,Gemmatimonadota,RiPP-like,RiPPs,UBA6960
SRR21412975.bin.11,Medium-quality,Gemmatimonadota,hglE-KS,PKSother,UBA6960
SRR21412975.bin.11,Medium-quality,Gemmatimonadota,hglE-KS,PKSother,UBA6960
SRR21412975.bin.11,Medium-quality,Gemmatimonadota,NRPS-like,NRPS,UBA6960
SRR21412975.bin.11,Medium-quality,Gemmatimonadota,ranthipeptide,RiPPs,UBA6960
SRR21412975.bin.11,Medium-quality,Gemmatimonadota,NRPS,NRPS,UBA6960
SRR21412975.bin.15,Medium-quality,Bacteroidota,NRPS-like,NRPS,UBA10428
SRR21412975.bin.16,Medium-quality,Pseudomonadota,terpene,Terpene,UBA4486
SRR21412975.bin.16,Medium-quality,Pseudomonadota,phosphonate,Others,UBA4486
SRR21412975.bin.18,Medium-quality,Chloroflexota,terpene,Terpene,Phototrophicaceae
SRR21412975.bin.30,Medium-quality,Actinomycetota,terpene,Terpene,JAHELV01
SRR21412975.bin.30,Medium-quality,Actinomycetota,NAPAA,NRPS,JAHELV01
SRR21412975.bin.30,Medium-quality,Actinomycetota,terpene,Terpene,JAHELV01
SRR21412975.bin.34,Medium-quality,Verrucomicrobiota,arylpolyene,Others,T3Sed10-336
SRR21412975.bin.34,Medium-quality,Verrucomicrobiota,T3PKS,PKSother,T3Sed10-336
SRR21412975.bin.34,Medium-quality,Verrucomicrobiota,RRE-containing,RiPPs,T3Sed10-336
SRR21412975.bin.4,Medium-quality,Bacteroidota,T3PKS,PKSother,Balneolaceae
SRR21412975.bin.43,Medium-quality,Pseudomonadota,NI-siderophore,Others,Cellvibrionaceae
SRR21412975.bin.7,Medium-quality,Verrucomicrobiota,NRPS,NRPS,Opitutaceae
SRR21412975.bin.7,Medium-quality,Verrucomicrobiota,T3PKS,PKSother,Opitutaceae
SRR21412976.bin.14,Medium-quality,Bacteroidota,T3PKS,PKSother,Salinibacteraceae
SRR21412976.bin.21,Medium-quality,Gemmatimonadota,NRPS,NRPS,Palauibacteraceae
SRR21412976.bin.5,Medium-quality,Bacteroidota,T3PKS,PKSother,Salinibacteraceae
SRR21412976.bin.8,Medium-quality,Pseudomonadota,NRPS-like,NRPS,Geminicoccaceae
SRR21412976.bin.8,Medium-quality,Pseudomonadota,terpene,Terpene,Geminicoccaceae
SRR21412976.bin.8,Medium-quality,Pseudomonadota,T3PKS,PKSother,Geminicoccaceae
SRR21412977.bin.10,Medium-quality,Deinococcota,NRPS-like,NRPS,Trueperaceae
SRR21412977.bin.10,Medium-quality,Deinococcota,RRE-containing,RiPPs,Trueperaceae
SRR21412977.bin.10,Medium-quality,Deinococcota,T3PKS,PKSother,Trueperaceae
SRR21412977.bin.15,Medium-quality,Gemmatimonadota,NRPS,NRPS,Longimicrobiaceae
SRR21412977.bin.15,Medium-quality,Gemmatimonadota,NRPS,NRPS,Longimicrobiaceae
SRR21412977.bin.15,Medium-quality,Gemmatimonadota,NRPS,NRPS,Longimicrobiaceae
SRR21412977.bin.15,Medium-quality,Gemmatimonadota,NRPS,NRPS,Longimicrobiaceae
SRR21412977.bin.15,Medium-quality,Gemmatimonadota,NRPS,NRPS,Longimicrobiaceae
SRR21412977.bin.15,Medium-quality,Gemmatimonadota,T1PKS,PKSI,Longimicrobiaceae
SRR21412977.bin.15,Medium-quality,Gemmatimonadota,T1PKS,PKSI,Longimicrobiaceae
SRR21412977.bin.15,Medium-quality,Gemmatimonadota,NRPS,NRPS,Longimicrobiaceae
SRR21412977.bin.15,Medium-quality,Gemmatimonadota,NRPS,NRPS,Longimicrobiaceae
SRR21412977.bin.15,Medium-quality,Gemmatimonadota,NRPS,NRPS,Longimicrobiaceae
SRR21412977.bin.15,Medium-quality,Gemmatimonadota,NRPS,NRPS,Longimicrobiaceae
SRR21412977.bin.15,Medium-quality,Gemmatimonadota,NRPS-like,NRPS,Longimicrobiaceae
SRR21412977.bin.15,Medium-quality,Gemmatimonadota,NRPS,NRPS,Longimicrobiaceae
SRR21412977.bin.15,Medium-quality,Gemmatimonadota,NRPS,NRPS,Longimicrobiaceae
SRR21412977.bin.15,Medium-quality,Gemmatimonadota,NRPS,NRPS,Longimicrobiaceae
SRR21412977.bin.15,Medium-quality,Gemmatimonadota,NRPS,NRPS,Longimicrobiaceae
SRR21412977.bin.15,Medium-quality,Gemmatimonadota,terpene,Terpene,Longimicrobiaceae
SRR21412977.bin.15,Medium-quality,Gemmatimonadota,NRPS,NRPS,Longimicrobiaceae
SRR21412977.bin.15,Medium-quality,Gemmatimonadota,NRPS,NRPS,Longimicrobiaceae
SRR21412977.bin.15,Medium-quality,Gemmatimonadota,NRPS-like,NRPS,Longimicrobiaceae
SRR21412977.bin.15,Medium-quality,Gemmatimonadota,NRPS,NRPS,Longimicrobiaceae
SRR21412977.bin.15,Medium-quality,Gemmatimonadota,NRPS,NRPS,Longimicrobiaceae
SRR21412977.bin.15,Medium-quality,Gemmatimonadota,NRPS,NRPS,Longimicrobiaceae
SRR21412977.bin.15,Medium-quality,Gemmatimonadota,NRPS-like,NRPS,Longimicrobiaceae
SRR21412977.bin.15,Medium-quality,Gemmatimonadota,NRPS,NRPS,Longimicrobiaceae
SRR21412977.bin.15,Medium-quality,Gemmatimonadota,NRPS,NRPS,Longimicrobiaceae
SRR21412977.bin.15,Medium-quality,Gemmatimonadota,T1PKS,PKSI,Longimicrobiaceae
SRR21412977.bin.15,Medium-quality,Gemmatimonadota,NRPS,NRPS,Longimicrobiaceae
SRR21412977.bin.15,Medium-quality,Gemmatimonadota,NRPS,NRPS,Longimicrobiaceae
SRR21412977.bin.15,Medium-quality,Gemmatimonadota,NRPS,NRPS,Longimicrobiaceae
SRR21412977.bin.15,Medium-quality,Gemmatimonadota,NRPS,NRPS,Longimicrobiaceae
SRR21412977.bin.15,Medium-quality,Gemmatimonadota,NRPS,NRPS,Longimicrobiaceae
SRR21412977.bin.15,Medium-quality,Gemmatimonadota,T1PKS.NRPS-like,PKS-NRP_Hybrids,Longimicrobiaceae
SRR21412977.bin.15,Medium-quality,Gemmatimonadota,NRPS,NRPS,Longimicrobiaceae
SRR21412977.bin.15,Medium-quality,Gemmatimonadota,T1PKS,PKSI,Longimicrobiaceae
SRR21412977.bin.15,Medium-quality,Gemmatimonadota,NRPS,NRPS,Longimicrobiaceae
SRR21412977.bin.15,Medium-quality,Gemmatimonadota,NRPS,NRPS,Longimicrobiaceae
SRR21412977.bin.15,Medium-quality,Gemmatimonadota,NRPS,NRPS,Longimicrobiaceae
SRR21412977.bin.15,Medium-quality,Gemmatimonadota,T1PKS,PKSI,Longimicrobiaceae
SRR21412977.bin.15,Medium-quality,Gemmatimonadota,NRPS,NRPS,Longimicrobiaceae
SRR21412977.bin.15,Medium-quality,Gemmatimonadota,NRPS-like,NRPS,Longimicrobiaceae
SRR21412977.bin.15,Medium-quality,Gemmatimonadota,NRPS-like,NRPS,Longimicrobiaceae
SRR21412977.bin.15,Medium-quality,Gemmatimonadota,NRPS,NRPS,Longimicrobiaceae
SRR21412977.bin.15,Medium-quality,Gemmatimonadota,NRPS,NRPS,Longimicrobiaceae
SRR21412977.bin.15,Medium-quality,Gemmatimonadota,NRPS,NRPS,Longimicrobiaceae
SRR21412977.bin.15,Medium-quality,Gemmatimonadota,NRPS,NRPS,Longimicrobiaceae
SRR21412977.bin.15,Medium-quality,Gemmatimonadota,NRPS,NRPS,Longimicrobiaceae
SRR21412977.bin.15,Medium-quality,Gemmatimonadota,NRPS,NRPS,Longimicrobiaceae
SRR21412977.bin.15,Medium-quality,Gemmatimonadota,T1PKS,PKSI,Longimicrobiaceae
SRR21412977.bin.15,Medium-quality,Gemmatimonadota,NRPS,NRPS,Longimicrobiaceae
SRR21412977.bin.15,Medium-quality,Gemmatimonadota,NRPS-like,NRPS,Longimicrobiaceae
SRR21412977.bin.15,Medium-quality,Gemmatimonadota,T1PKS,PKSI,Longimicrobiaceae
SRR21412977.bin.15,Medium-quality,Gemmatimonadota,NRPS,NRPS,Longimicrobiaceae
SRR21412977.bin.15,Medium-quality,Gemmatimonadota,NRPS,NRPS,Longimicrobiaceae
SRR21412977.bin.15,Medium-quality,Gemmatimonadota,NRPS,NRPS,Longimicrobiaceae
SRR21412977.bin.28,Medium-quality,Bacteroidota,terpene,Terpene,Balneolaceae
SRR21412977.bin.28,Medium-quality,Bacteroidota,NRPS-like,NRPS,Balneolaceae
SRR21412977.bin.28,Medium-quality,Bacteroidota,T3PKS,PKSother,Balneolaceae
SRR21412977.bin.29,Medium-quality,Bacteroidota,RiPP-like,RiPPs,Salinibacteraceae
SRR21412977.bin.29,Medium-quality,Bacteroidota,T3PKS,PKSother,Salinibacteraceae
SRR21412977.bin.29,Medium-quality,Bacteroidota,terpene,Terpene,Salinibacteraceae
SRR21412977.bin.32,Medium-quality,Actinomycetota,terpene,Terpene,Unclassified
SRR21412977.bin.43,Medium-quality,Actinomycetota,lanthipeptide-class-iii,RiPPs,Pseudonocardiaceae
SRR21412977.bin.43,Medium-quality,Actinomycetota,terpene,Terpene,Pseudonocardiaceae
SRR21412977.bin.43,Medium-quality,Actinomycetota,NI-siderophore,Others,Pseudonocardiaceae
SRR21412977.bin.43,Medium-quality,Actinomycetota,NI-siderophore,Others,Pseudonocardiaceae
SRR21412977.bin.43,Medium-quality,Actinomycetota,NI-siderophore,Others,Pseudonocardiaceae
SRR21412977.bin.43,Medium-quality,Actinomycetota,terpene,Terpene,Pseudonocardiaceae
SRR21412977.bin.43,Medium-quality,Actinomycetota,NRPS,NRPS,Pseudonocardiaceae
SRR21412977.bin.43,Medium-quality,Actinomycetota,NRPS-like,NRPS,Pseudonocardiaceae
SRR21412977.bin.44,Medium-quality,Bacteroidota,T3PKS,PKSother,Cyclobacteriaceae
SRR21412977.bin.44,Medium-quality,Bacteroidota,terpene,Terpene,Cyclobacteriaceae
SRR21412977.bin.45,Medium-quality,Planctomycetota,NRPS-like,NRPS,Zrk34
SRR21412977.bin.45,Medium-quality,Planctomycetota,terpene,Terpene,Zrk34
SRR21412977.bin.45,Medium-quality,Planctomycetota,terpene,Terpene,Zrk34
SRR21412977.bin.45,Medium-quality,Planctomycetota,T3PKS,PKSother,Zrk34
SRR21412977.bin.5,Medium-quality,Bacteroidota,T3PKS,PKSother,Balneolaceae
SRR21412977.bin.5,Medium-quality,Bacteroidota,RiPP-like,RiPPs,Balneolaceae
SRR21412977.bin.62,Medium-quality,Bacteroidota,T3PKS,PKSother,Balneolaceae
SRR21412977.bin.64,Medium-quality,Actinomycetota,NRPS,NRPS,Egibacteraceae
SRR21412977.bin.64,Medium-quality,Actinomycetota,terpene,Terpene,Egibacteraceae
SRR21412977.bin.64,Medium-quality,Actinomycetota,NI-siderophore,Others,Egibacteraceae
SRR21412977.bin.64,Medium-quality,Actinomycetota,NI-siderophore,Others,Egibacteraceae
SRR21412977.bin.66,Medium-quality,Actinomycetota,terpene,Terpene,Egibacteraceae
SRR21412977.bin.66,Medium-quality,Actinomycetota,terpene,Terpene,Egibacteraceae
SRR21412977.bin.76,Medium-quality,Bacteroidota,NRPS,NRPS,Salinibacteraceae
SRR21412977.bin.76,Medium-quality,Bacteroidota,T3PKS,PKSother,Salinibacteraceae
SRR21412977.bin.78,Medium-quality,Planctomycetota,terpene,Terpene,Planctomycetaceae
SRR21412977.bin.78,Medium-quality,Planctomycetota,T3PKS,PKSother,Planctomycetaceae
SRR21412977.bin.81,Medium-quality,Actinomycetota,terpene,Terpene,Pseudonocardiaceae
SRR21412978.bin.11,Medium-quality,Pseudomonadota,arylpolyene,Others,Enterobacteriaceae
SRR21412978.bin.11,Medium-quality,Pseudomonadota,terpene,Terpene,Enterobacteriaceae
SRR21412978.bin.11,Medium-quality,Pseudomonadota,RiPP-like,RiPPs,Enterobacteriaceae
SRR21412978.bin.11,Medium-quality,Pseudomonadota,arylpolyene,Others,Enterobacteriaceae
SRR21412978.bin.11,Medium-quality,Pseudomonadota,NRPS-like,NRPS,Enterobacteriaceae
SRR21412978.bin.16,Medium-quality,Actinomycetota,NI-siderophore,Others,Egibacteraceae
SRR21412978.bin.16,Medium-quality,Actinomycetota,NI-siderophore,Others,Egibacteraceae
SRR21412978.bin.19,Medium-quality,Pseudomonadota,NAPAA,NRPS,Moraxellaceae
SRR21412978.bin.19,Medium-quality,Pseudomonadota,arylpolyene,Others,Moraxellaceae
SRR21412978.bin.19,Medium-quality,Pseudomonadota,RiPP-like,RiPPs,Moraxellaceae
SRR21412978.bin.19,Medium-quality,Pseudomonadota,NI-siderophore,Others,Moraxellaceae
SRR21412978.bin.19,Medium-quality,Pseudomonadota,NI-siderophore,Others,Moraxellaceae
SRR21412978.bin.19,Medium-quality,Pseudomonadota,arylpolyene,Others,Moraxellaceae
SRR21412978.bin.19,Medium-quality,Pseudomonadota,arylpolyene,Others,Moraxellaceae
SRR21412978.bin.19,Medium-quality,Pseudomonadota,arylpolyene,Others,Moraxellaceae
SRR21412978.bin.19,Medium-quality,Pseudomonadota,NRPS,NRPS,Moraxellaceae
SRR21412979.bin.11,Medium-quality,Actinomycetota,NI-siderophore,Others,Egibacteraceae
SRR21412979.bin.11,Medium-quality,Actinomycetota,NI-siderophore,Others,Egibacteraceae
SRR21412979.bin.3,Medium-quality,Actinomycetota,terpene,Terpene,Egibacteraceae
SRR21412979.bin.3,Medium-quality,Actinomycetota,terpene,Terpene,Egibacteraceae
SRR21412979.bin.3,Medium-quality,Actinomycetota,RiPP-like,RiPPs,Egibacteraceae
SRR21412979.bin.3,Medium-quality,Actinomycetota,NRPS,NRPS,Egibacteraceae
SRR21412979.bin.8,Medium-quality,Actinomycetota,phosphonate,Others,Nitriliruptoraceae
SRR21412982.bin.11,Medium-quality,Pseudomonadota,NRPS,NRPS,Enterobacteriaceae
SRR21412985.bin.21,Medium-quality,Bacteroidota,terpene,Terpene,Salinibacteraceae
SRR21412985.bin.21,Medium-quality,Bacteroidota,NRPS,NRPS,Salinibacteraceae
SRR21412985.bin.21,Medium-quality,Bacteroidota,T1PKS,PKSI,Salinibacteraceae
SRR21412985.bin.21,Medium-quality,Bacteroidota,T3PKS,PKSother,Salinibacteraceae
SRR21412986.bin.100,Medium-quality,Bacteroidota,NRPS.T1PKS,PKS-NRP_Hybrids,VadinHA17
SRR21412986.bin.19,Medium-quality,Bacteroidota,terpene,Terpene,Flavobacteriaceae
SRR21412986.bin.19,Medium-quality,Bacteroidota,T3PKS,PKSother,Flavobacteriaceae
SRR21412986.bin.19,Medium-quality,Bacteroidota,terpene,Terpene,Flavobacteriaceae
SRR21412986.bin.19,Medium-quality,Bacteroidota,arylpolyene,Others,Flavobacteriaceae
SRR21412986.bin.22,Medium-quality,Desulfobacterota,hglE-KS,PKSother,Desulfosalsimonadaceae
SRR21412986.bin.22,Medium-quality,Desulfobacterota,PUFA,Others,Desulfosalsimonadaceae
SRR21412986.bin.22,Medium-quality,Desulfobacterota,NRPS,NRPS,Desulfosalsimonadaceae
SRR21412986.bin.22,Medium-quality,Desulfobacterota,NRPS.T1PKS,PKS-NRP_Hybrids,Desulfosalsimonadaceae
SRR21412986.bin.22,Medium-quality,Desulfobacterota,RiPP-like,RiPPs,Desulfosalsimonadaceae
SRR21412986.bin.22,Medium-quality,Desulfobacterota,NRPS,NRPS,Desulfosalsimonadaceae
SRR21412986.bin.22,Medium-quality,Desulfobacterota,NRPS,NRPS,Desulfosalsimonadaceae
SRR21412986.bin.22,Medium-quality,Desulfobacterota,NRPS,NRPS,Desulfosalsimonadaceae
SRR21412986.bin.37,Medium-quality,Desulfobacterota,RiPP-like,RiPPs,Desulfosalsimonadaceae
SRR21412986.bin.53,Medium-quality,Desulfobacterota,RiPP-like,RiPPs,Desulfosalsimonadaceae
SRR21412986.bin.55,Medium-quality,Bacteroidota,ranthipeptide,RiPPs,JAGXLC01
SRR21412986.bin.57,Medium-quality,Patescibacteria,RiPP-like,RiPPs,CSBR16-193
SRR21412986.bin.6,Medium-quality,Spirochaetota,NRPS,NRPS,Sediminispirochaetaceae
SRR21412986.bin.60,Medium-quality,Desulfobacterota,NRPS-like,NRPS,Desulfobacteraceae
SRR21412986.bin.60,Medium-quality,Desulfobacterota,T1PKS,PKSI,Desulfobacteraceae
SRR21412986.bin.60,Medium-quality,Desulfobacterota,RiPP-like,RiPPs,Desulfobacteraceae
SRR21412986.bin.60,Medium-quality,Desulfobacterota,NRPS-like,NRPS,Desulfobacteraceae
SRR21412986.bin.60,Medium-quality,Desulfobacterota,hglE-KS,PKSother,Desulfobacteraceae
SRR21412986.bin.61,Medium-quality,Pseudomonadota,terpene,Terpene,Thiohalorhabdaceae
SRR21412986.bin.61,Medium-quality,Pseudomonadota,terpene,Terpene,Thiohalorhabdaceae
SRR21412986.bin.61,Medium-quality,Pseudomonadota,RiPP-like,RiPPs,Thiohalorhabdaceae
SRR21412986.bin.62,Medium-quality,Bacteroidota,NRPS-like,NRPS,JAGOPY01
SRR21412986.bin.71,Medium-quality,Desulfobacterota,RiPP-like,RiPPs,Desulfosalsimonadaceae
SRR21412986.bin.71,Medium-quality,Desulfobacterota,arylpolyene,Others,Desulfosalsimonadaceae
SRR21412986.bin.71,Medium-quality,Desulfobacterota,RiPP-like,RiPPs,Desulfosalsimonadaceae
SRR21412986.bin.71,Medium-quality,Desulfobacterota,arylpolyene,Others,Desulfosalsimonadaceae
SRR21412986.bin.86,Medium-quality,Bacteroidota,terpene,Terpene,Balneolaceae
SRR21412986.bin.86,Medium-quality,Bacteroidota,T3PKS,PKSother,Balneolaceae
SRR21412986.bin.87,Medium-quality,Pseudomonadota,resorcinol,Others,Halofilaceae
SRR21412986.bin.87,Medium-quality,Pseudomonadota,arylpolyene,Others,Halofilaceae
SRR21412986.bin.87,Medium-quality,Pseudomonadota,T1PKS,PKSI,Halofilaceae
SRR21412986.bin.87,Medium-quality,Pseudomonadota,NRPS-like,NRPS,Halofilaceae
SRR21412986.bin.87,Medium-quality,Pseudomonadota,arylpolyene,Others,Halofilaceae
SRR21412986.bin.87,Medium-quality,Pseudomonadota,arylpolyene,Others,Halofilaceae
SRR21412986.bin.87,Medium-quality,Pseudomonadota,hglE-KS,PKSother,Halofilaceae
SRR21412986.bin.89,Medium-quality,Pseudomonadota,RiPP-like,RiPPs,Thiohalospiraceae
SRR21412986.bin.93,Medium-quality,Desulfobacterota,T1PKS,PKSI,Desulfobacteraceae
SRR21412986.bin.93,Medium-quality,Desulfobacterota,hglE-KS,PKSother,Desulfobacteraceae
SRR21412986.bin.93,Medium-quality,Desulfobacterota,NRPS-like,NRPS,Desulfobacteraceae
SRR21412986.bin.96,Medium-quality,Pseudomonadota,RiPP-like,RiPPs,Thiohalospiraceae
SRR21412986.bin.99,Medium-quality,Pseudomonadota,RiPP-like,RiPPs,Oleiphilaceae
SRR21412986.bin.99,Medium-quality,Pseudomonadota,ectoine,Others,Oleiphilaceae
SRR21412986.bin.99,Medium-quality,Pseudomonadota,NRPS-like,NRPS,Oleiphilaceae
SRR21412987.bin.1,Medium-quality,Bacillota,NI-siderophore,Others,Staphylococcaceae
SRR21412987.bin.1,Medium-quality,Bacillota,NI-siderophore,Others,Staphylococcaceae
SRR21412987.bin.1,Medium-quality,Bacillota,NI-siderophore,Others,Staphylococcaceae
SRR21412987.bin.1,Medium-quality,Bacillota,NRPS,NRPS,Staphylococcaceae
SRR21412987.bin.1,Medium-quality,Bacillota,T3PKS,PKSother,Staphylococcaceae
SRR21412987.bin.1,Medium-quality,Bacillota,NI-siderophore,Others,Staphylococcaceae
SRR21412987.bin.1,Medium-quality,Bacillota,NI-siderophore,Others,Staphylococcaceae
SRR21412989.bin.12,Medium-quality,Pseudomonadota,terpene,Terpene,JAANXG01
SRR21412989.bin.12,Medium-quality,Pseudomonadota,NRPS-like,NRPS,JAANXG01
SRR21412989.bin.12,Medium-quality,Pseudomonadota,RRE-containing,RiPPs,JAANXG01
SRR21412989.bin.12,Medium-quality,Pseudomonadota,terpene,Terpene,JAANXG01
SRR21412989.bin.6,Medium-quality,Bacteroidota,T3PKS,PKSother,Flavobacteriaceae
SRR21412990.bin.20,Medium-quality,Actinomycetota,terpene,Terpene,Egibacteraceae
SRR21412990.bin.4,Medium-quality,Actinomycetota,terpene,Terpene,Egibacteraceae
SRR21412990.bin.4,Medium-quality,Actinomycetota,NRPS,NRPS,Egibacteraceae
SRR21412991.bin.11,Medium-quality,Pseudomonadota,terpene,Terpene,Rhodobacteraceae
SRR21412991.bin.11,Medium-quality,Pseudomonadota,T3PKS,PKSother,Rhodobacteraceae
SRR21412991.bin.11,Medium-quality,Pseudomonadota,NRPS-like,NRPS,Rhodobacteraceae
SRR21412991.bin.13,Medium-quality,Actinomycetota,T3PKS,PKSother,Cellulomonadaceae
SRR21412991.bin.13,Medium-quality,Actinomycetota,NRPS-like,NRPS,Cellulomonadaceae
SRR21412991.bin.15,Medium-quality,Bacteroidota,terpene,Terpene,Cyclobacteriaceae
SRR21412991.bin.15,Medium-quality,Bacteroidota,T3PKS,PKSother,Cyclobacteriaceae
SRR21412991.bin.15,Medium-quality,Bacteroidota,NRPS,NRPS,Cyclobacteriaceae
SRR21412991.bin.15,Medium-quality,Bacteroidota,NRPS,NRPS,Cyclobacteriaceae
SRR21412991.bin.15,Medium-quality,Bacteroidota,NRPS,NRPS,Cyclobacteriaceae
SRR21412991.bin.15,Medium-quality,Bacteroidota,NRPS-like,NRPS,Cyclobacteriaceae
SRR21412991.bin.2,Medium-quality,Pseudomonadota,NRPS-like,NRPS,Cellvibrionaceae
SRR21412991.bin.2,Medium-quality,Pseudomonadota,NRPS,NRPS,Cellvibrionaceae
SRR21412991.bin.2,Medium-quality,Pseudomonadota,NRPS,NRPS,Cellvibrionaceae
SRR21412991.bin.2,Medium-quality,Pseudomonadota,T3PKS,PKSother,Cellvibrionaceae
SRR21412991.bin.2,Medium-quality,Pseudomonadota,NRPS,NRPS,Cellvibrionaceae
SRR21412991.bin.2,Medium-quality,Pseudomonadota,NRPS,NRPS,Cellvibrionaceae
SRR21412991.bin.2,Medium-quality,Pseudomonadota,NRPS,NRPS,Cellvibrionaceae
SRR21412992.bin.15,Medium-quality,Pseudomonadota,arylpolyene,Others,Halofilaceae
SRR21412992.bin.15,Medium-quality,Pseudomonadota,arylpolyene,Others,Halofilaceae
SRR21412992.bin.18,Medium-quality,Pseudomonadota,RRE-containing,RiPPs,Wenzhouxiangellaceae
SRR21412992.bin.18,Medium-quality,Pseudomonadota,arylpolyene,Others,Wenzhouxiangellaceae
SRR21412992.bin.19,Medium-quality,Pseudomonadota,arylpolyene,Others,Unclassified
SRR21412993.bin.1,Medium-quality,Pseudomonadota,T3PKS,PKSother,Sphingomonadaceae
SRR21412993.bin.1,Medium-quality,Pseudomonadota,NRPS-like,NRPS,Sphingomonadaceae
SRR21412993.bin.1,Medium-quality,Pseudomonadota,terpene,Terpene,Sphingomonadaceae
SRR21412993.bin.1,Medium-quality,Pseudomonadota,NAPAA,NRPS,Sphingomonadaceae
SRR21412993.bin.11,Medium-quality,Pseudomonadota,NRPS,NRPS,Pseudomonadaceae
SRR21412993.bin.11,Medium-quality,Pseudomonadota,NRPS,NRPS,Pseudomonadaceae
SRR21412993.bin.11,Medium-quality,Pseudomonadota,NRPS,NRPS,Pseudomonadaceae
SRR21412993.bin.11,Medium-quality,Pseudomonadota,NRPS-like,NRPS,Pseudomonadaceae
SRR21412993.bin.11,Medium-quality,Pseudomonadota,NRPS-like,NRPS,Pseudomonadaceae
SRR21412993.bin.11,Medium-quality,Pseudomonadota,NRPS,NRPS,Pseudomonadaceae
SRR21412993.bin.11,Medium-quality,Pseudomonadota,RiPP-like,RiPPs,Pseudomonadaceae
SRR21412993.bin.11,Medium-quality,Pseudomonadota,NRPS,NRPS,Pseudomonadaceae
SRR21412993.bin.11,Medium-quality,Pseudomonadota,NRPS,NRPS,Pseudomonadaceae
SRR21412993.bin.11,Medium-quality,Pseudomonadota,NRPS,NRPS,Pseudomonadaceae
SRR21412993.bin.11,Medium-quality,Pseudomonadota,NRPS,NRPS,Pseudomonadaceae
SRR21412993.bin.18,Medium-quality,Bacillota,NI-siderophore,Others,Staphylococcaceae
SRR21412993.bin.18,Medium-quality,Bacillota,NI-siderophore,Others,Staphylococcaceae
SRR21412993.bin.18,Medium-quality,Bacillota,T3PKS,PKSother,Staphylococcaceae
SRR21412993.bin.18,Medium-quality,Bacillota,NRPS,NRPS,Staphylococcaceae
SRR21412993.bin.6,Medium-quality,Actinomycetota,NI-siderophore,Others,Mycobacteriaceae
SRR21412993.bin.6,Medium-quality,Actinomycetota,terpene,Terpene,Mycobacteriaceae
SRR21412993.bin.6,Medium-quality,Actinomycetota,NAPAA,NRPS,Mycobacteriaceae
SRR21412993.bin.6,Medium-quality,Actinomycetota,T1PKS,PKSI,Mycobacteriaceae
SRR21412993.bin.7,Medium-quality,Actinomycetota,T1PKS,PKSI,Mycobacteriaceae
SRR21412994.bin.17,Medium-quality,Bacteroidota,T3PKS,PKSother,Balneolaceae
SRR21412994.bin.17,Medium-quality,Bacteroidota,lanthipeptide-class-ii,RiPPs,Balneolaceae
SRR21412995.bin.11,Medium-quality,T1Sed10-126,arylpolyene,Others,Unclassified
SRR21412995.bin.16,Medium-quality,Pseudomonadota,terpene,Terpene,Rariloculaceae
SRR21412995.bin.16,Medium-quality,Pseudomonadota,terpene,Terpene,Rariloculaceae
SRR21412995.bin.22,Medium-quality,Bacteroidota,arylpolyene,Others,PHOS-HE28
SRR21412995.bin.22,Medium-quality,Bacteroidota,arylpolyene,Others,PHOS-HE28
SRR21412995.bin.22,Medium-quality,Bacteroidota,arylpolyene,Others,PHOS-HE28
SRR21412995.bin.22,Medium-quality,Bacteroidota,resorcinol,Others,PHOS-HE28
SRR21412995.bin.22,Medium-quality,Bacteroidota,T1PKS,PKSI,PHOS-HE28
SRR21412995.bin.28,Medium-quality,Pseudomonadota,NRPS-like,NRPS,Unclassified
SRR21412995.bin.43,Medium-quality,Myxococcota,terpene,Terpene,Haliangiaceae
SRR21412995.bin.43,Medium-quality,Myxococcota,T1PKS,PKSI,Haliangiaceae
SRR21412995.bin.43,Medium-quality,Myxococcota,NRPS-like,NRPS,Haliangiaceae
SRR21412995.bin.43,Medium-quality,Myxococcota,RRE-containing,RiPPs,Haliangiaceae
SRR21412995.bin.43,Medium-quality,Myxococcota,terpene,Terpene,Haliangiaceae
SRR21412995.bin.43,Medium-quality,Myxococcota,terpene,Terpene,Haliangiaceae
SRR21412995.bin.45,Medium-quality,Pseudomonadota,NRPS-like,NRPS,Halofilaceae
SRR21412995.bin.60,Medium-quality,Myxococcota,T3PKS,PKSother,Bradymonadaceae
SRR21412995.bin.60,Medium-quality,Myxococcota,NRPS,NRPS,Bradymonadaceae
SRR21412995.bin.60,Medium-quality,Myxococcota,T1PKS,PKSI,Bradymonadaceae
SRR21412995.bin.60,Medium-quality,Myxococcota,NRPS-like,NRPS,Bradymonadaceae
SRR21412995.bin.60,Medium-quality,Myxococcota,T1PKS,PKSI,Bradymonadaceae
SRR21412995.bin.62,Medium-quality,Bacteroidota,T1PKS,PKSI,PHOS-HE28
SRR21412995.bin.7,Medium-quality,Actinomycetota,phosphonate,Others,Nitriliruptoraceae
SRR21412995.bin.7,Medium-quality,Actinomycetota,NRPS-like,NRPS,Nitriliruptoraceae
SRR21412996.bin.1,Medium-quality,Bacteroidota,T3PKS,PKSother,Cyclobacteriaceae
SRR21412997.bin.2,Medium-quality,Pseudomonadota,T1PKS,PKSI,Enterobacteriaceae
SRR21412997.bin.2,Medium-quality,Pseudomonadota,NRPS,NRPS,Enterobacteriaceae
SRR21412997.bin.2,Medium-quality,Pseudomonadota,NRPS,NRPS,Enterobacteriaceae
SRR21412997.bin.2,Medium-quality,Pseudomonadota,RiPP-like,RiPPs,Enterobacteriaceae
SRR21412997.bin.9,Medium-quality,Bacteroidota,arylpolyene,Others,Bacteroidaceae
SRR21412997.bin.9,Medium-quality,Bacteroidota,arylpolyene,Others,Bacteroidaceae
SRR21412997.bin.9,Medium-quality,Bacteroidota,arylpolyene,Others,Bacteroidaceae
SRR21412998.bin.2,Medium-quality,Pseudomonadota,RiPP-like,RiPPs,Pseudomonadaceae
SRR21412998.bin.2,Medium-quality,Pseudomonadota,NRPS,NRPS,Pseudomonadaceae
SRR21412998.bin.2,Medium-quality,Pseudomonadota,NRPS-like,NRPS,Pseudomonadaceae
SRR21412998.bin.2,Medium-quality,Pseudomonadota,NRPS,NRPS,Pseudomonadaceae
SRR21412998.bin.2,Medium-quality,Pseudomonadota,NRPS,NRPS,Pseudomonadaceae
SRR21412998.bin.2,Medium-quality,Pseudomonadota,NRPS-like,NRPS,Pseudomonadaceae
SRR21412998.bin.2,Medium-quality,Pseudomonadota,NRPS,NRPS,Pseudomonadaceae
SRR21412998.bin.2,Medium-quality,Pseudomonadota,transAT-PKS-like,PKSother,Pseudomonadaceae
SRR21412998.bin.2,Medium-quality,Pseudomonadota,NRPS,NRPS,Pseudomonadaceae
SRR21412998.bin.2,Medium-quality,Pseudomonadota,NRPS,NRPS,Pseudomonadaceae
SRR21412998.bin.2,Medium-quality,Pseudomonadota,NRPS,NRPS,Pseudomonadaceae
SRR21412998.bin.2,Medium-quality,Pseudomonadota,NRPS,NRPS,Pseudomonadaceae
SRR21412998.bin.2,Medium-quality,Pseudomonadota,NRPS,NRPS,Pseudomonadaceae
SRR21412998.bin.2,Medium-quality,Pseudomonadota,NRPS,NRPS,Pseudomonadaceae
SRR21412998.bin.2,Medium-quality,Pseudomonadota,NRPS,NRPS,Pseudomonadaceae
SRR21412998.bin.2,Medium-quality,Pseudomonadota,NRPS,NRPS,Pseudomonadaceae
SRR21412998.bin.2,Medium-quality,Pseudomonadota,NRPS,NRPS,Pseudomonadaceae
SRR21412998.bin.2,Medium-quality,Pseudomonadota,NRPS-like,NRPS,Pseudomonadaceae
SRR21412998.bin.2,Medium-quality,Pseudomonadota,NRPS,NRPS,Pseudomonadaceae
SRR21412998.bin.2,Medium-quality,Pseudomonadota,NRPS,NRPS,Pseudomonadaceae
SRR21412998.bin.2,Medium-quality,Pseudomonadota,NRPS,NRPS,Pseudomonadaceae
SRR21412998.bin.2,Medium-quality,Pseudomonadota,NRPS,NRPS,Pseudomonadaceae
SRR21412998.bin.2,Medium-quality,Pseudomonadota,NRPS,NRPS,Pseudomonadaceae
SRR21412998.bin.2,Medium-quality,Pseudomonadota,NRPS,NRPS,Pseudomonadaceae
SRR21412998.bin.2,Medium-quality,Pseudomonadota,NRPS,NRPS,Pseudomonadaceae
SRR21412998.bin.2,Medium-quality,Pseudomonadota,NRPS,NRPS,Pseudomonadaceae
SRR21412998.bin.2,Medium-quality,Pseudomonadota,NRPS,NRPS,Pseudomonadaceae
SRR21412998.bin.2,Medium-quality,Pseudomonadota,terpene,Terpene,Pseudomonadaceae
SRR21412998.bin.2,Medium-quality,Pseudomonadota,NRPS,NRPS,Pseudomonadaceae
SRR21412998.bin.2,Medium-quality,Pseudomonadota,NRPS,NRPS,Pseudomonadaceae
SRR21412998.bin.2,Medium-quality,Pseudomonadota,NRPS,NRPS,Pseudomonadaceae
SRR21412998.bin.2,Medium-quality,Pseudomonadota,NRPS,NRPS,Pseudomonadaceae
SRR21412998.bin.2,Medium-quality,Pseudomonadota,NRPS,NRPS,Pseudomonadaceae
SRR21412998.bin.2,Medium-quality,Pseudomonadota,transAT-PKS-like,PKSother,Pseudomonadaceae
SRR21412998.bin.2,Medium-quality,Pseudomonadota,NRPS,NRPS,Pseudomonadaceae
SRR21412998.bin.2,Medium-quality,Pseudomonadota,NRPS-like,NRPS,Pseudomonadaceae
SRR21412998.bin.2,Medium-quality,Pseudomonadota,NRPS,NRPS,Pseudomonadaceae
SRR21412998.bin.2,Medium-quality,Pseudomonadota,NRPS,NRPS,Pseudomonadaceae
SRR21412998.bin.2,Medium-quality,Pseudomonadota,NRPS,NRPS,Pseudomonadaceae
SRR21412998.bin.2,Medium-quality,Pseudomonadota,NRPS-like,NRPS,Pseudomonadaceae
SRR21412998.bin.2,Medium-quality,Pseudomonadota,NRPS,NRPS,Pseudomonadaceae
SRR21412998.bin.2,Medium-quality,Pseudomonadota,NRPS,NRPS,Pseudomonadaceae
SRR21412998.bin.2,Medium-quality,Pseudomonadota,transAT-PKS-like,PKSother,Pseudomonadaceae
SRR21412998.bin.2,Medium-quality,Pseudomonadota,NRPS,NRPS,Pseudomonadaceae
SRR21413000.bin.10,Medium-quality,Myxococcota,NRPS-like,NRPS,Polyangiaceae
SRR21413000.bin.10,Medium-quality,Myxococcota,NRPS-like,NRPS,Polyangiaceae
SRR21413000.bin.10,Medium-quality,Myxococcota,T1PKS,PKSI,Polyangiaceae
SRR21413000.bin.10,Medium-quality,Myxococcota,NRPS-like,NRPS,Polyangiaceae
SRR21413000.bin.10,Medium-quality,Myxococcota,T3PKS,PKSother,Polyangiaceae
SRR21413000.bin.10,Medium-quality,Myxococcota,ladderane,Others,Polyangiaceae
SRR21413000.bin.10,Medium-quality,Myxococcota,terpene,Terpene,Polyangiaceae
SRR21413000.bin.36,Medium-quality,Pseudomonadota,arylpolyene,Others,XN24
SRR21413001.bin.20,Medium-quality,Pseudomonadota,terpene,Terpene,Aquisalimonadaceae
SRR21413001.bin.25,Medium-quality,Actinomycetota,T3PKS,PKSother,Jiangellaceae
SRR21413001.bin.3,Medium-quality,Actinomycetota,NI-siderophore,Others,Micrococcaceae
SRR21413001.bin.3,Medium-quality,Actinomycetota,NRPS-like,NRPS,Micrococcaceae
SRR21413001.bin.3,Medium-quality,Actinomycetota,NRPS-like,NRPS,Micrococcaceae
SRR21413001.bin.3,Medium-quality,Actinomycetota,terpene,Terpene,Micrococcaceae
SRR21413001.bin.3,Medium-quality,Actinomycetota,NAPAA,NRPS,Micrococcaceae
SRR21413001.bin.32,Medium-quality,Actinomycetota,terpene,Terpene,Egibacteraceae
SRR21413001.bin.32,Medium-quality,Actinomycetota,indole,Others,Egibacteraceae
SRR21413001.bin.32,Medium-quality,Actinomycetota,T3PKS,PKSother,Egibacteraceae
SRR21413001.bin.39,Medium-quality,Bacillota,T3PKS,PKSother,Planococcaceae
SRR21413001.bin.45,Medium-quality,Actinomycetota,terpene,Terpene,Streptosporangiaceae
SRR21413001.bin.45,Medium-quality,Actinomycetota,terpene,Terpene,Streptosporangiaceae
SRR21413001.bin.45,Medium-quality,Actinomycetota,NRPS,NRPS,Streptosporangiaceae
SRR21413001.bin.45,Medium-quality,Actinomycetota,NRPS,NRPS,Streptosporangiaceae
SRR21413001.bin.45,Medium-quality,Actinomycetota,blactam,Others,Streptosporangiaceae
SRR21413001.bin.45,Medium-quality,Actinomycetota,NRPS,NRPS,Streptosporangiaceae
SRR21413001.bin.45,Medium-quality,Actinomycetota,terpene,Terpene,Streptosporangiaceae
SRR21413001.bin.45,Medium-quality,Actinomycetota,T1PKS,PKSI,Streptosporangiaceae
SRR21413001.bin.45,Medium-quality,Actinomycetota,NRPS,NRPS,Streptosporangiaceae
SRR21413001.bin.45,Medium-quality,Actinomycetota,NRPS,NRPS,Streptosporangiaceae
SRR21413001.bin.45,Medium-quality,Actinomycetota,NRPS,NRPS,Streptosporangiaceae
SRR21413001.bin.45,Medium-quality,Actinomycetota,RiPP-like,RiPPs,Streptosporangiaceae
SRR21413001.bin.45,Medium-quality,Actinomycetota,NRPS,NRPS,Streptosporangiaceae
SRR21413001.bin.45,Medium-quality,Actinomycetota,phosphonate,Others,Streptosporangiaceae
SRR21413001.bin.45,Medium-quality,Actinomycetota,T1PKS,PKSI,Streptosporangiaceae
SRR21413001.bin.5,Medium-quality,Pseudomonadota,phosphonate,Others,SLND01
SRR21413001.bin.5,Medium-quality,Pseudomonadota,arylpolyene,Others,SLND01
SRR21413001.bin.5,Medium-quality,Pseudomonadota,arylpolyene,Others,SLND01
SRR21413001.bin.5,Medium-quality,Pseudomonadota,arylpolyene,Others,SLND01
SRR21413001.bin.5,Medium-quality,Pseudomonadota,resorcinol,Others,SLND01
SRR21413001.bin.51,Medium-quality,Bacteroidota,T3PKS,PKSother,Cyclobacteriaceae
SRR21413001.bin.58,Medium-quality,Actinomycetota,NAPAA,NRPS,Micrococcaceae
SRR21413001.bin.58,Medium-quality,Actinomycetota,NAPAA,NRPS,Micrococcaceae
SRR21413001.bin.58,Medium-quality,Actinomycetota,NAPAA,NRPS,Micrococcaceae
SRR21413001.bin.58,Medium-quality,Actinomycetota,T3PKS,PKSother,Micrococcaceae
SRR21413001.bin.6,Medium-quality,Pseudomonadota,hglE-KS,PKSother,Hyphomonadaceae
SRR21413001.bin.6,Medium-quality,Pseudomonadota,T1PKS,PKSI,Hyphomonadaceae
SRR21413002.bin.31,Medium-quality,Pseudomonadota,resorcinol,Others,Wenzhouxiangellaceae
SRR21413002.bin.31,Medium-quality,Pseudomonadota,arylpolyene,Others,Wenzhouxiangellaceae
SRR21413002.bin.4,Medium-quality,Pseudomonadota,NRPS-like,NRPS,Geminicoccaceae
SRR21413002.bin.4,Medium-quality,Pseudomonadota,terpene,Terpene,Geminicoccaceae
SRR21413002.bin.4,Medium-quality,Pseudomonadota,RiPP-like,RiPPs,Geminicoccaceae
SRR21413002.bin.5,Medium-quality,Actinomycetota,lanthipeptide-class-iv,RiPPs,Pseudonocardiaceae
SRR21413002.bin.5,Medium-quality,Actinomycetota,RiPP-like,RiPPs,Pseudonocardiaceae
SRR21413002.bin.5,Medium-quality,Actinomycetota,amglyccycl,Saccharides,Pseudonocardiaceae
SRR21413002.bin.5,Medium-quality,Actinomycetota,lanthipeptide-class-iii,RiPPs,Pseudonocardiaceae
SRR21413002.bin.5,Medium-quality,Actinomycetota,terpene,Terpene,Pseudonocardiaceae
SRR21413002.bin.5,Medium-quality,Actinomycetota,NAPAA,NRPS,Pseudonocardiaceae
SRR21413002.bin.5,Medium-quality,Actinomycetota,terpene,Terpene,Pseudonocardiaceae
SRR21413002.bin.5,Medium-quality,Actinomycetota,NI-siderophore,Others,Pseudonocardiaceae
SRR21413002.bin.5,Medium-quality,Actinomycetota,NI-siderophore,Others,Pseudonocardiaceae
SRR21413002.bin.5,Medium-quality,Actinomycetota,RRE-containing,RiPPs,Pseudonocardiaceae
SRR21413003.bin.17,Medium-quality,Actinomycetota,T3PKS,PKSother,Dermatophilaceae
SRR21413003.bin.2,Medium-quality,Gemmatimonadota,NRPS-like,NRPS,UBA6960
SRR21413003.bin.20,Medium-quality,Pseudomonadota,NI-siderophore,Others,Cellvibrionaceae
SRR21413003.bin.20,Medium-quality,Pseudomonadota,NI-siderophore,Others,Cellvibrionaceae
SRR21413003.bin.21,Medium-quality,Pseudomonadota,arylpolyene,Others,SLND01
SRR21413003.bin.21,Medium-quality,Pseudomonadota,arylpolyene,Others,SLND01
SRR21413003.bin.21,Medium-quality,Pseudomonadota,arylpolyene,Others,SLND01
SRR21413003.bin.21,Medium-quality,Pseudomonadota,resorcinol,Others,SLND01
SRR21413003.bin.37,Medium-quality,Pseudomonadota,arylpolyene,Others,Xanthomonadaceae
SRR21413003.bin.46,Medium-quality,Pseudomonadota,T3PKS,PKSother,Cellvibrionaceae
SRR21413003.bin.46,Medium-quality,Pseudomonadota,NRPS-like,NRPS,Cellvibrionaceae
SRR21413003.bin.52,Medium-quality,Bacteroidota,T3PKS,PKSother,Flavobacteriaceae
SRR21413003.bin.52,Medium-quality,Bacteroidota,arylpolyene,Others,Flavobacteriaceae
SRR21413003.bin.6,Medium-quality,Actinomycetota,phosphonate,Others,JAHWKO01
SRR21413004.bin.14,Medium-quality,Gemmatimonadota,terpene,Terpene,UBA6960
SRR21413004.bin.14,Medium-quality,Gemmatimonadota,NRPS,NRPS,UBA6960
SRR21413004.bin.24,Medium-quality,Bacteroidota,T3PKS,PKSother,Cyclobacteriaceae
SRR21413004.bin.3,Medium-quality,Actinomycetota,NRPS-like,NRPS,JAHWKV01
SRR21413004.bin.3,Medium-quality,Actinomycetota,terpene,Terpene,JAHWKV01
SRR21413004.bin.39,Medium-quality,Pseudomonadota,T3PKS,PKSother,Sphingomonadaceae
SRR21413004.bin.39,Medium-quality,Pseudomonadota,terpene,Terpene,Sphingomonadaceae
SRR21413004.bin.41,Medium-quality,Bacteroidota,T3PKS,PKSother,Balneolaceae
SRR21413004.bin.9,Medium-quality,Bacteroidota,T3PKS,PKSother,Cyclobacteriaceae
SRR21413004.bin.9,Medium-quality,Bacteroidota,NRPS,NRPS,Cyclobacteriaceae
SRR21413004.bin.9,Medium-quality,Bacteroidota,terpene,Terpene,Cyclobacteriaceae
SRR21413005.bin.1,Medium-quality,Actinomycetota,NI-siderophore,Others,Rubrobacteraceae
SRR21413005.bin.1,Medium-quality,Actinomycetota,T3PKS,PKSother,Rubrobacteraceae
SRR21413005.bin.10,Medium-quality,Pseudomonadota,NRPS,NRPS,Oleiphilaceae
SRR21413005.bin.10,Medium-quality,Pseudomonadota,NRPS,NRPS,Oleiphilaceae
SRR21413005.bin.10,Medium-quality,Pseudomonadota,NRPS,NRPS,Oleiphilaceae
SRR21413005.bin.10,Medium-quality,Pseudomonadota,NI-siderophore,Others,Oleiphilaceae
SRR21413005.bin.10,Medium-quality,Pseudomonadota,T3PKS,PKSother,Oleiphilaceae
SRR21413005.bin.10,Medium-quality,Pseudomonadota,RiPP-like,RiPPs,Oleiphilaceae
SRR21413005.bin.15,Medium-quality,Bacteroidota,T3PKS,PKSother,Flavobacteriaceae
SRR21413005.bin.15,Medium-quality,Bacteroidota,arylpolyene,Others,Flavobacteriaceae
SRR21413005.bin.25,Medium-quality,Actinomycetota,NI-siderophore,Others,Rubrobacteraceae
SRR21413005.bin.25,Medium-quality,Actinomycetota,NI-siderophore,Others,Rubrobacteraceae
SRR21413005.bin.25,Medium-quality,Actinomycetota,terpene,Terpene,Rubrobacteraceae
SRR21413005.bin.25,Medium-quality,Actinomycetota,T3PKS,PKSother,Rubrobacteraceae
SRR21413005.bin.25,Medium-quality,Actinomycetota,NRPS-like,NRPS,Rubrobacteraceae
SRR21413005.bin.6,Medium-quality,Bacteroidota,T3PKS,PKSother,Balneolaceae
SRR21413006.bin.14,Medium-quality,Bacteroidota,T3PKS,PKSother,Hymenobacteraceae
SRR21413006.bin.19,Medium-quality,Pseudomonadota,terpene,Terpene,Sphingomonadaceae
SRR21413006.bin.2,Medium-quality,Bacteroidota,terpene,Terpene,Cyclobacteriaceae
SRR21413006.bin.2,Medium-quality,Bacteroidota,T3PKS,PKSother,Cyclobacteriaceae
SRR21413006.bin.2,Medium-quality,Bacteroidota,T3PKS,PKSother,Cyclobacteriaceae
SRR21413006.bin.2,Medium-quality,Bacteroidota,arylpolyene,Others,Cyclobacteriaceae
SRR21413006.bin.2,Medium-quality,Bacteroidota,arylpolyene,Others,Cyclobacteriaceae
SRR21413006.bin.31,Medium-quality,Actinomycetota,terpene,Terpene,Dermatophilaceae
SRR21413006.bin.31,Medium-quality,Actinomycetota,T3PKS,PKSother,Dermatophilaceae
SRR21413006.bin.7,Medium-quality,Actinomycetota,NRPS-like,NRPS,Micrococcaceae
SRR21413006.bin.7,Medium-quality,Actinomycetota,T3PKS,PKSother,Micrococcaceae
SRR21413007.bin.15,Medium-quality,Bacteroidota,resorcinol,Others,Bacteroidaceae
SRR21413007.bin.15,Medium-quality,Bacteroidota,RRE-containing,RiPPs,Bacteroidaceae
SRR21413007.bin.15,Medium-quality,Bacteroidota,lanthipeptide-class-ii,RiPPs,Bacteroidaceae
SRR21413007.bin.24,Medium-quality,Bacillota_A,ranthipeptide,RiPPs,Lachnospiraceae
SRR21413007.bin.32,Medium-quality,Bacteroidota,T3PKS,PKSother,Flavobacteriaceae
SRR21413007.bin.32,Medium-quality,Bacteroidota,arylpolyene,Others,Flavobacteriaceae
SRR21413007.bin.32,Medium-quality,Bacteroidota,arylpolyene,Others,Flavobacteriaceae
SRR21413007.bin.32,Medium-quality,Bacteroidota,terpene,Terpene,Flavobacteriaceae
SRR21413008.bin.1,Medium-quality,Acidobacteriota,NRPS-like,NRPS,JAIOJS01
SRR21413008.bin.13,Medium-quality,Pseudomonadota,NAPAA,NRPS,Caulobacteraceae
SRR21413008.bin.13,Medium-quality,Pseudomonadota,resorcinol,Others,Caulobacteraceae
SRR21413008.bin.3,Medium-quality,Pseudomonadota,arylpolyene,Others,Wenzhouxiangellaceae
SRR21413008.bin.7,Medium-quality,Pseudomonadota,transAT-PKS-like,PKSother,Halofilaceae
SRR21413008.bin.7,Medium-quality,Pseudomonadota,transAT-PKS-like,PKSother,Halofilaceae
SRR21413008.bin.7,Medium-quality,Pseudomonadota,transAT-PKS-like,PKSother,Halofilaceae
SRR21413008.bin.7,Medium-quality,Pseudomonadota,terpene,Terpene,Halofilaceae
SRR21413008.bin.7,Medium-quality,Pseudomonadota,NRPS,NRPS,Halofilaceae
SRR21413008.bin.7,Medium-quality,Pseudomonadota,arylpolyene,Others,Halofilaceae
SRR21413008.bin.7,Medium-quality,Pseudomonadota,hglE-KS,PKSother,Halofilaceae
SRR21413008.bin.7,Medium-quality,Pseudomonadota,hglE-KS,PKSother,Halofilaceae
SRR21413008.bin.7,Medium-quality,Pseudomonadota,transAT-PKS-like,PKSother,Halofilaceae
SRR21413009.bin.1,Medium-quality,Actinomycetota,NRPS,NRPS,Unclassified
SRR23851168.bin.16,Medium-quality,Chloroflexota,T1PKS.NRPS,PKS-NRP_Hybrids,Villigracilaceae
SRR23851170.bin.25,Medium-quality,Pseudomonadota,NRPS-like,NRPS,SG8-41
SRR23851170.bin.25,Medium-quality,Pseudomonadota,arylpolyene,Others,SG8-41
SRR23851171.bin.11,Medium-quality,Actinomycetota,terpene,Terpene,JACDCH01
SRR23851171.bin.11,Medium-quality,Actinomycetota,NRPS-like,NRPS,JACDCH01
SRR23851171.bin.14,Medium-quality,Gemmatimonadota,terpene,Terpene,RSA9
SRR23851171.bin.17,Medium-quality,Pseudomonadota,T3PKS,PKSother,Sphingomonadaceae
SRR23851171.bin.18,Medium-quality,Pseudomonadota,arylpolyene,Others,Xanthomonadaceae
SRR23851171.bin.22,Medium-quality,Cyanobacteriota,terpene,Terpene,Coleofasciculaceae
SRR23851171.bin.22,Medium-quality,Cyanobacteriota,NRPS,NRPS,Coleofasciculaceae
SRR23851171.bin.22,Medium-quality,Cyanobacteriota,NRPS,NRPS,Coleofasciculaceae
SRR23851171.bin.22,Medium-quality,Cyanobacteriota,NRPS-like,NRPS,Coleofasciculaceae
SRR23851171.bin.22,Medium-quality,Cyanobacteriota,NRPS,NRPS,Coleofasciculaceae
SRR23851171.bin.22,Medium-quality,Cyanobacteriota,RiPP-like,RiPPs,Coleofasciculaceae
SRR23851171.bin.22,Medium-quality,Cyanobacteriota,NRPS,NRPS,Coleofasciculaceae
SRR23851171.bin.22,Medium-quality,Cyanobacteriota,NRPS,NRPS,Coleofasciculaceae
SRR23851171.bin.22,Medium-quality,Cyanobacteriota,NRPS,NRPS,Coleofasciculaceae
SRR23851171.bin.3,Medium-quality,Myxococcota,indole,Others,Unclassified
SRR23851171.bin.3,Medium-quality,Myxococcota,NRPS-like,NRPS,Unclassified
SRR23851171.bin.3,Medium-quality,Myxococcota,T3PKS,PKSother,Unclassified
SRR23851171.bin.3,Medium-quality,Myxococcota,NRPS,NRPS,Unclassified
SRR23851171.bin.3,Medium-quality,Myxococcota,NRPS-like,NRPS,Unclassified
SRR23851171.bin.3,Medium-quality,Myxococcota,NRPS,NRPS,Unclassified
SRR23851171.bin.3,Medium-quality,Myxococcota,T1PKS,PKSI,Unclassified
SRR23851171.bin.3,Medium-quality,Myxococcota,NRPS,NRPS,Unclassified
SRR23851171.bin.3,Medium-quality,Myxococcota,T1PKS,PKSI,Unclassified
SRR23851171.bin.3,Medium-quality,Myxococcota,NRPS-like,NRPS,Unclassified
SRR23851171.bin.3,Medium-quality,Myxococcota,arylpolyene,Others,Unclassified
SRR23851171.bin.3,Medium-quality,Myxococcota,arylpolyene,Others,Unclassified
SRR23851171.bin.3,Medium-quality,Myxococcota,terpene,Terpene,Unclassified
SRR23851171.bin.3,Medium-quality,Myxococcota,terpene,Terpene,Unclassified
SRR23851171.bin.3,Medium-quality,Myxococcota,NRPS,NRPS,Unclassified
SRR23851171.bin.3,Medium-quality,Myxococcota,terpene,Terpene,Unclassified
SRR23851171.bin.3,Medium-quality,Myxococcota,T1PKS.NRPS-like,PKS-NRP_Hybrids,Unclassified
SRR23851171.bin.3,Medium-quality,Myxococcota,T1PKS.NRPS-like,PKS-NRP_Hybrids,Unclassified
SRR23851171.bin.3,Medium-quality,Myxococcota,T1PKS,PKSI,Unclassified
SRR23851171.bin.3,Medium-quality,Myxococcota,T1PKS,PKSI,Unclassified
SRR23851171.bin.3,Medium-quality,Myxococcota,T1PKS,PKSI,Unclassified
SRR23851171.bin.3,Medium-quality,Myxococcota,indole,Others,Unclassified
SRR23851171.bin.3,Medium-quality,Myxococcota,resorcinol,Others,Unclassified
SRR23851171.bin.3,Medium-quality,Myxococcota,ladderane,Others,Unclassified
SRR23851172.bin.13,Medium-quality,Acidobacteriota,NRPS,NRPS,UBA5704
SRR23851172.bin.13,Medium-quality,Acidobacteriota,T1PKS,PKSI,UBA5704
SRR23851172.bin.13,Medium-quality,Acidobacteriota,T1PKS,PKSI,UBA5704
SRR23851172.bin.13,Medium-quality,Acidobacteriota,NRPS,NRPS,UBA5704
SRR23851172.bin.13,Medium-quality,Acidobacteriota,NRPS,NRPS,UBA5704
SRR23851172.bin.13,Medium-quality,Acidobacteriota,NRPS,NRPS,UBA5704
SRR23851172.bin.13,Medium-quality,Acidobacteriota,NRPS,NRPS,UBA5704
SRR23851172.bin.13,Medium-quality,Acidobacteriota,NRPS,NRPS,UBA5704
SRR23851172.bin.13,Medium-quality,Acidobacteriota,NRPS,NRPS,UBA5704
SRR23851172.bin.13,Medium-quality,Acidobacteriota,NRPS,NRPS,UBA5704
SRR23851172.bin.13,Medium-quality,Acidobacteriota,lanthipeptide-class-ii,RiPPs,UBA5704
SRR23851172.bin.13,Medium-quality,Acidobacteriota,RiPP-like,RiPPs,UBA5704
SRR23851172.bin.13,Medium-quality,Acidobacteriota,RiPP-like,RiPPs,UBA5704
SRR23851172.bin.13,Medium-quality,Acidobacteriota,NRPS,NRPS,UBA5704
SRR23851172.bin.13,Medium-quality,Acidobacteriota,T1PKS,PKSI,UBA5704
SRR23851172.bin.13,Medium-quality,Acidobacteriota,NRPS,NRPS,UBA5704
SRR23851172.bin.13,Medium-quality,Acidobacteriota,NRPS,NRPS,UBA5704
SRR23851172.bin.13,Medium-quality,Acidobacteriota,NRPS,NRPS,UBA5704
SRR23851172.bin.13,Medium-quality,Acidobacteriota,cyanobactin,RiPPs,UBA5704
SRR23851172.bin.13,Medium-quality,Acidobacteriota,NRPS,NRPS,UBA5704
SRR23851172.bin.13,Medium-quality,Acidobacteriota,NRPS,NRPS,UBA5704
SRR23851172.bin.13,Medium-quality,Acidobacteriota,NRPS,NRPS,UBA5704
SRR23851172.bin.13,Medium-quality,Acidobacteriota,T1PKS,PKSI,UBA5704
SRR23851172.bin.13,Medium-quality,Acidobacteriota,NRPS-like,NRPS,UBA5704
SRR23851172.bin.13,Medium-quality,Acidobacteriota,NRPS,NRPS,UBA5704
SRR23851172.bin.13,Medium-quality,Acidobacteriota,NRPS,NRPS,UBA5704
SRR23851172.bin.13,Medium-quality,Acidobacteriota,NRPS-like,NRPS,UBA5704
SRR23851172.bin.13,Medium-quality,Acidobacteriota,NRPS,NRPS,UBA5704
SRR23851172.bin.13,Medium-quality,Acidobacteriota,NRPS,NRPS,UBA5704
SRR23851172.bin.13,Medium-quality,Acidobacteriota,T1PKS.NRPS,PKS-NRP_Hybrids,UBA5704
SRR23851172.bin.13,Medium-quality,Acidobacteriota,ladderane,Others,UBA5704
SRR23851172.bin.13,Medium-quality,Acidobacteriota,NRPS,NRPS,UBA5704
SRR23851172.bin.13,Medium-quality,Acidobacteriota,NRPS,NRPS,UBA5704
SRR23851172.bin.13,Medium-quality,Acidobacteriota,NRPS,NRPS,UBA5704
SRR23851172.bin.13,Medium-quality,Acidobacteriota,NRPS,NRPS,UBA5704
SRR23851172.bin.13,Medium-quality,Acidobacteriota,NRPS,NRPS,UBA5704
SRR23851172.bin.13,Medium-quality,Acidobacteriota,NRPS,NRPS,UBA5704
SRR23851172.bin.13,Medium-quality,Acidobacteriota,NRPS-like,NRPS,UBA5704
SRR23851172.bin.13,Medium-quality,Acidobacteriota,T1PKS,PKSI,UBA5704
SRR23851172.bin.13,Medium-quality,Acidobacteriota,NRPS,NRPS,UBA5704
SRR23851172.bin.13,Medium-quality,Acidobacteriota,NRPS,NRPS,UBA5704
SRR23851172.bin.13,Medium-quality,Acidobacteriota,NRPS,NRPS,UBA5704
SRR23851172.bin.13,Medium-quality,Acidobacteriota,NRPS,NRPS,UBA5704
SRR23851172.bin.13,Medium-quality,Acidobacteriota,NRPS,NRPS,UBA5704
SRR23851172.bin.13,Medium-quality,Acidobacteriota,NRPS,NRPS,UBA5704
SRR23851172.bin.13,Medium-quality,Acidobacteriota,NRPS,NRPS,UBA5704
SRR23851172.bin.13,Medium-quality,Acidobacteriota,lanthipeptide-class-iv,RiPPs,UBA5704
SRR23851172.bin.13,Medium-quality,Acidobacteriota,NRPS,NRPS,UBA5704
SRR23851172.bin.13,Medium-quality,Acidobacteriota,NRPS,NRPS,UBA5704
SRR23851172.bin.13,Medium-quality,Acidobacteriota,RiPP-like,RiPPs,UBA5704
SRR23851172.bin.13,Medium-quality,Acidobacteriota,NRPS,NRPS,UBA5704
SRR23851172.bin.13,Medium-quality,Acidobacteriota,NRPS,NRPS,UBA5704
SRR23851172.bin.13,Medium-quality,Acidobacteriota,RiPP-like,RiPPs,UBA5704
SRR23851172.bin.13,Medium-quality,Acidobacteriota,NRPS-like,NRPS,UBA5704
SRR23851172.bin.13,Medium-quality,Acidobacteriota,NRPS,NRPS,UBA5704
SRR23851172.bin.13,Medium-quality,Acidobacteriota,RiPP-like,RiPPs,UBA5704
SRR23851172.bin.13,Medium-quality,Acidobacteriota,NRPS-like,NRPS,UBA5704
SRR23851172.bin.13,Medium-quality,Acidobacteriota,NRPS,NRPS,UBA5704
SRR23851172.bin.13,Medium-quality,Acidobacteriota,NRPS-like,NRPS,UBA5704
SRR23851172.bin.13,Medium-quality,Acidobacteriota,NRPS,NRPS,UBA5704
SRR23851172.bin.13,Medium-quality,Acidobacteriota,NRPS,NRPS,UBA5704
SRR23851172.bin.13,Medium-quality,Acidobacteriota,NRPS,NRPS,UBA5704
SRR23851172.bin.13,Medium-quality,Acidobacteriota,NRPS,NRPS,UBA5704
SRR23851172.bin.13,Medium-quality,Acidobacteriota,NRPS,NRPS,UBA5704
SRR23851172.bin.13,Medium-quality,Acidobacteriota,NRPS,NRPS,UBA5704
SRR23851172.bin.13,Medium-quality,Acidobacteriota,T1PKS,PKSI,UBA5704
SRR23851172.bin.13,Medium-quality,Acidobacteriota,NRPS,NRPS,UBA5704
SRR23851172.bin.13,Medium-quality,Acidobacteriota,NRPS,NRPS,UBA5704
SRR23851172.bin.13,Medium-quality,Acidobacteriota,NRPS,NRPS,UBA5704
SRR23851172.bin.13,Medium-quality,Acidobacteriota,T3PKS,PKSother,UBA5704
SRR23851172.bin.13,Medium-quality,Acidobacteriota,NRPS,NRPS,UBA5704
SRR23851172.bin.13,Medium-quality,Acidobacteriota,NRPS,NRPS,UBA5704
SRR23851172.bin.13,Medium-quality,Acidobacteriota,NRPS,NRPS,UBA5704
SRR23851172.bin.13,Medium-quality,Acidobacteriota,NRPS,NRPS,UBA5704
SRR23851172.bin.13,Medium-quality,Acidobacteriota,NRPS,NRPS,UBA5704
SRR23851172.bin.13,Medium-quality,Acidobacteriota,T1PKS.NRPS,PKS-NRP_Hybrids,UBA5704
SRR23851172.bin.13,Medium-quality,Acidobacteriota,NRPS,NRPS,UBA5704
SRR23851172.bin.13,Medium-quality,Acidobacteriota,NRPS,NRPS,UBA5704
SRR23851172.bin.13,Medium-quality,Acidobacteriota,NRPS,NRPS,UBA5704
SRR23851172.bin.13,Medium-quality,Acidobacteriota,NRPS,NRPS,UBA5704
SRR23851172.bin.13,Medium-quality,Acidobacteriota,NRPS,NRPS,UBA5704
SRR23851172.bin.13,Medium-quality,Acidobacteriota,NRPS,NRPS,UBA5704
SRR23851172.bin.13,Medium-quality,Acidobacteriota,NRPS,NRPS,UBA5704
SRR23851172.bin.13,Medium-quality,Acidobacteriota,lanthipeptide-class-ii,RiPPs,UBA5704
SRR23851173.bin.10,Medium-quality,Actinomycetota,RiPP-like,RiPPs,Solirubrobacteraceae
SRR23851173.bin.10,Medium-quality,Actinomycetota,lanthipeptide-class-iii,RiPPs,Solirubrobacteraceae
SRR23851173.bin.10,Medium-quality,Actinomycetota,T1PKS,PKSI,Solirubrobacteraceae
SRR23851173.bin.3,Medium-quality,Actinomycetota,T3PKS,PKSother,Microbacteriaceae
SRR23851173.bin.6,Medium-quality,Pseudomonadota,NI-siderophore,Others,Enterobacteriaceae
SRR23851173.bin.6,Medium-quality,Pseudomonadota,NI-siderophore,Others,Enterobacteriaceae
SRR23851173.bin.6,Medium-quality,Pseudomonadota,arylpolyene,Others,Enterobacteriaceae
SRR23851173.bin.6,Medium-quality,Pseudomonadota,NRPS-like,NRPS,Enterobacteriaceae
SRR23851173.bin.6,Medium-quality,Pseudomonadota,RRE-containing,RiPPs,Enterobacteriaceae
SRR23851173.bin.6,Medium-quality,Pseudomonadota,RiPP-like,RiPPs,Enterobacteriaceae
SRR23851173.bin.6,Medium-quality,Pseudomonadota,NRPS,NRPS,Enterobacteriaceae
SRR23851173.bin.6,Medium-quality,Pseudomonadota,arylpolyene,Others,Enterobacteriaceae
SRR23851173.bin.6,Medium-quality,Pseudomonadota,RRE-containing,RiPPs,Enterobacteriaceae
SRR23851174.bin.24,Medium-quality,Acidobacteriota,T3PKS,PKSother,Unclassified
SRR23851174.bin.24,Medium-quality,Acidobacteriota,terpene,Terpene,Unclassified
SRR23851174.bin.24,Medium-quality,Acidobacteriota,NRPS-like,NRPS,Unclassified
SRR23851175.bin.35,Medium-quality,Bacteroidota,T3PKS,PKSother,Flavobacteriaceae
SRR23851175.bin.37,Medium-quality,Gemmatimonadota,lanthipeptide-class-iv,RiPPs,Palauibacteraceae
SRR23851175.bin.6,Medium-quality,Gemmatimonadota,RiPP-like,RiPPs,Palauibacteraceae
SRR23851175.bin.6,Medium-quality,Gemmatimonadota,terpene,Terpene,Palauibacteraceae
SRR23851175.bin.67,Medium-quality,Chloroflexota,terpene,Terpene,E44-bin32
SRR23851175.bin.67,Medium-quality,Chloroflexota,T3PKS,PKSother,E44-bin32
SRR23851176.bin.16,Medium-quality,Pseudomonadota,NRPS,NRPS,Cellvibrionaceae
SRR23851176.bin.16,Medium-quality,Pseudomonadota,resorcinol,Others,Cellvibrionaceae
SRR23851176.bin.16,Medium-quality,Pseudomonadota,NRPS,NRPS,Cellvibrionaceae
SRR23851176.bin.16,Medium-quality,Pseudomonadota,NRPS,NRPS,Cellvibrionaceae
SRR23851176.bin.16,Medium-quality,Pseudomonadota,NI-siderophore,Others,Cellvibrionaceae
SRR23851176.bin.16,Medium-quality,Pseudomonadota,NI-siderophore,Others,Cellvibrionaceae
SRR23851176.bin.2,Medium-quality,Gemmatimonadota,terpene,Terpene,RSA9
SRR23851176.bin.21,Medium-quality,Pseudomonadota,NRPS,NRPS,Burkholderiaceae
SRR23851176.bin.21,Medium-quality,Pseudomonadota,NRPS,NRPS,Burkholderiaceae
SRR23851176.bin.21,Medium-quality,Pseudomonadota,NRPS,NRPS,Burkholderiaceae
SRR23851176.bin.21,Medium-quality,Pseudomonadota,NRPS,NRPS,Burkholderiaceae
SRR23851176.bin.21,Medium-quality,Pseudomonadota,NRPS-like,NRPS,Burkholderiaceae
SRR23851176.bin.21,Medium-quality,Pseudomonadota,T1PKS,PKSI,Burkholderiaceae
SRR23851176.bin.21,Medium-quality,Pseudomonadota,NRPS,NRPS,Burkholderiaceae
SRR23851176.bin.21,Medium-quality,Pseudomonadota,RiPP-like,RiPPs,Burkholderiaceae
SRR23851176.bin.21,Medium-quality,Pseudomonadota,NRPS,NRPS,Burkholderiaceae
SRR23851176.bin.21,Medium-quality,Pseudomonadota,resorcinol,Others,Burkholderiaceae
SRR23851176.bin.21,Medium-quality,Pseudomonadota,NRPS,NRPS,Burkholderiaceae
SRR23851176.bin.21,Medium-quality,Pseudomonadota,NRPS,NRPS,Burkholderiaceae
SRR23851176.bin.32,Medium-quality,Chloroflexota,other,Others,RBG-16-64-32
SRR23851176.bin.32,Medium-quality,Chloroflexota,terpene,Terpene,RBG-16-64-32
SRR23851176.bin.35,Medium-quality,Actinomycetota,T3PKS,PKSother,Jiangellaceae
SRR23851176.bin.35,Medium-quality,Actinomycetota,T1PKS,PKSI,Jiangellaceae
SRR23851176.bin.46,Medium-quality,Chloroflexota,terpene,Terpene,Promineifilaceae
SRR23851176.bin.46,Medium-quality,Chloroflexota,NRPS-like,NRPS,Promineifilaceae
SRR23851176.bin.5,Medium-quality,Actinomycetota,arylpolyene,Others,Micromonosporaceae
SRR23851176.bin.5,Medium-quality,Actinomycetota,RiPP-like,RiPPs,Micromonosporaceae
SRR23851176.bin.5,Medium-quality,Actinomycetota,PKS-like,PKSother,Micromonosporaceae
SRR23851176.bin.5,Medium-quality,Actinomycetota,T1PKS,PKSI,Micromonosporaceae
SRR23851176.bin.5,Medium-quality,Actinomycetota,NRPS,NRPS,Micromonosporaceae
SRR23851176.bin.5,Medium-quality,Actinomycetota,NRPS,NRPS,Micromonosporaceae
SRR23851176.bin.5,Medium-quality,Actinomycetota,T1PKS,PKSI,Micromonosporaceae
SRR23851176.bin.5,Medium-quality,Actinomycetota,NRPS-like,NRPS,Micromonosporaceae
SRR23851176.bin.5,Medium-quality,Actinomycetota,NRPS,NRPS,Micromonosporaceae
SRR23851176.bin.5,Medium-quality,Actinomycetota,NRPS,NRPS,Micromonosporaceae
SRR23851176.bin.5,Medium-quality,Actinomycetota,NRPS-like,NRPS,Micromonosporaceae
SRR23851176.bin.5,Medium-quality,Actinomycetota,T1PKS,PKSI,Micromonosporaceae
SRR23851176.bin.5,Medium-quality,Actinomycetota,NRPS,NRPS,Micromonosporaceae
SRR23851176.bin.5,Medium-quality,Actinomycetota,T3PKS,PKSother,Micromonosporaceae
SRR23851176.bin.5,Medium-quality,Actinomycetota,RiPP-like,RiPPs,Micromonosporaceae
SRR23851176.bin.5,Medium-quality,Actinomycetota,RiPP-like,RiPPs,Micromonosporaceae
SRR23851176.bin.5,Medium-quality,Actinomycetota,transAT-PKS-like,PKSother,Micromonosporaceae
SRR23851176.bin.5,Medium-quality,Actinomycetota,NRPS,NRPS,Micromonosporaceae
SRR23851176.bin.5,Medium-quality,Actinomycetota,PKS-like,PKSother,Micromonosporaceae
SRR23851176.bin.5,Medium-quality,Actinomycetota,RiPP-like,RiPPs,Micromonosporaceae
SRR23851176.bin.5,Medium-quality,Actinomycetota,T1PKS,PKSI,Micromonosporaceae
SRR23851176.bin.5,Medium-quality,Actinomycetota,transAT-PKS-like.NRPS,PKS-NRP_Hybrids,Micromonosporaceae
SRR23851176.bin.5,Medium-quality,Actinomycetota,NRPS-like,NRPS,Micromonosporaceae
SRR23851176.bin.5,Medium-quality,Actinomycetota,NRPS,NRPS,Micromonosporaceae
SRR23851176.bin.56,Medium-quality,Pseudomonadota,NRPS-like,NRPS,Woeseiaceae
SRR23851176.bin.56,Medium-quality,Pseudomonadota,T3PKS,PKSother,Woeseiaceae
SRR23851176.bin.56,Medium-quality,Pseudomonadota,NRPS-like,NRPS,Woeseiaceae
SRR23851176.bin.56,Medium-quality,Pseudomonadota,phosphonate,Others,Woeseiaceae
SRR23851176.bin.60,Medium-quality,Pseudomonadota,arylpolyene,Others,Salinisphaeraceae
SRR23851176.bin.62,Medium-quality,Chloroflexota,terpene,Terpene,UBA3495
SRR23851176.bin.62,Medium-quality,Chloroflexota,NRPS-like,NRPS,UBA3495
SRR23851177.bin.2,Medium-quality,Gemmatimonadota,NRPS-like,NRPS,JAHWKZ01
SRR23851177.bin.2,Medium-quality,Gemmatimonadota,NRPS-like,NRPS,JAHWKZ01
SRR23851177.bin.32,Medium-quality,Pseudomonadota,RiPP-like,RiPPs,Geminicoccaceae
SRR23851177.bin.32,Medium-quality,Pseudomonadota,phosphonate,Others,Geminicoccaceae
SRR23851177.bin.32,Medium-quality,Pseudomonadota,terpene,Terpene,Geminicoccaceae
SRR23851177.bin.32,Medium-quality,Pseudomonadota,terpene,Terpene,Geminicoccaceae
SRR23851177.bin.32,Medium-quality,Pseudomonadota,NRPS-like,NRPS,Geminicoccaceae
SRR23851177.bin.32,Medium-quality,Pseudomonadota,T3PKS,PKSother,Geminicoccaceae
SRR23851177.bin.32,Medium-quality,Pseudomonadota,terpene,Terpene,Geminicoccaceae
SRR23851177.bin.34,Medium-quality,Actinomycetota,lanthipeptide-class-iii,RiPPs,Mycobacteriaceae
SRR23851177.bin.34,Medium-quality,Actinomycetota,NRPS-like,NRPS,Mycobacteriaceae
SRR23851177.bin.34,Medium-quality,Actinomycetota,terpene,Terpene,Mycobacteriaceae
SRR23851177.bin.34,Medium-quality,Actinomycetota,NRPS,NRPS,Mycobacteriaceae
SRR23851177.bin.34,Medium-quality,Actinomycetota,T1PKS,PKSI,Mycobacteriaceae
SRR23851177.bin.34,Medium-quality,Actinomycetota,NRPS,NRPS,Mycobacteriaceae
SRR23851177.bin.34,Medium-quality,Actinomycetota,RiPP-like,RiPPs,Mycobacteriaceae
SRR23851177.bin.34,Medium-quality,Actinomycetota,RiPP-like,RiPPs,Mycobacteriaceae
SRR23851177.bin.34,Medium-quality,Actinomycetota,NRPS,NRPS,Mycobacteriaceae
SRR23851177.bin.34,Medium-quality,Actinomycetota,NRPS,NRPS,Mycobacteriaceae
SRR23851177.bin.34,Medium-quality,Actinomycetota,NRPS,NRPS,Mycobacteriaceae
SRR23851177.bin.34,Medium-quality,Actinomycetota,NRPS,NRPS,Mycobacteriaceae
SRR23851177.bin.34,Medium-quality,Actinomycetota,NRPS,NRPS,Mycobacteriaceae
SRR23851177.bin.34,Medium-quality,Actinomycetota,NAPAA,NRPS,Mycobacteriaceae
SRR23851177.bin.34,Medium-quality,Actinomycetota,T1PKS,PKSI,Mycobacteriaceae
SRR23851177.bin.34,Medium-quality,Actinomycetota,NRPS,NRPS,Mycobacteriaceae
SRR23851177.bin.34,Medium-quality,Actinomycetota,NRPS,NRPS,Mycobacteriaceae
SRR23851177.bin.34,Medium-quality,Actinomycetota,NRPS,NRPS,Mycobacteriaceae
SRR23851177.bin.34,Medium-quality,Actinomycetota,NRPS,NRPS,Mycobacteriaceae
SRR23851177.bin.34,Medium-quality,Actinomycetota,NRPS,NRPS,Mycobacteriaceae
SRR23851177.bin.38,Medium-quality,Acidobacteriota,ranthipeptide,RiPPs,SMYC01
SRR23851177.bin.38,Medium-quality,Acidobacteriota,arylpolyene,Others,SMYC01
SRR23851177.bin.38,Medium-quality,Acidobacteriota,NRPS-like,NRPS,SMYC01
SRR23851177.bin.38,Medium-quality,Acidobacteriota,terpene,Terpene,SMYC01
SRR23851177.bin.38,Medium-quality,Acidobacteriota,T3PKS,PKSother,SMYC01
SRR23851177.bin.38,Medium-quality,Acidobacteriota,NRPS-like,NRPS,SMYC01
SRR23851177.bin.38,Medium-quality,Acidobacteriota,arylpolyene,Others,SMYC01
SRR23851177.bin.38,Medium-quality,Acidobacteriota,NRPS-like,NRPS,SMYC01
SRR23851178.bin.5,Medium-quality,Actinomycetota,NRPS-like,NRPS,Nocardioidaceae
SRR23851179.bin.14,Medium-quality,Acidobacteriota,NRPS,NRPS,UBA5704
SRR23851179.bin.14,Medium-quality,Acidobacteriota,NRPS-like,NRPS,UBA5704
SRR23851179.bin.14,Medium-quality,Acidobacteriota,NRPS,NRPS,UBA5704
SRR23851179.bin.14,Medium-quality,Acidobacteriota,NRPS,NRPS,UBA5704
SRR23851179.bin.14,Medium-quality,Acidobacteriota,NRPS-like,NRPS,UBA5704
SRR23851179.bin.14,Medium-quality,Acidobacteriota,NRPS,NRPS,UBA5704
SRR23851179.bin.14,Medium-quality,Acidobacteriota,NRPS,NRPS,UBA5704
SRR23851179.bin.14,Medium-quality,Acidobacteriota,NRPS,NRPS,UBA5704
SRR23851179.bin.14,Medium-quality,Acidobacteriota,NRPS,NRPS,UBA5704
SRR23851179.bin.14,Medium-quality,Acidobacteriota,NRPS,NRPS,UBA5704
SRR23851179.bin.14,Medium-quality,Acidobacteriota,NRPS,NRPS,UBA5704
SRR23851179.bin.14,Medium-quality,Acidobacteriota,T1PKS,PKSI,UBA5704
SRR23851179.bin.14,Medium-quality,Acidobacteriota,NRPS,NRPS,UBA5704
SRR23851179.bin.14,Medium-quality,Acidobacteriota,NRPS,NRPS,UBA5704
SRR23851179.bin.14,Medium-quality,Acidobacteriota,NRPS,NRPS,UBA5704
SRR23851179.bin.14,Medium-quality,Acidobacteriota,ladderane,Others,UBA5704
SRR23851179.bin.14,Medium-quality,Acidobacteriota,NRPS,NRPS,UBA5704
SRR23851179.bin.14,Medium-quality,Acidobacteriota,T1PKS,PKSI,UBA5704
SRR23851179.bin.14,Medium-quality,Acidobacteriota,NRPS-like,NRPS,UBA5704
SRR23851179.bin.14,Medium-quality,Acidobacteriota,T1PKS.NRPS-like,PKS-NRP_Hybrids,UBA5704
SRR23851179.bin.14,Medium-quality,Acidobacteriota,NRPS,NRPS,UBA5704
SRR23851179.bin.14,Medium-quality,Acidobacteriota,NRPS,NRPS,UBA5704
SRR23851179.bin.14,Medium-quality,Acidobacteriota,T1PKS.NRPS,PKS-NRP_Hybrids,UBA5704
SRR23851179.bin.14,Medium-quality,Acidobacteriota,NRPS,NRPS,UBA5704
SRR23851179.bin.14,Medium-quality,Acidobacteriota,terpene,Terpene,UBA5704
SRR23851179.bin.14,Medium-quality,Acidobacteriota,NRPS,NRPS,UBA5704
SRR23851179.bin.14,Medium-quality,Acidobacteriota,T1PKS,PKSI,UBA5704
SRR23851179.bin.14,Medium-quality,Acidobacteriota,NRPS,NRPS,UBA5704
SRR23851179.bin.14,Medium-quality,Acidobacteriota,T1PKS.NRPS,PKS-NRP_Hybrids,UBA5704
SRR23851179.bin.14,Medium-quality,Acidobacteriota,NRPS-like,NRPS,UBA5704
SRR23851179.bin.14,Medium-quality,Acidobacteriota,T1PKS,PKSI,UBA5704
SRR23851179.bin.14,Medium-quality,Acidobacteriota,NRPS,NRPS,UBA5704
SRR23851179.bin.8,Medium-quality,Pseudomonadota,NRPS-like,NRPS,JADFVY01
SRR23851179.bin.8,Medium-quality,Pseudomonadota,T3PKS,PKSother,JADFVY01
SRR23851179.bin.8,Medium-quality,Pseudomonadota,RRE-containing,RiPPs,JADFVY01
SRR23851179.bin.8,Medium-quality,Pseudomonadota,RRE-containing,RiPPs,JADFVY01
SRR23851181.bin.1,Medium-quality,Bacteroidota,T3PKS,PKSother,Flavobacteriaceae
SRR23851181.bin.11,Medium-quality,Bacteroidota,T3PKS,PKSother,Flavobacteriaceae
SRR23851182.bin.19,Medium-quality,Pseudomonadota,NI-siderophore,Others,Cellvibrionaceae
SRR23851183.bin.23,Medium-quality,Myxococcota_A,T1PKS,PKSI,UBA4427
SRR23851183.bin.23,Medium-quality,Myxococcota_A,arylpolyene,Others,UBA4427
SRR23851183.bin.25,Medium-quality,Bacteroidota,resorcinol,Others,Cyclobacteriaceae
SRR23851183.bin.25,Medium-quality,Bacteroidota,arylpolyene,Others,Cyclobacteriaceae
SRR23851183.bin.25,Medium-quality,Bacteroidota,T3PKS,PKSother,Cyclobacteriaceae
SRR23851183.bin.28,Medium-quality,Acidobacteriota,RiPP-like,RiPPs,UBA5704
SRR23851183.bin.28,Medium-quality,Acidobacteriota,T3PKS,PKSother,UBA5704
SRR23851183.bin.28,Medium-quality,Acidobacteriota,NRPS,NRPS,UBA5704
SRR23851183.bin.28,Medium-quality,Acidobacteriota,NRPS,NRPS,UBA5704
SRR23851183.bin.28,Medium-quality,Acidobacteriota,terpene,Terpene,UBA5704
SRR23851184.bin.7,Medium-quality,Actinomycetota,T3PKS,PKSother,Microbacteriaceae
SRR23851184.bin.7,Medium-quality,Actinomycetota,terpene,Terpene,Microbacteriaceae
SRR23851185.bin.10,Medium-quality,Pseudomonadota,T1PKS.NRPS,PKS-NRP_Hybrids,Xanthomonadaceae
SRR23851185.bin.4,Medium-quality,Pseudomonadota,arylpolyene,Others,Thiobacillaceae
SRR23851185.bin.4,Medium-quality,Pseudomonadota,RiPP-like,RiPPs,Thiobacillaceae
SRR23851186.bin.1,Medium-quality,Pseudomonadota,terpene,Terpene,J153
SRR23851186.bin.1,Medium-quality,Pseudomonadota,cyanobactin,RiPPs,J153
SRR23851186.bin.1,Medium-quality,Pseudomonadota,T3PKS,PKSother,J153
SRR23851186.bin.1,Medium-quality,Pseudomonadota,NRPS-like,NRPS,J153
SRR23851186.bin.10,Medium-quality,Acidobacteriota,NRPS,NRPS,RPQK01
SRR23851186.bin.10,Medium-quality,Acidobacteriota,T3PKS,PKSother,RPQK01
SRR23851186.bin.10,Medium-quality,Acidobacteriota,NRPS,NRPS,RPQK01
SRR23851186.bin.10,Medium-quality,Acidobacteriota,NRPS,NRPS,RPQK01
SRR23851186.bin.10,Medium-quality,Acidobacteriota,NRPS-like,NRPS,RPQK01
SRR23851186.bin.10,Medium-quality,Acidobacteriota,RiPP-like,RiPPs,RPQK01
SRR23851186.bin.10,Medium-quality,Acidobacteriota,NRPS,NRPS,RPQK01
SRR23851186.bin.10,Medium-quality,Acidobacteriota,ladderane,Others,RPQK01
SRR23851186.bin.10,Medium-quality,Acidobacteriota,NRPS,NRPS,RPQK01
SRR23851186.bin.10,Medium-quality,Acidobacteriota,NRPS,NRPS,RPQK01
SRR23851186.bin.10,Medium-quality,Acidobacteriota,NRPS,NRPS,RPQK01
SRR23851186.bin.10,Medium-quality,Acidobacteriota,terpene,Terpene,RPQK01
SRR23851186.bin.10,Medium-quality,Acidobacteriota,NRPS,NRPS,RPQK01
SRR23851186.bin.10,Medium-quality,Acidobacteriota,NRPS-like,NRPS,RPQK01
SRR23851186.bin.10,Medium-quality,Acidobacteriota,NRPS,NRPS,RPQK01
SRR23851186.bin.10,Medium-quality,Acidobacteriota,NRPS.T1PKS,PKS-NRP_Hybrids,RPQK01
SRR23851186.bin.10,Medium-quality,Acidobacteriota,NRPS,NRPS,RPQK01
SRR23851186.bin.10,Medium-quality,Acidobacteriota,NRPS,NRPS,RPQK01
SRR23851186.bin.10,Medium-quality,Acidobacteriota,NRPS-like,NRPS,RPQK01
SRR23851186.bin.10,Medium-quality,Acidobacteriota,NRPS,NRPS,RPQK01
SRR23851186.bin.10,Medium-quality,Acidobacteriota,NRPS,NRPS,RPQK01
SRR23851186.bin.10,Medium-quality,Acidobacteriota,NRPS,NRPS,RPQK01
SRR23851186.bin.22,Medium-quality,Actinomycetota,T3PKS,PKSother,Jiangellaceae
SRR23851186.bin.3,Medium-quality,Pseudomonadota,phosphonate,Others,Unclassified
SRR23851186.bin.3,Medium-quality,Pseudomonadota,NRPS-like,NRPS,Unclassified
SRR23851186.bin.3,Medium-quality,Pseudomonadota,terpene,Terpene,Unclassified
SRR23851186.bin.3,Medium-quality,Pseudomonadota,terpene,Terpene,Unclassified
SRR23851186.bin.32,Medium-quality,Gemmatimonadota,T1PKS.NRPS,PKS-NRP_Hybrids,KS3-K002
SRR23851186.bin.32,Medium-quality,Gemmatimonadota,NRPS-like,NRPS,KS3-K002
SRR23851187.bin.14,Medium-quality,Pseudomonadota,NRPS-like,NRPS,SLDE01
SRR23851187.bin.14,Medium-quality,Pseudomonadota,resorcinol,Others,SLDE01
SRR23851187.bin.14,Medium-quality,Pseudomonadota,arylpolyene,Others,SLDE01
SRR23851187.bin.14,Medium-quality,Pseudomonadota,arylpolyene,Others,SLDE01
SRR23851188.bin.9,Medium-quality,Chloroflexota,NRPS,NRPS,Villigracilaceae
SRR23851188.bin.9,Medium-quality,Chloroflexota,NRPS,NRPS,Villigracilaceae
SRR23851188.bin.9,Medium-quality,Chloroflexota,T3PKS,PKSother,Villigracilaceae
SRR23851189.bin.14,Medium-quality,Gemmatimonadota,indole,Others,KS3-K002
SRR23851189.bin.14,Medium-quality,Gemmatimonadota,RRE-containing,RiPPs,KS3-K002
SRR23851189.bin.14,Medium-quality,Gemmatimonadota,NRPS,NRPS,KS3-K002
SRR23851189.bin.14,Medium-quality,Gemmatimonadota,NRPS,NRPS,KS3-K002
SRR23851189.bin.14,Medium-quality,Gemmatimonadota,RRE-containing,RiPPs,KS3-K002
SRR23851189.bin.20,Medium-quality,Chloroflexota,terpene,Terpene,UBA4823
SRR23851189.bin.20,Medium-quality,Chloroflexota,terpene,Terpene,UBA4823
SRR23851189.bin.32,Medium-quality,KSB1,NRPS,NRPS,Unclassified
SRR23851189.bin.32,Medium-quality,KSB1,T1PKS,PKSI,Unclassified
SRR23851189.bin.32,Medium-quality,KSB1,lanthipeptide-class-ii,RiPPs,Unclassified
SRR23851189.bin.32,Medium-quality,KSB1,NRPS,NRPS,Unclassified
SRR23851189.bin.32,Medium-quality,KSB1,NRPS,NRPS,Unclassified
SRR23851189.bin.32,Medium-quality,KSB1,NRPS,NRPS,Unclassified
SRR23851189.bin.32,Medium-quality,KSB1,NRPS,NRPS,Unclassified
SRR23851189.bin.32,Medium-quality,KSB1,NRPS,NRPS,Unclassified
SRR23851189.bin.32,Medium-quality,KSB1,NRPS-like,NRPS,Unclassified
SRR23851189.bin.36,Medium-quality,Chloroflexota,T1PKS,PKSI,Promineifilaceae
SRR23851189.bin.36,Medium-quality,Chloroflexota,NRPS,NRPS,Promineifilaceae
SRR23851189.bin.36,Medium-quality,Chloroflexota,T1PKS,PKSI,Promineifilaceae
SRR23851189.bin.36,Medium-quality,Chloroflexota,RiPP-like,RiPPs,Promineifilaceae
SRR23851189.bin.36,Medium-quality,Chloroflexota,RiPP-like,RiPPs,Promineifilaceae
SRR23851189.bin.36,Medium-quality,Chloroflexota,T1PKS,PKSI,Promineifilaceae
SRR23851189.bin.36,Medium-quality,Chloroflexota,T1PKS,PKSI,Promineifilaceae
SRR23851189.bin.36,Medium-quality,Chloroflexota,T1PKS,PKSI,Promineifilaceae
SRR23851189.bin.36,Medium-quality,Chloroflexota,T1PKS,PKSI,Promineifilaceae
SRR23851189.bin.36,Medium-quality,Chloroflexota,T1PKS,PKSI,Promineifilaceae
SRR23851189.bin.36,Medium-quality,Chloroflexota,T1PKS,PKSI,Promineifilaceae
SRR23851189.bin.36,Medium-quality,Chloroflexota,terpene,Terpene,Promineifilaceae
SRR23851189.bin.46,Medium-quality,Chloroflexota,T3PKS,PKSother,E44-bin32
SRR23851189.bin.46,Medium-quality,Chloroflexota,terpene,Terpene,E44-bin32
SRR23851189.bin.62,Medium-quality,Gemmatimonadota,T3PKS,PKSother,Palauibacteraceae
SRR23851189.bin.7,Medium-quality,Calditrichota,hglE-KS,PKSother,J042
SRR23851190.bin.2,Medium-quality,Pseudomonadota,NRPS-like,NRPS,Thiohalobacteraceae
SRR23851190.bin.25,Medium-quality,Pseudomonadota,terpene,Terpene,Rariloculaceae
SRR23851190.bin.25,Medium-quality,Pseudomonadota,NRPS-like,NRPS,Rariloculaceae
SRR23851190.bin.25,Medium-quality,Pseudomonadota,NRPS-like,NRPS,Rariloculaceae
SRR23851190.bin.25,Medium-quality,Pseudomonadota,terpene,Terpene,Rariloculaceae
SRR23851190.bin.28,Medium-quality,Bacteroidota,T3PKS,PKSother,Balneolaceae
SRR23851190.bin.29,Medium-quality,Bacteroidota,T3PKS,PKSother,Salinibacteraceae
SRR23851190.bin.29,Medium-quality,Bacteroidota,T3PKS,PKSother,Salinibacteraceae
SRR23851190.bin.31,Medium-quality,Chloroflexota,NRPS,NRPS,UBA3940
SRR23851190.bin.31,Medium-quality,Chloroflexota,terpene,Terpene,UBA3940
SRR23851190.bin.31,Medium-quality,Chloroflexota,NRPS,NRPS,UBA3940
SRR23851190.bin.31,Medium-quality,Chloroflexota,T3PKS,PKSother,UBA3940
SRR23851190.bin.31,Medium-quality,Chloroflexota,NRPS,NRPS,UBA3940
SRR23851190.bin.31,Medium-quality,Chloroflexota,NRPS,NRPS,UBA3940
SRR23851190.bin.31,Medium-quality,Chloroflexota,NRPS,NRPS,UBA3940
SRR23851190.bin.31,Medium-quality,Chloroflexota,NRPS,NRPS,UBA3940
SRR23851190.bin.39,Medium-quality,Desulfobacterota,hglE-KS,PKSother,BM103
SRR23851190.bin.39,Medium-quality,Desulfobacterota,NRPS-like,NRPS,BM103
SRR23851190.bin.39,Medium-quality,Desulfobacterota,hglE-KS,PKSother,BM103
SRR23851190.bin.39,Medium-quality,Desulfobacterota,T3PKS,PKSother,BM103
SRR23851190.bin.40,Medium-quality,Gemmatimonadota,T3PKS,PKSother,Palauibacteraceae
SRR23851190.bin.42,Medium-quality,Bacteroidota,T3PKS,PKSother,Ignavibacteriaceae
SRR23851190.bin.47,Medium-quality,Pseudomonadota,NRPS-like,NRPS,Competibacteraceae
SRR23851190.bin.47,Medium-quality,Pseudomonadota,terpene,Terpene,Competibacteraceae
SRR23851190.bin.47,Medium-quality,Pseudomonadota,terpene,Terpene,Competibacteraceae
SRR23851190.bin.47,Medium-quality,Pseudomonadota,RRE-containing,RiPPs,Competibacteraceae
SRR23851190.bin.47,Medium-quality,Pseudomonadota,phosphonate,Others,Competibacteraceae
SRR23851190.bin.50,Medium-quality,Gemmatimonadota,T3PKS,PKSother,Palauibacteraceae
SRR23851190.bin.50,Medium-quality,Gemmatimonadota,NRPS,NRPS,Palauibacteraceae
SRR23851190.bin.52,Medium-quality,Actinomycetota,NRPS-like,NRPS,ZC4RG35
SRR23851190.bin.54,Medium-quality,Bacteroidota,terpene,Terpene,Balneolaceae
SRR23851190.bin.54,Medium-quality,Bacteroidota,T3PKS,PKSother,Balneolaceae
SRR23851190.bin.58,Medium-quality,Pseudomonadota,terpene,Terpene,Kiloniellaceae
SRR23851190.bin.58,Medium-quality,Pseudomonadota,hglE-KS,PKSother,Kiloniellaceae
SRR23851190.bin.58,Medium-quality,Pseudomonadota,RiPP-like,RiPPs,Kiloniellaceae
SRR23851190.bin.58,Medium-quality,Pseudomonadota,hglE-KS,PKSother,Kiloniellaceae
SRR23851190.bin.58,Medium-quality,Pseudomonadota,T3PKS,PKSother,Kiloniellaceae
SRR23851190.bin.58,Medium-quality,Pseudomonadota,NRPS-like,NRPS,Kiloniellaceae
SRR23851190.bin.58,Medium-quality,Pseudomonadota,NRPS-like,NRPS,Kiloniellaceae
SRR23851190.bin.59,Medium-quality,Gemmatimonadota,hglE-KS,PKSother,UBA6960
SRR23851190.bin.59,Medium-quality,Gemmatimonadota,ranthipeptide,RiPPs,UBA6960
SRR23851190.bin.59,Medium-quality,Gemmatimonadota,T3PKS,PKSother,UBA6960
SRR23851191.bin.14,Medium-quality,Chloroflexota,terpene,Terpene,E44-bin32
SRR23851191.bin.24,Medium-quality,Pseudomonadota,RiPP-like,RiPPs,Oleiphilaceae
SRR23851191.bin.24,Medium-quality,Pseudomonadota,RiPP-like,RiPPs,Oleiphilaceae
SRR23851191.bin.32,Medium-quality,Chloroflexota,terpene,Terpene,E44-bin32
SRR23851191.bin.32,Medium-quality,Chloroflexota,terpene,Terpene,E44-bin32
SRR23851192.bin.15,Medium-quality,Actinomycetota,terpene,Terpene,JACDCH01
SRR23851192.bin.15,Medium-quality,Actinomycetota,NRPS,NRPS,JACDCH01
SRR23851192.bin.15,Medium-quality,Actinomycetota,terpene,Terpene,JACDCH01
SRR23851192.bin.15,Medium-quality,Actinomycetota,terpene,Terpene,JACDCH01
SRR23851192.bin.21,Medium-quality,Pseudomonadota,NRPS-like,NRPS,Kiloniellaceae
SRR23851192.bin.21,Medium-quality,Pseudomonadota,NI-siderophore,Others,Kiloniellaceae
SRR23851192.bin.21,Medium-quality,Pseudomonadota,RiPP-like,RiPPs,Kiloniellaceae
SRR23851192.bin.26,Medium-quality,Gemmatimonadota,NRPS-like,NRPS,JAHWKZ01
SRR23851193.bin.11,Medium-quality,Pseudomonadota,RiPP-like,RiPPs,J153
SRR23851193.bin.11,Medium-quality,Pseudomonadota,T3PKS,PKSother,J153
SRR23851193.bin.11,Medium-quality,Pseudomonadota,NRPS-like,NRPS,J153
SRR23851193.bin.18,Medium-quality,Pseudomonadota,RiPP-like,RiPPs,Oleiphilaceae
SRR23851193.bin.18,Medium-quality,Pseudomonadota,T1PKS.NRPS-like,PKS-NRP_Hybrids,Oleiphilaceae
SRR23851193.bin.18,Medium-quality,Pseudomonadota,NRPS,NRPS,Oleiphilaceae
SRR23851193.bin.18,Medium-quality,Pseudomonadota,NI-siderophore,Others,Oleiphilaceae
SRR23851193.bin.3,Medium-quality,Pseudomonadota,terpene,Terpene,SMXR01
SRR23851193.bin.33,Medium-quality,Pseudomonadota,NRPS-like,NRPS,JAANXG01
SRR23851193.bin.33,Medium-quality,Pseudomonadota,terpene,Terpene,JAANXG01
SRR23851193.bin.33,Medium-quality,Pseudomonadota,RRE-containing,RiPPs,JAANXG01
SRR23851193.bin.33,Medium-quality,Pseudomonadota,RiPP-like,RiPPs,JAANXG01
SRR23851193.bin.35,Medium-quality,Planctomycetota,terpene,Terpene,Planctomycetaceae
SRR23851193.bin.35,Medium-quality,Planctomycetota,terpene,Terpene,Planctomycetaceae
SRR23851193.bin.35,Medium-quality,Planctomycetota,NRPS-like,NRPS,Planctomycetaceae
SRR23851193.bin.50,Medium-quality,Bacteroidota,NRPS,NRPS,Unclassified
SRR23851193.bin.50,Medium-quality,Bacteroidota,NRPS-like,NRPS,Unclassified
SRR23851193.bin.50,Medium-quality,Bacteroidota,NRPS-like,NRPS,Unclassified
SRR23851193.bin.50,Medium-quality,Bacteroidota,NRPS,NRPS,Unclassified
SRR23851193.bin.50,Medium-quality,Bacteroidota,NRPS,NRPS,Unclassified
SRR23851193.bin.50,Medium-quality,Bacteroidota,T3PKS,PKSother,Unclassified
SRR23851193.bin.60,Medium-quality,Acidobacteriota,T3PKS,PKSother,UBA5704
SRR23851193.bin.60,Medium-quality,Acidobacteriota,T1PKS.NRPS,PKS-NRP_Hybrids,UBA5704
SRR23851193.bin.60,Medium-quality,Acidobacteriota,T1PKS,PKSI,UBA5704
SRR23851193.bin.60,Medium-quality,Acidobacteriota,T1PKS,PKSI,UBA5704
SRR23851193.bin.60,Medium-quality,Acidobacteriota,T1PKS,PKSI,UBA5704
SRR23851193.bin.60,Medium-quality,Acidobacteriota,NRPS.T1PKS,PKS-NRP_Hybrids,UBA5704
SRR23851193.bin.60,Medium-quality,Acidobacteriota,NRPS-like,NRPS,UBA5704
SRR23851193.bin.60,Medium-quality,Acidobacteriota,T1PKS,PKSI,UBA5704
SRR23851193.bin.60,Medium-quality,Acidobacteriota,NRPS,NRPS,UBA5704
SRR23851193.bin.60,Medium-quality,Acidobacteriota,NRPS,NRPS,UBA5704
SRR23851193.bin.60,Medium-quality,Acidobacteriota,NRPS,NRPS,UBA5704
SRR23851193.bin.60,Medium-quality,Acidobacteriota,T1PKS,PKSI,UBA5704
SRR23851193.bin.60,Medium-quality,Acidobacteriota,NRPS,NRPS,UBA5704
SRR23851193.bin.60,Medium-quality,Acidobacteriota,NRPS,NRPS,UBA5704
SRR23851193.bin.60,Medium-quality,Acidobacteriota,terpene,Terpene,UBA5704
SRR23851193.bin.60,Medium-quality,Acidobacteriota,NRPS,NRPS,UBA5704
SRR23851193.bin.60,Medium-quality,Acidobacteriota,NRPS,NRPS,UBA5704
SRR23851193.bin.60,Medium-quality,Acidobacteriota,NRPS,NRPS,UBA5704
SRR23851193.bin.60,Medium-quality,Acidobacteriota,T1PKS.NRPS-like,PKS-NRP_Hybrids,UBA5704
SRR23851193.bin.60,Medium-quality,Acidobacteriota,NRPS,NRPS,UBA5704
SRR23851193.bin.60,Medium-quality,Acidobacteriota,NRPS,NRPS,UBA5704
SRR23851193.bin.60,Medium-quality,Acidobacteriota,ladderane,Others,UBA5704
SRR23851193.bin.60,Medium-quality,Acidobacteriota,NRPS,NRPS,UBA5704
SRR23851193.bin.60,Medium-quality,Acidobacteriota,NRPS-like,NRPS,UBA5704
SRR23851193.bin.60,Medium-quality,Acidobacteriota,NRPS,NRPS,UBA5704
SRR23851193.bin.60,Medium-quality,Acidobacteriota,NRPS,NRPS,UBA5704
SRR23851193.bin.60,Medium-quality,Acidobacteriota,NRPS,NRPS,UBA5704
SRR23851193.bin.60,Medium-quality,Acidobacteriota,RiPP-like,RiPPs,UBA5704
SRR23851193.bin.60,Medium-quality,Acidobacteriota,NRPS,NRPS,UBA5704
SRR23851193.bin.60,Medium-quality,Acidobacteriota,NRPS,NRPS,UBA5704
SRR23851193.bin.60,Medium-quality,Acidobacteriota,NRPS,NRPS,UBA5704
SRR23851193.bin.60,Medium-quality,Acidobacteriota,NRPS,NRPS,UBA5704
SRR23851194.bin.12,Medium-quality,Bacteroidota,terpene,Terpene,Balneolaceae
SRR23851194.bin.12,Medium-quality,Bacteroidota,T3PKS,PKSother,Balneolaceae
SRR23851194.bin.17,Medium-quality,Chloroflexota,terpene,Terpene,Promineifilaceae
SRR23851194.bin.17,Medium-quality,Chloroflexota,NRPS-like,NRPS,Promineifilaceae
SRR23851194.bin.17,Medium-quality,Chloroflexota,T1PKS,PKSI,Promineifilaceae
SRR23851194.bin.17,Medium-quality,Chloroflexota,NRPS,NRPS,Promineifilaceae
SRR23851194.bin.26,Medium-quality,SAR324,NRPS-like,NRPS,JACQKK01
SRR23851194.bin.3,Medium-quality,Gemmatimonadota,terpene,Terpene,RSA9
SRR23851194.bin.38,Medium-quality,Acidobacteriota,NRPS-like,NRPS,SMYC01
SRR23851194.bin.38,Medium-quality,Acidobacteriota,NRPS,NRPS,SMYC01
SRR23851194.bin.38,Medium-quality,Acidobacteriota,NRPS-like,NRPS,SMYC01
SRR23851194.bin.38,Medium-quality,Acidobacteriota,RRE-containing,RiPPs,SMYC01
SRR23851194.bin.52,Medium-quality,Desulfobacterota_D,T3PKS,PKSother,Unclassified
SRR23851194.bin.60,Medium-quality,Chloroflexota,terpene,Terpene,E44-bin32
SRR23851194.bin.67,Medium-quality,Gemmatimonadota,NRPS,NRPS,UBA6960
SRR23851194.bin.71,Medium-quality,Planctomycetota,T3PKS,PKSother,UBA8108
SRR23851194.bin.71,Medium-quality,Planctomycetota,phosphonate,Others,UBA8108
SRR23851194.bin.71,Medium-quality,Planctomycetota,terpene,Terpene,UBA8108
SRR23851194.bin.71,Medium-quality,Planctomycetota,NRPS,NRPS,UBA8108
SRR23851194.bin.71,Medium-quality,Planctomycetota,NRPS,NRPS,UBA8108
SRR23851194.bin.71,Medium-quality,Planctomycetota,NRPS,NRPS,UBA8108
SRR23851194.bin.71,Medium-quality,Planctomycetota,terpene,Terpene,UBA8108
SRR23851194.bin.71,Medium-quality,Planctomycetota,NRPS-like,NRPS,UBA8108
SRR23851194.bin.71,Medium-quality,Planctomycetota,terpene,Terpene,UBA8108
SRR23851194.bin.71,Medium-quality,Planctomycetota,T1PKS,PKSI,UBA8108
SRR23851194.bin.71,Medium-quality,Planctomycetota,NRPS-like,NRPS,UBA8108
SRR23851195.bin.11,Medium-quality,Nitrospirota,T1PKS.NRPS-like,PKS-NRP_Hybrids,Unclassified
SRR23851195.bin.11,Medium-quality,Nitrospirota,NRPS,NRPS,Unclassified
SRR23851195.bin.11,Medium-quality,Nitrospirota,terpene,Terpene,Unclassified
SRR23851195.bin.11,Medium-quality,Nitrospirota,arylpolyene,Others,Unclassified
SRR23851195.bin.11,Medium-quality,Nitrospirota,RiPP-like,RiPPs,Unclassified
SRR23851195.bin.11,Medium-quality,Nitrospirota,terpene,Terpene,Unclassified
SRR23851195.bin.15,Medium-quality,Acidobacteriota,NRPS,NRPS,UBA5704
SRR23851195.bin.15,Medium-quality,Acidobacteriota,NRPS,NRPS,UBA5704
SRR23851195.bin.15,Medium-quality,Acidobacteriota,NRPS,NRPS,UBA5704
SRR23851195.bin.15,Medium-quality,Acidobacteriota,NRPS,NRPS,UBA5704
SRR23851195.bin.15,Medium-quality,Acidobacteriota,NRPS,NRPS,UBA5704
SRR23851195.bin.15,Medium-quality,Acidobacteriota,NRPS,NRPS,UBA5704
SRR23851195.bin.15,Medium-quality,Acidobacteriota,NRPS,NRPS,UBA5704
SRR23851195.bin.15,Medium-quality,Acidobacteriota,T1PKS.NRPS,PKS-NRP_Hybrids,UBA5704
SRR23851195.bin.15,Medium-quality,Acidobacteriota,T1PKS,PKSI,UBA5704
SRR23851195.bin.15,Medium-quality,Acidobacteriota,T1PKS,PKSI,UBA5704
SRR23851195.bin.15,Medium-quality,Acidobacteriota,NRPS,NRPS,UBA5704
SRR23851195.bin.15,Medium-quality,Acidobacteriota,NRPS,NRPS,UBA5704
SRR23851195.bin.15,Medium-quality,Acidobacteriota,NRPS,NRPS,UBA5704
SRR23851195.bin.15,Medium-quality,Acidobacteriota,NRPS,NRPS,UBA5704
SRR23851195.bin.15,Medium-quality,Acidobacteriota,NRPS,NRPS,UBA5704
SRR23851195.bin.15,Medium-quality,Acidobacteriota,T1PKS,PKSI,UBA5704
SRR23851195.bin.15,Medium-quality,Acidobacteriota,NRPS,NRPS,UBA5704
SRR23851195.bin.15,Medium-quality,Acidobacteriota,T3PKS,PKSother,UBA5704
SRR23851195.bin.15,Medium-quality,Acidobacteriota,NRPS-like,NRPS,UBA5704
SRR23851195.bin.15,Medium-quality,Acidobacteriota,NRPS,NRPS,UBA5704
SRR23851195.bin.15,Medium-quality,Acidobacteriota,T1PKS,PKSI,UBA5704
SRR23851195.bin.15,Medium-quality,Acidobacteriota,NRPS,NRPS,UBA5704
SRR23851195.bin.15,Medium-quality,Acidobacteriota,T1PKS.NRPS,PKS-NRP_Hybrids,UBA5704
SRR23851195.bin.15,Medium-quality,Acidobacteriota,NRPS,NRPS,UBA5704
SRR23851195.bin.15,Medium-quality,Acidobacteriota,NRPS,NRPS,UBA5704
SRR23851195.bin.15,Medium-quality,Acidobacteriota,NRPS,NRPS,UBA5704
SRR23851195.bin.15,Medium-quality,Acidobacteriota,NRPS,NRPS,UBA5704
SRR23851195.bin.15,Medium-quality,Acidobacteriota,T1PKS.NRPS-like,PKS-NRP_Hybrids,UBA5704
SRR23851195.bin.15,Medium-quality,Acidobacteriota,T1PKS,PKSI,UBA5704
SRR23851195.bin.15,Medium-quality,Acidobacteriota,NRPS,NRPS,UBA5704
SRR23851195.bin.15,Medium-quality,Acidobacteriota,terpene,Terpene,UBA5704
SRR23851195.bin.15,Medium-quality,Acidobacteriota,terpene,Terpene,UBA5704
SRR23851195.bin.15,Medium-quality,Acidobacteriota,ladderane,Others,UBA5704
SRR23851195.bin.15,Medium-quality,Acidobacteriota,NRPS,NRPS,UBA5704
SRR23851195.bin.15,Medium-quality,Acidobacteriota,NRPS-like,NRPS,UBA5704
SRR23851195.bin.15,Medium-quality,Acidobacteriota,T1PKS.NRPS,PKS-NRP_Hybrids,UBA5704
SRR23851195.bin.15,Medium-quality,Acidobacteriota,T1PKS.NRPS,PKS-NRP_Hybrids,UBA5704
SRR23851195.bin.15,Medium-quality,Acidobacteriota,NRPS,NRPS,UBA5704
SRR23851195.bin.15,Medium-quality,Acidobacteriota,NRPS,NRPS,UBA5704
SRR23851195.bin.15,Medium-quality,Acidobacteriota,T1PKS.NRPS,PKS-NRP_Hybrids,UBA5704
SRR23851195.bin.15,Medium-quality,Acidobacteriota,T1PKS.NRPS,PKS-NRP_Hybrids,UBA5704
SRR23851195.bin.15,Medium-quality,Acidobacteriota,NRPS,NRPS,UBA5704
SRR23851195.bin.15,Medium-quality,Acidobacteriota,T1PKS.NRPS,PKS-NRP_Hybrids,UBA5704
SRR23851195.bin.15,Medium-quality,Acidobacteriota,NRPS,NRPS,UBA5704
SRR23851195.bin.15,Medium-quality,Acidobacteriota,NRPS,NRPS,UBA5704
SRR23851195.bin.15,Medium-quality,Acidobacteriota,NRPS,NRPS,UBA5704
SRR23851195.bin.15,Medium-quality,Acidobacteriota,NRPS,NRPS,UBA5704
SRR23851195.bin.15,Medium-quality,Acidobacteriota,NRPS,NRPS,UBA5704
SRR23851195.bin.15,Medium-quality,Acidobacteriota,NRPS,NRPS,UBA5704
SRR23851195.bin.15,Medium-quality,Acidobacteriota,NRPS,NRPS,UBA5704
SRR23851195.bin.15,Medium-quality,Acidobacteriota,NRPS,NRPS,UBA5704
SRR23851195.bin.15,Medium-quality,Acidobacteriota,NRPS,NRPS,UBA5704
SRR23851195.bin.15,Medium-quality,Acidobacteriota,NRPS,NRPS,UBA5704
SRR23851195.bin.15,Medium-quality,Acidobacteriota,NRPS.T1PKS,PKS-NRP_Hybrids,UBA5704
SRR23851195.bin.15,Medium-quality,Acidobacteriota,NRPS,NRPS,UBA5704
SRR23851195.bin.15,Medium-quality,Acidobacteriota,NRPS,NRPS,UBA5704
SRR23851195.bin.15,Medium-quality,Acidobacteriota,NRPS,NRPS,UBA5704
SRR23851195.bin.15,Medium-quality,Acidobacteriota,T1PKS,PKSI,UBA5704
SRR23851195.bin.15,Medium-quality,Acidobacteriota,NRPS,NRPS,UBA5704
SRR23851195.bin.15,Medium-quality,Acidobacteriota,NRPS,NRPS,UBA5704
SRR23851195.bin.15,Medium-quality,Acidobacteriota,T1PKS,PKSI,UBA5704
SRR23851195.bin.15,Medium-quality,Acidobacteriota,NRPS,NRPS,UBA5704
SRR23851195.bin.15,Medium-quality,Acidobacteriota,NRPS,NRPS,UBA5704
SRR23851195.bin.15,Medium-quality,Acidobacteriota,terpene,Terpene,UBA5704
SRR23851195.bin.15,Medium-quality,Acidobacteriota,lanthipeptide-class-ii,RiPPs,UBA5704
SRR23851195.bin.15,Medium-quality,Acidobacteriota,NRPS,NRPS,UBA5704
SRR23851195.bin.15,Medium-quality,Acidobacteriota,NRPS,NRPS,UBA5704
SRR23851195.bin.15,Medium-quality,Acidobacteriota,NRPS,NRPS,UBA5704
SRR23851195.bin.15,Medium-quality,Acidobacteriota,NRPS,NRPS,UBA5704
SRR23851195.bin.15,Medium-quality,Acidobacteriota,T1PKS,PKSI,UBA5704
SRR23851195.bin.15,Medium-quality,Acidobacteriota,T1PKS.NRPS,PKS-NRP_Hybrids,UBA5704
SRR23851195.bin.15,Medium-quality,Acidobacteriota,NRPS,NRPS,UBA5704
SRR23851195.bin.15,Medium-quality,Acidobacteriota,NRPS,NRPS,UBA5704
SRR23851195.bin.15,Medium-quality,Acidobacteriota,NRPS,NRPS,UBA5704
SRR23851195.bin.15,Medium-quality,Acidobacteriota,NRPS,NRPS,UBA5704
SRR23851195.bin.15,Medium-quality,Acidobacteriota,NRPS,NRPS,UBA5704
SRR23851195.bin.15,Medium-quality,Acidobacteriota,NRPS,NRPS,UBA5704
SRR23851195.bin.15,Medium-quality,Acidobacteriota,NRPS,NRPS,UBA5704
SRR23851195.bin.15,Medium-quality,Acidobacteriota,NRPS.T1PKS,PKS-NRP_Hybrids,UBA5704
SRR23851195.bin.15,Medium-quality,Acidobacteriota,NRPS,NRPS,UBA5704
SRR23851195.bin.15,Medium-quality,Acidobacteriota,RiPP-like,RiPPs,UBA5704
SRR23851195.bin.15,Medium-quality,Acidobacteriota,NRPS.T1PKS,PKS-NRP_Hybrids,UBA5704
SRR23851195.bin.15,Medium-quality,Acidobacteriota,NRPS,NRPS,UBA5704
SRR23851195.bin.15,Medium-quality,Acidobacteriota,T1PKS.NRPS,PKS-NRP_Hybrids,UBA5704
SRR23851195.bin.15,Medium-quality,Acidobacteriota,RRE-containing,RiPPs,UBA5704
SRR23851195.bin.15,Medium-quality,Acidobacteriota,T1PKS.NRPS,PKS-NRP_Hybrids,UBA5704
SRR23851195.bin.15,Medium-quality,Acidobacteriota,T1PKS.NRPS-like,PKS-NRP_Hybrids,UBA5704
SRR23851195.bin.15,Medium-quality,Acidobacteriota,T1PKS,PKSI,UBA5704
SRR23851195.bin.15,Medium-quality,Acidobacteriota,T1PKS,PKSI,UBA5704
SRR23851195.bin.15,Medium-quality,Acidobacteriota,T1PKS.NRPS,PKS-NRP_Hybrids,UBA5704
SRR23851195.bin.15,Medium-quality,Acidobacteriota,NRPS,NRPS,UBA5704
SRR23851195.bin.15,Medium-quality,Acidobacteriota,NRPS,NRPS,UBA5704
SRR23851195.bin.15,Medium-quality,Acidobacteriota,T1PKS,PKSI,UBA5704
SRR23851195.bin.15,Medium-quality,Acidobacteriota,NRPS,NRPS,UBA5704
SRR23851195.bin.15,Medium-quality,Acidobacteriota,NRPS,NRPS,UBA5704
SRR23851195.bin.15,Medium-quality,Acidobacteriota,T1PKS.NRPS,PKS-NRP_Hybrids,UBA5704
SRR23851195.bin.15,Medium-quality,Acidobacteriota,T1PKS.NRPS-like,PKS-NRP_Hybrids,UBA5704
SRR23851195.bin.15,Medium-quality,Acidobacteriota,NRPS,NRPS,UBA5704
SRR23851195.bin.15,Medium-quality,Acidobacteriota,T1PKS.NRPS,PKS-NRP_Hybrids,UBA5704
SRR23851195.bin.15,Medium-quality,Acidobacteriota,NRPS,NRPS,UBA5704
SRR23851195.bin.15,Medium-quality,Acidobacteriota,T1PKS.NRPS,PKS-NRP_Hybrids,UBA5704
SRR23851195.bin.15,Medium-quality,Acidobacteriota,NRPS,NRPS,UBA5704
SRR23851195.bin.15,Medium-quality,Acidobacteriota,NRPS.T1PKS,PKS-NRP_Hybrids,UBA5704
SRR23851195.bin.15,Medium-quality,Acidobacteriota,NRPS.T1PKS,PKS-NRP_Hybrids,UBA5704
SRR23851195.bin.15,Medium-quality,Acidobacteriota,NRPS,NRPS,UBA5704
SRR23851195.bin.15,Medium-quality,Acidobacteriota,T1PKS.NRPS,PKS-NRP_Hybrids,UBA5704
SRR23851195.bin.15,Medium-quality,Acidobacteriota,T1PKS.NRPS,PKS-NRP_Hybrids,UBA5704
SRR23851195.bin.15,Medium-quality,Acidobacteriota,T1PKS,PKSI,UBA5704
SRR23851195.bin.15,Medium-quality,Acidobacteriota,NRPS,NRPS,UBA5704
SRR23851195.bin.15,Medium-quality,Acidobacteriota,T1PKS.NRPS,PKS-NRP_Hybrids,UBA5704
SRR23851195.bin.15,Medium-quality,Acidobacteriota,NRPS,NRPS,UBA5704
SRR23851195.bin.15,Medium-quality,Acidobacteriota,NRPS,NRPS,UBA5704
SRR23851195.bin.15,Medium-quality,Acidobacteriota,NRPS,NRPS,UBA5704
SRR23851195.bin.15,Medium-quality,Acidobacteriota,T3PKS,PKSother,UBA5704
SRR23851195.bin.15,Medium-quality,Acidobacteriota,NRPS,NRPS,UBA5704
SRR23851195.bin.15,Medium-quality,Acidobacteriota,NRPS,NRPS,UBA5704
SRR23851195.bin.15,Medium-quality,Acidobacteriota,T1PKS.NRPS,PKS-NRP_Hybrids,UBA5704
SRR23851195.bin.15,Medium-quality,Acidobacteriota,NRPS.T1PKS,PKS-NRP_Hybrids,UBA5704
SRR23851195.bin.15,Medium-quality,Acidobacteriota,NRPS,NRPS,UBA5704
SRR23851195.bin.15,Medium-quality,Acidobacteriota,NRPS,NRPS,UBA5704
SRR23851195.bin.15,Medium-quality,Acidobacteriota,NRPS,NRPS,UBA5704
SRR23851195.bin.15,Medium-quality,Acidobacteriota,NRPS,NRPS,UBA5704
SRR23851195.bin.15,Medium-quality,Acidobacteriota,NRPS,NRPS,UBA5704
SRR23851195.bin.15,Medium-quality,Acidobacteriota,NRPS,NRPS,UBA5704
SRR23851195.bin.15,Medium-quality,Acidobacteriota,NRPS,NRPS,UBA5704
SRR23851195.bin.16,Medium-quality,Desulfobacterota_B,NRPS,NRPS,UBA9968
SRR23851195.bin.16,Medium-quality,Desulfobacterota_B,NRPS-like,NRPS,UBA9968
SRR23851195.bin.16,Medium-quality,Desulfobacterota_B,NRPS,NRPS,UBA9968
SRR23851195.bin.16,Medium-quality,Desulfobacterota_B,NRPS-like,NRPS,UBA9968
SRR23851195.bin.16,Medium-quality,Desulfobacterota_B,NRPS-like,NRPS,UBA9968
SRR23851195.bin.16,Medium-quality,Desulfobacterota_B,NRPS-like,NRPS,UBA9968
SRR23851195.bin.16,Medium-quality,Desulfobacterota_B,phosphonate,Others,UBA9968
SRR23851195.bin.23,Medium-quality,Planctomycetota,NRPS-like,NRPS,Lacipirellulaceae
SRR23851195.bin.23,Medium-quality,Planctomycetota,terpene,Terpene,Lacipirellulaceae
SRR23851195.bin.23,Medium-quality,Planctomycetota,T3PKS,PKSother,Lacipirellulaceae
SRR23851195.bin.23,Medium-quality,Planctomycetota,NRPS-like,NRPS,Lacipirellulaceae
SRR23851195.bin.23,Medium-quality,Planctomycetota,terpene,Terpene,Lacipirellulaceae
SRR23851195.bin.23,Medium-quality,Planctomycetota,NRPS-like,NRPS,Lacipirellulaceae
SRR23851195.bin.30,Medium-quality,Myxococcota_A,T1PKS,PKSI,JAFDET01
SRR23851195.bin.30,Medium-quality,Myxococcota_A,arylpolyene,Others,JAFDET01
SRR23851195.bin.30,Medium-quality,Myxococcota_A,arylpolyene,Others,JAFDET01
SRR23851195.bin.30,Medium-quality,Myxococcota_A,NRPS-like,NRPS,JAFDET01
SRR23851195.bin.30,Medium-quality,Myxococcota_A,T1PKS,PKSI,JAFDET01
SRR23851195.bin.44,Medium-quality,Pseudomonadota,T3PKS,PKSother,J153
SRR23851195.bin.44,Medium-quality,Pseudomonadota,NRPS-like,NRPS,J153
SRR23851195.bin.44,Medium-quality,Pseudomonadota,terpene,Terpene,J153
SRR23851195.bin.44,Medium-quality,Pseudomonadota,NRPS-like,NRPS,J153
SRR23851195.bin.55,Medium-quality,Pseudomonadota,NRPS-like,NRPS,Oleiphilaceae
SRR23851195.bin.55,Medium-quality,Pseudomonadota,NI-siderophore,Others,Oleiphilaceae
SRR23851195.bin.55,Medium-quality,Pseudomonadota,NI-siderophore,Others,Oleiphilaceae
SRR23851195.bin.55,Medium-quality,Pseudomonadota,NRPS,NRPS,Oleiphilaceae
SRR23851195.bin.57,Medium-quality,Bacteroidota,T3PKS,PKSother,Unclassified
SRR23851195.bin.58,Medium-quality,Methylomirabilota,terpene,Terpene,CSP1-5
SRR23851195.bin.58,Medium-quality,Methylomirabilota,terpene,Terpene,CSP1-5
SRR23851195.bin.59,Medium-quality,Pseudomonadota,terpene,Terpene,Unclassified
SRR23851195.bin.59,Medium-quality,Pseudomonadota,phosphonate,Others,Unclassified
SRR23851195.bin.59,Medium-quality,Pseudomonadota,NRPS-like,NRPS,Unclassified
SRR23851195.bin.59,Medium-quality,Pseudomonadota,arylpolyene,Others,Unclassified
SRR23851195.bin.59,Medium-quality,Pseudomonadota,T3PKS,PKSother,Unclassified
SRR23851195.bin.59,Medium-quality,Pseudomonadota,NRPS-like,NRPS,Unclassified
SRR23851195.bin.59,Medium-quality,Pseudomonadota,NRPS-like,NRPS,Unclassified
SRR23851195.bin.7,Medium-quality,Pseudomonadota,NRPS-like,NRPS,Sulfurifustaceae
SRR23851195.bin.7,Medium-quality,Pseudomonadota,T1PKS,PKSI,Sulfurifustaceae
SRR23851195.bin.7,Medium-quality,Pseudomonadota,NRPS,NRPS,Sulfurifustaceae
SRR23851195.bin.7,Medium-quality,Pseudomonadota,arylpolyene,Others,Sulfurifustaceae
SRR23851195.bin.7,Medium-quality,Pseudomonadota,T1PKS,PKSI,Sulfurifustaceae
SRR23851195.bin.7,Medium-quality,Pseudomonadota,NRPS-like,NRPS,Sulfurifustaceae
SRR23851195.bin.7,Medium-quality,Pseudomonadota,T1PKS,PKSI,Sulfurifustaceae
SRR23851195.bin.7,Medium-quality,Pseudomonadota,T1PKS,PKSI,Sulfurifustaceae
SRR23851196.bin.29,Medium-quality,Bacteroidota,T3PKS,PKSother,Flavobacteriaceae
SRR23851196.bin.8,Medium-quality,Pseudomonadota,NRPS-like,NRPS,JADFVY01
SRR23851196.bin.8,Medium-quality,Pseudomonadota,arylpolyene,Others,JADFVY01
SRR23851196.bin.8,Medium-quality,Pseudomonadota,T3PKS,PKSother,JADFVY01
SRR23851196.bin.8,Medium-quality,Pseudomonadota,RRE-containing,RiPPs,JADFVY01
SRR23851197.bin.22,Medium-quality,Acidobacteriota,NRPS,NRPS,RPQK01
SRR23851197.bin.22,Medium-quality,Acidobacteriota,NRPS-like,NRPS,RPQK01
SRR23851197.bin.22,Medium-quality,Acidobacteriota,T1PKS,PKSI,RPQK01
SRR23851197.bin.22,Medium-quality,Acidobacteriota,NRPS,NRPS,RPQK01
SRR23851197.bin.22,Medium-quality,Acidobacteriota,T3PKS,PKSother,RPQK01
SRR23851197.bin.22,Medium-quality,Acidobacteriota,NRPS-like,NRPS,RPQK01
SRR23851197.bin.22,Medium-quality,Acidobacteriota,NRPS,NRPS,RPQK01
SRR23851197.bin.22,Medium-quality,Acidobacteriota,NRPS,NRPS,RPQK01
SRR23851197.bin.22,Medium-quality,Acidobacteriota,T1PKS,PKSI,RPQK01
SRR23851197.bin.22,Medium-quality,Acidobacteriota,NRPS,NRPS,RPQK01
SRR23851197.bin.22,Medium-quality,Acidobacteriota,NRPS,NRPS,RPQK01
SRR23851197.bin.22,Medium-quality,Acidobacteriota,NRPS,NRPS,RPQK01
SRR23851197.bin.22,Medium-quality,Acidobacteriota,NRPS-like,NRPS,RPQK01
SRR23851197.bin.22,Medium-quality,Acidobacteriota,T1PKS,PKSI,RPQK01
SRR23851197.bin.22,Medium-quality,Acidobacteriota,RiPP-like,RiPPs,RPQK01
SRR23851197.bin.22,Medium-quality,Acidobacteriota,T1PKS,PKSI,RPQK01
SRR23851197.bin.22,Medium-quality,Acidobacteriota,NRPS-like,NRPS,RPQK01
SRR23851197.bin.22,Medium-quality,Acidobacteriota,NRPS-like,NRPS,RPQK01
SRR23851197.bin.22,Medium-quality,Acidobacteriota,T1PKS,PKSI,RPQK01
SRR23851197.bin.22,Medium-quality,Acidobacteriota,NRPS,NRPS,RPQK01
SRR23851197.bin.22,Medium-quality,Acidobacteriota,NRPS-like,NRPS,RPQK01
SRR23851197.bin.22,Medium-quality,Acidobacteriota,NRPS,NRPS,RPQK01
SRR23851197.bin.22,Medium-quality,Acidobacteriota,NRPS,NRPS,RPQK01
SRR23851197.bin.22,Medium-quality,Acidobacteriota,hglE-KS,PKSother,RPQK01
SRR23851197.bin.25,Medium-quality,Chloroflexota,NRPS.T1PKS,PKS-NRP_Hybrids,Promineifilaceae
SRR23851198.bin.15,Medium-quality,Actinomycetota,terpene,Terpene,Streptomycetaceae
SRR23851198.bin.15,Medium-quality,Actinomycetota,lanthipeptide-class-ii,RiPPs,Streptomycetaceae
SRR23851198.bin.15,Medium-quality,Actinomycetota,NI-siderophore,Others,Streptomycetaceae
SRR23851198.bin.15,Medium-quality,Actinomycetota,NI-siderophore,Others,Streptomycetaceae
SRR23851198.bin.15,Medium-quality,Actinomycetota,indole,Others,Streptomycetaceae
SRR23851198.bin.15,Medium-quality,Actinomycetota,butyrolactone,Others,Streptomycetaceae
SRR23851198.bin.15,Medium-quality,Actinomycetota,T1PKS,PKSI,Streptomycetaceae
SRR23851198.bin.15,Medium-quality,Actinomycetota,terpene,Terpene,Streptomycetaceae
SRR23851198.bin.15,Medium-quality,Actinomycetota,T3PKS,PKSother,Streptomycetaceae
SRR23851198.bin.15,Medium-quality,Actinomycetota,NI-siderophore,Others,Streptomycetaceae
SRR23851198.bin.15,Medium-quality,Actinomycetota,NRPS,NRPS,Streptomycetaceae
SRR23851198.bin.15,Medium-quality,Actinomycetota,NRPS,NRPS,Streptomycetaceae
SRR23851198.bin.15,Medium-quality,Actinomycetota,NRPS,NRPS,Streptomycetaceae
SRR23851198.bin.15,Medium-quality,Actinomycetota,NRPS,NRPS,Streptomycetaceae
SRR23851198.bin.15,Medium-quality,Actinomycetota,NRPS,NRPS,Streptomycetaceae
SRR23851198.bin.15,Medium-quality,Actinomycetota,T1PKS,PKSI,Streptomycetaceae
SRR23851198.bin.15,Medium-quality,Actinomycetota,T1PKS,PKSI,Streptomycetaceae
SRR23851198.bin.15,Medium-quality,Actinomycetota,T1PKS,PKSI,Streptomycetaceae
SRR23851198.bin.15,Medium-quality,Actinomycetota,T1PKS,PKSI,Streptomycetaceae
SRR23851198.bin.15,Medium-quality,Actinomycetota,NRPS-like,NRPS,Streptomycetaceae
SRR23851198.bin.15,Medium-quality,Actinomycetota,terpene,Terpene,Streptomycetaceae
SRR23851198.bin.2,Medium-quality,Acidobacteriota,NRPS,NRPS,Unclassified
SRR23851198.bin.2,Medium-quality,Acidobacteriota,NRPS,NRPS,Unclassified
SRR23851198.bin.2,Medium-quality,Acidobacteriota,NRPS-like,NRPS,Unclassified
SRR23851198.bin.2,Medium-quality,Acidobacteriota,NRPS,NRPS,Unclassified
SRR23851198.bin.2,Medium-quality,Acidobacteriota,NRPS,NRPS,Unclassified
SRR23851198.bin.2,Medium-quality,Acidobacteriota,NRPS,NRPS,Unclassified
SRR23851198.bin.2,Medium-quality,Acidobacteriota,NRPS,NRPS,Unclassified
SRR23851198.bin.2,Medium-quality,Acidobacteriota,NRPS,NRPS,Unclassified
SRR23851198.bin.2,Medium-quality,Acidobacteriota,NRPS,NRPS,Unclassified
SRR23851198.bin.2,Medium-quality,Acidobacteriota,NRPS,NRPS,Unclassified
SRR23851198.bin.2,Medium-quality,Acidobacteriota,NRPS,NRPS,Unclassified
SRR23851198.bin.2,Medium-quality,Acidobacteriota,NRPS,NRPS,Unclassified
SRR23851198.bin.2,Medium-quality,Acidobacteriota,NRPS-like,NRPS,Unclassified
SRR23851198.bin.2,Medium-quality,Acidobacteriota,RiPP-like,RiPPs,Unclassified
SRR23851198.bin.2,Medium-quality,Acidobacteriota,NRPS,NRPS,Unclassified
SRR23851198.bin.2,Medium-quality,Acidobacteriota,T1PKS.NRPS-like,PKS-NRP_Hybrids,Unclassified
SRR23851198.bin.2,Medium-quality,Acidobacteriota,NRPS,NRPS,Unclassified
SRR23851198.bin.2,Medium-quality,Acidobacteriota,NRPS,NRPS,Unclassified
SRR23851198.bin.2,Medium-quality,Acidobacteriota,NRPS,NRPS,Unclassified
SRR23851198.bin.2,Medium-quality,Acidobacteriota,NRPS,NRPS,Unclassified
SRR23851198.bin.2,Medium-quality,Acidobacteriota,NRPS-like,NRPS,Unclassified
SRR23851198.bin.2,Medium-quality,Acidobacteriota,NRPS-like,NRPS,Unclassified
SRR23851198.bin.2,Medium-quality,Acidobacteriota,T1PKS,PKSI,Unclassified
SRR23851198.bin.2,Medium-quality,Acidobacteriota,ladderane,Others,Unclassified
SRR23851198.bin.2,Medium-quality,Acidobacteriota,NRPS,NRPS,Unclassified
SRR23851198.bin.2,Medium-quality,Acidobacteriota,NRPS,NRPS,Unclassified
SRR23851198.bin.2,Medium-quality,Acidobacteriota,NRPS,NRPS,Unclassified
SRR23851198.bin.2,Medium-quality,Acidobacteriota,NRPS,NRPS,Unclassified
SRR23851198.bin.2,Medium-quality,Acidobacteriota,T1PKS.NRPS-like,PKS-NRP_Hybrids,Unclassified
SRR23851198.bin.2,Medium-quality,Acidobacteriota,NRPS.T1PKS,PKS-NRP_Hybrids,Unclassified
SRR23851198.bin.2,Medium-quality,Acidobacteriota,NRPS,NRPS,Unclassified
SRR23851198.bin.2,Medium-quality,Acidobacteriota,NRPS,NRPS,Unclassified
SRR23851198.bin.2,Medium-quality,Acidobacteriota,terpene,Terpene,Unclassified
SRR23851198.bin.2,Medium-quality,Acidobacteriota,NRPS,NRPS,Unclassified
SRR23851198.bin.2,Medium-quality,Acidobacteriota,T1PKS.NRPS-like,PKS-NRP_Hybrids,Unclassified
SRR23851198.bin.2,Medium-quality,Acidobacteriota,NRPS,NRPS,Unclassified
SRR23851198.bin.2,Medium-quality,Acidobacteriota,T1PKS,PKSI,Unclassified
SRR23851198.bin.2,Medium-quality,Acidobacteriota,hglE-KS,PKSother,Unclassified
SRR23851198.bin.2,Medium-quality,Acidobacteriota,NRPS-like,NRPS,Unclassified
SRR23851198.bin.2,Medium-quality,Acidobacteriota,T1PKS,PKSI,Unclassified
SRR23851198.bin.2,Medium-quality,Acidobacteriota,NRPS,NRPS,Unclassified
SRR23851198.bin.2,Medium-quality,Acidobacteriota,NRPS,NRPS,Unclassified
SRR23851198.bin.2,Medium-quality,Acidobacteriota,NRPS,NRPS,Unclassified
SRR23851198.bin.2,Medium-quality,Acidobacteriota,NRPS,NRPS,Unclassified
SRR23851198.bin.2,Medium-quality,Acidobacteriota,NRPS,NRPS,Unclassified
SRR23851198.bin.2,Medium-quality,Acidobacteriota,NRPS-like,NRPS,Unclassified
SRR23851198.bin.2,Medium-quality,Acidobacteriota,NRPS-like,NRPS,Unclassified
SRR23851198.bin.21,Medium-quality,Acidobacteriota,NRPS-like,NRPS,SMYC01
SRR23851198.bin.21,Medium-quality,Acidobacteriota,RiPP-like,RiPPs,SMYC01
SRR23851198.bin.21,Medium-quality,Acidobacteriota,NRPS-like,NRPS,SMYC01
SRR23851198.bin.21,Medium-quality,Acidobacteriota,T3PKS,PKSother,SMYC01
SRR23851198.bin.21,Medium-quality,Acidobacteriota,T1PKS,PKSI,SMYC01
SRR23851198.bin.21,Medium-quality,Acidobacteriota,arylpolyene,Others,SMYC01
SRR23851198.bin.21,Medium-quality,Acidobacteriota,RRE-containing,RiPPs,SMYC01
SRR23851198.bin.21,Medium-quality,Acidobacteriota,NRPS-like,NRPS,SMYC01
SRR23851198.bin.21,Medium-quality,Acidobacteriota,RiPP-like,RiPPs,SMYC01
SRR23851198.bin.21,Medium-quality,Acidobacteriota,NRPS,NRPS,SMYC01
SRR23851198.bin.21,Medium-quality,Acidobacteriota,T1PKS,PKSI,SMYC01
SRR23851198.bin.21,Medium-quality,Acidobacteriota,NRPS-like,NRPS,SMYC01
SRR23851198.bin.25,Medium-quality,Acidobacteriota,NRPS.T1PKS,PKS-NRP_Hybrids,UBA5704
SRR23851198.bin.25,Medium-quality,Acidobacteriota,NRPS,NRPS,UBA5704
SRR23851198.bin.25,Medium-quality,Acidobacteriota,NRPS,NRPS,UBA5704
SRR23851198.bin.25,Medium-quality,Acidobacteriota,NRPS,NRPS,UBA5704
SRR23851198.bin.25,Medium-quality,Acidobacteriota,NRPS,NRPS,UBA5704
SRR23851198.bin.25,Medium-quality,Acidobacteriota,T1PKS.NRPS,PKS-NRP_Hybrids,UBA5704
SRR23851198.bin.25,Medium-quality,Acidobacteriota,NRPS-like,NRPS,UBA5704
SRR23851198.bin.25,Medium-quality,Acidobacteriota,NRPS,NRPS,UBA5704
SRR23851198.bin.25,Medium-quality,Acidobacteriota,NRPS,NRPS,UBA5704
SRR23851198.bin.25,Medium-quality,Acidobacteriota,NRPS,NRPS,UBA5704
SRR23851198.bin.25,Medium-quality,Acidobacteriota,NRPS-like,NRPS,UBA5704
SRR23851198.bin.25,Medium-quality,Acidobacteriota,NRPS,NRPS,UBA5704
SRR23851198.bin.25,Medium-quality,Acidobacteriota,NRPS,NRPS,UBA5704
SRR23851198.bin.25,Medium-quality,Acidobacteriota,NRPS,NRPS,UBA5704
SRR23851198.bin.25,Medium-quality,Acidobacteriota,T3PKS,PKSother,UBA5704
SRR23851198.bin.25,Medium-quality,Acidobacteriota,T1PKS,PKSI,UBA5704
SRR23851198.bin.25,Medium-quality,Acidobacteriota,NRPS,NRPS,UBA5704
SRR23851198.bin.25,Medium-quality,Acidobacteriota,NRPS,NRPS,UBA5704
SRR23851198.bin.25,Medium-quality,Acidobacteriota,NRPS,NRPS,UBA5704
SRR23851198.bin.25,Medium-quality,Acidobacteriota,NRPS,NRPS,UBA5704
SRR23851198.bin.25,Medium-quality,Acidobacteriota,NRPS,NRPS,UBA5704
SRR23851198.bin.25,Medium-quality,Acidobacteriota,NRPS,NRPS,UBA5704
SRR23851198.bin.25,Medium-quality,Acidobacteriota,NRPS-like,NRPS,UBA5704
SRR23851198.bin.25,Medium-quality,Acidobacteriota,NRPS.T1PKS,PKS-NRP_Hybrids,UBA5704
SRR23851198.bin.25,Medium-quality,Acidobacteriota,T1PKS,PKSI,UBA5704
SRR23851198.bin.25,Medium-quality,Acidobacteriota,NRPS,NRPS,UBA5704
SRR23851198.bin.25,Medium-quality,Acidobacteriota,NRPS,NRPS,UBA5704
SRR23851198.bin.25,Medium-quality,Acidobacteriota,NRPS,NRPS,UBA5704
SRR23851198.bin.25,Medium-quality,Acidobacteriota,NRPS,NRPS,UBA5704
SRR23851198.bin.25,Medium-quality,Acidobacteriota,NRPS,NRPS,UBA5704
SRR23851198.bin.25,Medium-quality,Acidobacteriota,NRPS,NRPS,UBA5704
SRR23851198.bin.25,Medium-quality,Acidobacteriota,NRPS-like,NRPS,UBA5704
SRR23851198.bin.25,Medium-quality,Acidobacteriota,terpene,Terpene,UBA5704
SRR23851198.bin.25,Medium-quality,Acidobacteriota,NRPS,NRPS,UBA5704
SRR23851198.bin.25,Medium-quality,Acidobacteriota,NRPS,NRPS,UBA5704
SRR23851198.bin.25,Medium-quality,Acidobacteriota,NRPS,NRPS,UBA5704
SRR23851198.bin.25,Medium-quality,Acidobacteriota,NRPS,NRPS,UBA5704
SRR23851198.bin.25,Medium-quality,Acidobacteriota,NRPS,NRPS,UBA5704
SRR23851198.bin.25,Medium-quality,Acidobacteriota,NRPS,NRPS,UBA5704
SRR23851198.bin.25,Medium-quality,Acidobacteriota,NRPS,NRPS,UBA5704
SRR23851198.bin.25,Medium-quality,Acidobacteriota,NRPS,NRPS,UBA5704
SRR23851198.bin.25,Medium-quality,Acidobacteriota,NRPS,NRPS,UBA5704
SRR23851198.bin.25,Medium-quality,Acidobacteriota,NRPS,NRPS,UBA5704
SRR23851198.bin.25,Medium-quality,Acidobacteriota,NRPS,NRPS,UBA5704
SRR23851198.bin.25,Medium-quality,Acidobacteriota,NRPS,NRPS,UBA5704
SRR23851198.bin.25,Medium-quality,Acidobacteriota,NRPS.T1PKS,PKS-NRP_Hybrids,UBA5704
SRR23851198.bin.25,Medium-quality,Acidobacteriota,NRPS,NRPS,UBA5704
SRR23851198.bin.25,Medium-quality,Acidobacteriota,NRPS-like,NRPS,UBA5704
SRR23851198.bin.25,Medium-quality,Acidobacteriota,NRPS,NRPS,UBA5704
SRR23851198.bin.25,Medium-quality,Acidobacteriota,NRPS,NRPS,UBA5704
SRR23851198.bin.25,Medium-quality,Acidobacteriota,NRPS,NRPS,UBA5704
SRR23851198.bin.25,Medium-quality,Acidobacteriota,NRPS,NRPS,UBA5704
SRR23851198.bin.25,Medium-quality,Acidobacteriota,lanthipeptide-class-ii,RiPPs,UBA5704
SRR23851198.bin.25,Medium-quality,Acidobacteriota,NRPS-like,NRPS,UBA5704
SRR23851198.bin.25,Medium-quality,Acidobacteriota,T1PKS.NRPS,PKS-NRP_Hybrids,UBA5704
SRR23851198.bin.26,Medium-quality,Gemmatimonadota,terpene,Terpene,RSA9
SRR23851198.bin.28,Medium-quality,Pseudomonadota,arylpolyene,Others,Cellvibrionaceae
SRR23851198.bin.28,Medium-quality,Pseudomonadota,arylpolyene,Others,Cellvibrionaceae
SRR23851198.bin.28,Medium-quality,Pseudomonadota,RiPP-like,RiPPs,Cellvibrionaceae
SRR23851198.bin.28,Medium-quality,Pseudomonadota,NI-siderophore,Others,Cellvibrionaceae
SRR23851198.bin.29,Medium-quality,Actinomycetota,NRPS,NRPS,Micromonosporaceae
SRR23851198.bin.29,Medium-quality,Actinomycetota,NRPS,NRPS,Micromonosporaceae
SRR23851198.bin.29,Medium-quality,Actinomycetota,lanthipeptide-class-iii,RiPPs,Micromonosporaceae
SRR23851198.bin.29,Medium-quality,Actinomycetota,RiPP-like,RiPPs,Micromonosporaceae
SRR23851198.bin.29,Medium-quality,Actinomycetota,RiPP-like,RiPPs,Micromonosporaceae
SRR23851198.bin.29,Medium-quality,Actinomycetota,NRPS,NRPS,Micromonosporaceae
SRR23851198.bin.29,Medium-quality,Actinomycetota,arylpolyene,Others,Micromonosporaceae
SRR23851198.bin.29,Medium-quality,Actinomycetota,RiPP-like,RiPPs,Micromonosporaceae
SRR23851198.bin.29,Medium-quality,Actinomycetota,T3PKS,PKSother,Micromonosporaceae
SRR23851198.bin.29,Medium-quality,Actinomycetota,NRPS,NRPS,Micromonosporaceae
SRR23851198.bin.29,Medium-quality,Actinomycetota,NRPS,NRPS,Micromonosporaceae
SRR23851198.bin.29,Medium-quality,Actinomycetota,RiPP-like,RiPPs,Micromonosporaceae
SRR23851198.bin.29,Medium-quality,Actinomycetota,lanthipeptide-class-iii,RiPPs,Micromonosporaceae
SRR23851198.bin.29,Medium-quality,Actinomycetota,terpene,Terpene,Micromonosporaceae
SRR23851198.bin.29,Medium-quality,Actinomycetota,RiPP-like,RiPPs,Micromonosporaceae
SRR23851198.bin.29,Medium-quality,Actinomycetota,butyrolactone,Others,Micromonosporaceae
SRR23851198.bin.29,Medium-quality,Actinomycetota,PKS-like,PKSother,Micromonosporaceae
SRR23851198.bin.29,Medium-quality,Actinomycetota,NRPS,NRPS,Micromonosporaceae
SRR23851198.bin.29,Medium-quality,Actinomycetota,T3PKS,PKSother,Micromonosporaceae
SRR23851198.bin.29,Medium-quality,Actinomycetota,RRE-containing,RiPPs,Micromonosporaceae
SRR23851198.bin.7,Medium-quality,Acidobacteriota,NRPS,NRPS,UBA5704
SRR23851198.bin.7,Medium-quality,Acidobacteriota,NRPS,NRPS,UBA5704
SRR23851198.bin.7,Medium-quality,Acidobacteriota,T1PKS,PKSI,UBA5704
SRR23851198.bin.7,Medium-quality,Acidobacteriota,NRPS,NRPS,UBA5704
SRR23851198.bin.7,Medium-quality,Acidobacteriota,NRPS,NRPS,UBA5704
SRR23851198.bin.7,Medium-quality,Acidobacteriota,NRPS,NRPS,UBA5704
SRR23851198.bin.7,Medium-quality,Acidobacteriota,NRPS,NRPS,UBA5704
SRR23851198.bin.7,Medium-quality,Acidobacteriota,NRPS,NRPS,UBA5704
SRR23851198.bin.7,Medium-quality,Acidobacteriota,NRPS,NRPS,UBA5704
SRR23851198.bin.7,Medium-quality,Acidobacteriota,NRPS,NRPS,UBA5704
SRR23851198.bin.7,Medium-quality,Acidobacteriota,lanthipeptide-class-ii,RiPPs,UBA5704
SRR23851198.bin.7,Medium-quality,Acidobacteriota,NRPS,NRPS,UBA5704
SRR23851198.bin.7,Medium-quality,Acidobacteriota,T1PKS.NRPS,PKS-NRP_Hybrids,UBA5704
SRR23851198.bin.7,Medium-quality,Acidobacteriota,NRPS,NRPS,UBA5704
SRR23851198.bin.7,Medium-quality,Acidobacteriota,NRPS,NRPS,UBA5704
SRR23851198.bin.7,Medium-quality,Acidobacteriota,NRPS,NRPS,UBA5704
SRR23851198.bin.7,Medium-quality,Acidobacteriota,T1PKS.NRPS,PKS-NRP_Hybrids,UBA5704
SRR23851198.bin.7,Medium-quality,Acidobacteriota,NRPS,NRPS,UBA5704
SRR23851198.bin.7,Medium-quality,Acidobacteriota,NRPS,NRPS,UBA5704
SRR23851198.bin.7,Medium-quality,Acidobacteriota,T1PKS.NRPS-like,PKS-NRP_Hybrids,UBA5704
SRR23851198.bin.7,Medium-quality,Acidobacteriota,T1PKS.NRPS,PKS-NRP_Hybrids,UBA5704
SRR23851198.bin.7,Medium-quality,Acidobacteriota,NRPS,NRPS,UBA5704
SRR23851198.bin.7,Medium-quality,Acidobacteriota,NRPS,NRPS,UBA5704
SRR23851198.bin.7,Medium-quality,Acidobacteriota,NRPS,NRPS,UBA5704
SRR23851198.bin.7,Medium-quality,Acidobacteriota,NRPS,NRPS,UBA5704
SRR23851198.bin.7,Medium-quality,Acidobacteriota,NRPS,NRPS,UBA5704
SRR23851198.bin.7,Medium-quality,Acidobacteriota,NRPS,NRPS,UBA5704
SRR23851198.bin.7,Medium-quality,Acidobacteriota,NRPS,NRPS,UBA5704
SRR23851198.bin.7,Medium-quality,Acidobacteriota,NRPS,NRPS,UBA5704
SRR23851198.bin.7,Medium-quality,Acidobacteriota,T1PKS.NRPS,PKS-NRP_Hybrids,UBA5704
SRR23851198.bin.7,Medium-quality,Acidobacteriota,NRPS,NRPS,UBA5704
SRR23851198.bin.7,Medium-quality,Acidobacteriota,NRPS,NRPS,UBA5704
SRR23851198.bin.7,Medium-quality,Acidobacteriota,NRPS,NRPS,UBA5704
SRR23851198.bin.7,Medium-quality,Acidobacteriota,NRPS,NRPS,UBA5704
SRR23851198.bin.7,Medium-quality,Acidobacteriota,NRPS,NRPS,UBA5704
SRR23851198.bin.7,Medium-quality,Acidobacteriota,NRPS,NRPS,UBA5704
SRR23851198.bin.7,Medium-quality,Acidobacteriota,NRPS,NRPS,UBA5704
SRR23851198.bin.7,Medium-quality,Acidobacteriota,T1PKS,PKSI,UBA5704
SRR23851198.bin.7,Medium-quality,Acidobacteriota,NRPS,NRPS,UBA5704
SRR23851198.bin.7,Medium-quality,Acidobacteriota,T1PKS.NRPS,PKS-NRP_Hybrids,UBA5704
SRR23851198.bin.7,Medium-quality,Acidobacteriota,T1PKS.NRPS-like,PKS-NRP_Hybrids,UBA5704
SRR23851198.bin.7,Medium-quality,Acidobacteriota,NRPS,NRPS,UBA5704
SRR23851198.bin.7,Medium-quality,Acidobacteriota,NRPS,NRPS,UBA5704
SRR23851198.bin.7,Medium-quality,Acidobacteriota,RiPP-like,RiPPs,UBA5704
SRR23851198.bin.7,Medium-quality,Acidobacteriota,RiPP-like,RiPPs,UBA5704
SRR23851198.bin.7,Medium-quality,Acidobacteriota,NRPS,NRPS,UBA5704
SRR23851198.bin.7,Medium-quality,Acidobacteriota,NRPS,NRPS,UBA5704
SRR23851198.bin.7,Medium-quality,Acidobacteriota,NRPS,NRPS,UBA5704
SRR23851198.bin.7,Medium-quality,Acidobacteriota,NRPS,NRPS,UBA5704
SRR23851198.bin.7,Medium-quality,Acidobacteriota,NRPS,NRPS,UBA5704
SRR23851198.bin.7,Medium-quality,Acidobacteriota,NRPS-like,NRPS,UBA5704
SRR23851198.bin.7,Medium-quality,Acidobacteriota,T1PKS,PKSI,UBA5704
SRR23851198.bin.7,Medium-quality,Acidobacteriota,T1PKS.NRPS,PKS-NRP_Hybrids,UBA5704
SRR23851198.bin.7,Medium-quality,Acidobacteriota,NRPS,NRPS,UBA5704
SRR23851198.bin.7,Medium-quality,Acidobacteriota,NRPS-like,NRPS,UBA5704
SRR23851198.bin.7,Medium-quality,Acidobacteriota,NRPS,NRPS,UBA5704
SRR23851198.bin.7,Medium-quality,Acidobacteriota,T3PKS,PKSother,UBA5704
SRR23851198.bin.7,Medium-quality,Acidobacteriota,NRPS,NRPS,UBA5704
SRR23851198.bin.7,Medium-quality,Acidobacteriota,NRPS-like,NRPS,UBA5704
SRR23851198.bin.7,Medium-quality,Acidobacteriota,NRPS,NRPS,UBA5704
SRR23851198.bin.7,Medium-quality,Acidobacteriota,NRPS,NRPS,UBA5704
SRR23851198.bin.7,Medium-quality,Acidobacteriota,NRPS,NRPS,UBA5704
SRR23851198.bin.7,Medium-quality,Acidobacteriota,NRPS,NRPS,UBA5704
SRR23851198.bin.7,Medium-quality,Acidobacteriota,T1PKS,PKSI,UBA5704
SRR23851198.bin.7,Medium-quality,Acidobacteriota,NRPS.T1PKS,PKS-NRP_Hybrids,UBA5704
SRR23851198.bin.7,Medium-quality,Acidobacteriota,NRPS,NRPS,UBA5704
SRR23851198.bin.7,Medium-quality,Acidobacteriota,NRPS-like,NRPS,UBA5704
SRR23851198.bin.7,Medium-quality,Acidobacteriota,NRPS,NRPS,UBA5704
SRR23851198.bin.7,Medium-quality,Acidobacteriota,NRPS,NRPS,UBA5704
SRR23851198.bin.7,Medium-quality,Acidobacteriota,NRPS,NRPS,UBA5704
SRR23851198.bin.7,Medium-quality,Acidobacteriota,NRPS-like,NRPS,UBA5704
SRR23851198.bin.7,Medium-quality,Acidobacteriota,NRPS,NRPS,UBA5704
SRR23851198.bin.7,Medium-quality,Acidobacteriota,NRPS-like,NRPS,UBA5704
SRR23851198.bin.7,Medium-quality,Acidobacteriota,NRPS,NRPS,UBA5704
SRR23851198.bin.7,Medium-quality,Acidobacteriota,NRPS-like,NRPS,UBA5704
SRR23851198.bin.7,Medium-quality,Acidobacteriota,NRPS,NRPS,UBA5704
SRR23851198.bin.7,Medium-quality,Acidobacteriota,NRPS,NRPS,UBA5704
SRR23851198.bin.7,Medium-quality,Acidobacteriota,NRPS,NRPS,UBA5704
SRR23851198.bin.7,Medium-quality,Acidobacteriota,T1PKS,PKSI,UBA5704
SRR23851198.bin.7,Medium-quality,Acidobacteriota,NRPS,NRPS,UBA5704
SRR23851198.bin.7,Medium-quality,Acidobacteriota,NRPS,NRPS,UBA5704
SRR23851198.bin.7,Medium-quality,Acidobacteriota,T1PKS,PKSI,UBA5704
SRR23851198.bin.7,Medium-quality,Acidobacteriota,T1PKS,PKSI,UBA5704
SRR23851198.bin.7,Medium-quality,Acidobacteriota,T1PKS,PKSI,UBA5704
SRR23851198.bin.7,Medium-quality,Acidobacteriota,NRPS,NRPS,UBA5704
SRR23851198.bin.7,Medium-quality,Acidobacteriota,NRPS,NRPS,UBA5704
SRR23851198.bin.7,Medium-quality,Acidobacteriota,NRPS,NRPS,UBA5704
SRR23851198.bin.7,Medium-quality,Acidobacteriota,NRPS,NRPS,UBA5704
SRR23851198.bin.7,Medium-quality,Acidobacteriota,NRPS,NRPS,UBA5704
SRR23851198.bin.7,Medium-quality,Acidobacteriota,NRPS,NRPS,UBA5704
SRR23851198.bin.7,Medium-quality,Acidobacteriota,NRPS,NRPS,UBA5704
SRR23851198.bin.7,Medium-quality,Acidobacteriota,T1PKS.NRPS,PKS-NRP_Hybrids,UBA5704
SRR23851198.bin.7,Medium-quality,Acidobacteriota,NRPS,NRPS,UBA5704
SRR23851198.bin.7,Medium-quality,Acidobacteriota,NRPS,NRPS,UBA5704
SRR23851198.bin.7,Medium-quality,Acidobacteriota,NRPS,NRPS,UBA5704
SRR23851198.bin.7,Medium-quality,Acidobacteriota,NRPS,NRPS,UBA5704
SRR23851198.bin.7,Medium-quality,Acidobacteriota,RiPP-like,RiPPs,UBA5704
SRR23851198.bin.7,Medium-quality,Acidobacteriota,NRPS,NRPS,UBA5704
SRR23851198.bin.7,Medium-quality,Acidobacteriota,NRPS,NRPS,UBA5704
SRR23851198.bin.7,Medium-quality,Acidobacteriota,NRPS,NRPS,UBA5704
SRR23851198.bin.7,Medium-quality,Acidobacteriota,NRPS,NRPS,UBA5704
SRR23851198.bin.7,Medium-quality,Acidobacteriota,T1PKS,PKSI,UBA5704
SRR23851198.bin.7,Medium-quality,Acidobacteriota,T1PKS.NRPS-like,PKS-NRP_Hybrids,UBA5704
SRR23851198.bin.7,Medium-quality,Acidobacteriota,NRPS,NRPS,UBA5704
SRR23851198.bin.7,Medium-quality,Acidobacteriota,NRPS,NRPS,UBA5704
SRR23851198.bin.7,Medium-quality,Acidobacteriota,NRPS,NRPS,UBA5704
SRR23851198.bin.7,Medium-quality,Acidobacteriota,NRPS,NRPS,UBA5704
SRR23851198.bin.7,Medium-quality,Acidobacteriota,terpene,Terpene,UBA5704
SRR23851198.bin.7,Medium-quality,Acidobacteriota,T1PKS,PKSI,UBA5704
SRR23851198.bin.7,Medium-quality,Acidobacteriota,T1PKS,PKSI,UBA5704
SRR23851198.bin.7,Medium-quality,Acidobacteriota,NRPS-like,NRPS,UBA5704
SRR23851198.bin.7,Medium-quality,Acidobacteriota,T1PKS,PKSI,UBA5704
SRR23851198.bin.7,Medium-quality,Acidobacteriota,T1PKS,PKSI,UBA5704
SRR23851198.bin.7,Medium-quality,Acidobacteriota,NRPS,NRPS,UBA5704
SRR23851198.bin.7,Medium-quality,Acidobacteriota,NRPS,NRPS,UBA5704
SRR23851198.bin.7,Medium-quality,Acidobacteriota,T1PKS.NRPS,PKS-NRP_Hybrids,UBA5704
SRR23851198.bin.7,Medium-quality,Acidobacteriota,NRPS,NRPS,UBA5704
SRR23851198.bin.7,Medium-quality,Acidobacteriota,NRPS,NRPS,UBA5704
SRR23851198.bin.7,Medium-quality,Acidobacteriota,T1PKS,PKSI,UBA5704
SRR23851198.bin.7,Medium-quality,Acidobacteriota,NRPS,NRPS,UBA5704
SRR23851198.bin.7,Medium-quality,Acidobacteriota,T1PKS,PKSI,UBA5704
SRR23851198.bin.7,Medium-quality,Acidobacteriota,RiPP-like,RiPPs,UBA5704
SRR23851198.bin.7,Medium-quality,Acidobacteriota,RiPP-like,RiPPs,UBA5704
SRR23851198.bin.7,Medium-quality,Acidobacteriota,T1PKS,PKSI,UBA5704
SRR23851198.bin.7,Medium-quality,Acidobacteriota,NRPS,NRPS,UBA5704
SRR23851198.bin.7,Medium-quality,Acidobacteriota,NRPS,NRPS,UBA5704
SRR23851198.bin.7,Medium-quality,Acidobacteriota,NRPS,NRPS,UBA5704
SRR23851198.bin.7,Medium-quality,Acidobacteriota,T1PKS,PKSI,UBA5704
SRR23851198.bin.7,Medium-quality,Acidobacteriota,NRPS,NRPS,UBA5704
SRR23851198.bin.7,Medium-quality,Acidobacteriota,NRPS.T1PKS,PKS-NRP_Hybrids,UBA5704
SRR23851198.bin.7,Medium-quality,Acidobacteriota,NRPS-like,NRPS,UBA5704
SRR23851198.bin.7,Medium-quality,Acidobacteriota,T1PKS,PKSI,UBA5704
SRR23851198.bin.7,Medium-quality,Acidobacteriota,T1PKS,PKSI,UBA5704
SRR23851198.bin.7,Medium-quality,Acidobacteriota,NRP-metallophore.NRPS,Others,UBA5704
SRR23851198.bin.7,Medium-quality,Acidobacteriota,NRPS,NRPS,UBA5704
SRR23851198.bin.7,Medium-quality,Acidobacteriota,NRPS,NRPS,UBA5704
SRR23851198.bin.7,Medium-quality,Acidobacteriota,NRPS,NRPS,UBA5704
SRR23851198.bin.7,Medium-quality,Acidobacteriota,NRPS,NRPS,UBA5704
SRR23851198.bin.7,Medium-quality,Acidobacteriota,PKS-like,PKSother,UBA5704
SRR23851198.bin.7,Medium-quality,Acidobacteriota,NRPS-like,NRPS,UBA5704
SRR23851198.bin.7,Medium-quality,Acidobacteriota,NRPS,NRPS,UBA5704
SRR23851198.bin.7,Medium-quality,Acidobacteriota,NRPS,NRPS,UBA5704
SRR23851198.bin.7,Medium-quality,Acidobacteriota,T1PKS.NRPS,PKS-NRP_Hybrids,UBA5704
SRR23851198.bin.7,Medium-quality,Acidobacteriota,NRPS-like,NRPS,UBA5704
SRR23851198.bin.7,Medium-quality,Acidobacteriota,NRPS,NRPS,UBA5704
SRR23851198.bin.7,Medium-quality,Acidobacteriota,NRPS,NRPS,UBA5704
SRR23851198.bin.7,Medium-quality,Acidobacteriota,NRPS,NRPS,UBA5704
SRR23851198.bin.7,Medium-quality,Acidobacteriota,ladderane,Others,UBA5704
SRR23851198.bin.7,Medium-quality,Acidobacteriota,ladderane,Others,UBA5704
SRR23851198.bin.7,Medium-quality,Acidobacteriota,NRPS,NRPS,UBA5704
SRR23851198.bin.7,Medium-quality,Acidobacteriota,NRPS,NRPS,UBA5704
SRR23851198.bin.7,Medium-quality,Acidobacteriota,T1PKS,PKSI,UBA5704
SRR23851198.bin.7,Medium-quality,Acidobacteriota,NRPS,NRPS,UBA5704
SRR23851198.bin.7,Medium-quality,Acidobacteriota,NRPS.T1PKS,PKS-NRP_Hybrids,UBA5704
SRR23851198.bin.7,Medium-quality,Acidobacteriota,NRPS,NRPS,UBA5704
SRR23851198.bin.7,Medium-quality,Acidobacteriota,transAT-PKS-like,PKSother,UBA5704
SRR23851198.bin.7,Medium-quality,Acidobacteriota,transAT-PKS-like.NRPS,PKS-NRP_Hybrids,UBA5704
SRR23851199.bin.11,Medium-quality,Chloroflexota,NRPS,NRPS,UBA3940
SRR23851199.bin.30,Medium-quality,Myxococcota,T3PKS,PKSother,SG8-38
SRR23851199.bin.30,Medium-quality,Myxococcota,T1PKS,PKSI,SG8-38
SRR23851199.bin.30,Medium-quality,Myxococcota,indole,Others,SG8-38
SRR23851199.bin.30,Medium-quality,Myxococcota,terpene,Terpene,SG8-38
SRR23851199.bin.30,Medium-quality,Myxococcota,NRPS-like,NRPS,SG8-38
SRR23851199.bin.30,Medium-quality,Myxococcota,ladderane,Others,SG8-38
SRR23851199.bin.30,Medium-quality,Myxococcota,hglE-KS,PKSother,SG8-38
SRR23851199.bin.30,Medium-quality,Myxococcota,arylpolyene,Others,SG8-38
SRR23851199.bin.30,Medium-quality,Myxococcota,NRPS-like,NRPS,SG8-38
SRR23851199.bin.30,Medium-quality,Myxococcota,arylpolyene,Others,SG8-38
SRR23851200.bin.39,Medium-quality,Gemmatimonadota,terpene,Terpene,RSA9
SRR23851201.bin.14,Medium-quality,Desulfobacterota,arylpolyene,Others,Desulfurivibrionaceae
SRR23851201.bin.14,Medium-quality,Desulfobacterota,arylpolyene,Others,Desulfurivibrionaceae
SRR23851201.bin.14,Medium-quality,Desulfobacterota,resorcinol,Others,Desulfurivibrionaceae
SRR23851201.bin.14,Medium-quality,Desulfobacterota,NRPS-like,NRPS,Desulfurivibrionaceae
SRR23851201.bin.14,Medium-quality,Desulfobacterota,RiPP-like,RiPPs,Desulfurivibrionaceae
SRR23851201.bin.14,Medium-quality,Desulfobacterota,NRPS-like,NRPS,Desulfurivibrionaceae
SRR23851201.bin.41,Medium-quality,Pseudomonadota,RiPP-like,RiPPs,Oleiphilaceae
SRR23851201.bin.41,Medium-quality,Pseudomonadota,NI-siderophore,Others,Oleiphilaceae
SRR23851201.bin.41,Medium-quality,Pseudomonadota,NRPS,NRPS,Oleiphilaceae
SRR23851201.bin.41,Medium-quality,Pseudomonadota,RiPP-like,RiPPs,Oleiphilaceae
SRR23851201.bin.41,Medium-quality,Pseudomonadota,T1PKS,PKSI,Oleiphilaceae
SRR23851202.bin.10,Medium-quality,Pseudomonadota,phosphonate,Others,SZUA-36
SRR23851203.bin.19,Medium-quality,Actinomycetota,NRPS,NRPS,Egibacteraceae
SRR23851203.bin.19,Medium-quality,Actinomycetota,NRPS-like,NRPS,Egibacteraceae
SRR23851203.bin.19,Medium-quality,Actinomycetota,RiPP-like,RiPPs,Egibacteraceae
SRR23851203.bin.19,Medium-quality,Actinomycetota,terpene,Terpene,Egibacteraceae
SRR23851205.bin.16,Medium-quality,Myxococcota,NRPS-like,NRPS,Polyangiaceae
SRR23851205.bin.16,Medium-quality,Myxococcota,arylpolyene,Others,Polyangiaceae
SRR23851205.bin.16,Medium-quality,Myxococcota,T1PKS,PKSI,Polyangiaceae
SRR23851205.bin.16,Medium-quality,Myxococcota,NRPS,NRPS,Polyangiaceae
SRR23851205.bin.16,Medium-quality,Myxococcota,NRPS,NRPS,Polyangiaceae
SRR23851205.bin.16,Medium-quality,Myxococcota,T1PKS,PKSI,Polyangiaceae
SRR23851205.bin.16,Medium-quality,Myxococcota,RiPP-like,RiPPs,Polyangiaceae
SRR23851205.bin.16,Medium-quality,Myxococcota,NRPS-like,NRPS,Polyangiaceae
SRR23851205.bin.16,Medium-quality,Myxococcota,terpene,Terpene,Polyangiaceae
SRR23851205.bin.16,Medium-quality,Myxococcota,arylpolyene,Others,Polyangiaceae
SRR23851205.bin.16,Medium-quality,Myxococcota,NRPS-like,NRPS,Polyangiaceae
SRR23851205.bin.16,Medium-quality,Myxococcota,NRPS,NRPS,Polyangiaceae
SRR23851205.bin.16,Medium-quality,Myxococcota,NRPS,NRPS,Polyangiaceae
SRR23851205.bin.16,Medium-quality,Myxococcota,NRPS,NRPS,Polyangiaceae
SRR23851205.bin.16,Medium-quality,Myxococcota,NRPS,NRPS,Polyangiaceae
SRR23851205.bin.16,Medium-quality,Myxococcota,NRPS,NRPS,Polyangiaceae
SRR23851205.bin.16,Medium-quality,Myxococcota,NRPS,NRPS,Polyangiaceae
SRR23851205.bin.16,Medium-quality,Myxococcota,RiPP-like,RiPPs,Polyangiaceae
SRR23851205.bin.16,Medium-quality,Myxococcota,T1PKS,PKSI,Polyangiaceae
SRR23851205.bin.16,Medium-quality,Myxococcota,RiPP-like,RiPPs,Polyangiaceae
SRR23851205.bin.16,Medium-quality,Myxococcota,NRPS-like,NRPS,Polyangiaceae
SRR23851205.bin.16,Medium-quality,Myxococcota,NRPS,NRPS,Polyangiaceae
SRR23851205.bin.16,Medium-quality,Myxococcota,NRPS-like,NRPS,Polyangiaceae
SRR23851205.bin.16,Medium-quality,Myxococcota,NRPS,NRPS,Polyangiaceae
SRR23851205.bin.16,Medium-quality,Myxococcota,indole,Others,Polyangiaceae
SRR23851205.bin.16,Medium-quality,Myxococcota,NRPS,NRPS,Polyangiaceae
SRR23851205.bin.16,Medium-quality,Myxococcota,NRPS,NRPS,Polyangiaceae
SRR23851205.bin.16,Medium-quality,Myxococcota,arylpolyene,Others,Polyangiaceae
SRR23851205.bin.16,Medium-quality,Myxococcota,NRPS,NRPS,Polyangiaceae
SRR23851205.bin.16,Medium-quality,Myxococcota,NRPS,NRPS,Polyangiaceae
SRR23851205.bin.16,Medium-quality,Myxococcota,NRPS,NRPS,Polyangiaceae
SRR23851205.bin.16,Medium-quality,Myxococcota,NRPS,NRPS,Polyangiaceae
SRR23851205.bin.16,Medium-quality,Myxococcota,NRPS,NRPS,Polyangiaceae
SRR23851205.bin.16,Medium-quality,Myxococcota,NRPS,NRPS,Polyangiaceae
SRR23851205.bin.19,Medium-quality,Pseudomonadota,NRPS,NRPS,Woeseiaceae
SRR23851205.bin.19,Medium-quality,Pseudomonadota,NRPS,NRPS,Woeseiaceae
SRR23851205.bin.19,Medium-quality,Pseudomonadota,T1PKS,PKSI,Woeseiaceae
SRR23851205.bin.19,Medium-quality,Pseudomonadota,NRPS-like,NRPS,Woeseiaceae
SRR23851205.bin.19,Medium-quality,Pseudomonadota,NRPS-like,NRPS,Woeseiaceae
SRR23851205.bin.2,Medium-quality,Pseudomonadota,terpene,Terpene,Parvularculaceae
SRR23851205.bin.2,Medium-quality,Pseudomonadota,T1PKS,PKSI,Parvularculaceae
SRR23851205.bin.2,Medium-quality,Pseudomonadota,terpene,Terpene,Parvularculaceae
SRR23851205.bin.2,Medium-quality,Pseudomonadota,hglE-KS,PKSother,Parvularculaceae
SRR23851205.bin.24,Medium-quality,Acidobacteriota,NRPS,NRPS,UBA5704
SRR23851205.bin.24,Medium-quality,Acidobacteriota,NRPS,NRPS,UBA5704
SRR23851205.bin.24,Medium-quality,Acidobacteriota,NRPS-like,NRPS,UBA5704
SRR23851205.bin.24,Medium-quality,Acidobacteriota,ladderane,Others,UBA5704
SRR23851205.bin.24,Medium-quality,Acidobacteriota,NRPS,NRPS,UBA5704
SRR23851205.bin.24,Medium-quality,Acidobacteriota,NRPS,NRPS,UBA5704
SRR23851205.bin.24,Medium-quality,Acidobacteriota,NRPS,NRPS,UBA5704
SRR23851205.bin.24,Medium-quality,Acidobacteriota,NRPS,NRPS,UBA5704
SRR23851205.bin.24,Medium-quality,Acidobacteriota,NRPS,NRPS,UBA5704
SRR23851205.bin.24,Medium-quality,Acidobacteriota,T1PKS.NRPS-like,PKS-NRP_Hybrids,UBA5704
SRR23851205.bin.24,Medium-quality,Acidobacteriota,NRPS,NRPS,UBA5704
SRR23851205.bin.24,Medium-quality,Acidobacteriota,NRPS,NRPS,UBA5704
SRR23851205.bin.24,Medium-quality,Acidobacteriota,NRPS,NRPS,UBA5704
SRR23851205.bin.24,Medium-quality,Acidobacteriota,NRPS,NRPS,UBA5704
SRR23851205.bin.24,Medium-quality,Acidobacteriota,NRPS,NRPS,UBA5704
SRR23851205.bin.24,Medium-quality,Acidobacteriota,T3PKS,PKSother,UBA5704
SRR23851205.bin.24,Medium-quality,Acidobacteriota,NRPS,NRPS,UBA5704
SRR23851205.bin.24,Medium-quality,Acidobacteriota,NRPS,NRPS,UBA5704
SRR23851205.bin.24,Medium-quality,Acidobacteriota,lanthipeptide-class-iv,RiPPs,UBA5704
SRR23851205.bin.24,Medium-quality,Acidobacteriota,RRE-containing,RiPPs,UBA5704
SRR23851205.bin.24,Medium-quality,Acidobacteriota,NRPS,NRPS,UBA5704
SRR23851205.bin.24,Medium-quality,Acidobacteriota,NRPS,NRPS,UBA5704
SRR23851205.bin.24,Medium-quality,Acidobacteriota,NRPS,NRPS,UBA5704
SRR23851205.bin.28,Medium-quality,Desulfobacterota,arylpolyene,Others,WTL
SRR23851205.bin.28,Medium-quality,Desulfobacterota,hglE-KS,PKSother,WTL
SRR23851205.bin.28,Medium-quality,Desulfobacterota,arylpolyene,Others,WTL
SRR23851205.bin.40,Medium-quality,Pseudomonadota,terpene,Terpene,Rariloculaceae
SRR23851205.bin.40,Medium-quality,Pseudomonadota,terpene,Terpene,Rariloculaceae
SRR23851205.bin.7,Medium-quality,Gemmatimonadota,terpene,Terpene,RSA9
SRR23851206.bin.12,Medium-quality,Actinomycetota,lanthipeptide-class-iii,RiPPs,GCA-2861595
SRR23851206.bin.12,Medium-quality,Actinomycetota,NRPS-like,NRPS,GCA-2861595
SRR23851206.bin.12,Medium-quality,Actinomycetota,NRPS,NRPS,GCA-2861595
SRR23851206.bin.12,Medium-quality,Actinomycetota,NRPS,NRPS,GCA-2861595
SRR23851206.bin.12,Medium-quality,Actinomycetota,T1PKS,PKSI,GCA-2861595
SRR23851206.bin.19,Medium-quality,Cyanobacteriota,RiPP-like,RiPPs,Coleofasciculaceae
SRR23851206.bin.19,Medium-quality,Cyanobacteriota,NRPS,NRPS,Coleofasciculaceae
SRR23851206.bin.19,Medium-quality,Cyanobacteriota,NRPS-like,NRPS,Coleofasciculaceae
SRR23851206.bin.19,Medium-quality,Cyanobacteriota,terpene,Terpene,Coleofasciculaceae
SRR23851206.bin.19,Medium-quality,Cyanobacteriota,RiPP-like,RiPPs,Coleofasciculaceae
SRR23851206.bin.19,Medium-quality,Cyanobacteriota,resorcinol,Others,Coleofasciculaceae
SRR23851206.bin.19,Medium-quality,Cyanobacteriota,LAP,RiPPs,Coleofasciculaceae
SRR23851206.bin.19,Medium-quality,Cyanobacteriota,T1PKS,PKSI,Coleofasciculaceae
SRR23851206.bin.9,Medium-quality,Actinomycetota,indole,Others,WHSQ01
SRR23851208.bin.15,Medium-quality,Pseudomonadota,NRPS,NRPS,Oleiphilaceae
SRR23851208.bin.15,Medium-quality,Pseudomonadota,NRPS,NRPS,Oleiphilaceae
SRR23851208.bin.15,Medium-quality,Pseudomonadota,RiPP-like,RiPPs,Oleiphilaceae
SRR23851208.bin.15,Medium-quality,Pseudomonadota,ranthipeptide,RiPPs,Oleiphilaceae
SRR23851209.bin.9,Medium-quality,Chloroflexota,NRPS-like,NRPS,QHBO01
SRR23851210.bin.19,Medium-quality,Cyanobacteriota,NI-siderophore,Others,Phormidesmiaceae
SRR23851210.bin.19,Medium-quality,Cyanobacteriota,NI-siderophore,Others,Phormidesmiaceae
SRR23851210.bin.19,Medium-quality,Cyanobacteriota,NI-siderophore,Others,Phormidesmiaceae
SRR23851210.bin.19,Medium-quality,Cyanobacteriota,NRPS,NRPS,Phormidesmiaceae
SRR23851210.bin.19,Medium-quality,Cyanobacteriota,NRPS,NRPS,Phormidesmiaceae
SRR23851210.bin.9,Medium-quality,Pseudomonadota,LAP,RiPPs,SLDE01
SRR23851210.bin.9,Medium-quality,Pseudomonadota,arylpolyene,Others,SLDE01
SRR23851211.bin.1,Medium-quality,Actinomycetota,NAPAA,NRPS,Microbacteriaceae
SRR23851211.bin.1,Medium-quality,Actinomycetota,T3PKS,PKSother,Microbacteriaceae
SRR23851212.bin.12,Medium-quality,Pseudomonadota,NRPS-like,NRPS,XN24
SRR23851212.bin.14,Medium-quality,Pseudomonadota,arylpolyene,Others,DSM-19610
SRR23851213.bin.13,Medium-quality,Gemmatimonadota,hglE-KS,PKSother,UBA6960
SRR23851213.bin.13,Medium-quality,Gemmatimonadota,ranthipeptide,RiPPs,UBA6960
SRR23851213.bin.13,Medium-quality,Gemmatimonadota,terpene,Terpene,UBA6960
SRR23851213.bin.13,Medium-quality,Gemmatimonadota,T3PKS,PKSother,UBA6960
SRR23851213.bin.13,Medium-quality,Gemmatimonadota,hglE-KS,PKSother,UBA6960
SRR23851213.bin.19,Medium-quality,Pseudomonadota,NRPS-like,NRPS,UBA8366
SRR23851213.bin.19,Medium-quality,Pseudomonadota,phosphonate,Others,UBA8366
SRR23851213.bin.19,Medium-quality,Pseudomonadota,NRPS-like,NRPS,UBA8366
SRR23851213.bin.19,Medium-quality,Pseudomonadota,terpene,Terpene,UBA8366
SRR23851213.bin.9,Medium-quality,Pseudomonadota,NRPS-like,NRPS,SG8-39
SRR23851213.bin.9,Medium-quality,Pseudomonadota,NRPS-like,NRPS,SG8-39
SRR23851213.bin.9,Medium-quality,Pseudomonadota,arylpolyene,Others,SG8-39
SRR23851214.bin.22,Medium-quality,Gemmatimonadota,RiPP-like,RiPPs,UBA6960
SRR23851214.bin.22,Medium-quality,Gemmatimonadota,ranthipeptide,RiPPs,UBA6960
SRR23851214.bin.22,Medium-quality,Gemmatimonadota,NRPS-like,NRPS,UBA6960
SRR23851214.bin.22,Medium-quality,Gemmatimonadota,T3PKS,PKSother,UBA6960
SRR23851214.bin.22,Medium-quality,Gemmatimonadota,RiPP-like,RiPPs,UBA6960
SRR23851215.bin.17,Medium-quality,Pseudomonadota,terpene,Terpene,Devosiaceae
SRR23851215.bin.17,Medium-quality,Pseudomonadota,T1PKS,PKSI,Devosiaceae
SRR23851215.bin.29,Medium-quality,Pseudomonadota,T3PKS,PKSother,Rhodobacteraceae
SRR23851215.bin.29,Medium-quality,Pseudomonadota,RRE-containing,RiPPs,Rhodobacteraceae
SRR23851215.bin.29,Medium-quality,Pseudomonadota,NI-siderophore,Others,Rhodobacteraceae
SRR23851215.bin.29,Medium-quality,Pseudomonadota,T1PKS,PKSI,Rhodobacteraceae
SRR23851215.bin.29,Medium-quality,Pseudomonadota,NRPS,NRPS,Rhodobacteraceae
SRR23851215.bin.29,Medium-quality,Pseudomonadota,terpene,Terpene,Rhodobacteraceae
SRR23851216.bin.3,Medium-quality,Pseudomonadota,NRPS,NRPS,Pseudomonadaceae
SRR23851216.bin.3,Medium-quality,Pseudomonadota,NRPS,NRPS,Pseudomonadaceae
SRR23851216.bin.3,Medium-quality,Pseudomonadota,arylpolyene,Others,Pseudomonadaceae
SRR23851216.bin.3,Medium-quality,Pseudomonadota,arylpolyene,Others,Pseudomonadaceae
SRR23851216.bin.3,Medium-quality,Pseudomonadota,RiPP-like,RiPPs,Pseudomonadaceae
SRR23851216.bin.3,Medium-quality,Pseudomonadota,terpene,Terpene,Pseudomonadaceae
SRR23851216.bin.4,Medium-quality,Pseudomonadota,RiPP-like,RiPPs,Methylophagaceae
SRR23851216.bin.4,Medium-quality,Pseudomonadota,NRPS,NRPS,Methylophagaceae
SRR23851216.bin.4,Medium-quality,Pseudomonadota,NRPS,NRPS,Methylophagaceae
SRR23851217.bin.12,Medium-quality,Myxococcota,T1PKS,PKSI,SG8-38
SRR23851217.bin.12,Medium-quality,Myxococcota,terpene,Terpene,SG8-38
SRR23851217.bin.17,Medium-quality,Actinomycetota,phosphonate,Others,Micromonosporaceae
SRR23851217.bin.17,Medium-quality,Actinomycetota,T3PKS,PKSother,Micromonosporaceae
SRR23851217.bin.17,Medium-quality,Actinomycetota,lanthipeptide-class-ii,RiPPs,Micromonosporaceae
SRR23851217.bin.17,Medium-quality,Actinomycetota,NRPS-like,NRPS,Micromonosporaceae
SRR23851217.bin.17,Medium-quality,Actinomycetota,lanthipeptide-class-ii,RiPPs,Micromonosporaceae
SRR23851217.bin.17,Medium-quality,Actinomycetota,NRPS,NRPS,Micromonosporaceae
SRR23851217.bin.17,Medium-quality,Actinomycetota,NRPS,NRPS,Micromonosporaceae
SRR23851217.bin.17,Medium-quality,Actinomycetota,lanthipeptide-class-iii,RiPPs,Micromonosporaceae
SRR23851217.bin.17,Medium-quality,Actinomycetota,NRPS,NRPS,Micromonosporaceae
SRR23851217.bin.17,Medium-quality,Actinomycetota,NRPS,NRPS,Micromonosporaceae
SRR23851217.bin.17,Medium-quality,Actinomycetota,T1PKS,PKSI,Micromonosporaceae
SRR23851217.bin.17,Medium-quality,Actinomycetota,NRPS,NRPS,Micromonosporaceae
SRR23851217.bin.17,Medium-quality,Actinomycetota,NRPS,NRPS,Micromonosporaceae
SRR23851217.bin.17,Medium-quality,Actinomycetota,NRPS-like,NRPS,Micromonosporaceae
SRR23851217.bin.17,Medium-quality,Actinomycetota,NRPS-like,NRPS,Micromonosporaceae
SRR23851217.bin.17,Medium-quality,Actinomycetota,NRPS-like,NRPS,Micromonosporaceae
SRR23851217.bin.17,Medium-quality,Actinomycetota,NRPS,NRPS,Micromonosporaceae
SRR23851217.bin.17,Medium-quality,Actinomycetota,NRPS,NRPS,Micromonosporaceae
SRR23851217.bin.17,Medium-quality,Actinomycetota,NRPS,NRPS,Micromonosporaceae
SRR23851217.bin.17,Medium-quality,Actinomycetota,NRPS,NRPS,Micromonosporaceae
SRR23851217.bin.17,Medium-quality,Actinomycetota,NRPS,NRPS,Micromonosporaceae
SRR23851217.bin.17,Medium-quality,Actinomycetota,RiPP-like,RiPPs,Micromonosporaceae
SRR23851217.bin.17,Medium-quality,Actinomycetota,NRPS-like,NRPS,Micromonosporaceae
SRR23851217.bin.17,Medium-quality,Actinomycetota,NRPS,NRPS,Micromonosporaceae
SRR23851217.bin.17,Medium-quality,Actinomycetota,NRPS,NRPS,Micromonosporaceae
SRR23851217.bin.17,Medium-quality,Actinomycetota,RiPP-like,RiPPs,Micromonosporaceae
SRR23851217.bin.17,Medium-quality,Actinomycetota,NRPS,NRPS,Micromonosporaceae
SRR23851217.bin.17,Medium-quality,Actinomycetota,NRPS,NRPS,Micromonosporaceae
SRR23851217.bin.17,Medium-quality,Actinomycetota,NRPS,NRPS,Micromonosporaceae
SRR23851217.bin.17,Medium-quality,Actinomycetota,NRPS,NRPS,Micromonosporaceae
SRR23851217.bin.17,Medium-quality,Actinomycetota,RiPP-like,RiPPs,Micromonosporaceae
SRR23851217.bin.17,Medium-quality,Actinomycetota,transAT-PKS-like,PKSother,Micromonosporaceae
SRR23851217.bin.17,Medium-quality,Actinomycetota,transAT-PKS-like,PKSother,Micromonosporaceae
SRR23851217.bin.17,Medium-quality,Actinomycetota,PKS-like,PKSother,Micromonosporaceae
SRR23851217.bin.17,Medium-quality,Actinomycetota,NRPS-like,NRPS,Micromonosporaceae
SRR23851217.bin.17,Medium-quality,Actinomycetota,NRPS,NRPS,Micromonosporaceae
SRR23851217.bin.17,Medium-quality,Actinomycetota,lanthipeptide-class-ii,RiPPs,Micromonosporaceae
SRR23851217.bin.17,Medium-quality,Actinomycetota,arylpolyene,Others,Micromonosporaceae
SRR23851217.bin.17,Medium-quality,Actinomycetota,T1PKS,PKSI,Micromonosporaceae
SRR23851217.bin.17,Medium-quality,Actinomycetota,NRPS,NRPS,Micromonosporaceae
SRR23851217.bin.17,Medium-quality,Actinomycetota,NRPS,NRPS,Micromonosporaceae
SRR23851217.bin.17,Medium-quality,Actinomycetota,NRPS,NRPS,Micromonosporaceae
SRR23851217.bin.17,Medium-quality,Actinomycetota,T1PKS,PKSI,Micromonosporaceae
SRR23851217.bin.17,Medium-quality,Actinomycetota,T1PKS,PKSI,Micromonosporaceae
SRR23851217.bin.17,Medium-quality,Actinomycetota,T1PKS,PKSI,Micromonosporaceae
SRR23851217.bin.17,Medium-quality,Actinomycetota,NRPS,NRPS,Micromonosporaceae
SRR23851217.bin.17,Medium-quality,Actinomycetota,T1PKS,PKSI,Micromonosporaceae
SRR23851217.bin.17,Medium-quality,Actinomycetota,NRPS,NRPS,Micromonosporaceae
SRR23851217.bin.17,Medium-quality,Actinomycetota,NRPS,NRPS,Micromonosporaceae
SRR23851217.bin.17,Medium-quality,Actinomycetota,RRE-containing,RiPPs,Micromonosporaceae
SRR23851217.bin.27,Medium-quality,Pseudomonadota,T1PKS,PKSI,Nitrincolaceae
SRR23851217.bin.27,Medium-quality,Pseudomonadota,T3PKS,PKSother,Nitrincolaceae
SRR23851217.bin.27,Medium-quality,Pseudomonadota,NI-siderophore,Others,Nitrincolaceae
SRR23851217.bin.27,Medium-quality,Pseudomonadota,NI-siderophore,Others,Nitrincolaceae
SRR23851217.bin.27,Medium-quality,Pseudomonadota,ranthipeptide,RiPPs,Nitrincolaceae
SRR23851217.bin.27,Medium-quality,Pseudomonadota,NRPS-like,NRPS,Nitrincolaceae
SRR23851217.bin.27,Medium-quality,Pseudomonadota,NRPS-like,NRPS,Nitrincolaceae
SRR23851217.bin.27,Medium-quality,Pseudomonadota,ranthipeptide,RiPPs,Nitrincolaceae
SRR23851217.bin.27,Medium-quality,Pseudomonadota,RiPP-like,RiPPs,Nitrincolaceae
SRR23851217.bin.27,Medium-quality,Pseudomonadota,NRPS-like,NRPS,Nitrincolaceae
SRR23851217.bin.33,Medium-quality,Pseudomonadota,NRPS-like,NRPS,Woeseiaceae
SRR23851217.bin.4,Medium-quality,Pseudomonadota,arylpolyene,Others,JAJUFS01
SRR23851217.bin.4,Medium-quality,Pseudomonadota,arylpolyene,Others,JAJUFS01
SRR23851217.bin.8,Medium-quality,Pseudomonadota,NI-siderophore,Others,Halomonadaceae
SRR23851217.bin.8,Medium-quality,Pseudomonadota,RiPP-like,RiPPs,Halomonadaceae
SRR23851217.bin.8,Medium-quality,Pseudomonadota,resorcinol,Others,Halomonadaceae
SRR23851217.bin.8,Medium-quality,Pseudomonadota,NI-siderophore,Others,Halomonadaceae
SRR23851217.bin.8,Medium-quality,Pseudomonadota,RRE-containing,RiPPs,Halomonadaceae
SRR23851217.bin.8,Medium-quality,Pseudomonadota,ranthipeptide,RiPPs,Halomonadaceae
SRR23929137.bin.7,Medium-quality,Actinomycetota,T1PKS,PKSI,Mycobacteriaceae
SRR23929137.bin.7,Medium-quality,Actinomycetota,T3PKS,PKSother,Mycobacteriaceae
SRR23929137.bin.7,Medium-quality,Actinomycetota,NRPS-like,NRPS,Mycobacteriaceae
SRR23929137.bin.7,Medium-quality,Actinomycetota,NRPS-like,NRPS,Mycobacteriaceae
SRR23929137.bin.7,Medium-quality,Actinomycetota,NRPS,NRPS,Mycobacteriaceae
SRR23929137.bin.7,Medium-quality,Actinomycetota,NRPS,NRPS,Mycobacteriaceae
SRR23929137.bin.7,Medium-quality,Actinomycetota,NRPS,NRPS,Mycobacteriaceae
SRR23929137.bin.7,Medium-quality,Actinomycetota,T1PKS,PKSI,Mycobacteriaceae
SRR23929137.bin.7,Medium-quality,Actinomycetota,NRPS,NRPS,Mycobacteriaceae
SRR23929137.bin.7,Medium-quality,Actinomycetota,NRPS,NRPS,Mycobacteriaceae
SRR23929137.bin.7,Medium-quality,Actinomycetota,T1PKS,PKSI,Mycobacteriaceae
SRR23929137.bin.7,Medium-quality,Actinomycetota,NAPAA,NRPS,Mycobacteriaceae
SRR23929137.bin.7,Medium-quality,Actinomycetota,T3PKS,PKSother,Mycobacteriaceae
SRR23929137.bin.7,Medium-quality,Actinomycetota,T1PKS,PKSI,Mycobacteriaceae
SRR23929137.bin.7,Medium-quality,Actinomycetota,T1PKS,PKSI,Mycobacteriaceae
SRR23929137.bin.7,Medium-quality,Actinomycetota,lanthipeptide-class-iv,RiPPs,Mycobacteriaceae
SRR23929139.bin.23,Medium-quality,Pseudomonadota,arylpolyene,Others,Burkholderiaceae
SRR23929140.bin.19,Medium-quality,Actinomycetota,T3PKS,PKSother,Nocardioidaceae
SRR23929140.bin.19,Medium-quality,Actinomycetota,NRPS-like,NRPS,Nocardioidaceae
SRR23929144.bin.12,Medium-quality,Actinomycetota,NRPS-like,NRPS,Micrococcaceae
SRR23929144.bin.12,Medium-quality,Actinomycetota,NI-siderophore,Others,Micrococcaceae
SRR23929144.bin.12,Medium-quality,Actinomycetota,T3PKS,PKSother,Micrococcaceae
SRR23929144.bin.12,Medium-quality,Actinomycetota,NAPAA,NRPS,Micrococcaceae
SRR23929150.bin.12,Medium-quality,Actinomycetota,T3PKS,PKSother,Microbacteriaceae
SRR23929150.bin.12,Medium-quality,Actinomycetota,NRPS-like,NRPS,Microbacteriaceae
SRR23929150.bin.4,Medium-quality,Actinomycetota,T1PKS,PKSI,Mycobacteriaceae
SRR23929150.bin.4,Medium-quality,Actinomycetota,T1PKS,PKSI,Mycobacteriaceae
SRR23929150.bin.4,Medium-quality,Actinomycetota,NAPAA,NRPS,Mycobacteriaceae
SRR23929150.bin.4,Medium-quality,Actinomycetota,T1PKS,PKSI,Mycobacteriaceae
SRR23929150.bin.4,Medium-quality,Actinomycetota,NRPS-like,NRPS,Mycobacteriaceae
SRR23929150.bin.4,Medium-quality,Actinomycetota,terpene,Terpene,Mycobacteriaceae
SRR23929150.bin.4,Medium-quality,Actinomycetota,T1PKS,PKSI,Mycobacteriaceae
SRR23929150.bin.4,Medium-quality,Actinomycetota,NRPS,NRPS,Mycobacteriaceae
SRR23929150.bin.4,Medium-quality,Actinomycetota,NRPS-like,NRPS,Mycobacteriaceae
SRR23929150.bin.4,Medium-quality,Actinomycetota,NRPS-like,NRPS,Mycobacteriaceae
SRR23929150.bin.4,Medium-quality,Actinomycetota,NRPS,NRPS,Mycobacteriaceae
SRR23929150.bin.4,Medium-quality,Actinomycetota,NRPS,NRPS,Mycobacteriaceae
SRR23929150.bin.4,Medium-quality,Actinomycetota,NRPS,NRPS,Mycobacteriaceae
SRR23929155.bin.2,Medium-quality,Pseudomonadota,NRPS,NRPS,Pseudomonadaceae
SRR23929155.bin.2,Medium-quality,Pseudomonadota,NRPS,NRPS,Pseudomonadaceae
SRR23929155.bin.2,Medium-quality,Pseudomonadota,RiPP-like,RiPPs,Pseudomonadaceae
SRR23929155.bin.2,Medium-quality,Pseudomonadota,NRPS,NRPS,Pseudomonadaceae
SRR23929155.bin.2,Medium-quality,Pseudomonadota,NRPS,NRPS,Pseudomonadaceae
SRR23929155.bin.2,Medium-quality,Pseudomonadota,NRPS,NRPS,Pseudomonadaceae
SRR23929155.bin.2,Medium-quality,Pseudomonadota,NRPS,NRPS,Pseudomonadaceae
SRR23929155.bin.2,Medium-quality,Pseudomonadota,ranthipeptide,RiPPs,Pseudomonadaceae
SRR23929166.bin.15,Medium-quality,Actinomycetota,NRPS,NRPS,Mycobacteriaceae
SRR23929166.bin.15,Medium-quality,Actinomycetota,NRPS-like,NRPS,Mycobacteriaceae
SRR23929166.bin.15,Medium-quality,Actinomycetota,T1PKS,PKSI,Mycobacteriaceae
SRR23929166.bin.15,Medium-quality,Actinomycetota,NRPS,NRPS,Mycobacteriaceae
SRR23929166.bin.15,Medium-quality,Actinomycetota,NRPS-like,NRPS,Mycobacteriaceae
SRR23929166.bin.15,Medium-quality,Actinomycetota,T1PKS,PKSI,Mycobacteriaceae
SRR23929166.bin.15,Medium-quality,Actinomycetota,NRPS,NRPS,Mycobacteriaceae
SRR23929166.bin.15,Medium-quality,Actinomycetota,NRPS,NRPS,Mycobacteriaceae
SRR23929166.bin.15,Medium-quality,Actinomycetota,T1PKS,PKSI,Mycobacteriaceae
SRR23929166.bin.15,Medium-quality,Actinomycetota,T1PKS,PKSI,Mycobacteriaceae
SRR23929166.bin.15,Medium-quality,Actinomycetota,NRPS,NRPS,Mycobacteriaceae
SRR23929166.bin.15,Medium-quality,Actinomycetota,NAPAA,NRPS,Mycobacteriaceae
SRR23929166.bin.15,Medium-quality,Actinomycetota,terpene,Terpene,Mycobacteriaceae
SRR23929166.bin.15,Medium-quality,Actinomycetota,arylpolyene,Others,Mycobacteriaceae
SRR23929179.bin.1,Medium-quality,Actinomycetota,NRPS,NRPS,Mycobacteriaceae
SRR23929179.bin.1,Medium-quality,Actinomycetota,NRPS,NRPS,Mycobacteriaceae
SRR23929179.bin.1,Medium-quality,Actinomycetota,NRPS,NRPS,Mycobacteriaceae
SRR23929179.bin.1,Medium-quality,Actinomycetota,NRPS,NRPS,Mycobacteriaceae
SRR23929179.bin.1,Medium-quality,Actinomycetota,NRPS,NRPS,Mycobacteriaceae
SRR23929179.bin.1,Medium-quality,Actinomycetota,NRPS-like,NRPS,Mycobacteriaceae
SRR23929179.bin.1,Medium-quality,Actinomycetota,T3PKS,PKSother,Mycobacteriaceae
SRR23929179.bin.1,Medium-quality,Actinomycetota,terpene,Terpene,Mycobacteriaceae
SRR23929179.bin.1,Medium-quality,Actinomycetota,NRPS,NRPS,Mycobacteriaceae
SRR23929179.bin.1,Medium-quality,Actinomycetota,NRPS,NRPS,Mycobacteriaceae
SRR23929179.bin.1,Medium-quality,Actinomycetota,NRPS,NRPS,Mycobacteriaceae
SRR23929179.bin.1,Medium-quality,Actinomycetota,NRPS,NRPS,Mycobacteriaceae
SRR23929179.bin.1,Medium-quality,Actinomycetota,furan,Others,Mycobacteriaceae
SRR23929179.bin.1,Medium-quality,Actinomycetota,T1PKS,PKSI,Mycobacteriaceae
SRR23929179.bin.1,Medium-quality,Actinomycetota,terpene,Terpene,Mycobacteriaceae
SRR23929179.bin.1,Medium-quality,Actinomycetota,NRPS,NRPS,Mycobacteriaceae
SRR23929179.bin.1,Medium-quality,Actinomycetota,NRPS,NRPS,Mycobacteriaceae
SRR23929179.bin.1,Medium-quality,Actinomycetota,NRPS-like,NRPS,Mycobacteriaceae
SRR23929179.bin.1,Medium-quality,Actinomycetota,NRPS,NRPS,Mycobacteriaceae
SRR23929179.bin.1,Medium-quality,Actinomycetota,NRPS,NRPS,Mycobacteriaceae
SRR23929179.bin.1,Medium-quality,Actinomycetota,NAPAA,NRPS,Mycobacteriaceae
SRR23929179.bin.1,Medium-quality,Actinomycetota,NRPS,NRPS,Mycobacteriaceae
SRR23929179.bin.1,Medium-quality,Actinomycetota,NRPS,NRPS,Mycobacteriaceae
SRR23929179.bin.1,Medium-quality,Actinomycetota,NRPS,NRPS,Mycobacteriaceae
SRR23929179.bin.1,Medium-quality,Actinomycetota,NRPS,NRPS,Mycobacteriaceae
SRR23929179.bin.1,Medium-quality,Actinomycetota,NRPS,NRPS,Mycobacteriaceae
SRR23929179.bin.1,Medium-quality,Actinomycetota,NRPS,NRPS,Mycobacteriaceae
SRR23929179.bin.1,Medium-quality,Actinomycetota,T1PKS,PKSI,Mycobacteriaceae
SRR23929179.bin.1,Medium-quality,Actinomycetota,NRPS,NRPS,Mycobacteriaceae
SRR23929180.bin.14,Medium-quality,Actinomycetota,NRPS-like,NRPS,Micrococcaceae
SRR23929180.bin.14,Medium-quality,Actinomycetota,NAPAA,NRPS,Micrococcaceae
SRR23929180.bin.14,Medium-quality,Actinomycetota,NI-siderophore,Others,Micrococcaceae
SRR23929180.bin.14,Medium-quality,Actinomycetota,T3PKS,PKSother,Micrococcaceae
SRR23929180.bin.14,Medium-quality,Actinomycetota,NAPAA,NRPS,Micrococcaceae
SRR23929180.bin.14,Medium-quality,Actinomycetota,NI-siderophore,Others,Micrococcaceae
SRR23929181.bin.8,Medium-quality,Pseudomonadota,arylpolyene,Others,Pseudomonadaceae
SRR23929181.bin.8,Medium-quality,Pseudomonadota,arylpolyene,Others,Pseudomonadaceae
SRR23929181.bin.8,Medium-quality,Pseudomonadota,NRPS,NRPS,Pseudomonadaceae
SRR23929181.bin.8,Medium-quality,Pseudomonadota,NRPS,NRPS,Pseudomonadaceae
SRR23929181.bin.8,Medium-quality,Pseudomonadota,NRPS,NRPS,Pseudomonadaceae
SRR23929181.bin.8,Medium-quality,Pseudomonadota,NRPS,NRPS,Pseudomonadaceae
SRR23929181.bin.8,Medium-quality,Pseudomonadota,NRPS,NRPS,Pseudomonadaceae
SRR23929181.bin.8,Medium-quality,Pseudomonadota,butyrolactone,Others,Pseudomonadaceae
SRR23929181.bin.8,Medium-quality,Pseudomonadota,NRPS,NRPS,Pseudomonadaceae
SRR23929181.bin.8,Medium-quality,Pseudomonadota,NRPS,NRPS,Pseudomonadaceae
SRR23929181.bin.8,Medium-quality,Pseudomonadota,NRPS,NRPS,Pseudomonadaceae
SRR23929181.bin.8,Medium-quality,Pseudomonadota,NRPS,NRPS,Pseudomonadaceae
SRR23929181.bin.8,Medium-quality,Pseudomonadota,NRP-metallophore.NRPS,Others,Pseudomonadaceae
SRR23929181.bin.8,Medium-quality,Pseudomonadota,NRPS,NRPS,Pseudomonadaceae
SRR23929181.bin.8,Medium-quality,Pseudomonadota,T3PKS,PKSother,Pseudomonadaceae
SRR23929181.bin.8,Medium-quality,Pseudomonadota,lanthipeptide-class-ii,RiPPs,Pseudomonadaceae
SRR23929181.bin.8,Medium-quality,Pseudomonadota,NRPS-like,NRPS,Pseudomonadaceae
SRR23929181.bin.8,Medium-quality,Pseudomonadota,NRPS,NRPS,Pseudomonadaceae
SRR23929181.bin.8,Medium-quality,Pseudomonadota,NRPS,NRPS,Pseudomonadaceae
SRR23929181.bin.8,Medium-quality,Pseudomonadota,NRP-metallophore.NRPS,Others,Pseudomonadaceae
SRR23929181.bin.8,Medium-quality,Pseudomonadota,NRPS,NRPS,Pseudomonadaceae
SRR23929182.bin.1,Medium-quality,Chloroflexota,indole,Others,QHBO01
SRR23929191.bin.7,Medium-quality,Chloroflexota,T1PKS,PKSI,Phototrophicaceae
SRR28842982.bin.102,Medium-quality,Pseudomonadota,hglE-KS,PKSother,Nevskiaceae
SRR28842982.bin.102,Medium-quality,Pseudomonadota,hglE-KS,PKSother,Nevskiaceae
SRR28842982.bin.112,Medium-quality,Pseudomonadota,arylpolyene,Others,Nevskiaceae
SRR28842982.bin.115,Medium-quality,Pseudomonadota,hglE-KS,PKSother,Nevskiaceae
SRR28842982.bin.115,Medium-quality,Pseudomonadota,T1PKS,PKSI,Nevskiaceae
SRR28842982.bin.115,Medium-quality,Pseudomonadota,hglE-KS,PKSother,Nevskiaceae
SRR28842982.bin.115,Medium-quality,Pseudomonadota,hglE-KS,PKSother,Nevskiaceae
SRR28842982.bin.117,Medium-quality,Gemmatimonadota,RRE-containing,RiPPs,GWC2-71-9
SRR28842982.bin.119,Medium-quality,Pseudomonadota,RiPP-like,RiPPs,Halothiobacillaceae
SRR28842982.bin.119,Medium-quality,Pseudomonadota,arylpolyene,Others,Halothiobacillaceae
SRR28842982.bin.119,Medium-quality,Pseudomonadota,T1PKS,PKSI,Halothiobacillaceae
SRR28842982.bin.120,Medium-quality,Pseudomonadota,terpene,Terpene,Sphingomonadaceae
SRR28842982.bin.121,Medium-quality,Actinomycetota,T3PKS,PKSother,Microbacteriaceae
SRR28842982.bin.122,Medium-quality,Pseudomonadota,RiPP-like,RiPPs,Alcanivoracaceae
SRR28842982.bin.126,Medium-quality,Pseudomonadota,RiPP-like,RiPPs,Ferrovibrionaceae
SRR28842982.bin.129,Medium-quality,Myxococcota,T3PKS,PKSother,Haliangiaceae
SRR28842982.bin.129,Medium-quality,Myxococcota,NRPS-like,NRPS,Haliangiaceae
SRR28842982.bin.17,Medium-quality,Actinomycetota,NRPS-like,NRPS,JAHWKV01
SRR28842982.bin.17,Medium-quality,Actinomycetota,T1PKS,PKSI,JAHWKV01
SRR28842982.bin.17,Medium-quality,Actinomycetota,NRPS,NRPS,JAHWKV01
SRR28842982.bin.17,Medium-quality,Actinomycetota,T1PKS,PKSI,JAHWKV01
SRR28842982.bin.17,Medium-quality,Actinomycetota,NRPS-like,NRPS,JAHWKV01
SRR28842982.bin.20,Medium-quality,Pseudomonadota,T1PKS,PKSI,Halothiobacillaceae
SRR28842982.bin.20,Medium-quality,Pseudomonadota,RiPP-like,RiPPs,Halothiobacillaceae
SRR28842982.bin.20,Medium-quality,Pseudomonadota,arylpolyene,Others,Halothiobacillaceae
SRR28842982.bin.21,Medium-quality,Pseudomonadota,NRPS,NRPS,Burkholderiaceae
SRR28842982.bin.21,Medium-quality,Pseudomonadota,NRPS,NRPS,Burkholderiaceae
SRR28842982.bin.21,Medium-quality,Pseudomonadota,NRPS-like,NRPS,Burkholderiaceae
SRR28842982.bin.21,Medium-quality,Pseudomonadota,T1PKS.NRPS,PKS-NRP_Hybrids,Burkholderiaceae
SRR28842982.bin.21,Medium-quality,Pseudomonadota,NRPS,NRPS,Burkholderiaceae
SRR28842982.bin.32,Medium-quality,Pseudomonadota,NRPS.T1PKS,PKS-NRP_Hybrids,JAHJQQ01
SRR28842982.bin.32,Medium-quality,Pseudomonadota,NI-siderophore,Others,JAHJQQ01
SRR28842982.bin.32,Medium-quality,Pseudomonadota,NI-siderophore,Others,JAHJQQ01
SRR28842982.bin.39,Medium-quality,Pseudomonadota,arylpolyene,Others,Xanthomonadaceae
SRR28842982.bin.41,Medium-quality,Pseudomonadota,NRPS-like,NRPS,DSM-19610
SRR28842982.bin.43,Medium-quality,Pseudomonadota,arylpolyene,Others,Xanthomonadaceae
SRR28842982.bin.44,Medium-quality,Pseudomonadota,terpene,Terpene,Parvularculaceae
SRR28842982.bin.44,Medium-quality,Pseudomonadota,arylpolyene,Others,Parvularculaceae
SRR28842982.bin.58,Medium-quality,Pseudomonadota,NI-siderophore,Others,Thiobacillaceae
SRR28842982.bin.58,Medium-quality,Pseudomonadota,arylpolyene,Others,Thiobacillaceae
SRR28842982.bin.58,Medium-quality,Pseudomonadota,resorcinol,Others,Thiobacillaceae
SRR28842982.bin.58,Medium-quality,Pseudomonadota,arylpolyene,Others,Thiobacillaceae
SRR28842982.bin.6,Medium-quality,Pseudomonadota,hglE-KS,PKSother,Sulfurifustaceae
SRR28842982.bin.6,Medium-quality,Pseudomonadota,hglE-KS,PKSother,Sulfurifustaceae
SRR28842982.bin.6,Medium-quality,Pseudomonadota,NI-siderophore,Others,Sulfurifustaceae
SRR28842982.bin.6,Medium-quality,Pseudomonadota,NRPS,NRPS,Sulfurifustaceae
SRR28842982.bin.6,Medium-quality,Pseudomonadota,NRPS,NRPS,Sulfurifustaceae
SRR28842982.bin.6,Medium-quality,Pseudomonadota,NRPS.T1PKS,PKS-NRP_Hybrids,Sulfurifustaceae
SRR28842982.bin.6,Medium-quality,Pseudomonadota,NRPS,NRPS,Sulfurifustaceae
SRR28842982.bin.6,Medium-quality,Pseudomonadota,NRPS,NRPS,Sulfurifustaceae
SRR28842982.bin.6,Medium-quality,Pseudomonadota,NRPS,NRPS,Sulfurifustaceae
SRR28842982.bin.6,Medium-quality,Pseudomonadota,T1PKS,PKSI,Sulfurifustaceae
SRR28842982.bin.6,Medium-quality,Pseudomonadota,T1PKS,PKSI,Sulfurifustaceae
SRR28842982.bin.64,Medium-quality,Gemmatimonadota,phosphonate,Others,Gemmatimonadaceae
SRR28842982.bin.70,Medium-quality,Pseudomonadota,terpene,Terpene,Sphingomonadaceae
SRR28842982.bin.8,Medium-quality,Actinomycetota,indole,Others,Ilumatobacteraceae
SRR28842982.bin.8,Medium-quality,Actinomycetota,terpene,Terpene,Ilumatobacteraceae
SRR28842982.bin.8,Medium-quality,Actinomycetota,terpene,Terpene,Ilumatobacteraceae
SRR28842982.bin.86,Medium-quality,Pseudomonadota,arylpolyene,Others,UBA6901
SRR28842982.bin.86,Medium-quality,Pseudomonadota,NRPS,NRPS,UBA6901
SRR28842982.bin.90,Medium-quality,Pseudomonadota,terpene,Terpene,Burkholderiaceae
SRR28842986.bin.14,Medium-quality,Actinomycetota,T3PKS,PKSother,Microbacteriaceae
SRR28842986.bin.16,Medium-quality,Pseudomonadota,NI-siderophore,Others,Unclassified
SRR28842986.bin.16,Medium-quality,Pseudomonadota,T3PKS,PKSother,Unclassified
SRR28842986.bin.16,Medium-quality,Pseudomonadota,NRPS-like,NRPS,Unclassified
SRR28842986.bin.16,Medium-quality,Pseudomonadota,NI-siderophore,Others,Unclassified
SRR28842986.bin.18,Medium-quality,Pseudomonadota,RRE-containing,RiPPs,Rhodobacteraceae
SRR28842986.bin.18,Medium-quality,Pseudomonadota,terpene,Terpene,Rhodobacteraceae
SRR28842986.bin.2,Medium-quality,Pseudomonadota,NRPS,NRPS,Pseudomonadaceae
SRR28842986.bin.2,Medium-quality,Pseudomonadota,NRPS,NRPS,Pseudomonadaceae
SRR28842986.bin.2,Medium-quality,Pseudomonadota,RiPP-like,RiPPs,Pseudomonadaceae
SRR28842986.bin.34,Medium-quality,Actinomycetota,T3PKS,PKSother,Microbacteriaceae
SRR28842986.bin.46,Medium-quality,Actinomycetota,other,Others,JACDCH01
SRR28842986.bin.56,Medium-quality,Pseudomonadota,NRPS,NRPS,Xanthomonadaceae
SRR28842986.bin.56,Medium-quality,Pseudomonadota,T1PKS,PKSI,Xanthomonadaceae
SRR28842986.bin.56,Medium-quality,Pseudomonadota,arylpolyene,Others,Xanthomonadaceae
SRR28842986.bin.56,Medium-quality,Pseudomonadota,lanthipeptide-class-ii,RiPPs,Xanthomonadaceae
SRR28842986.bin.56,Medium-quality,Pseudomonadota,T1PKS.NRPS-like,PKS-NRP_Hybrids,Xanthomonadaceae
SRR28842986.bin.58,Medium-quality,Actinomycetota,NAPAA,NRPS,Mycobacteriaceae
SRR28842986.bin.58,Medium-quality,Actinomycetota,T1PKS,PKSI,Mycobacteriaceae
SRR28842986.bin.58,Medium-quality,Actinomycetota,NI-siderophore,Others,Mycobacteriaceae
SRR28842986.bin.66,Medium-quality,Pseudomonadota,arylpolyene,Others,Thiobacillaceae
SRR28842987.bin.103,Medium-quality,Desulfobacterota,RiPP-like,RiPPs,Desulfurivibrionaceae
SRR28842987.bin.103,Medium-quality,Desulfobacterota,RiPP-like,RiPPs,Desulfurivibrionaceae
SRR28842987.bin.103,Medium-quality,Desulfobacterota,NRPS-like,NRPS,Desulfurivibrionaceae
SRR28842987.bin.106,Medium-quality,Pseudomonadota,NRPS-like,NRPS,Gallionellaceae
SRR28842987.bin.108,Medium-quality,Pseudomonadota,RiPP-like,RiPPs,Stappiaceae
SRR28842987.bin.108,Medium-quality,Pseudomonadota,T1PKS,PKSI,Stappiaceae
SRR28842987.bin.22,Medium-quality,Pseudomonadota,T1PKS,PKSI,Rhodobacteraceae
SRR28842987.bin.22,Medium-quality,Pseudomonadota,terpene,Terpene,Rhodobacteraceae
SRR28842987.bin.22,Medium-quality,Pseudomonadota,NRPS-like,NRPS,Rhodobacteraceae
SRR28842987.bin.42,Medium-quality,Actinomycetota,terpene,Terpene,Dermatophilaceae
SRR28842987.bin.43,Medium-quality,Pseudomonadota,hglE-KS,PKSother,Xanthomonadaceae
SRR28842987.bin.43,Medium-quality,Pseudomonadota,hglE-KS,PKSother,Xanthomonadaceae
SRR28842987.bin.47,Medium-quality,Pseudomonadota,NRPS-like,NRPS,JAHJQQ01
SRR28842987.bin.48,Medium-quality,Pseudomonadota,ranthipeptide,RiPPs,Rhodocyclaceae
SRR28842987.bin.48,Medium-quality,Pseudomonadota,NRPS-like,NRPS,Rhodocyclaceae
SRR28842987.bin.50,Medium-quality,Acidobacteriota,lanthipeptide-class-ii,RiPPs,Gp7-AA8
SRR28842987.bin.55,Medium-quality,Pseudomonadota,RiPP-like,RiPPs,Burkholderiaceae
SRR28842987.bin.55,Medium-quality,Pseudomonadota,RiPP-like,RiPPs,Burkholderiaceae
SRR28842987.bin.55,Medium-quality,Pseudomonadota,terpene,Terpene,Burkholderiaceae
SRR28842987.bin.59,Medium-quality,Pseudomonadota,ranthipeptide,RiPPs,Sphingomonadaceae
SRR28842987.bin.59,Medium-quality,Pseudomonadota,terpene,Terpene,Sphingomonadaceae
SRR28842987.bin.61,Medium-quality,Pseudomonadota,RRE-containing,RiPPs,Rhodobacteraceae
SRR28842987.bin.62,Medium-quality,Elusimicrobiota,T1PKS,PKSI,UBA9959
SRR28842987.bin.62,Medium-quality,Elusimicrobiota,hglE-KS.T1PKS,PKSother,UBA9959
SRR28842987.bin.62,Medium-quality,Elusimicrobiota,hglE-KS,PKSother,UBA9959
SRR28842987.bin.62,Medium-quality,Elusimicrobiota,terpene,Terpene,UBA9959
SRR28842987.bin.66,Medium-quality,Pseudomonadota,NRPS-like,NRPS,Thiobacillaceae
SRR28842987.bin.66,Medium-quality,Pseudomonadota,NRPS-like,NRPS,Thiobacillaceae
SRR28842987.bin.68,Medium-quality,Gemmatimonadota,T1PKS,PKSI,UBA6960
SRR28842987.bin.68,Medium-quality,Gemmatimonadota,T3PKS,PKSother,UBA6960
SRR28842987.bin.68,Medium-quality,Gemmatimonadota,T1PKS,PKSI,UBA6960
SRR28842987.bin.84,Medium-quality,Pseudomonadota,RiPP-like,RiPPs,Thiomicrospiraceae
SRR28842987.bin.85,Medium-quality,Pseudomonadota,terpene,Terpene,Rhodobacteraceae
SRR28842987.bin.85,Medium-quality,Pseudomonadota,T3PKS,PKSother,Rhodobacteraceae
SRR28842987.bin.87,Medium-quality,Pseudomonadota,terpene,Terpene,Xanthomonadaceae
SRR28842987.bin.87,Medium-quality,Pseudomonadota,terpene,Terpene,Xanthomonadaceae
SRR28842987.bin.90,Medium-quality,Chloroflexota,NRPS,NRPS,Villigracilaceae
SRR28842987.bin.90,Medium-quality,Chloroflexota,resorcinol,Others,Villigracilaceae
SRR28842987.bin.94,Medium-quality,Actinomycetota,NRPS-like,NRPS,Miltoncostaeaceae
SRR28842988.bin.100,Medium-quality,Pseudomonadota,T3PKS,PKSother,Sphingomonadaceae
SRR28842988.bin.102,Medium-quality,Pseudomonadota,terpene,Terpene,JAADHS01
SRR28842988.bin.102,Medium-quality,Pseudomonadota,NRPS-like,NRPS,JAADHS01
SRR28842988.bin.113,Medium-quality,Pseudomonadota,NRPS-like,NRPS,Usitatibacteraceae
SRR28842988.bin.113,Medium-quality,Pseudomonadota,NRPS,NRPS,Usitatibacteraceae
SRR28842988.bin.113,Medium-quality,Pseudomonadota,T1PKS.NRPS-like,PKS-NRP_Hybrids,Usitatibacteraceae
SRR28842988.bin.118,Medium-quality,Pseudomonadota,arylpolyene,Others,Unclassified
SRR28842988.bin.118,Medium-quality,Pseudomonadota,NRPS-like,NRPS,Unclassified
SRR28842988.bin.118,Medium-quality,Pseudomonadota,amglyccycl,Saccharides,Unclassified
SRR28842988.bin.118,Medium-quality,Pseudomonadota,PKS-like,PKSother,Unclassified
SRR28842988.bin.12,Medium-quality,Pseudomonadota,T1PKS,PKSI,Thiobacillaceae
SRR28842988.bin.12,Medium-quality,Pseudomonadota,T1PKS,PKSI,Thiobacillaceae
SRR28842988.bin.12,Medium-quality,Pseudomonadota,hglE-KS,PKSother,Thiobacillaceae
SRR28842988.bin.12,Medium-quality,Pseudomonadota,NRPS,NRPS,Thiobacillaceae
SRR28842988.bin.12,Medium-quality,Pseudomonadota,NRPS-like,NRPS,Thiobacillaceae
SRR28842988.bin.120,Medium-quality,Myxococcota,T3PKS,PKSother,Haliangiaceae
SRR28842988.bin.120,Medium-quality,Myxococcota,RiPP-like,RiPPs,Haliangiaceae
SRR28842988.bin.120,Medium-quality,Myxococcota,lanthipeptide-class-ii,RiPPs,Haliangiaceae
SRR28842988.bin.120,Medium-quality,Myxococcota,terpene,Terpene,Haliangiaceae
SRR28842988.bin.120,Medium-quality,Myxococcota,NRPS-like,NRPS,Haliangiaceae
SRR28842988.bin.122,Medium-quality,Nitrospirota,RiPP-like,RiPPs,Nitrospiraceae
SRR28842988.bin.122,Medium-quality,Nitrospirota,NRPS,NRPS,Nitrospiraceae
SRR28842988.bin.122,Medium-quality,Nitrospirota,T1PKS,PKSI,Nitrospiraceae
SRR28842988.bin.122,Medium-quality,Nitrospirota,NRPS,NRPS,Nitrospiraceae
SRR28842988.bin.122,Medium-quality,Nitrospirota,terpene,Terpene,Nitrospiraceae
SRR28842988.bin.122,Medium-quality,Nitrospirota,phosphonate,Others,Nitrospiraceae
SRR28842988.bin.124,Medium-quality,Actinomycetota,NI-siderophore,Others,Nocardioidaceae
SRR28842988.bin.124,Medium-quality,Actinomycetota,NI-siderophore,Others,Nocardioidaceae
SRR28842988.bin.124,Medium-quality,Actinomycetota,NAPAA,NRPS,Nocardioidaceae
SRR28842988.bin.124,Medium-quality,Actinomycetota,NRPS-like,NRPS,Nocardioidaceae
SRR28842988.bin.124,Medium-quality,Actinomycetota,terpene,Terpene,Nocardioidaceae
SRR28842988.bin.130,Medium-quality,Pseudomonadota,hglE-KS,PKSother,Micropepsaceae
SRR28842988.bin.130,Medium-quality,Pseudomonadota,hglE-KS,PKSother,Micropepsaceae
SRR28842988.bin.136,Medium-quality,Pseudomonadota,arylpolyene,Others,Acidiferrobacteraceae
SRR28842988.bin.136,Medium-quality,Pseudomonadota,arylpolyene,Others,Acidiferrobacteraceae
SRR28842988.bin.139,Medium-quality,Pseudomonadota,other,Others,Burkholderiaceae
SRR28842988.bin.139,Medium-quality,Pseudomonadota,T1PKS.NRPS,PKS-NRP_Hybrids,Burkholderiaceae
SRR28842988.bin.139,Medium-quality,Pseudomonadota,NRPS-like,NRPS,Burkholderiaceae
SRR28842988.bin.139,Medium-quality,Pseudomonadota,terpene,Terpene,Burkholderiaceae
SRR28842988.bin.139,Medium-quality,Pseudomonadota,arylpolyene,Others,Burkholderiaceae
SRR28842988.bin.139,Medium-quality,Pseudomonadota,NRPS,NRPS,Burkholderiaceae
SRR28842988.bin.139,Medium-quality,Pseudomonadota,NRPS,NRPS,Burkholderiaceae
SRR28842988.bin.139,Medium-quality,Pseudomonadota,terpene,Terpene,Burkholderiaceae
SRR28842988.bin.139,Medium-quality,Pseudomonadota,phosphonate,Others,Burkholderiaceae
SRR28842988.bin.139,Medium-quality,Pseudomonadota,T1PKS,PKSI,Burkholderiaceae
SRR28842988.bin.139,Medium-quality,Pseudomonadota,NRPS-like,NRPS,Burkholderiaceae
SRR28842988.bin.139,Medium-quality,Pseudomonadota,NRPS,NRPS,Burkholderiaceae
SRR28842988.bin.139,Medium-quality,Pseudomonadota,terpene,Terpene,Burkholderiaceae
SRR28842988.bin.139,Medium-quality,Pseudomonadota,terpene,Terpene,Burkholderiaceae
SRR28842988.bin.139,Medium-quality,Pseudomonadota,terpene,Terpene,Burkholderiaceae
SRR28842988.bin.139,Medium-quality,Pseudomonadota,NRPS,NRPS,Burkholderiaceae
SRR28842988.bin.139,Medium-quality,Pseudomonadota,NRPS,NRPS,Burkholderiaceae
SRR28842988.bin.147,Medium-quality,Pseudomonadota,terpene,Terpene,TH1-2
SRR28842988.bin.16,Medium-quality,Actinomycetota,NI-siderophore,Others,JACDCH01
SRR28842988.bin.16,Medium-quality,Actinomycetota,NI-siderophore,Others,JACDCH01
SRR28842988.bin.16,Medium-quality,Actinomycetota,NAPAA,NRPS,JACDCH01
SRR28842988.bin.3,Medium-quality,Pseudomonadota,NI-siderophore,Others,REEB80
SRR28842988.bin.3,Medium-quality,Pseudomonadota,NI-siderophore,Others,REEB80
SRR28842988.bin.30,Medium-quality,Nitrospirota,phosphonate,Others,Nitrospiraceae
SRR28842988.bin.30,Medium-quality,Nitrospirota,NRPS-like,NRPS,Nitrospiraceae
SRR28842988.bin.30,Medium-quality,Nitrospirota,arylpolyene,Others,Nitrospiraceae
SRR28842988.bin.30,Medium-quality,Nitrospirota,terpene,Terpene,Nitrospiraceae
SRR28842988.bin.30,Medium-quality,Nitrospirota,NRPS,NRPS,Nitrospiraceae
SRR28842988.bin.34,Medium-quality,Pseudomonadota,T1PKS,PKSI,JAHJQQ01
SRR28842988.bin.34,Medium-quality,Pseudomonadota,NRPS-like,NRPS,JAHJQQ01
SRR28842988.bin.34,Medium-quality,Pseudomonadota,NRPS,NRPS,JAHJQQ01
SRR28842988.bin.34,Medium-quality,Pseudomonadota,NRPS-like,NRPS,JAHJQQ01
SRR28842988.bin.34,Medium-quality,Pseudomonadota,T1PKS,PKSI,JAHJQQ01
SRR28842988.bin.34,Medium-quality,Pseudomonadota,NRPS,NRPS,JAHJQQ01
SRR28842988.bin.34,Medium-quality,Pseudomonadota,NRPS-like,NRPS,JAHJQQ01
SRR28842988.bin.34,Medium-quality,Pseudomonadota,T1PKS,PKSI,JAHJQQ01
SRR28842988.bin.34,Medium-quality,Pseudomonadota,arylpolyene,Others,JAHJQQ01
SRR28842988.bin.36,Medium-quality,Pseudomonadota,NRPS,NRPS,Acetobacteraceae
SRR28842988.bin.36,Medium-quality,Pseudomonadota,NRPS-like,NRPS,Acetobacteraceae
SRR28842988.bin.36,Medium-quality,Pseudomonadota,arylpolyene,Others,Acetobacteraceae
SRR28842988.bin.36,Medium-quality,Pseudomonadota,NRPS,NRPS,Acetobacteraceae
SRR28842988.bin.36,Medium-quality,Pseudomonadota,NRPS-like,NRPS,Acetobacteraceae
SRR28842988.bin.36,Medium-quality,Pseudomonadota,terpene,Terpene,Acetobacteraceae
SRR28842988.bin.36,Medium-quality,Pseudomonadota,NRPS,NRPS,Acetobacteraceae
SRR28842988.bin.36,Medium-quality,Pseudomonadota,NRPS,NRPS,Acetobacteraceae
SRR28842988.bin.4,Medium-quality,Gemmatimonadota,RiPP-like,RiPPs,GWC2-71-9
SRR28842988.bin.56,Medium-quality,Pseudomonadota,arylpolyene,Others,Burkholderiaceae
SRR28842988.bin.74,Medium-quality,Bacteroidota,NRPS-like,NRPS,HLUCCA01
SRR28842988.bin.74,Medium-quality,Bacteroidota,terpene,Terpene,HLUCCA01
SRR28842988.bin.74,Medium-quality,Bacteroidota,T1PKS,PKSI,HLUCCA01
SRR28842988.bin.74,Medium-quality,Bacteroidota,T1PKS,PKSI,HLUCCA01
SRR28842988.bin.74,Medium-quality,Bacteroidota,T1PKS,PKSI,HLUCCA01
SRR28842988.bin.74,Medium-quality,Bacteroidota,NRPS,NRPS,HLUCCA01
SRR28842988.bin.74,Medium-quality,Bacteroidota,T3PKS,PKSother,HLUCCA01
SRR28842988.bin.74,Medium-quality,Bacteroidota,terpene,Terpene,HLUCCA01
SRR28842988.bin.77,Medium-quality,Pseudomonadota,resorcinol,Others,Caulobacteraceae
SRR28842988.bin.81,Medium-quality,Pseudomonadota,T3PKS,PKSother,Sphingomonadaceae
SRR28842988.bin.83,Medium-quality,Pseudomonadota,terpene,Terpene,Sphingomonadaceae
SRR28842988.bin.83,Medium-quality,Pseudomonadota,terpene,Terpene,Sphingomonadaceae
SRR28842988.bin.83,Medium-quality,Pseudomonadota,T3PKS,PKSother,Sphingomonadaceae
SRR28842988.bin.84,Medium-quality,Acidobacteriota,NRPS,NRPS,Gp7-AA8
SRR28842988.bin.84,Medium-quality,Acidobacteriota,T3PKS,PKSother,Gp7-AA8
SRR28842988.bin.84,Medium-quality,Acidobacteriota,transAT-PKS-like,PKSother,Gp7-AA8
SRR28842988.bin.84,Medium-quality,Acidobacteriota,PKS-like,PKSother,Gp7-AA8
SRR28842988.bin.84,Medium-quality,Acidobacteriota,transAT-PKS-like,PKSother,Gp7-AA8
SRR28842988.bin.84,Medium-quality,Acidobacteriota,transAT-PKS-like,PKSother,Gp7-AA8
SRR28842988.bin.84,Medium-quality,Acidobacteriota,NRPS,NRPS,Gp7-AA8
SRR28842988.bin.84,Medium-quality,Acidobacteriota,RRE-containing,RiPPs,Gp7-AA8
SRR28842988.bin.84,Medium-quality,Acidobacteriota,NRPS,NRPS,Gp7-AA8
SRR28842988.bin.84,Medium-quality,Acidobacteriota,NRPS-like,NRPS,Gp7-AA8
SRR28842988.bin.84,Medium-quality,Acidobacteriota,transAT-PKS-like,PKSother,Gp7-AA8
SRR28842988.bin.84,Medium-quality,Acidobacteriota,transAT-PKS-like,PKSother,Gp7-AA8
SRR28842988.bin.84,Medium-quality,Acidobacteriota,transAT-PKS-like,PKSother,Gp7-AA8
SRR28842988.bin.84,Medium-quality,Acidobacteriota,T1PKS,PKSI,Gp7-AA8
SRR28842988.bin.84,Medium-quality,Acidobacteriota,NRPS,NRPS,Gp7-AA8
SRR28842988.bin.84,Medium-quality,Acidobacteriota,NRPS,NRPS,Gp7-AA8
SRR28842988.bin.84,Medium-quality,Acidobacteriota,arylpolyene,Others,Gp7-AA8
SRR28842988.bin.84,Medium-quality,Acidobacteriota,NRPS,NRPS,Gp7-AA8
SRR28842988.bin.84,Medium-quality,Acidobacteriota,NRPS,NRPS,Gp7-AA8
SRR28842988.bin.84,Medium-quality,Acidobacteriota,NRPS,NRPS,Gp7-AA8
SRR28842988.bin.84,Medium-quality,Acidobacteriota,NRPS,NRPS,Gp7-AA8
SRR28842988.bin.84,Medium-quality,Acidobacteriota,NRPS,NRPS,Gp7-AA8
SRR28842988.bin.84,Medium-quality,Acidobacteriota,NRPS,NRPS,Gp7-AA8
SRR28842988.bin.85,Medium-quality,Planctomycetota,terpene,Terpene,Gemmataceae
SRR28842988.bin.85,Medium-quality,Planctomycetota,hglE-KS,PKSother,Gemmataceae
SRR28842988.bin.85,Medium-quality,Planctomycetota,NRPS-like,NRPS,Gemmataceae
SRR28842988.bin.85,Medium-quality,Planctomycetota,T1PKS.hglE-KS,PKSother,Gemmataceae
SRR28842988.bin.85,Medium-quality,Planctomycetota,T3PKS,PKSother,Gemmataceae
SRR28842988.bin.90,Medium-quality,Myxococcota,NRPS-like,NRPS,Myxococcaceae
SRR28842988.bin.90,Medium-quality,Myxococcota,RiPP-like,RiPPs,Myxococcaceae
SRR28842988.bin.90,Medium-quality,Myxococcota,T3PKS,PKSother,Myxococcaceae
SRR28842988.bin.90,Medium-quality,Myxococcota,NRPS-like,NRPS,Myxococcaceae
SRR28842988.bin.90,Medium-quality,Myxococcota,NRPS-like,NRPS,Myxococcaceae
SRR28842988.bin.93,Medium-quality,Pseudomonadota,arylpolyene,Others,JAJZQI01
SRR28842988.bin.94,Medium-quality,Chloroflexota,RiPP-like,RiPPs,UBA6265
SRR28842988.bin.94,Medium-quality,Chloroflexota,lanthipeptide-class-iv,RiPPs,UBA6265
SRR28842989.bin.1,Medium-quality,Pseudomonadota,resorcinol,Others,Alteromonadaceae
SRR28842989.bin.13,Medium-quality,Pseudomonadota,hglE-KS,PKSother,Hyphomonadaceae
SRR28842989.bin.13,Medium-quality,Pseudomonadota,T1PKS,PKSI,Hyphomonadaceae
SRR28842989.bin.13,Medium-quality,Pseudomonadota,terpene,Terpene,Hyphomonadaceae
SRR28842989.bin.18,Medium-quality,Pseudomonadota,NRPS-like,NRPS,JAHJQQ01
SRR28842989.bin.24,Medium-quality,Pseudomonadota,terpene,Terpene,Sphingomonadaceae
SRR28842989.bin.42,Medium-quality,Myxococcota,hglE-KS,PKSother,Bradymonadaceae
SRR28842989.bin.42,Medium-quality,Myxococcota,T1PKS,PKSI,Bradymonadaceae
SRR28842989.bin.42,Medium-quality,Myxococcota,terpene,Terpene,Bradymonadaceae
SRR28842989.bin.43,Medium-quality,Pseudomonadota,NI-siderophore,Others,Burkholderiaceae
SRR28842989.bin.43,Medium-quality,Pseudomonadota,NI-siderophore,Others,Burkholderiaceae
SRR28842989.bin.49,Medium-quality,Pseudomonadota,RiPP-like,RiPPs,Halothiobacillaceae
SRR28842989.bin.49,Medium-quality,Pseudomonadota,NRPS-like,NRPS,Halothiobacillaceae
SRR28842989.bin.5,Medium-quality,Pseudomonadota,NRPS-like,NRPS,SURF-13
SRR28842989.bin.75,Medium-quality,Bdellovibrionota,T3PKS,PKSother,Bdellovibrionaceae
SRR28842989.bin.75,Medium-quality,Bdellovibrionota,acyl_amino_acids,Others,Bdellovibrionaceae
SRR28842989.bin.8,Medium-quality,Verrucomicrobiota,terpene,Terpene,RI-55
SRR28842989.bin.8,Medium-quality,Verrucomicrobiota,NRPS,NRPS,RI-55
SRR28842989.bin.8,Medium-quality,Verrucomicrobiota,NRPS,NRPS,RI-55
SRR28842989.bin.8,Medium-quality,Verrucomicrobiota,terpene,Terpene,RI-55
SRR28842992.bin.11,Medium-quality,Pseudomonadota,T1PKS,PKSI,Rhodobacteraceae
SRR28842992.bin.11,Medium-quality,Pseudomonadota,NRP-metallophore,Others,Rhodobacteraceae
SRR28842992.bin.12,Medium-quality,Planctomycetota,terpene,Terpene,UBA1924
SRR28842992.bin.12,Medium-quality,Planctomycetota,T3PKS,PKSother,UBA1924
SRR28842992.bin.12,Medium-quality,Planctomycetota,NRPS,NRPS,UBA1924
SRR28842992.bin.12,Medium-quality,Planctomycetota,NRPS,NRPS,UBA1924
SRR28842992.bin.12,Medium-quality,Planctomycetota,NRPS,NRPS,UBA1924
SRR28842992.bin.12,Medium-quality,Planctomycetota,NRPS-like,NRPS,UBA1924
SRR28842992.bin.13,Medium-quality,Pseudomonadota,T1PKS.NRPS,PKS-NRP_Hybrids,Rhodobacteraceae
SRR28842992.bin.13,Medium-quality,Pseudomonadota,T1PKS.NRPS,PKS-NRP_Hybrids,Rhodobacteraceae
SRR28842992.bin.13,Medium-quality,Pseudomonadota,NRPS-like,NRPS,Rhodobacteraceae
SRR28842992.bin.15,Medium-quality,Pseudomonadota,NRPS-like,NRPS,Rhodocyclaceae
SRR28842992.bin.15,Medium-quality,Pseudomonadota,NRPS,NRPS,Rhodocyclaceae
SRR28842992.bin.15,Medium-quality,Pseudomonadota,ranthipeptide,RiPPs,Rhodocyclaceae
SRR28842992.bin.29,Medium-quality,Verrucomicrobiota,NRPS-like,NRPS,Akkermansiaceae
SRR28842992.bin.29,Medium-quality,Verrucomicrobiota,NRPS,NRPS,Akkermansiaceae
SRR28842992.bin.29,Medium-quality,Verrucomicrobiota,NRPS-like,NRPS,Akkermansiaceae
SRR28842992.bin.29,Medium-quality,Verrucomicrobiota,NRPS-like,NRPS,Akkermansiaceae
SRR28842992.bin.29,Medium-quality,Verrucomicrobiota,NRPS,NRPS,Akkermansiaceae
SRR28842992.bin.29,Medium-quality,Verrucomicrobiota,terpene,Terpene,Akkermansiaceae
SRR28842992.bin.7,Medium-quality,Pseudomonadota,terpene,Terpene,Rhodobacteraceae
SRR28842992.bin.7,Medium-quality,Pseudomonadota,RiPP-like,RiPPs,Rhodobacteraceae
SRR28842992.bin.7,Medium-quality,Pseudomonadota,T1PKS,PKSI,Rhodobacteraceae
SRR28842992.bin.7,Medium-quality,Pseudomonadota,NRPS-like,NRPS,Rhodobacteraceae
SRR28842992.bin.7,Medium-quality,Pseudomonadota,RRE-containing,RiPPs,Rhodobacteraceae
SRR29646150.bin.17,Medium-quality,Pseudomonadota,NI-siderophore,Others,Rhizobiaceae
SRR29646150.bin.17,Medium-quality,Pseudomonadota,NI-siderophore,Others,Rhizobiaceae
SRR29646150.bin.22,Medium-quality,Bacteroidota,arylpolyene,Others,Flavobacteriaceae
SRR29646150.bin.22,Medium-quality,Bacteroidota,resorcinol,Others,Flavobacteriaceae
SRR29646150.bin.22,Medium-quality,Bacteroidota,arylpolyene,Others,Flavobacteriaceae
SRR29646150.bin.22,Medium-quality,Bacteroidota,arylpolyene,Others,Flavobacteriaceae
SRR29646150.bin.22,Medium-quality,Bacteroidota,arylpolyene,Others,Flavobacteriaceae
SRR29646150.bin.29,Medium-quality,Pseudomonadota,ranthipeptide,RiPPs,Nitrincolaceae
SRR29646150.bin.29,Medium-quality,Pseudomonadota,T1PKS,PKSI,Nitrincolaceae
SRR29646150.bin.29,Medium-quality,Pseudomonadota,NI-siderophore,Others,Nitrincolaceae
SRR29646150.bin.29,Medium-quality,Pseudomonadota,NI-siderophore,Others,Nitrincolaceae
SRR29646150.bin.29,Medium-quality,Pseudomonadota,RiPP-like,RiPPs,Nitrincolaceae
SRR29646150.bin.29,Medium-quality,Pseudomonadota,NRPS-like,NRPS,Nitrincolaceae
SRR29646150.bin.29,Medium-quality,Pseudomonadota,ranthipeptide,RiPPs,Nitrincolaceae
SRR29646150.bin.29,Medium-quality,Pseudomonadota,T3PKS,PKSother,Nitrincolaceae
SRR29646150.bin.43,Medium-quality,Pseudomonadota,NRPS,NRPS,Zavarziniaceae
SRR29646150.bin.43,Medium-quality,Pseudomonadota,NRPS,NRPS,Zavarziniaceae
SRR29646150.bin.43,Medium-quality,Pseudomonadota,NRPS-like,NRPS,Zavarziniaceae
SRR29646150.bin.43,Medium-quality,Pseudomonadota,T1PKS,PKSI,Zavarziniaceae
SRR29646150.bin.48,Medium-quality,Pseudomonadota,terpene,Terpene,Rhodothalassiaceae
SRR29646150.bin.5,Medium-quality,Acidobacteriota,NRPS-like,NRPS,Pyrinomonadaceae
SRR29646150.bin.5,Medium-quality,Acidobacteriota,NRPS-like,NRPS,Pyrinomonadaceae
SRR29646151.bin.27,Medium-quality,Bacteroidota,T1PKS,PKSI,Cyclobacteriaceae
SRR29646151.bin.30,Medium-quality,Pseudomonadota,NRPS-like,NRPS,JAHJQQ01
SRR29646151.bin.34,Medium-quality,Planctomycetota,T3PKS,PKSother,UBA1924
SRR29646151.bin.40,Medium-quality,Myxococcota,NRPS,NRPS,Polyangiaceae
SRR29646151.bin.40,Medium-quality,Myxococcota,NRPS-like,NRPS,Polyangiaceae
SRR29646151.bin.40,Medium-quality,Myxococcota,NRPS,NRPS,Polyangiaceae
SRR29646151.bin.40,Medium-quality,Myxococcota,NRPS-like,NRPS,Polyangiaceae
SRR29646151.bin.40,Medium-quality,Myxococcota,terpene,Terpene,Polyangiaceae
SRR29646151.bin.40,Medium-quality,Myxococcota,resorcinol,Others,Polyangiaceae
SRR29646151.bin.40,Medium-quality,Myxococcota,indole,Others,Polyangiaceae
SRR29646151.bin.40,Medium-quality,Myxococcota,T3PKS,PKSother,Polyangiaceae
SRR29646151.bin.40,Medium-quality,Myxococcota,NRPS-like,NRPS,Polyangiaceae
SRR29646151.bin.40,Medium-quality,Myxococcota,NRPS,NRPS,Polyangiaceae
SRR29646151.bin.40,Medium-quality,Myxococcota,T1PKS.NRPS-like,PKS-NRP_Hybrids,Polyangiaceae
SRR29646151.bin.40,Medium-quality,Myxococcota,NRPS-like,NRPS,Polyangiaceae
SRR29646151.bin.40,Medium-quality,Myxococcota,NRPS,NRPS,Polyangiaceae
SRR29646151.bin.40,Medium-quality,Myxococcota,NRPS-like,NRPS,Polyangiaceae
SRR29646151.bin.40,Medium-quality,Myxococcota,arylpolyene,Others,Polyangiaceae
SRR29646152.bin.12,Medium-quality,Chlamydiota,T3PKS,PKSother,SM23-39
SRR29646152.bin.27,Medium-quality,Planctomycetota,T3PKS,PKSother,Unclassified
SRR29646152.bin.3,Medium-quality,Pseudomonadota,RiPP-like,RiPPs,Pseudomonadaceae
SRR29646152.bin.5,Medium-quality,Pseudomonadota,arylpolyene,Others,Rariloculaceae
SRR29646152.bin.5,Medium-quality,Pseudomonadota,arylpolyene,Others,Rariloculaceae
SRR29646152.bin.5,Medium-quality,Pseudomonadota,NRPS-like,NRPS,Rariloculaceae
SRR29646152.bin.5,Medium-quality,Pseudomonadota,terpene,Terpene,Rariloculaceae
SRR29646152.bin.5,Medium-quality,Pseudomonadota,terpene,Terpene,Rariloculaceae
SRR29646154.bin.1,Medium-quality,Actinomycetota,T3PKS,PKSother,Microbacteriaceae
SRR29646154.bin.11,Medium-quality,Gemmatimonadota,lanthipeptide-class-iv,RiPPs,GWC2-71-9
SRR29646154.bin.12,Medium-quality,Acidobacteriota,T1PKS,PKSI,UBA2999
SRR29646154.bin.12,Medium-quality,Acidobacteriota,T3PKS,PKSother,UBA2999
SRR29646154.bin.12,Medium-quality,Acidobacteriota,arylpolyene,Others,UBA2999
SRR29646154.bin.12,Medium-quality,Acidobacteriota,NRPS-like,NRPS,UBA2999
SRR29646154.bin.13,Medium-quality,Bacteroidota,T3PKS,PKSother,Cyclobacteriaceae
SRR29646154.bin.13,Medium-quality,Bacteroidota,phosphonate,Others,Cyclobacteriaceae
SRR29646154.bin.13,Medium-quality,Bacteroidota,arylpolyene,Others,Cyclobacteriaceae
SRR29646154.bin.13,Medium-quality,Bacteroidota,arylpolyene,Others,Cyclobacteriaceae
SRR29646154.bin.13,Medium-quality,Bacteroidota,arylpolyene,Others,Cyclobacteriaceae
SRR29646154.bin.15,Medium-quality,Gemmatimonadota,terpene,Terpene,RSA9
SRR29646154.bin.19,Medium-quality,Pseudomonadota,arylpolyene,Others,Steroidobacteraceae
SRR29646154.bin.19,Medium-quality,Pseudomonadota,arylpolyene,Others,Steroidobacteraceae
SRR29646154.bin.19,Medium-quality,Pseudomonadota,NRPS-like,NRPS,Steroidobacteraceae
SRR29646154.bin.19,Medium-quality,Pseudomonadota,resorcinol,Others,Steroidobacteraceae
SRR29646154.bin.2,Medium-quality,Myxococcota,NRPS-like,NRPS,Polyangiaceae
SRR29646154.bin.2,Medium-quality,Myxococcota,NRPS,NRPS,Polyangiaceae
SRR29646154.bin.2,Medium-quality,Myxococcota,NRPS,NRPS,Polyangiaceae
SRR29646154.bin.2,Medium-quality,Myxococcota,NRPS-like,NRPS,Polyangiaceae
SRR29646154.bin.2,Medium-quality,Myxococcota,NRPS,NRPS,Polyangiaceae
SRR29646154.bin.2,Medium-quality,Myxococcota,RiPP-like,RiPPs,Polyangiaceae
SRR29646154.bin.2,Medium-quality,Myxococcota,NRPS,NRPS,Polyangiaceae
SRR29646154.bin.2,Medium-quality,Myxococcota,NRPS,NRPS,Polyangiaceae
SRR29646154.bin.2,Medium-quality,Myxococcota,T1PKS,PKSI,Polyangiaceae
SRR29646154.bin.2,Medium-quality,Myxococcota,T1PKS,PKSI,Polyangiaceae
SRR29646154.bin.2,Medium-quality,Myxococcota,NRPS,NRPS,Polyangiaceae
SRR29646154.bin.2,Medium-quality,Myxococcota,NRPS-like,NRPS,Polyangiaceae
SRR29646154.bin.2,Medium-quality,Myxococcota,T1PKS,PKSI,Polyangiaceae
SRR29646154.bin.2,Medium-quality,Myxococcota,T1PKS,PKSI,Polyangiaceae
SRR29646154.bin.2,Medium-quality,Myxococcota,NRPS,NRPS,Polyangiaceae
SRR29646154.bin.2,Medium-quality,Myxococcota,NRPS,NRPS,Polyangiaceae
SRR29646154.bin.2,Medium-quality,Myxococcota,RRE-containing,RiPPs,Polyangiaceae
SRR29646154.bin.2,Medium-quality,Myxococcota,T1PKS,PKSI,Polyangiaceae
SRR29646154.bin.2,Medium-quality,Myxococcota,NRPS-like,NRPS,Polyangiaceae
SRR29646154.bin.2,Medium-quality,Myxococcota,NRPS,NRPS,Polyangiaceae
SRR29646154.bin.2,Medium-quality,Myxococcota,T1PKS,PKSI,Polyangiaceae
SRR29646154.bin.2,Medium-quality,Myxococcota,T1PKS,PKSI,Polyangiaceae
SRR29646154.bin.2,Medium-quality,Myxococcota,T1PKS,PKSI,Polyangiaceae
SRR29646154.bin.2,Medium-quality,Myxococcota,T1PKS,PKSI,Polyangiaceae
SRR29646154.bin.2,Medium-quality,Myxococcota,NRPS-like,NRPS,Polyangiaceae
SRR29646154.bin.2,Medium-quality,Myxococcota,NRPS-like,NRPS,Polyangiaceae
SRR29646154.bin.2,Medium-quality,Myxococcota,NRPS-like,NRPS,Polyangiaceae
SRR29646154.bin.2,Medium-quality,Myxococcota,T3PKS,PKSother,Polyangiaceae
SRR29646154.bin.2,Medium-quality,Myxococcota,NRPS,NRPS,Polyangiaceae
SRR29646154.bin.2,Medium-quality,Myxococcota,NRPS-like,NRPS,Polyangiaceae
SRR29646154.bin.2,Medium-quality,Myxococcota,NRPS,NRPS,Polyangiaceae
SRR29646154.bin.2,Medium-quality,Myxococcota,NRPS,NRPS,Polyangiaceae
SRR29646154.bin.2,Medium-quality,Myxococcota,indole,Others,Polyangiaceae
SRR29646154.bin.30,Medium-quality,Bacteroidota,T3PKS,PKSother,Cyclobacteriaceae
SRR29646154.bin.30,Medium-quality,Bacteroidota,arylpolyene,Others,Cyclobacteriaceae
SRR29646154.bin.30,Medium-quality,Bacteroidota,arylpolyene,Others,Cyclobacteriaceae
SRR29646154.bin.30,Medium-quality,Bacteroidota,arylpolyene,Others,Cyclobacteriaceae
SRR29646154.bin.30,Medium-quality,Bacteroidota,arylpolyene,Others,Cyclobacteriaceae
SRR29646154.bin.30,Medium-quality,Bacteroidota,resorcinol,Others,Cyclobacteriaceae
SRR29646154.bin.30,Medium-quality,Bacteroidota,phosphonate,Others,Cyclobacteriaceae
SRR29646154.bin.34,Medium-quality,Pseudomonadota,terpene,Terpene,Micropepsaceae
SRR29646154.bin.36,Medium-quality,Bacteroidota,T3PKS,PKSother,Chitinophagaceae
SRR29646154.bin.36,Medium-quality,Bacteroidota,terpene,Terpene,Chitinophagaceae
SRR29646154.bin.4,Medium-quality,Bacteroidota,terpene,Terpene,Flavobacteriaceae
SRR29646154.bin.43,Medium-quality,Acidobacteriota,NRPS-like,NRPS,Pyrinomonadaceae
SRR29646154.bin.43,Medium-quality,Acidobacteriota,NRPS-like,NRPS,Pyrinomonadaceae
SRR29646154.bin.48,Medium-quality,Acidobacteriota,NRPS,NRPS,Unclassified
SRR29646154.bin.48,Medium-quality,Acidobacteriota,NRPS,NRPS,Unclassified
SRR29646154.bin.48,Medium-quality,Acidobacteriota,NRPS,NRPS,Unclassified
SRR29646154.bin.48,Medium-quality,Acidobacteriota,NRPS,NRPS,Unclassified
SRR29646154.bin.48,Medium-quality,Acidobacteriota,NRPS,NRPS,Unclassified
SRR29646154.bin.48,Medium-quality,Acidobacteriota,NRPS,NRPS,Unclassified
SRR29646154.bin.48,Medium-quality,Acidobacteriota,NRPS,NRPS,Unclassified
SRR29646154.bin.48,Medium-quality,Acidobacteriota,NRPS,NRPS,Unclassified
SRR29646154.bin.48,Medium-quality,Acidobacteriota,NRPS,NRPS,Unclassified
SRR29646154.bin.48,Medium-quality,Acidobacteriota,lanthipeptide-class-ii,RiPPs,Unclassified
SRR29646154.bin.48,Medium-quality,Acidobacteriota,NRPS,NRPS,Unclassified
SRR29646154.bin.48,Medium-quality,Acidobacteriota,NRPS,NRPS,Unclassified
SRR29646154.bin.48,Medium-quality,Acidobacteriota,T3PKS,PKSother,Unclassified
SRR29646154.bin.48,Medium-quality,Acidobacteriota,NRPS,NRPS,Unclassified
SRR29646154.bin.48,Medium-quality,Acidobacteriota,T1PKS,PKSI,Unclassified
SRR29646154.bin.48,Medium-quality,Acidobacteriota,NRPS,NRPS,Unclassified
SRR29646154.bin.48,Medium-quality,Acidobacteriota,NRPS,NRPS,Unclassified
SRR29646154.bin.48,Medium-quality,Acidobacteriota,NRPS,NRPS,Unclassified
SRR29646154.bin.48,Medium-quality,Acidobacteriota,NRPS-like,NRPS,Unclassified
SRR29646154.bin.48,Medium-quality,Acidobacteriota,NRPS,NRPS,Unclassified
SRR29646154.bin.48,Medium-quality,Acidobacteriota,NRPS,NRPS,Unclassified
SRR29646154.bin.48,Medium-quality,Acidobacteriota,NRPS,NRPS,Unclassified
SRR29646154.bin.48,Medium-quality,Acidobacteriota,NRPS,NRPS,Unclassified
SRR29646154.bin.48,Medium-quality,Acidobacteriota,NRPS-like,NRPS,Unclassified
SRR29646154.bin.48,Medium-quality,Acidobacteriota,T1PKS,PKSI,Unclassified
SRR29646154.bin.48,Medium-quality,Acidobacteriota,NRPS,NRPS,Unclassified
SRR29646154.bin.48,Medium-quality,Acidobacteriota,NRPS,NRPS,Unclassified
SRR29646154.bin.48,Medium-quality,Acidobacteriota,NRPS,NRPS,Unclassified
SRR29646154.bin.48,Medium-quality,Acidobacteriota,NRPS,NRPS,Unclassified
SRR29646154.bin.48,Medium-quality,Acidobacteriota,NRPS,NRPS,Unclassified
SRR29646154.bin.48,Medium-quality,Acidobacteriota,NRPS,NRPS,Unclassified
SRR29646154.bin.48,Medium-quality,Acidobacteriota,NRPS,NRPS,Unclassified
SRR29646154.bin.48,Medium-quality,Acidobacteriota,NRPS-like,NRPS,Unclassified
SRR29646154.bin.48,Medium-quality,Acidobacteriota,NRPS,NRPS,Unclassified
SRR29646154.bin.48,Medium-quality,Acidobacteriota,NRPS,NRPS,Unclassified
SRR29646154.bin.48,Medium-quality,Acidobacteriota,NRPS,NRPS,Unclassified
SRR29646154.bin.48,Medium-quality,Acidobacteriota,NRPS,NRPS,Unclassified
SRR29646154.bin.48,Medium-quality,Acidobacteriota,NRPS,NRPS,Unclassified
SRR29646154.bin.48,Medium-quality,Acidobacteriota,NRPS,NRPS,Unclassified
SRR29646154.bin.48,Medium-quality,Acidobacteriota,NRPS-like,NRPS,Unclassified
SRR29646154.bin.48,Medium-quality,Acidobacteriota,NRPS,NRPS,Unclassified
SRR29646154.bin.48,Medium-quality,Acidobacteriota,NRPS,NRPS,Unclassified
SRR29646154.bin.48,Medium-quality,Acidobacteriota,NRPS-like,NRPS,Unclassified
SRR29646154.bin.48,Medium-quality,Acidobacteriota,NRPS,NRPS,Unclassified
SRR29646154.bin.48,Medium-quality,Acidobacteriota,NRPS,NRPS,Unclassified
SRR29646154.bin.48,Medium-quality,Acidobacteriota,NRPS,NRPS,Unclassified
SRR29646154.bin.6,Medium-quality,Myxococcota,terpene,Terpene,Polyangiaceae
SRR29646154.bin.6,Medium-quality,Myxococcota,terpene,Terpene,Polyangiaceae
SRR29646154.bin.6,Medium-quality,Myxococcota,arylpolyene,Others,Polyangiaceae
SRR29646154.bin.6,Medium-quality,Myxococcota,terpene,Terpene,Polyangiaceae
SRR29646154.bin.6,Medium-quality,Myxococcota,NI-siderophore,Others,Polyangiaceae
SRR29646154.bin.6,Medium-quality,Myxococcota,NRPS,NRPS,Polyangiaceae
SRR29646154.bin.6,Medium-quality,Myxococcota,NRPS-like,NRPS,Polyangiaceae
SRR29646154.bin.6,Medium-quality,Myxococcota,T3PKS,PKSother,Polyangiaceae
SRR29646154.bin.6,Medium-quality,Myxococcota,NI-siderophore,Others,Polyangiaceae
SRR29646154.bin.6,Medium-quality,Myxococcota,RiPP-like,RiPPs,Polyangiaceae
SRR29646154.bin.6,Medium-quality,Myxococcota,indole,Others,Polyangiaceae
SRR29646154.bin.6,Medium-quality,Myxococcota,NRPS-like,NRPS,Polyangiaceae
SRR29646155.bin.13,Medium-quality,Acidobacteriota,T3PKS,PKSother,UBA6623
SRR29646155.bin.13,Medium-quality,Acidobacteriota,RiPP-like,RiPPs,UBA6623
SRR29646155.bin.13,Medium-quality,Acidobacteriota,RiPP-like,RiPPs,UBA6623
SRR29646155.bin.15,Medium-quality,Chloroflexota,terpene,Terpene,Phototrophicaceae
SRR29646155.bin.15,Medium-quality,Chloroflexota,T3PKS,PKSother,Phototrophicaceae
SRR29646155.bin.21,Medium-quality,Bacteroidota,T3PKS,PKSother,B-1AR
SRR29646155.bin.25,Medium-quality,Pseudomonadota,arylpolyene,Others,SG8-41
SRR29646155.bin.28,Medium-quality,Bacteroidota,T3PKS,PKSother,Cyclobacteriaceae
SRR29646155.bin.28,Medium-quality,Bacteroidota,arylpolyene,Others,Cyclobacteriaceae
SRR29646155.bin.30,Medium-quality,Acidobacteriota,T3PKS,PKSother,SCN-69-37
SRR29646155.bin.30,Medium-quality,Acidobacteriota,ranthipeptide,RiPPs,SCN-69-37
SRR29646155.bin.30,Medium-quality,Acidobacteriota,lanthipeptide-class-ii,RiPPs,SCN-69-37
SRR29646155.bin.43,Medium-quality,Pseudomonadota,arylpolyene,Others,Xanthomonadaceae
SRR29646155.bin.47,Medium-quality,Gemmatimonadota,terpene,Terpene,RSA9
SRR29646156.bin.16,Medium-quality,Pseudomonadota,NRPS-like,NRPS,Parvularculaceae
SRR29646156.bin.21,Medium-quality,Pseudomonadota,NRPS-like,NRPS,Woeseiaceae
SRR29646156.bin.22,Medium-quality,Pseudomonadota,terpene,Terpene,Sphingomonadaceae
SRR29646156.bin.23,Medium-quality,Pseudomonadota,NRPS,NRPS,Cellvibrionaceae
SRR29646156.bin.23,Medium-quality,Pseudomonadota,NRPS-like,NRPS,Cellvibrionaceae
SRR29646156.bin.23,Medium-quality,Pseudomonadota,NRPS,NRPS,Cellvibrionaceae
SRR29646156.bin.28,Medium-quality,Pseudomonadota,NRPS,NRPS,Oleiphilaceae
SRR29646156.bin.28,Medium-quality,Pseudomonadota,NRPS,NRPS,Oleiphilaceae
SRR29646156.bin.28,Medium-quality,Pseudomonadota,NRPS-like,NRPS,Oleiphilaceae
SRR29646156.bin.28,Medium-quality,Pseudomonadota,NRPS,NRPS,Oleiphilaceae
SRR29646156.bin.28,Medium-quality,Pseudomonadota,NRPS-like,NRPS,Oleiphilaceae
SRR29646156.bin.28,Medium-quality,Pseudomonadota,transAT-PKS-like.NRPS-like,PKS-NRP_Hybrids,Oleiphilaceae
SRR29646156.bin.28,Medium-quality,Pseudomonadota,NRPS,NRPS,Oleiphilaceae
SRR29646156.bin.28,Medium-quality,Pseudomonadota,T1PKS,PKSI,Oleiphilaceae
SRR29646156.bin.28,Medium-quality,Pseudomonadota,NRPS,NRPS,Oleiphilaceae
SRR29646156.bin.28,Medium-quality,Pseudomonadota,T1PKS,PKSI,Oleiphilaceae
SRR29646156.bin.28,Medium-quality,Pseudomonadota,T1PKS.NRPS,PKS-NRP_Hybrids,Oleiphilaceae
SRR29646156.bin.28,Medium-quality,Pseudomonadota,NRPS-like,NRPS,Oleiphilaceae
SRR29646156.bin.28,Medium-quality,Pseudomonadota,NRPS,NRPS,Oleiphilaceae
SRR29646156.bin.28,Medium-quality,Pseudomonadota,NRPS,NRPS,Oleiphilaceae
SRR29646156.bin.28,Medium-quality,Pseudomonadota,NRPS,NRPS,Oleiphilaceae
SRR29646156.bin.28,Medium-quality,Pseudomonadota,T1PKS,PKSI,Oleiphilaceae
SRR29646156.bin.28,Medium-quality,Pseudomonadota,NRPS,NRPS,Oleiphilaceae
SRR29646156.bin.28,Medium-quality,Pseudomonadota,NRPS,NRPS,Oleiphilaceae
SRR29646156.bin.28,Medium-quality,Pseudomonadota,NRPS,NRPS,Oleiphilaceae
SRR29646156.bin.28,Medium-quality,Pseudomonadota,NRPS,NRPS,Oleiphilaceae
SRR29646156.bin.28,Medium-quality,Pseudomonadota,NRPS,NRPS,Oleiphilaceae
SRR29646156.bin.32,Medium-quality,Gemmatimonadota,T3PKS,PKSother,Palauibacteraceae
SRR29646156.bin.39,Medium-quality,Pseudomonadota,NI-siderophore,Others,Moraxellaceae
SRR29646156.bin.39,Medium-quality,Pseudomonadota,NI-siderophore,Others,Moraxellaceae
SRR29646156.bin.39,Medium-quality,Pseudomonadota,RiPP-like,RiPPs,Moraxellaceae
SRR29646156.bin.39,Medium-quality,Pseudomonadota,arylpolyene,Others,Moraxellaceae
SRR29646156.bin.43,Medium-quality,Pseudomonadota,NI-siderophore,Others,Methylophagaceae
SRR29646156.bin.43,Medium-quality,Pseudomonadota,RiPP-like,RiPPs,Methylophagaceae
SRR29646157.bin.1,Medium-quality,Pseudomonadota,T1PKS,PKSI,Micavibrionaceae
SRR29646157.bin.1,Medium-quality,Pseudomonadota,hglE-KS,PKSother,Micavibrionaceae
SRR29646157.bin.13,Medium-quality,Pseudomonadota,T3PKS,PKSother,Sphingomonadaceae
SRR29646157.bin.14,Medium-quality,Bacteroidota,terpene,Terpene,Flavobacteriaceae
SRR29646157.bin.2,Medium-quality,Verrucomicrobiota,ladderane,Others,DSYF01
SRR29646157.bin.2,Medium-quality,Verrucomicrobiota,terpene,Terpene,DSYF01
SRR29646157.bin.20,Medium-quality,Chloroflexota,T1PKS.NRPS-like,PKS-NRP_Hybrids,Villigracilaceae
SRR29646157.bin.20,Medium-quality,Chloroflexota,NRPS-like,NRPS,Villigracilaceae
SRR29646157.bin.30,Medium-quality,Desulfobacterota,T1PKS,PKSI,DDH964
SRR29646157.bin.30,Medium-quality,Desulfobacterota,T1PKS,PKSI,DDH964
SRR29646157.bin.30,Medium-quality,Desulfobacterota,T3PKS,PKSother,DDH964
SRR29646157.bin.36,Medium-quality,Planctomycetota,T1PKS,PKSI,UBA1845
SRR29646157.bin.37,Medium-quality,Pseudomonadota,terpene,Terpene,UBA2778
SRR29646157.bin.37,Medium-quality,Pseudomonadota,terpene,Terpene,UBA2778
SRR29646157.bin.37,Medium-quality,Pseudomonadota,phosphonate,Others,UBA2778
SRR29646157.bin.37,Medium-quality,Pseudomonadota,NRPS-like,NRPS,UBA2778
SRR29646157.bin.37,Medium-quality,Pseudomonadota,NI-siderophore,Others,UBA2778
SRR29646157.bin.37,Medium-quality,Pseudomonadota,NI-siderophore,Others,UBA2778
SRR29646157.bin.39,Medium-quality,Pseudomonadota,RiPP-like,RiPPs,Methylophilaceae
SRR29646157.bin.44,Medium-quality,Desulfobacterota,T3PKS,PKSother,DDH964
SRR29646158.bin.23,Medium-quality,Pseudomonadota,ranthipeptide,RiPPs,Dongiaceae
SRR29646158.bin.23,Medium-quality,Pseudomonadota,NRPS-like,NRPS,Dongiaceae
SRR29646158.bin.23,Medium-quality,Pseudomonadota,T3PKS,PKSother,Dongiaceae
SRR29646158.bin.23,Medium-quality,Pseudomonadota,NRPS-like,NRPS,Dongiaceae
SRR29646158.bin.28,Medium-quality,Bacteroidota,terpene,Terpene,Flavobacteriaceae
SRR29646158.bin.31,Medium-quality,Acidobacteriota,NRPS-like,NRPS,Pyrinomonadaceae
SRR29646158.bin.31,Medium-quality,Acidobacteriota,NRPS-like,NRPS,Pyrinomonadaceae
SRR29646158.bin.31,Medium-quality,Acidobacteriota,NRPS-like,NRPS,Pyrinomonadaceae
SRR29646158.bin.31,Medium-quality,Acidobacteriota,NRPS-like,NRPS,Pyrinomonadaceae
SRR29646158.bin.31,Medium-quality,Acidobacteriota,T1PKS.NRPS,PKS-NRP_Hybrids,Pyrinomonadaceae
SRR29646158.bin.32,Medium-quality,Acidobacteriota,NRPS-like,NRPS,JAFNAJ01
SRR29646158.bin.32,Medium-quality,Acidobacteriota,T1PKS,PKSI,JAFNAJ01
SRR29646158.bin.32,Medium-quality,Acidobacteriota,proteusin,RiPPs,JAFNAJ01
SRR29646158.bin.38,Medium-quality,Pseudomonadota,NRPS-like,NRPS,Rhodanobacteraceae
SRR29646158.bin.38,Medium-quality,Pseudomonadota,arylpolyene,Others,Rhodanobacteraceae
SRR29646158.bin.38,Medium-quality,Pseudomonadota,arylpolyene,Others,Rhodanobacteraceae
SRR29646158.bin.38,Medium-quality,Pseudomonadota,NRPS,NRPS,Rhodanobacteraceae
SRR29646158.bin.38,Medium-quality,Pseudomonadota,T1PKS.NRPS-like,PKS-NRP_Hybrids,Rhodanobacteraceae
SRR29646158.bin.38,Medium-quality,Pseudomonadota,NRPS,NRPS,Rhodanobacteraceae
SRR29646158.bin.39,Medium-quality,Bacteroidota,NRPS,NRPS,Cyclobacteriaceae
SRR29646158.bin.39,Medium-quality,Bacteroidota,NRPS,NRPS,Cyclobacteriaceae
SRR29646158.bin.39,Medium-quality,Bacteroidota,NRPS,NRPS,Cyclobacteriaceae
SRR29646158.bin.39,Medium-quality,Bacteroidota,NRPS,NRPS,Cyclobacteriaceae
SRR29646158.bin.39,Medium-quality,Bacteroidota,NRPS,NRPS,Cyclobacteriaceae
SRR29646158.bin.39,Medium-quality,Bacteroidota,NRPS,NRPS,Cyclobacteriaceae
SRR29646158.bin.39,Medium-quality,Bacteroidota,NRPS,NRPS,Cyclobacteriaceae
SRR29646158.bin.39,Medium-quality,Bacteroidota,NRPS,NRPS,Cyclobacteriaceae
SRR29646158.bin.39,Medium-quality,Bacteroidota,hglE-KS,PKSother,Cyclobacteriaceae
SRR29646158.bin.39,Medium-quality,Bacteroidota,T1PKS,PKSI,Cyclobacteriaceae
SRR29646158.bin.39,Medium-quality,Bacteroidota,T1PKS,PKSI,Cyclobacteriaceae
SRR29646158.bin.39,Medium-quality,Bacteroidota,NRPS,NRPS,Cyclobacteriaceae
SRR29646158.bin.39,Medium-quality,Bacteroidota,NRPS,NRPS,Cyclobacteriaceae
SRR29646158.bin.39,Medium-quality,Bacteroidota,NRPS,NRPS,Cyclobacteriaceae
SRR29646158.bin.39,Medium-quality,Bacteroidota,T1PKS.NRPS,PKS-NRP_Hybrids,Cyclobacteriaceae
SRR29646158.bin.39,Medium-quality,Bacteroidota,NRPS,NRPS,Cyclobacteriaceae
SRR29646158.bin.39,Medium-quality,Bacteroidota,NRPS,NRPS,Cyclobacteriaceae
SRR29646158.bin.39,Medium-quality,Bacteroidota,T1PKS.NRPS-like,PKS-NRP_Hybrids,Cyclobacteriaceae
SRR29646158.bin.39,Medium-quality,Bacteroidota,NRPS,NRPS,Cyclobacteriaceae
SRR29646158.bin.39,Medium-quality,Bacteroidota,NRPS,NRPS,Cyclobacteriaceae
SRR29646158.bin.39,Medium-quality,Bacteroidota,NRPS,NRPS,Cyclobacteriaceae
SRR29646158.bin.39,Medium-quality,Bacteroidota,NRPS,NRPS,Cyclobacteriaceae
SRR29646158.bin.39,Medium-quality,Bacteroidota,NRPS,NRPS,Cyclobacteriaceae
SRR29646158.bin.39,Medium-quality,Bacteroidota,NRPS,NRPS,Cyclobacteriaceae
SRR29646158.bin.39,Medium-quality,Bacteroidota,NRPS,NRPS,Cyclobacteriaceae
SRR29646158.bin.39,Medium-quality,Bacteroidota,NRPS.T1PKS,PKS-NRP_Hybrids,Cyclobacteriaceae
SRR29646158.bin.39,Medium-quality,Bacteroidota,NRPS,NRPS,Cyclobacteriaceae
SRR29646158.bin.39,Medium-quality,Bacteroidota,T3PKS,PKSother,Cyclobacteriaceae
SRR29646158.bin.39,Medium-quality,Bacteroidota,NRPS,NRPS,Cyclobacteriaceae
SRR29646158.bin.43,Medium-quality,Chloroflexota,T1PKS,PKSI,Villigracilaceae
SRR29646158.bin.43,Medium-quality,Chloroflexota,NRPS,NRPS,Villigracilaceae
SRR29646158.bin.57,Medium-quality,Bacteroidota,RiPP-like,RiPPs,JADKCL01
SRR29646158.bin.60,Medium-quality,Bacteroidota,terpene,Terpene,Flavobacteriaceae
SRR29646158.bin.60,Medium-quality,Bacteroidota,RiPP-like,RiPPs,Flavobacteriaceae
SRR29646158.bin.63,Medium-quality,Actinomycetota,NI-siderophore,Others,Micromonosporaceae
SRR29646158.bin.63,Medium-quality,Actinomycetota,NRPS,NRPS,Micromonosporaceae
SRR29646158.bin.63,Medium-quality,Actinomycetota,NRPS,NRPS,Micromonosporaceae
SRR29646158.bin.63,Medium-quality,Actinomycetota,NRPS-like,NRPS,Micromonosporaceae
SRR29646158.bin.63,Medium-quality,Actinomycetota,terpene,Terpene,Micromonosporaceae
SRR29646158.bin.63,Medium-quality,Actinomycetota,NRPS,NRPS,Micromonosporaceae
SRR29646158.bin.63,Medium-quality,Actinomycetota,T1PKS.NRPS,PKS-NRP_Hybrids,Micromonosporaceae
SRR29646158.bin.63,Medium-quality,Actinomycetota,NRPS,NRPS,Micromonosporaceae
SRR29646158.bin.63,Medium-quality,Actinomycetota,NRPS,NRPS,Micromonosporaceae
SRR29646158.bin.63,Medium-quality,Actinomycetota,lanthipeptide-class-iii,RiPPs,Micromonosporaceae
SRR29646158.bin.63,Medium-quality,Actinomycetota,NRPS-like,NRPS,Micromonosporaceae
SRR29646158.bin.63,Medium-quality,Actinomycetota,T3PKS,PKSother,Micromonosporaceae
SRR29646158.bin.63,Medium-quality,Actinomycetota,terpene,Terpene,Micromonosporaceae
SRR29646158.bin.82,Medium-quality,Chloroflexota,T3PKS,PKSother,Phototrophicaceae
SRR29646158.bin.86,Medium-quality,Bacteroidota,T3PKS,PKSother,Cyclobacteriaceae
SRR29646158.bin.86,Medium-quality,Bacteroidota,phosphonate,Others,Cyclobacteriaceae
SRR29646158.bin.9,Medium-quality,Myxococcota,NRPS,NRPS,Polyangiaceae
SRR29646158.bin.9,Medium-quality,Myxococcota,T1PKS.NRPS-like,PKS-NRP_Hybrids,Polyangiaceae
SRR29646158.bin.9,Medium-quality,Myxococcota,NRPS-like,NRPS,Polyangiaceae
SRR29646158.bin.9,Medium-quality,Myxococcota,terpene,Terpene,Polyangiaceae
SRR29646158.bin.9,Medium-quality,Myxococcota,terpene,Terpene,Polyangiaceae
SRR29646158.bin.9,Medium-quality,Myxococcota,terpene,Terpene,Polyangiaceae
SRR29646158.bin.9,Medium-quality,Myxococcota,NRPS-like,NRPS,Polyangiaceae
SRR29646159.bin.12,Medium-quality,Bacteroidota,RRE-containing,RiPPs,Flavobacteriaceae
SRR29646159.bin.12,Medium-quality,Bacteroidota,terpene,Terpene,Flavobacteriaceae
SRR29646159.bin.14,Medium-quality,Pseudomonadota,arylpolyene,Others,Pseudomonadaceae
SRR29646159.bin.14,Medium-quality,Pseudomonadota,arylpolyene,Others,Pseudomonadaceae
SRR29646159.bin.14,Medium-quality,Pseudomonadota,resorcinol,Others,Pseudomonadaceae
SRR29646159.bin.14,Medium-quality,Pseudomonadota,arylpolyene,Others,Pseudomonadaceae
SRR29646159.bin.14,Medium-quality,Pseudomonadota,RiPP-like,RiPPs,Pseudomonadaceae
SRR29646159.bin.14,Medium-quality,Pseudomonadota,NRPS,NRPS,Pseudomonadaceae
SRR29646159.bin.14,Medium-quality,Pseudomonadota,NRP-metallophore.NRPS,Others,Pseudomonadaceae
SRR29646159.bin.14,Medium-quality,Pseudomonadota,NRPS,NRPS,Pseudomonadaceae
SRR29646159.bin.14,Medium-quality,Pseudomonadota,NRPS,NRPS,Pseudomonadaceae
SRR29646159.bin.17,Medium-quality,Bacteroidota,NRPS,NRPS,Chitinophagaceae
SRR29646159.bin.17,Medium-quality,Bacteroidota,NRPS-like,NRPS,Chitinophagaceae
SRR29646159.bin.17,Medium-quality,Bacteroidota,NRPS-like,NRPS,Chitinophagaceae
SRR29646159.bin.17,Medium-quality,Bacteroidota,lanthipeptide-class-iv,RiPPs,Chitinophagaceae
SRR29646159.bin.17,Medium-quality,Bacteroidota,arylpolyene,Others,Chitinophagaceae
SRR29646159.bin.17,Medium-quality,Bacteroidota,resorcinol,Others,Chitinophagaceae
SRR29646159.bin.17,Medium-quality,Bacteroidota,NRPS,NRPS,Chitinophagaceae
SRR29646159.bin.17,Medium-quality,Bacteroidota,terpene,Terpene,Chitinophagaceae
SRR29646159.bin.17,Medium-quality,Bacteroidota,NRPS,NRPS,Chitinophagaceae
SRR29646159.bin.17,Medium-quality,Bacteroidota,NRPS,NRPS,Chitinophagaceae
SRR29646159.bin.17,Medium-quality,Bacteroidota,NRPS,NRPS,Chitinophagaceae
SRR29646159.bin.17,Medium-quality,Bacteroidota,T1PKS,PKSI,Chitinophagaceae
SRR29646159.bin.17,Medium-quality,Bacteroidota,NRPS,NRPS,Chitinophagaceae
SRR29646159.bin.17,Medium-quality,Bacteroidota,NRPS,NRPS,Chitinophagaceae
SRR29646159.bin.17,Medium-quality,Bacteroidota,NRPS,NRPS,Chitinophagaceae
SRR29646159.bin.17,Medium-quality,Bacteroidota,NRPS,NRPS,Chitinophagaceae
SRR29646159.bin.17,Medium-quality,Bacteroidota,NRPS.T1PKS,PKS-NRP_Hybrids,Chitinophagaceae
SRR29646159.bin.17,Medium-quality,Bacteroidota,NRPS-like,NRPS,Chitinophagaceae
SRR29646159.bin.17,Medium-quality,Bacteroidota,terpene,Terpene,Chitinophagaceae
SRR29646159.bin.17,Medium-quality,Bacteroidota,RiPP-like,RiPPs,Chitinophagaceae
SRR29646159.bin.17,Medium-quality,Bacteroidota,terpene,Terpene,Chitinophagaceae
SRR29646159.bin.17,Medium-quality,Bacteroidota,RRE-containing,RiPPs,Chitinophagaceae
SRR29646159.bin.17,Medium-quality,Bacteroidota,T1PKS,PKSI,Chitinophagaceae
SRR29646159.bin.17,Medium-quality,Bacteroidota,hglE-KS,PKSother,Chitinophagaceae
SRR29646159.bin.17,Medium-quality,Bacteroidota,NI-siderophore,Others,Chitinophagaceae
SRR29646159.bin.17,Medium-quality,Bacteroidota,NI-siderophore,Others,Chitinophagaceae
SRR29646159.bin.17,Medium-quality,Bacteroidota,terpene,Terpene,Chitinophagaceae
SRR29646159.bin.17,Medium-quality,Bacteroidota,RRE-containing,RiPPs,Chitinophagaceae
SRR29646159.bin.17,Medium-quality,Bacteroidota,NRPS,NRPS,Chitinophagaceae
SRR29646159.bin.17,Medium-quality,Bacteroidota,NRPS,NRPS,Chitinophagaceae
SRR29646159.bin.17,Medium-quality,Bacteroidota,NRPS.T1PKS,PKS-NRP_Hybrids,Chitinophagaceae
SRR29646159.bin.17,Medium-quality,Bacteroidota,NRPS,NRPS,Chitinophagaceae
SRR29646159.bin.17,Medium-quality,Bacteroidota,NRPS,NRPS,Chitinophagaceae
SRR29646159.bin.17,Medium-quality,Bacteroidota,arylpolyene,Others,Chitinophagaceae
SRR29646159.bin.17,Medium-quality,Bacteroidota,arylpolyene,Others,Chitinophagaceae
SRR29646159.bin.17,Medium-quality,Bacteroidota,arylpolyene,Others,Chitinophagaceae
SRR29646159.bin.2,Medium-quality,Pseudomonadota,RiPP-like,RiPPs,Rhizobiaceae
SRR29646159.bin.2,Medium-quality,Pseudomonadota,RiPP-like,RiPPs,Rhizobiaceae
SRR29646159.bin.2,Medium-quality,Pseudomonadota,NI-siderophore,Others,Rhizobiaceae
SRR29646159.bin.2,Medium-quality,Pseudomonadota,T1PKS,PKSI,Rhizobiaceae
SRR29646159.bin.22,Medium-quality,Pseudomonadota,NI-siderophore,Others,Burkholderiaceae
SRR29646159.bin.22,Medium-quality,Pseudomonadota,T1PKS.NRPS-like,PKS-NRP_Hybrids,Burkholderiaceae
SRR29646159.bin.22,Medium-quality,Pseudomonadota,resorcinol,Others,Burkholderiaceae
SRR29646159.bin.22,Medium-quality,Pseudomonadota,NAPAA,NRPS,Burkholderiaceae
SRR29646159.bin.22,Medium-quality,Pseudomonadota,arylpolyene,Others,Burkholderiaceae
SRR29646159.bin.22,Medium-quality,Pseudomonadota,arylpolyene,Others,Burkholderiaceae
SRR29646159.bin.23,Medium-quality,Pseudomonadota,T1PKS,PKSI,Burkholderiaceae
SRR29646159.bin.23,Medium-quality,Pseudomonadota,NRPS,NRPS,Burkholderiaceae
SRR29646159.bin.23,Medium-quality,Pseudomonadota,T1PKS,PKSI,Burkholderiaceae
SRR29646159.bin.23,Medium-quality,Pseudomonadota,NRPS,NRPS,Burkholderiaceae
SRR29646159.bin.23,Medium-quality,Pseudomonadota,T1PKS,PKSI,Burkholderiaceae
SRR29646159.bin.23,Medium-quality,Pseudomonadota,T1PKS,PKSI,Burkholderiaceae
SRR29646159.bin.23,Medium-quality,Pseudomonadota,NRPS.T1PKS,PKS-NRP_Hybrids,Burkholderiaceae
SRR29646159.bin.23,Medium-quality,Pseudomonadota,arylpolyene,Others,Burkholderiaceae
SRR29646159.bin.23,Medium-quality,Pseudomonadota,terpene,Terpene,Burkholderiaceae
SRR29646159.bin.23,Medium-quality,Pseudomonadota,T1PKS,PKSI,Burkholderiaceae
SRR29646159.bin.5,Medium-quality,Bacteroidota,resorcinol,Others,Cyclobacteriaceae
SRR29646159.bin.5,Medium-quality,Bacteroidota,arylpolyene,Others,Cyclobacteriaceae
SRR29646159.bin.5,Medium-quality,Bacteroidota,other,Others,Cyclobacteriaceae
SRR29646159.bin.5,Medium-quality,Bacteroidota,arylpolyene,Others,Cyclobacteriaceae
SRR29646159.bin.5,Medium-quality,Bacteroidota,arylpolyene,Others,Cyclobacteriaceae
SRR29646159.bin.5,Medium-quality,Bacteroidota,arylpolyene,Others,Cyclobacteriaceae
SRR29646159.bin.5,Medium-quality,Bacteroidota,T1PKS,PKSI,Cyclobacteriaceae
SRR29646159.bin.5,Medium-quality,Bacteroidota,RiPP-like,RiPPs,Cyclobacteriaceae
SRR29646159.bin.5,Medium-quality,Bacteroidota,T3PKS,PKSother,Cyclobacteriaceae
SRR29646159.bin.7,Medium-quality,Bacteroidota,arylpolyene,Others,Chitinophagaceae
SRR29646159.bin.7,Medium-quality,Bacteroidota,arylpolyene,Others,Chitinophagaceae
SRR29646159.bin.7,Medium-quality,Bacteroidota,arylpolyene,Others,Chitinophagaceae
SRR29646160.bin.13,Medium-quality,Acidobacteriota,sactipeptide,RiPPs,UBA5704
SRR29646160.bin.13,Medium-quality,Acidobacteriota,RRE-containing,RiPPs,UBA5704
SRR29646160.bin.13,Medium-quality,Acidobacteriota,NRPS-like,NRPS,UBA5704
SRR29646160.bin.13,Medium-quality,Acidobacteriota,ladderane,Others,UBA5704
SRR29646160.bin.13,Medium-quality,Acidobacteriota,T3PKS,PKSother,UBA5704
SRR29646160.bin.13,Medium-quality,Acidobacteriota,T1PKS,PKSI,UBA5704
SRR29646160.bin.13,Medium-quality,Acidobacteriota,ladderane,Others,UBA5704
SRR29646160.bin.13,Medium-quality,Acidobacteriota,RiPP-like,RiPPs,UBA5704
SRR29646160.bin.13,Medium-quality,Acidobacteriota,T3PKS,PKSother,UBA5704
SRR29646160.bin.13,Medium-quality,Acidobacteriota,RiPP-like,RiPPs,UBA5704
SRR29646160.bin.13,Medium-quality,Acidobacteriota,terpene,Terpene,UBA5704
SRR29646160.bin.16,Medium-quality,Myxococcota,RiPP-like,RiPPs,Polyangiaceae
SRR29646160.bin.16,Medium-quality,Myxococcota,T1PKS.NRPS-like,PKS-NRP_Hybrids,Polyangiaceae
SRR29646160.bin.16,Medium-quality,Myxococcota,NRPS,NRPS,Polyangiaceae
SRR29646160.bin.16,Medium-quality,Myxococcota,T1PKS,PKSI,Polyangiaceae
SRR29646160.bin.16,Medium-quality,Myxococcota,arylpolyene,Others,Polyangiaceae
SRR29646160.bin.16,Medium-quality,Myxococcota,T3PKS,PKSother,Polyangiaceae
SRR29646160.bin.16,Medium-quality,Myxococcota,terpene,Terpene,Polyangiaceae
SRR29646160.bin.16,Medium-quality,Myxococcota,NRPS-like,NRPS,Polyangiaceae
SRR29646160.bin.16,Medium-quality,Myxococcota,RiPP-like,RiPPs,Polyangiaceae
SRR29646160.bin.16,Medium-quality,Myxococcota,NRPS,NRPS,Polyangiaceae
SRR29646160.bin.16,Medium-quality,Myxococcota,terpene,Terpene,Polyangiaceae
SRR29646160.bin.16,Medium-quality,Myxococcota,RiPP-like,RiPPs,Polyangiaceae
SRR29646160.bin.16,Medium-quality,Myxococcota,T1PKS,PKSI,Polyangiaceae
SRR29646160.bin.17,Medium-quality,Acidobacteriota,terpene,Terpene,Bryobacteraceae
SRR29646160.bin.17,Medium-quality,Acidobacteriota,hglE-KS,PKSother,Bryobacteraceae
SRR29646160.bin.17,Medium-quality,Acidobacteriota,T1PKS,PKSI,Bryobacteraceae
SRR29646160.bin.17,Medium-quality,Acidobacteriota,RiPP-like,RiPPs,Bryobacteraceae
SRR29646160.bin.21,Medium-quality,Bacteroidota,T3PKS,PKSother,Cyclobacteriaceae
SRR29646160.bin.22,Medium-quality,Pseudomonadota,terpene,Terpene,Steroidobacteraceae
SRR29646160.bin.22,Medium-quality,Pseudomonadota,terpene,Terpene,Steroidobacteraceae
SRR29646160.bin.22,Medium-quality,Pseudomonadota,T1PKS,PKSI,Steroidobacteraceae
SRR29646160.bin.22,Medium-quality,Pseudomonadota,NRPS,NRPS,Steroidobacteraceae
SRR29646160.bin.22,Medium-quality,Pseudomonadota,T1PKS,PKSI,Steroidobacteraceae
SRR29646160.bin.22,Medium-quality,Pseudomonadota,T1PKS,PKSI,Steroidobacteraceae
SRR29646160.bin.22,Medium-quality,Pseudomonadota,NRPS,NRPS,Steroidobacteraceae
SRR29646160.bin.22,Medium-quality,Pseudomonadota,NRPS-like,NRPS,Steroidobacteraceae
SRR29646160.bin.22,Medium-quality,Pseudomonadota,arylpolyene,Others,Steroidobacteraceae
SRR29646160.bin.22,Medium-quality,Pseudomonadota,NRPS-like,NRPS,Steroidobacteraceae
SRR29646160.bin.22,Medium-quality,Pseudomonadota,T1PKS,PKSI,Steroidobacteraceae
SRR29646160.bin.22,Medium-quality,Pseudomonadota,T1PKS,PKSI,Steroidobacteraceae
SRR29646160.bin.22,Medium-quality,Pseudomonadota,arylpolyene,Others,Steroidobacteraceae
SRR29646160.bin.23,Medium-quality,Pseudomonadota,NRPS,NRPS,Woeseiaceae
SRR29646160.bin.23,Medium-quality,Pseudomonadota,NRPS,NRPS,Woeseiaceae
SRR29646160.bin.23,Medium-quality,Pseudomonadota,NRPS-like,NRPS,Woeseiaceae
SRR29646160.bin.27,Medium-quality,Bacteroidota,T3PKS,PKSother,Flavobacteriaceae
SRR29646160.bin.3,Medium-quality,Pseudomonadota,T3PKS,PKSother,Hyphomicrobiaceae
SRR29646160.bin.35,Medium-quality,Bacteroidota,NRPS-like,NRPS,Cyclobacteriaceae
SRR29646160.bin.35,Medium-quality,Bacteroidota,NRPS,NRPS,Cyclobacteriaceae
SRR29646160.bin.35,Medium-quality,Bacteroidota,NRPS,NRPS,Cyclobacteriaceae
SRR29646160.bin.35,Medium-quality,Bacteroidota,arylpolyene,Others,Cyclobacteriaceae
SRR29646160.bin.35,Medium-quality,Bacteroidota,arylpolyene,Others,Cyclobacteriaceae
SRR29646160.bin.35,Medium-quality,Bacteroidota,arylpolyene,Others,Cyclobacteriaceae
SRR29646160.bin.35,Medium-quality,Bacteroidota,RiPP-like,RiPPs,Cyclobacteriaceae
SRR29646160.bin.40,Medium-quality,Actinomycetota,T3PKS,PKSother,Streptosporangiaceae
SRR29646160.bin.40,Medium-quality,Actinomycetota,T1PKS.NRPS-like,PKS-NRP_Hybrids,Streptosporangiaceae
SRR29646160.bin.40,Medium-quality,Actinomycetota,T1PKS,PKSI,Streptosporangiaceae
SRR29646160.bin.40,Medium-quality,Actinomycetota,T1PKS,PKSI,Streptosporangiaceae
SRR29646160.bin.40,Medium-quality,Actinomycetota,T1PKS,PKSI,Streptosporangiaceae
SRR29646160.bin.40,Medium-quality,Actinomycetota,terpene,Terpene,Streptosporangiaceae
SRR29646160.bin.40,Medium-quality,Actinomycetota,T3PKS,PKSother,Streptosporangiaceae
SRR29646160.bin.40,Medium-quality,Actinomycetota,NRPS,NRPS,Streptosporangiaceae
SRR29646160.bin.40,Medium-quality,Actinomycetota,T1PKS,PKSI,Streptosporangiaceae
SRR29646160.bin.40,Medium-quality,Actinomycetota,NRPS,NRPS,Streptosporangiaceae
SRR29646160.bin.40,Medium-quality,Actinomycetota,terpene,Terpene,Streptosporangiaceae
SRR29646160.bin.40,Medium-quality,Actinomycetota,NI-siderophore,Others,Streptosporangiaceae
SRR29646160.bin.40,Medium-quality,Actinomycetota,NI-siderophore,Others,Streptosporangiaceae
SRR29646160.bin.40,Medium-quality,Actinomycetota,lanthipeptide-class-ii,RiPPs,Streptosporangiaceae
SRR29646160.bin.40,Medium-quality,Actinomycetota,T1PKS,PKSI,Streptosporangiaceae
SRR29646160.bin.40,Medium-quality,Actinomycetota,NRPS,NRPS,Streptosporangiaceae
SRR29646160.bin.40,Medium-quality,Actinomycetota,T1PKS,PKSI,Streptosporangiaceae
SRR29646160.bin.40,Medium-quality,Actinomycetota,T1PKS,PKSI,Streptosporangiaceae
SRR29646160.bin.40,Medium-quality,Actinomycetota,terpene,Terpene,Streptosporangiaceae
SRR29646160.bin.40,Medium-quality,Actinomycetota,NRPS,NRPS,Streptosporangiaceae
SRR29646160.bin.40,Medium-quality,Actinomycetota,NRPS-like,NRPS,Streptosporangiaceae
SRR29646160.bin.41,Medium-quality,Gemmatimonadota,NRPS-like,NRPS,Gemmatimonadaceae
SRR29646160.bin.8,Medium-quality,Pseudomonadota,terpene,Terpene,Bin65
SRR29646160.bin.8,Medium-quality,Pseudomonadota,T1PKS,PKSI,Bin65
SRR29646161.bin.28,Medium-quality,Pseudomonadota,RiPP-like,RiPPs,Sphingomonadaceae
SRR29646161.bin.28,Medium-quality,Pseudomonadota,T3PKS,PKSother,Sphingomonadaceae
SRR29646161.bin.28,Medium-quality,Pseudomonadota,terpene,Terpene,Sphingomonadaceae
SRR29646161.bin.37,Medium-quality,Pseudomonadota,RiPP-like,RiPPs,SZUA-152
SRR29646161.bin.37,Medium-quality,Pseudomonadota,NRPS,NRPS,SZUA-152
SRR29646161.bin.37,Medium-quality,Pseudomonadota,NRPS,NRPS,SZUA-152
SRR29646161.bin.37,Medium-quality,Pseudomonadota,NRPS,NRPS,SZUA-152
SRR29646161.bin.37,Medium-quality,Pseudomonadota,NRPS-like,NRPS,SZUA-152
SRR29646161.bin.37,Medium-quality,Pseudomonadota,T1PKS,PKSI,SZUA-152
SRR29646161.bin.37,Medium-quality,Pseudomonadota,NRPS,NRPS,SZUA-152
SRR29646161.bin.37,Medium-quality,Pseudomonadota,phosphonate,Others,SZUA-152
SRR29646161.bin.40,Medium-quality,Pseudomonadota,T3PKS,PKSother,CECT-8803
SRR29646161.bin.45,Medium-quality,Bacteroidota,T3PKS,PKSother,Flavobacteriaceae
SRR29646161.bin.45,Medium-quality,Bacteroidota,NRPS,NRPS,Flavobacteriaceae
SRR29646161.bin.45,Medium-quality,Bacteroidota,NRPS,NRPS,Flavobacteriaceae
SRR29646161.bin.45,Medium-quality,Bacteroidota,RiPP-like,RiPPs,Flavobacteriaceae
SRR29646161.bin.45,Medium-quality,Bacteroidota,terpene,Terpene,Flavobacteriaceae
SRR29689609.bin.11,Medium-quality,Pseudomonadota,NRPS-like,NRPS,Cellvibrionaceae
SRR29689609.bin.11,Medium-quality,Pseudomonadota,arylpolyene,Others,Cellvibrionaceae
SRR29689609.bin.11,Medium-quality,Pseudomonadota,arylpolyene,Others,Cellvibrionaceae
SRR29689609.bin.2,Medium-quality,Bacteroidota,terpene,Terpene,Balneolaceae
SRR29689609.bin.2,Medium-quality,Bacteroidota,T3PKS,PKSother,Balneolaceae
SRR29689609.bin.2,Medium-quality,Bacteroidota,phosphonate,Others,Balneolaceae
SRR29689609.bin.32,Medium-quality,Pseudomonadota,RiPP-like,RiPPs,Alcanivoracaceae
SRR29689609.bin.34,Medium-quality,Actinomycetota,NRPS-like,NRPS,Nocardioidaceae
SRR29689609.bin.34,Medium-quality,Actinomycetota,NI-siderophore,Others,Nocardioidaceae
SRR29689609.bin.34,Medium-quality,Actinomycetota,NAPAA,NRPS,Nocardioidaceae
SRR29689609.bin.57,Medium-quality,Bacteroidota,T3PKS,PKSother,Flavobacteriaceae
SRR29689609.bin.57,Medium-quality,Bacteroidota,arylpolyene,Others,Flavobacteriaceae
SRR29689609.bin.59,Medium-quality,Pseudomonadota,NI-siderophore,Others,Halomonadaceae
SRR29689609.bin.59,Medium-quality,Pseudomonadota,RiPP-like,RiPPs,Halomonadaceae
SRR29689609.bin.59,Medium-quality,Pseudomonadota,NI-siderophore,Others,Halomonadaceae
SRR29689609.bin.59,Medium-quality,Pseudomonadota,NRPS-like,NRPS,Halomonadaceae
SRR29689609.bin.6,Medium-quality,Pseudomonadota,arylpolyene,Others,Pseudomonadaceae
SRR29689609.bin.6,Medium-quality,Pseudomonadota,RiPP-like,RiPPs,Pseudomonadaceae
SRR29689609.bin.6,Medium-quality,Pseudomonadota,NRPS-like,NRPS,Pseudomonadaceae
SRR29689609.bin.67,Medium-quality,Pseudomonadota,NRPS,NRPS,Pseudomonadaceae
SRR29689609.bin.67,Medium-quality,Pseudomonadota,NRPS,NRPS,Pseudomonadaceae
SRR29689609.bin.67,Medium-quality,Pseudomonadota,NRPS,NRPS,Pseudomonadaceae
SRR29689609.bin.67,Medium-quality,Pseudomonadota,NRPS,NRPS,Pseudomonadaceae
SRR29689609.bin.67,Medium-quality,Pseudomonadota,NRP-metallophore.NRPS,Others,Pseudomonadaceae
SRR29689609.bin.67,Medium-quality,Pseudomonadota,NRPS-like,NRPS,Pseudomonadaceae
SRR29689609.bin.67,Medium-quality,Pseudomonadota,terpene,Terpene,Pseudomonadaceae
SRR29689609.bin.67,Medium-quality,Pseudomonadota,arylpolyene,Others,Pseudomonadaceae
SRR29689609.bin.67,Medium-quality,Pseudomonadota,arylpolyene,Others,Pseudomonadaceae
SRR29689609.bin.67,Medium-quality,Pseudomonadota,RiPP-like,RiPPs,Pseudomonadaceae
SRR29689609.bin.78,Medium-quality,Pseudomonadota,NRPS,NRPS,Cellvibrionaceae
SRR29689609.bin.78,Medium-quality,Pseudomonadota,arylpolyene,Others,Cellvibrionaceae
SRR29689609.bin.78,Medium-quality,Pseudomonadota,arylpolyene,Others,Cellvibrionaceae
SRR29689609.bin.78,Medium-quality,Pseudomonadota,NRPS-like,NRPS,Cellvibrionaceae
SRR29689609.bin.8,Medium-quality,Bacteroidota,arylpolyene,Others,Flavobacteriaceae
SRR29689609.bin.8,Medium-quality,Bacteroidota,arylpolyene,Others,Flavobacteriaceae
SRR29689609.bin.8,Medium-quality,Bacteroidota,arylpolyene,Others,Flavobacteriaceae
SRR29689609.bin.8,Medium-quality,Bacteroidota,T3PKS,PKSother,Flavobacteriaceae
SRR29689609.bin.83,Medium-quality,Pseudomonadota,NI-siderophore,Others,Halomonadaceae
SRR29689609.bin.83,Medium-quality,Pseudomonadota,NI-siderophore,Others,Halomonadaceae
SRR29689609.bin.83,Medium-quality,Pseudomonadota,NI-siderophore,Others,Halomonadaceae
SRR29689609.bin.83,Medium-quality,Pseudomonadota,RiPP-like,RiPPs,Halomonadaceae
SRR29689609.bin.83,Medium-quality,Pseudomonadota,arylpolyene,Others,Halomonadaceae
SRR29689609.bin.83,Medium-quality,Pseudomonadota,arylpolyene,Others,Halomonadaceae
SRR29689609.bin.83,Medium-quality,Pseudomonadota,T1PKS,PKSI,Halomonadaceae
SRR29689609.bin.84,Medium-quality,Bacteroidota,NRPS,NRPS,Cyclobacteriaceae
SRR29689609.bin.84,Medium-quality,Bacteroidota,NRPS,NRPS,Cyclobacteriaceae
SRR29689609.bin.84,Medium-quality,Bacteroidota,NRPS,NRPS,Cyclobacteriaceae
SRR29689609.bin.84,Medium-quality,Bacteroidota,NRPS,NRPS,Cyclobacteriaceae
SRR29689609.bin.84,Medium-quality,Bacteroidota,NRPS-like,NRPS,Cyclobacteriaceae
SRR29689609.bin.84,Medium-quality,Bacteroidota,NRPS-like,NRPS,Cyclobacteriaceae
SRR29689609.bin.84,Medium-quality,Bacteroidota,NRPS,NRPS,Cyclobacteriaceae
SRR29689609.bin.84,Medium-quality,Bacteroidota,NRPS,NRPS,Cyclobacteriaceae
SRR29689609.bin.84,Medium-quality,Bacteroidota,NRPS,NRPS,Cyclobacteriaceae
SRR29689609.bin.84,Medium-quality,Bacteroidota,NRPS-like,NRPS,Cyclobacteriaceae
SRR29689609.bin.84,Medium-quality,Bacteroidota,NRPS,NRPS,Cyclobacteriaceae
SRR29689609.bin.84,Medium-quality,Bacteroidota,NRPS,NRPS,Cyclobacteriaceae
SRR29689609.bin.84,Medium-quality,Bacteroidota,NRPS,NRPS,Cyclobacteriaceae
SRR29689609.bin.84,Medium-quality,Bacteroidota,resorcinol,Others,Cyclobacteriaceae
SRR29689609.bin.84,Medium-quality,Bacteroidota,arylpolyene,Others,Cyclobacteriaceae
SRR29689609.bin.84,Medium-quality,Bacteroidota,arylpolyene,Others,Cyclobacteriaceae
SRR29689609.bin.84,Medium-quality,Bacteroidota,NI-siderophore,Others,Cyclobacteriaceae
SRR29689609.bin.84,Medium-quality,Bacteroidota,NRPS,NRPS,Cyclobacteriaceae
SRR29689609.bin.84,Medium-quality,Bacteroidota,T3PKS,PKSother,Cyclobacteriaceae
SRR29689609.bin.84,Medium-quality,Bacteroidota,NRPS,NRPS,Cyclobacteriaceae
SRR29689609.bin.93,Medium-quality,Pseudomonadota,arylpolyene,Others,Alteromonadaceae
SRR29689609.bin.93,Medium-quality,Pseudomonadota,arylpolyene,Others,Alteromonadaceae
SRR29689609.bin.93,Medium-quality,Pseudomonadota,RiPP-like,RiPPs,Alteromonadaceae
SRR29689609.bin.93,Medium-quality,Pseudomonadota,RiPP-like,RiPPs,Alteromonadaceae
SRR29689609.bin.99,Medium-quality,Myxococcota,NRPS-like,NRPS,Bradymonadaceae
SRR29689609.bin.99,Medium-quality,Myxococcota,NRPS-like,NRPS,Bradymonadaceae
SRR29689609.bin.99,Medium-quality,Myxococcota,terpene,Terpene,Bradymonadaceae
SRR29689610.bin.15,Medium-quality,Pseudomonadota,RiPP-like,RiPPs,Alteromonadaceae
SRR29689610.bin.20,Medium-quality,Verrucomicrobiota,T3PKS,PKSother,Akkermansiaceae
SRR29689610.bin.20,Medium-quality,Verrucomicrobiota,NRPS.T1PKS,PKS-NRP_Hybrids,Akkermansiaceae
SRR29689610.bin.20,Medium-quality,Verrucomicrobiota,NRPS,NRPS,Akkermansiaceae
SRR29689610.bin.29,Medium-quality,Pseudomonadota,NI-siderophore,Others,Cellvibrionaceae
SRR29689610.bin.29,Medium-quality,Pseudomonadota,NI-siderophore,Others,Cellvibrionaceae
SRR29689610.bin.29,Medium-quality,Pseudomonadota,NI-siderophore,Others,Cellvibrionaceae
SRR29689610.bin.29,Medium-quality,Pseudomonadota,NI-siderophore,Others,Cellvibrionaceae
SRR29689610.bin.50,Medium-quality,Pseudomonadota,RiPP-like,RiPPs,Alteromonadaceae
SRR29689610.bin.50,Medium-quality,Pseudomonadota,arylpolyene,Others,Alteromonadaceae
SRR29689610.bin.50,Medium-quality,Pseudomonadota,arylpolyene,Others,Alteromonadaceae
SRR29689610.bin.58,Medium-quality,Bacteroidota,RRE-containing,RiPPs,Saprospiraceae
SRR29689610.bin.59,Medium-quality,Myxococcota,NRPS-like,NRPS,Myxococcaceae
SRR29689610.bin.59,Medium-quality,Myxococcota,NRPS-like,NRPS,Myxococcaceae
SRR29689610.bin.59,Medium-quality,Myxococcota,NRPS,NRPS,Myxococcaceae
SRR29689610.bin.59,Medium-quality,Myxococcota,NRPS,NRPS,Myxococcaceae
SRR29689610.bin.59,Medium-quality,Myxococcota,NRPS-like,NRPS,Myxococcaceae
SRR29689610.bin.59,Medium-quality,Myxococcota,NRPS,NRPS,Myxococcaceae
SRR29689610.bin.59,Medium-quality,Myxococcota,RiPP-like,RiPPs,Myxococcaceae
SRR29689610.bin.59,Medium-quality,Myxococcota,NRPS,NRPS,Myxococcaceae
SRR29689610.bin.59,Medium-quality,Myxococcota,NRPS,NRPS,Myxococcaceae
SRR29689610.bin.59,Medium-quality,Myxococcota,NRPS,NRPS,Myxococcaceae
SRR29689610.bin.59,Medium-quality,Myxococcota,NRPS-like,NRPS,Myxococcaceae
SRR29689610.bin.59,Medium-quality,Myxococcota,indole,Others,Myxococcaceae
SRR29689610.bin.59,Medium-quality,Myxococcota,lanthipeptide-class-ii,RiPPs,Myxococcaceae
SRR29689610.bin.59,Medium-quality,Myxococcota,T1PKS.NRPS,PKS-NRP_Hybrids,Myxococcaceae
SRR29689610.bin.59,Medium-quality,Myxococcota,indole,Others,Myxococcaceae
SRR29689610.bin.59,Medium-quality,Myxococcota,NRPS,NRPS,Myxococcaceae
SRR29689610.bin.59,Medium-quality,Myxococcota,NRPS,NRPS,Myxococcaceae
SRR29689610.bin.59,Medium-quality,Myxococcota,NRPS,NRPS,Myxococcaceae
SRR29689610.bin.59,Medium-quality,Myxococcota,NRPS-like,NRPS,Myxococcaceae
SRR29689610.bin.59,Medium-quality,Myxococcota,RiPP-like,RiPPs,Myxococcaceae
SRR29689610.bin.59,Medium-quality,Myxococcota,RiPP-like,RiPPs,Myxococcaceae
SRR29689610.bin.59,Medium-quality,Myxococcota,transAT-PKS-like,PKSother,Myxococcaceae
SRR29689610.bin.59,Medium-quality,Myxococcota,NRPS,NRPS,Myxococcaceae
SRR29689610.bin.59,Medium-quality,Myxococcota,NRPS,NRPS,Myxococcaceae
SRR29689610.bin.59,Medium-quality,Myxococcota,T1PKS.NRPS-like,PKS-NRP_Hybrids,Myxococcaceae
SRR29689610.bin.59,Medium-quality,Myxococcota,NRPS,NRPS,Myxococcaceae
SRR29689610.bin.59,Medium-quality,Myxococcota,LAP,RiPPs,Myxococcaceae
SRR29689610.bin.59,Medium-quality,Myxococcota,T3PKS,PKSother,Myxococcaceae
SRR29689610.bin.59,Medium-quality,Myxococcota,NRPS,NRPS,Myxococcaceae
SRR29689610.bin.59,Medium-quality,Myxococcota,NRPS,NRPS,Myxococcaceae
SRR29689610.bin.59,Medium-quality,Myxococcota,NRPS,NRPS,Myxococcaceae
SRR29689610.bin.59,Medium-quality,Myxococcota,NRPS,NRPS,Myxococcaceae
SRR29689610.bin.59,Medium-quality,Myxococcota,RiPP-like,RiPPs,Myxococcaceae
SRR29689610.bin.59,Medium-quality,Myxococcota,NRPS-like,NRPS,Myxococcaceae
SRR29689610.bin.59,Medium-quality,Myxococcota,NRPS,NRPS,Myxococcaceae
SRR29689610.bin.59,Medium-quality,Myxococcota,ladderane,Others,Myxococcaceae
SRR29689610.bin.59,Medium-quality,Myxococcota,NRPS,NRPS,Myxococcaceae
SRR29689610.bin.59,Medium-quality,Myxococcota,NRPS,NRPS,Myxococcaceae
SRR29689610.bin.59,Medium-quality,Myxococcota,NRPS,NRPS,Myxococcaceae
SRR29689610.bin.59,Medium-quality,Myxococcota,NRPS,NRPS,Myxococcaceae
SRR29689610.bin.59,Medium-quality,Myxococcota,lanthipeptide-class-ii,RiPPs,Myxococcaceae
SRR29689610.bin.59,Medium-quality,Myxococcota,NRPS,NRPS,Myxococcaceae
SRR29689610.bin.59,Medium-quality,Myxococcota,NRPS,NRPS,Myxococcaceae
SRR29689610.bin.59,Medium-quality,Myxococcota,terpene,Terpene,Myxococcaceae
SRR29689610.bin.73,Medium-quality,Fibrobacterota,terpene,Terpene,UBA11236
SRR29689610.bin.73,Medium-quality,Fibrobacterota,terpene,Terpene,UBA11236
SRR29689610.bin.73,Medium-quality,Fibrobacterota,T3PKS,PKSother,UBA11236
SRR29689610.bin.76,Medium-quality,Pseudomonadota,arylpolyene,Others,Cellvibrionaceae
SRR29689610.bin.76,Medium-quality,Pseudomonadota,arylpolyene,Others,Cellvibrionaceae
SRR29689610.bin.76,Medium-quality,Pseudomonadota,NRPS-like,NRPS,Cellvibrionaceae
SRR29689610.bin.76,Medium-quality,Pseudomonadota,NRPS,NRPS,Cellvibrionaceae
SRR29689610.bin.79,Medium-quality,Pseudomonadota,NRPS,NRPS,Cellvibrionaceae
SRR29689610.bin.79,Medium-quality,Pseudomonadota,NRPS,NRPS,Cellvibrionaceae
SRR29689610.bin.79,Medium-quality,Pseudomonadota,RiPP-like,RiPPs,Cellvibrionaceae
SRR29689610.bin.79,Medium-quality,Pseudomonadota,RiPP-like,RiPPs,Cellvibrionaceae
SRR29689610.bin.79,Medium-quality,Pseudomonadota,NRPS,NRPS,Cellvibrionaceae
SRR29689610.bin.79,Medium-quality,Pseudomonadota,NRPS,NRPS,Cellvibrionaceae
SRR29689610.bin.79,Medium-quality,Pseudomonadota,resorcinol,Others,Cellvibrionaceae
SRR29689610.bin.86,Medium-quality,Planctomycetota,terpene,Terpene,Planctomycetaceae
SRR29689611.bin.10,Medium-quality,Pseudomonadota,NI-siderophore,Others,Cellvibrionaceae
SRR29689611.bin.10,Medium-quality,Pseudomonadota,NI-siderophore,Others,Cellvibrionaceae
SRR29689611.bin.10,Medium-quality,Pseudomonadota,resorcinol,Others,Cellvibrionaceae
SRR29689611.bin.10,Medium-quality,Pseudomonadota,arylpolyene,Others,Cellvibrionaceae
SRR29689611.bin.2,Medium-quality,Verrucomicrobiota,NRPS,NRPS,Opitutaceae
SRR29689611.bin.2,Medium-quality,Verrucomicrobiota,T1PKS,PKSI,Opitutaceae
SRR29689611.bin.2,Medium-quality,Verrucomicrobiota,arylpolyene,Others,Opitutaceae
SRR29689611.bin.26,Medium-quality,Pseudomonadota,RiPP-like,RiPPs,Alteromonadaceae
SRR29689611.bin.26,Medium-quality,Pseudomonadota,arylpolyene,Others,Alteromonadaceae
SRR29689611.bin.26,Medium-quality,Pseudomonadota,arylpolyene,Others,Alteromonadaceae
SRR29689611.bin.28,Medium-quality,Bacteroidota,terpene,Terpene,Flavobacteriaceae
SRR29689611.bin.4,Medium-quality,Pseudomonadota,arylpolyene,Others,DSM-103792
SRR29689611.bin.4,Medium-quality,Pseudomonadota,NI-siderophore,Others,DSM-103792
SRR29689611.bin.4,Medium-quality,Pseudomonadota,NI-siderophore,Others,DSM-103792
SRR29689611.bin.44,Medium-quality,Pseudomonadota,NRPS,NRPS,Halomonadaceae
SRR29689611.bin.44,Medium-quality,Pseudomonadota,NRPS,NRPS,Halomonadaceae
SRR29689611.bin.44,Medium-quality,Pseudomonadota,T1PKS,PKSI,Halomonadaceae
SRR29689611.bin.44,Medium-quality,Pseudomonadota,RiPP-like,RiPPs,Halomonadaceae
SRR29689611.bin.48,Medium-quality,Pseudomonadota,NRPS,NRPS,Thalassospiraceae
SRR29689611.bin.48,Medium-quality,Pseudomonadota,NRPS,NRPS,Thalassospiraceae
SRR29689611.bin.48,Medium-quality,Pseudomonadota,NRPS-like,NRPS,Thalassospiraceae
SRR29689611.bin.48,Medium-quality,Pseudomonadota,T1PKS.NRPS-like,PKS-NRP_Hybrids,Thalassospiraceae
SRR29689611.bin.48,Medium-quality,Pseudomonadota,arylpolyene,Others,Thalassospiraceae
SRR29689611.bin.48,Medium-quality,Pseudomonadota,arylpolyene,Others,Thalassospiraceae
SRR29689611.bin.6,Medium-quality,Bacteroidota,terpene,Terpene,Flavobacteriaceae
SRR29689611.bin.65,Medium-quality,Verrucomicrobiota,T1PKS,PKSI,Opitutaceae
SRR29689611.bin.65,Medium-quality,Verrucomicrobiota,arylpolyene,Others,Opitutaceae
SRR29689611.bin.69,Medium-quality,Pseudomonadota,NRPS,NRPS,Alteromonadaceae
SRR29689611.bin.69,Medium-quality,Pseudomonadota,NRPS,NRPS,Alteromonadaceae
SRR29689611.bin.69,Medium-quality,Pseudomonadota,NRPS,NRPS,Alteromonadaceae
SRR29689611.bin.69,Medium-quality,Pseudomonadota,NRPS,NRPS,Alteromonadaceae
SRR29689611.bin.69,Medium-quality,Pseudomonadota,NRPS,NRPS,Alteromonadaceae
SRR29689611.bin.69,Medium-quality,Pseudomonadota,NRPS,NRPS,Alteromonadaceae
SRR29689611.bin.69,Medium-quality,Pseudomonadota,NRPS,NRPS,Alteromonadaceae
SRR29689611.bin.69,Medium-quality,Pseudomonadota,resorcinol,Others,Alteromonadaceae
SRR29689611.bin.69,Medium-quality,Pseudomonadota,NRPS,NRPS,Alteromonadaceae
SRR29689611.bin.75,Medium-quality,Bacillota,terpene,Terpene,Bacillaceae_B
SRR29689611.bin.75,Medium-quality,Bacillota,NI-siderophore,Others,Bacillaceae_B
SRR29689611.bin.75,Medium-quality,Bacillota,NI-siderophore,Others,Bacillaceae_B
SRR29689611.bin.75,Medium-quality,Bacillota,RiPP-like,RiPPs,Bacillaceae_B
SRR29689611.bin.75,Medium-quality,Bacillota,RiPP-like,RiPPs,Bacillaceae_B
SRR29689611.bin.78,Medium-quality,Myxococcota,NRPS,NRPS,Polyangiaceae
SRR29689611.bin.78,Medium-quality,Myxococcota,NI-siderophore,Others,Polyangiaceae
SRR29689611.bin.78,Medium-quality,Myxococcota,NI-siderophore,Others,Polyangiaceae
SRR29689611.bin.78,Medium-quality,Myxococcota,terpene,Terpene,Polyangiaceae
SRR29689611.bin.78,Medium-quality,Myxococcota,T1PKS.NRPS-like,PKS-NRP_Hybrids,Polyangiaceae
SRR29689611.bin.78,Medium-quality,Myxococcota,NRPS,NRPS,Polyangiaceae
SRR29689611.bin.78,Medium-quality,Myxococcota,arylpolyene,Others,Polyangiaceae
SRR29689611.bin.78,Medium-quality,Myxococcota,T3PKS,PKSother,Polyangiaceae
SRR29689611.bin.78,Medium-quality,Myxococcota,T1PKS,PKSI,Polyangiaceae
SRR29689611.bin.78,Medium-quality,Myxococcota,NRPS-like,NRPS,Polyangiaceae
SRR29689611.bin.78,Medium-quality,Myxococcota,NRPS,NRPS,Polyangiaceae
SRR29689611.bin.78,Medium-quality,Myxococcota,NRPS-like,NRPS,Polyangiaceae
SRR29689611.bin.78,Medium-quality,Myxococcota,NRPS-like,NRPS,Polyangiaceae
SRR29689611.bin.78,Medium-quality,Myxococcota,NRPS-like,NRPS,Polyangiaceae
SRR29689611.bin.78,Medium-quality,Myxococcota,T1PKS,PKSI,Polyangiaceae
SRR29689611.bin.78,Medium-quality,Myxococcota,NRPS,NRPS,Polyangiaceae
SRR29689611.bin.78,Medium-quality,Myxococcota,indole,Others,Polyangiaceae
SRR29689611.bin.90,Medium-quality,Myxococcota,NRPS-like,NRPS,Polyangiaceae
SRR29689611.bin.90,Medium-quality,Myxococcota,T1PKS,PKSI,Polyangiaceae
SRR29689611.bin.90,Medium-quality,Myxococcota,arylpolyene,Others,Polyangiaceae
SRR29689611.bin.90,Medium-quality,Myxococcota,NI-siderophore,Others,Polyangiaceae
SRR29689611.bin.90,Medium-quality,Myxococcota,NI-siderophore,Others,Polyangiaceae
SRR29689611.bin.90,Medium-quality,Myxococcota,arylpolyene,Others,Polyangiaceae
SRR29689611.bin.90,Medium-quality,Myxococcota,NRPS-like,NRPS,Polyangiaceae
SRR29689611.bin.90,Medium-quality,Myxococcota,terpene,Terpene,Polyangiaceae
SRR29689611.bin.90,Medium-quality,Myxococcota,terpene,Terpene,Polyangiaceae
SRR29689611.bin.90,Medium-quality,Myxococcota,terpene,Terpene,Polyangiaceae
SRR29689611.bin.90,Medium-quality,Myxococcota,RiPP-like,RiPPs,Polyangiaceae
SRR29689611.bin.90,Medium-quality,Myxococcota,T1PKS.NRPS,PKS-NRP_Hybrids,Polyangiaceae
SRR29792380.bin.3,Medium-quality,Gemmatimonadota,RiPP-like,RiPPs,GWC2-71-9
SRR29792381.bin.4,Medium-quality,Pseudomonadota,acyl_amino_acids,Others,SG8-39
SRR29792381.bin.4,Medium-quality,Pseudomonadota,NRPS-like,NRPS,SG8-39
SRR31572239.bin.5,Medium-quality,Bdellovibrionota,T3PKS,PKSother,Bacteriovoracaceae
SRR31572239.bin.5,Medium-quality,Bdellovibrionota,RiPP-like,RiPPs,Bacteriovoracaceae
SRR31572239.bin.5,Medium-quality,Bdellovibrionota,NI-siderophore,Others,Bacteriovoracaceae
SRR31572239.bin.5,Medium-quality,Bdellovibrionota,NI-siderophore,Others,Bacteriovoracaceae
SRR31572239.bin.6,Medium-quality,Pseudomonadota,resorcinol,Others,Chitinimonadaceae
SRR31572239.bin.6,Medium-quality,Pseudomonadota,NI-siderophore,Others,Chitinimonadaceae
SRR31572239.bin.6,Medium-quality,Pseudomonadota,NI-siderophore,Others,Chitinimonadaceae
SRR31572239.bin.6,Medium-quality,Pseudomonadota,NRPS,NRPS,Chitinimonadaceae
SRR31572239.bin.6,Medium-quality,Pseudomonadota,RiPP-like,RiPPs,Chitinimonadaceae
SRR31572241.bin.1,Medium-quality,Pseudomonadota,terpene,Terpene,Sphingomonadaceae
SRR31572241.bin.15,Medium-quality,Pseudomonadota,NRPS,NRPS,Pseudomonadaceae
SRR31572241.bin.15,Medium-quality,Pseudomonadota,arylpolyene,Others,Pseudomonadaceae
SRR31572241.bin.15,Medium-quality,Pseudomonadota,arylpolyene,Others,Pseudomonadaceae
SRR31572241.bin.15,Medium-quality,Pseudomonadota,terpene,Terpene,Pseudomonadaceae
SRR31572241.bin.15,Medium-quality,Pseudomonadota,NRPS,NRPS,Pseudomonadaceae
SRR31572241.bin.18,Medium-quality,Bacteroidota,T3PKS,PKSother,Flavobacteriaceae
SRR31572241.bin.18,Medium-quality,Bacteroidota,terpene,Terpene,Flavobacteriaceae
SRR31572241.bin.18,Medium-quality,Bacteroidota,resorcinol,Others,Flavobacteriaceae
SRR31572241.bin.18,Medium-quality,Bacteroidota,arylpolyene,Others,Flavobacteriaceae
SRR31572241.bin.18,Medium-quality,Bacteroidota,arylpolyene,Others,Flavobacteriaceae
SRR31572241.bin.18,Medium-quality,Bacteroidota,arylpolyene,Others,Flavobacteriaceae
SRR31572241.bin.20,Medium-quality,Pseudomonadota,arylpolyene,Others,Rhodanobacteraceae
SRR31572241.bin.27,Medium-quality,Pseudomonadota,NRPS,NRPS,Pseudomonadaceae
SRR31572241.bin.27,Medium-quality,Pseudomonadota,NRPS-like,NRPS,Pseudomonadaceae
SRR31572241.bin.27,Medium-quality,Pseudomonadota,NRPS,NRPS,Pseudomonadaceae
SRR31572241.bin.27,Medium-quality,Pseudomonadota,NRPS,NRPS,Pseudomonadaceae
SRR31572241.bin.27,Medium-quality,Pseudomonadota,arylpolyene,Others,Pseudomonadaceae
SRR31572241.bin.27,Medium-quality,Pseudomonadota,arylpolyene,Others,Pseudomonadaceae
SRR31572241.bin.27,Medium-quality,Pseudomonadota,NRPS,NRPS,Pseudomonadaceae
SRR31572241.bin.27,Medium-quality,Pseudomonadota,NRPS,NRPS,Pseudomonadaceae
SRR31572241.bin.27,Medium-quality,Pseudomonadota,RiPP-like,RiPPs,Pseudomonadaceae
SRR31572241.bin.32,Medium-quality,Pseudomonadota,NRPS,NRPS,Enterobacteriaceae
SRR31572241.bin.32,Medium-quality,Pseudomonadota,NRPS,NRPS,Enterobacteriaceae
SRR31572241.bin.32,Medium-quality,Pseudomonadota,NRPS,NRPS,Enterobacteriaceae
SRR31572241.bin.32,Medium-quality,Pseudomonadota,NRPS,NRPS,Enterobacteriaceae
SRR31572241.bin.32,Medium-quality,Pseudomonadota,NRPS,NRPS,Enterobacteriaceae
SRR31572241.bin.32,Medium-quality,Pseudomonadota,NRPS,NRPS,Enterobacteriaceae
SRR31572241.bin.32,Medium-quality,Pseudomonadota,RiPP-like,RiPPs,Enterobacteriaceae
SRR31572241.bin.32,Medium-quality,Pseudomonadota,RiPP-like,RiPPs,Enterobacteriaceae
SRR31572241.bin.32,Medium-quality,Pseudomonadota,NRPS,NRPS,Enterobacteriaceae
SRR31572241.bin.32,Medium-quality,Pseudomonadota,NRP-metallophore.NRPS,Others,Enterobacteriaceae
SRR31572241.bin.32,Medium-quality,Pseudomonadota,NRPS,NRPS,Enterobacteriaceae
SRR31572241.bin.32,Medium-quality,Pseudomonadota,NRPS,NRPS,Enterobacteriaceae
SRR31572241.bin.32,Medium-quality,Pseudomonadota,T1PKS,PKSI,Enterobacteriaceae
SRR31572241.bin.32,Medium-quality,Pseudomonadota,NRPS,NRPS,Enterobacteriaceae
SRR31572242.bin.1,Medium-quality,Actinomycetota,lanthipeptide-class-ii,RiPPs,Mycobacteriaceae
SRR31572242.bin.1,Medium-quality,Actinomycetota,NRPS,NRPS,Mycobacteriaceae
SRR31572242.bin.1,Medium-quality,Actinomycetota,NRPS,NRPS,Mycobacteriaceae
SRR31572242.bin.1,Medium-quality,Actinomycetota,NRPS-like,NRPS,Mycobacteriaceae
SRR31572242.bin.1,Medium-quality,Actinomycetota,NRPS,NRPS,Mycobacteriaceae
SRR31572242.bin.1,Medium-quality,Actinomycetota,NRPS,NRPS,Mycobacteriaceae
SRR31572242.bin.1,Medium-quality,Actinomycetota,NAPAA,NRPS,Mycobacteriaceae
SRR31572242.bin.1,Medium-quality,Actinomycetota,terpene,Terpene,Mycobacteriaceae
SRR31572242.bin.1,Medium-quality,Actinomycetota,NRPS,NRPS,Mycobacteriaceae
SRR31572242.bin.1,Medium-quality,Actinomycetota,NRPS,NRPS,Mycobacteriaceae
SRR31572242.bin.1,Medium-quality,Actinomycetota,T1PKS,PKSI,Mycobacteriaceae
SRR31572242.bin.21,Medium-quality,Pseudomonadota,RiPP-like,RiPPs,Halomonadaceae
SRR31572242.bin.21,Medium-quality,Pseudomonadota,RRE-containing,RiPPs,Halomonadaceae
SRR31572242.bin.21,Medium-quality,Pseudomonadota,T1PKS,PKSI,Halomonadaceae
SRR31572242.bin.29,Medium-quality,Pseudomonadota,NRPS-like,NRPS,Caulobacteraceae
SRR31572242.bin.3,Medium-quality,Bacillota_A,NRPS,NRPS,Lachnospiraceae
SRR31572242.bin.3,Medium-quality,Bacillota_A,ranthipeptide,RiPPs,Lachnospiraceae
SRR31572242.bin.3,Medium-quality,Bacillota_A,NRPS,NRPS,Lachnospiraceae
SRR31572242.bin.4,Medium-quality,Pseudomonadota,arylpolyene,Others,Burkholderiaceae
SRR31572242.bin.4,Medium-quality,Pseudomonadota,arylpolyene,Others,Burkholderiaceae
SRR31572242.bin.4,Medium-quality,Pseudomonadota,NI-siderophore,Others,Burkholderiaceae
SRR31572242.bin.4,Medium-quality,Pseudomonadota,LAP,RiPPs,Burkholderiaceae
SRR31572242.bin.4,Medium-quality,Pseudomonadota,NRPS-like,NRPS,Burkholderiaceae
SRR31572242.bin.4,Medium-quality,Pseudomonadota,T1PKS.NRPS-like,PKS-NRP_Hybrids,Burkholderiaceae
SRR31572242.bin.5,Medium-quality,Pseudomonadota,RiPP-like,RiPPs,Pseudomonadaceae
SRR31572242.bin.7,Medium-quality,Pseudomonadota,NRPS,NRPS,Enterobacteriaceae
SRR31572242.bin.7,Medium-quality,Pseudomonadota,NRPS-like,NRPS,Enterobacteriaceae
SRR31572242.bin.7,Medium-quality,Pseudomonadota,terpene,Terpene,Enterobacteriaceae
SRR31572242.bin.7,Medium-quality,Pseudomonadota,arylpolyene,Others,Enterobacteriaceae
SRR31572242.bin.7,Medium-quality,Pseudomonadota,arylpolyene,Others,Enterobacteriaceae
SRR31572242.bin.7,Medium-quality,Pseudomonadota,RiPP-like,RiPPs,Enterobacteriaceae
SRR31572242.bin.7,Medium-quality,Pseudomonadota,arylpolyene,Others,Enterobacteriaceae
SRR31572242.bin.7,Medium-quality,Pseudomonadota,arylpolyene,Others,Enterobacteriaceae
SRR31572243.bin.1,Medium-quality,Bacillota_A,ranthipeptide,RiPPs,Lachnospiraceae
SRR31572243.bin.12,Medium-quality,Pseudomonadota,NRPS-like,NRPS,Rhizobiaceae
SRR31572243.bin.16,Medium-quality,Actinomycetota,NRPS-like,NRPS,Mycobacteriaceae
SRR31572243.bin.16,Medium-quality,Actinomycetota,NRPS,NRPS,Mycobacteriaceae
SRR31572243.bin.16,Medium-quality,Actinomycetota,NAPAA,NRPS,Mycobacteriaceae
SRR31572243.bin.16,Medium-quality,Actinomycetota,NRPS,NRPS,Mycobacteriaceae
SRR31572243.bin.16,Medium-quality,Actinomycetota,terpene,Terpene,Mycobacteriaceae
SRR31572243.bin.16,Medium-quality,Actinomycetota,NRPS,NRPS,Mycobacteriaceae
SRR31572243.bin.16,Medium-quality,Actinomycetota,hglE-KS,PKSother,Mycobacteriaceae
SRR31572243.bin.16,Medium-quality,Actinomycetota,hglE-KS,PKSother,Mycobacteriaceae
SRR31572243.bin.16,Medium-quality,Actinomycetota,T1PKS,PKSI,Mycobacteriaceae
SRR31572243.bin.16,Medium-quality,Actinomycetota,NRPS,NRPS,Mycobacteriaceae
SRR31572243.bin.16,Medium-quality,Actinomycetota,NRPS,NRPS,Mycobacteriaceae
SRR31572243.bin.16,Medium-quality,Actinomycetota,NRPS,NRPS,Mycobacteriaceae
SRR31572243.bin.2,Medium-quality,Pseudomonadota,NRPS,NRPS,Pseudomonadaceae
SRR31572243.bin.2,Medium-quality,Pseudomonadota,NRPS,NRPS,Pseudomonadaceae
SRR31572243.bin.2,Medium-quality,Pseudomonadota,NRPS-like,NRPS,Pseudomonadaceae
SRR31572243.bin.2,Medium-quality,Pseudomonadota,NRPS,NRPS,Pseudomonadaceae
SRR31572243.bin.2,Medium-quality,Pseudomonadota,NRPS,NRPS,Pseudomonadaceae
SRR31572243.bin.2,Medium-quality,Pseudomonadota,NRPS,NRPS,Pseudomonadaceae
SRR31572243.bin.2,Medium-quality,Pseudomonadota,NRPS,NRPS,Pseudomonadaceae
SRR31572243.bin.2,Medium-quality,Pseudomonadota,NRPS,NRPS,Pseudomonadaceae
SRR31572243.bin.2,Medium-quality,Pseudomonadota,NRPS,NRPS,Pseudomonadaceae
SRR31572243.bin.2,Medium-quality,Pseudomonadota,NRPS,NRPS,Pseudomonadaceae
SRR31572243.bin.2,Medium-quality,Pseudomonadota,NRPS-like,NRPS,Pseudomonadaceae
SRR31572243.bin.2,Medium-quality,Pseudomonadota,NRPS,NRPS,Pseudomonadaceae
SRR31572243.bin.2,Medium-quality,Pseudomonadota,NRPS,NRPS,Pseudomonadaceae
SRR31572243.bin.2,Medium-quality,Pseudomonadota,NRPS,NRPS,Pseudomonadaceae
SRR31572243.bin.2,Medium-quality,Pseudomonadota,NRPS,NRPS,Pseudomonadaceae
SRR31572243.bin.2,Medium-quality,Pseudomonadota,NRPS,NRPS,Pseudomonadaceae
SRR31572243.bin.2,Medium-quality,Pseudomonadota,NRPS,NRPS,Pseudomonadaceae
SRR31572243.bin.2,Medium-quality,Pseudomonadota,arylpolyene,Others,Pseudomonadaceae
SRR31572243.bin.2,Medium-quality,Pseudomonadota,arylpolyene,Others,Pseudomonadaceae
SRR31572243.bin.2,Medium-quality,Pseudomonadota,NRPS,NRPS,Pseudomonadaceae
SRR31572243.bin.2,Medium-quality,Pseudomonadota,NRPS-like,NRPS,Pseudomonadaceae
SRR31572243.bin.2,Medium-quality,Pseudomonadota,NRPS,NRPS,Pseudomonadaceae
SRR31572243.bin.2,Medium-quality,Pseudomonadota,NRPS,NRPS,Pseudomonadaceae
SRR31572243.bin.2,Medium-quality,Pseudomonadota,NRPS,NRPS,Pseudomonadaceae
SRR31572243.bin.2,Medium-quality,Pseudomonadota,NRPS,NRPS,Pseudomonadaceae
SRR31572243.bin.2,Medium-quality,Pseudomonadota,NRPS,NRPS,Pseudomonadaceae
SRR31572243.bin.2,Medium-quality,Pseudomonadota,NRPS,NRPS,Pseudomonadaceae
SRR31572243.bin.2,Medium-quality,Pseudomonadota,NRPS,NRPS,Pseudomonadaceae
SRR31572243.bin.2,Medium-quality,Pseudomonadota,NRPS,NRPS,Pseudomonadaceae
SRR31572243.bin.22,Medium-quality,Pseudomonadota,NRPS-like,NRPS,Burkholderiaceae
SRR31572243.bin.22,Medium-quality,Pseudomonadota,NRPS,NRPS,Burkholderiaceae
SRR31572243.bin.22,Medium-quality,Pseudomonadota,NRPS,NRPS,Burkholderiaceae
SRR31572243.bin.22,Medium-quality,Pseudomonadota,NRPS,NRPS,Burkholderiaceae
SRR31572243.bin.22,Medium-quality,Pseudomonadota,T1PKS,PKSI,Burkholderiaceae
SRR31572243.bin.22,Medium-quality,Pseudomonadota,NRPS,NRPS,Burkholderiaceae
SRR31572243.bin.22,Medium-quality,Pseudomonadota,NRPS,NRPS,Burkholderiaceae
SRR31572243.bin.22,Medium-quality,Pseudomonadota,resorcinol,Others,Burkholderiaceae
SRR31572243.bin.22,Medium-quality,Pseudomonadota,RiPP-like,RiPPs,Burkholderiaceae
SRR31572243.bin.22,Medium-quality,Pseudomonadota,T1PKS.NRPS-like,PKS-NRP_Hybrids,Burkholderiaceae
SRR31572243.bin.22,Medium-quality,Pseudomonadota,resorcinol,Others,Burkholderiaceae
SRR31572243.bin.22,Medium-quality,Pseudomonadota,arylpolyene,Others,Burkholderiaceae
SRR31572243.bin.26,Medium-quality,Actinomycetota,NI-siderophore,Others,Rubrobacteraceae
SRR31572243.bin.26,Medium-quality,Actinomycetota,NI-siderophore,Others,Rubrobacteraceae
SRR31572243.bin.26,Medium-quality,Actinomycetota,terpene,Terpene,Rubrobacteraceae
SRR31572243.bin.26,Medium-quality,Actinomycetota,terpene,Terpene,Rubrobacteraceae
SRR31572243.bin.26,Medium-quality,Actinomycetota,NRPS-like,NRPS,Rubrobacteraceae
SRR31572243.bin.26,Medium-quality,Actinomycetota,T3PKS,PKSother,Rubrobacteraceae
SRR31572243.bin.26,Medium-quality,Actinomycetota,NRPS-like,NRPS,Rubrobacteraceae
SRR31572243.bin.32,Medium-quality,Pseudomonadota,terpene,Terpene,Sphingomonadaceae
SRR31572243.bin.32,Medium-quality,Pseudomonadota,T3PKS,PKSother,Sphingomonadaceae
SRR31572243.bin.33,Medium-quality,Pseudomonadota,terpene,Terpene,Enterobacteriaceae
SRR31572243.bin.33,Medium-quality,Pseudomonadota,NRPS,NRPS,Enterobacteriaceae
SRR31572243.bin.33,Medium-quality,Pseudomonadota,RiPP-like,RiPPs,Enterobacteriaceae
SRR31572244.bin.11,Medium-quality,Bacteroidota,NRPS,NRPS,Chitinophagaceae
SRR31572244.bin.11,Medium-quality,Bacteroidota,NRPS,NRPS,Chitinophagaceae
SRR31572244.bin.11,Medium-quality,Bacteroidota,T3PKS,PKSother,Chitinophagaceae
SRR31572244.bin.11,Medium-quality,Bacteroidota,NRPS,NRPS,Chitinophagaceae
SRR31572244.bin.11,Medium-quality,Bacteroidota,NRPS,NRPS,Chitinophagaceae
SRR31572244.bin.11,Medium-quality,Bacteroidota,NRPS,NRPS,Chitinophagaceae
SRR31572244.bin.11,Medium-quality,Bacteroidota,NRPS-like,NRPS,Chitinophagaceae
SRR31572244.bin.11,Medium-quality,Bacteroidota,NRPS,NRPS,Chitinophagaceae
SRR31572244.bin.11,Medium-quality,Bacteroidota,NRPS,NRPS,Chitinophagaceae
SRR31572244.bin.12,Medium-quality,Pseudomonadota,arylpolyene,Others,Enterobacteriaceae
SRR31572244.bin.12,Medium-quality,Pseudomonadota,arylpolyene,Others,Enterobacteriaceae
SRR31572244.bin.12,Medium-quality,Pseudomonadota,RiPP-like,RiPPs,Enterobacteriaceae
SRR31572244.bin.12,Medium-quality,Pseudomonadota,NRPS,NRPS,Enterobacteriaceae
SRR31572244.bin.12,Medium-quality,Pseudomonadota,NI-siderophore,Others,Enterobacteriaceae
SRR31572244.bin.12,Medium-quality,Pseudomonadota,NI-siderophore,Others,Enterobacteriaceae
SRR31572244.bin.13,Medium-quality,Pseudomonadota,arylpolyene,Others,Burkholderiaceae
SRR31572244.bin.13,Medium-quality,Pseudomonadota,NRPS,NRPS,Burkholderiaceae
SRR31572244.bin.13,Medium-quality,Pseudomonadota,NRPS,NRPS,Burkholderiaceae
SRR31572244.bin.13,Medium-quality,Pseudomonadota,NI-siderophore,Others,Burkholderiaceae
SRR31572244.bin.13,Medium-quality,Pseudomonadota,NRPS,NRPS,Burkholderiaceae
SRR31572244.bin.13,Medium-quality,Pseudomonadota,NRPS,NRPS,Burkholderiaceae
SRR31572244.bin.13,Medium-quality,Pseudomonadota,T1PKS.NRPS-like,PKS-NRP_Hybrids,Burkholderiaceae
SRR31572244.bin.13,Medium-quality,Pseudomonadota,NRPS,NRPS,Burkholderiaceae
SRR31572244.bin.13,Medium-quality,Pseudomonadota,resorcinol,Others,Burkholderiaceae
SRR31572244.bin.13,Medium-quality,Pseudomonadota,NRPS-like,NRPS,Burkholderiaceae
SRR31572244.bin.15,Medium-quality,Pseudomonadota,terpene,Terpene,Caulobacteraceae
SRR31572244.bin.18,Medium-quality,Bacillota_A,NRPS,NRPS,Clostridiaceae
SRR31572244.bin.21,Medium-quality,Bacillota_A,RRE-containing,RiPPs,Lachnospiraceae
SRR31572244.bin.21,Medium-quality,Bacillota_A,NRPS,NRPS,Lachnospiraceae
SRR31572244.bin.21,Medium-quality,Bacillota_A,ranthipeptide,RiPPs,Lachnospiraceae
SRR31572244.bin.5,Medium-quality,Actinomycetota,NRPS,NRPS,Streptosporangiaceae
SRR31572244.bin.5,Medium-quality,Actinomycetota,NRPS-like,NRPS,Streptosporangiaceae
SRR31572244.bin.5,Medium-quality,Actinomycetota,NRPS,NRPS,Streptosporangiaceae
SRR31572244.bin.5,Medium-quality,Actinomycetota,RRE-containing,RiPPs,Streptosporangiaceae
SRR31572244.bin.5,Medium-quality,Actinomycetota,RiPP-like,RiPPs,Streptosporangiaceae
SRR31572244.bin.5,Medium-quality,Actinomycetota,NI-siderophore,Others,Streptosporangiaceae
SRR31572244.bin.5,Medium-quality,Actinomycetota,NI-siderophore,Others,Streptosporangiaceae
SRR31572244.bin.5,Medium-quality,Actinomycetota,NRPS,NRPS,Streptosporangiaceae
SRR31572244.bin.5,Medium-quality,Actinomycetota,indole,Others,Streptosporangiaceae
SRR31572244.bin.5,Medium-quality,Actinomycetota,T1PKS,PKSI,Streptosporangiaceae
SRR31572244.bin.5,Medium-quality,Actinomycetota,T1PKS,PKSI,Streptosporangiaceae
SRR31572244.bin.5,Medium-quality,Actinomycetota,NRPS,NRPS,Streptosporangiaceae
SRR31572244.bin.5,Medium-quality,Actinomycetota,NRPS,NRPS,Streptosporangiaceae
SRR31572244.bin.5,Medium-quality,Actinomycetota,NAPAA,NRPS,Streptosporangiaceae
SRR31572244.bin.5,Medium-quality,Actinomycetota,lanthipeptide-class-iv,RiPPs,Streptosporangiaceae
SRR31572244.bin.5,Medium-quality,Actinomycetota,lanthipeptide-class-iv,RiPPs,Streptosporangiaceae
SRR31572244.bin.5,Medium-quality,Actinomycetota,NRPS,NRPS,Streptosporangiaceae
SRR31572244.bin.5,Medium-quality,Actinomycetota,NRPS,NRPS,Streptosporangiaceae
SRR31572244.bin.5,Medium-quality,Actinomycetota,NRPS,NRPS,Streptosporangiaceae
SRR31572244.bin.5,Medium-quality,Actinomycetota,NRPS-like,NRPS,Streptosporangiaceae
SRR31572244.bin.5,Medium-quality,Actinomycetota,RiPP-like,RiPPs,Streptosporangiaceae
SRR31572244.bin.5,Medium-quality,Actinomycetota,NRPS-like,NRPS,Streptosporangiaceae
SRR31572244.bin.5,Medium-quality,Actinomycetota,T3PKS,PKSother,Streptosporangiaceae
SRR31572244.bin.5,Medium-quality,Actinomycetota,terpene,Terpene,Streptosporangiaceae
SRR31572244.bin.5,Medium-quality,Actinomycetota,terpene,Terpene,Streptosporangiaceae
SRR31572244.bin.5,Medium-quality,Actinomycetota,lanthipeptide-class-ii,RiPPs,Streptosporangiaceae
SRR31572244.bin.5,Medium-quality,Actinomycetota,NI-siderophore,Others,Streptosporangiaceae
SRR31572244.bin.5,Medium-quality,Actinomycetota,NI-siderophore,Others,Streptosporangiaceae
SRR31572244.bin.5,Medium-quality,Actinomycetota,RiPP-like,RiPPs,Streptosporangiaceae
SRR31572244.bin.5,Medium-quality,Actinomycetota,lanthipeptide-class-iii,RiPPs,Streptosporangiaceae
SRR31572244.bin.5,Medium-quality,Actinomycetota,terpene,Terpene,Streptosporangiaceae
SRR31572244.bin.5,Medium-quality,Actinomycetota,T3PKS,PKSother,Streptosporangiaceae
SRR31572244.bin.5,Medium-quality,Actinomycetota,terpene,Terpene,Streptosporangiaceae
SRR31572244.bin.5,Medium-quality,Actinomycetota,NI-siderophore,Others,Streptosporangiaceae
SRR31572244.bin.5,Medium-quality,Actinomycetota,NI-siderophore,Others,Streptosporangiaceae
SRR31572244.bin.5,Medium-quality,Actinomycetota,lanthipeptide-class-ii,RiPPs,Streptosporangiaceae
SRR31572244.bin.5,Medium-quality,Actinomycetota,T1PKS,PKSI,Streptosporangiaceae
SRR31572244.bin.5,Medium-quality,Actinomycetota,NRPS,NRPS,Streptosporangiaceae
SRR31572244.bin.5,Medium-quality,Actinomycetota,T1PKS,PKSI,Streptosporangiaceae
SRR31674855.bin.18,Medium-quality,Acidobacteriota,T1PKS,PKSI,Pyrinomonadaceae
SRR31674855.bin.18,Medium-quality,Acidobacteriota,T1PKS,PKSI,Pyrinomonadaceae
SRR31674855.bin.18,Medium-quality,Acidobacteriota,NRPS,NRPS,Pyrinomonadaceae
SRR31674855.bin.18,Medium-quality,Acidobacteriota,NRPS,NRPS,Pyrinomonadaceae
SRR31674855.bin.18,Medium-quality,Acidobacteriota,NRPS-like,NRPS,Pyrinomonadaceae
SRR31674855.bin.18,Medium-quality,Acidobacteriota,NRPS,NRPS,Pyrinomonadaceae
SRR31674855.bin.18,Medium-quality,Acidobacteriota,NRPS,NRPS,Pyrinomonadaceae
SRR31674855.bin.18,Medium-quality,Acidobacteriota,NRPS-like,NRPS,Pyrinomonadaceae
SRR31674855.bin.18,Medium-quality,Acidobacteriota,T1PKS,PKSI,Pyrinomonadaceae
SRR31674855.bin.18,Medium-quality,Acidobacteriota,NRPS-like,NRPS,Pyrinomonadaceae
SRR31674855.bin.18,Medium-quality,Acidobacteriota,NRPS,NRPS,Pyrinomonadaceae
SRR31674855.bin.18,Medium-quality,Acidobacteriota,NRPS,NRPS,Pyrinomonadaceae
SRR31674855.bin.18,Medium-quality,Acidobacteriota,NRPS,NRPS,Pyrinomonadaceae
SRR31674855.bin.18,Medium-quality,Acidobacteriota,T3PKS,PKSother,Pyrinomonadaceae
SRR31674855.bin.18,Medium-quality,Acidobacteriota,NRPS,NRPS,Pyrinomonadaceae
SRR31674855.bin.18,Medium-quality,Acidobacteriota,NRPS,NRPS,Pyrinomonadaceae
SRR31674855.bin.18,Medium-quality,Acidobacteriota,NRPS,NRPS,Pyrinomonadaceae
SRR31674855.bin.18,Medium-quality,Acidobacteriota,NRPS,NRPS,Pyrinomonadaceae
SRR31674855.bin.18,Medium-quality,Acidobacteriota,NRPS,NRPS,Pyrinomonadaceae
SRR31674855.bin.18,Medium-quality,Acidobacteriota,NRPS,NRPS,Pyrinomonadaceae
SRR31674855.bin.18,Medium-quality,Acidobacteriota,NRPS,NRPS,Pyrinomonadaceae
SRR31674855.bin.18,Medium-quality,Acidobacteriota,T1PKS,PKSI,Pyrinomonadaceae
SRR31674855.bin.18,Medium-quality,Acidobacteriota,NRPS-like,NRPS,Pyrinomonadaceae
SRR31674855.bin.18,Medium-quality,Acidobacteriota,NRPS-like,NRPS,Pyrinomonadaceae
SRR31674855.bin.18,Medium-quality,Acidobacteriota,NRPS-like,NRPS,Pyrinomonadaceae
SRR31674855.bin.18,Medium-quality,Acidobacteriota,NRPS-like,NRPS,Pyrinomonadaceae
SRR31674855.bin.18,Medium-quality,Acidobacteriota,lanthipeptide-class-ii,RiPPs,Pyrinomonadaceae
SRR31674855.bin.18,Medium-quality,Acidobacteriota,NRPS,NRPS,Pyrinomonadaceae
SRR31674855.bin.18,Medium-quality,Acidobacteriota,NRPS,NRPS,Pyrinomonadaceae
SRR31674855.bin.18,Medium-quality,Acidobacteriota,NRPS,NRPS,Pyrinomonadaceae
SRR31674855.bin.18,Medium-quality,Acidobacteriota,T1PKS,PKSI,Pyrinomonadaceae
SRR31674855.bin.18,Medium-quality,Acidobacteriota,NRPS,NRPS,Pyrinomonadaceae
SRR31674855.bin.18,Medium-quality,Acidobacteriota,NRPS-like,NRPS,Pyrinomonadaceae
SRR31674855.bin.18,Medium-quality,Acidobacteriota,NRPS,NRPS,Pyrinomonadaceae
SRR31674855.bin.18,Medium-quality,Acidobacteriota,NRPS-like,NRPS,Pyrinomonadaceae
SRR31674855.bin.18,Medium-quality,Acidobacteriota,NRPS,NRPS,Pyrinomonadaceae
SRR31674855.bin.18,Medium-quality,Acidobacteriota,NRPS-like,NRPS,Pyrinomonadaceae
SRR31674855.bin.4,Medium-quality,Actinomycetota,phosphonate,Others,Jiangellaceae
SRR31674855.bin.4,Medium-quality,Actinomycetota,T3PKS,PKSother,Jiangellaceae
SRR31674855.bin.4,Medium-quality,Actinomycetota,RRE-containing,RiPPs,Jiangellaceae
SRR31674855.bin.7,Medium-quality,Pseudomonadota,arylpolyene,Others,Burkholderiaceae
SRR31674856.bin.10,Medium-quality,Pseudomonadota,NRPS-like,NRPS,SG8-39
SRR31674856.bin.15,Medium-quality,Actinomycetota,NRPS-like,NRPS,ZC4RG35
SRR31674856.bin.19,Medium-quality,Methylomirabilota,terpene,Terpene,CSP1-6
SRR31674856.bin.19,Medium-quality,Methylomirabilota,phosphonate,Others,CSP1-6
SRR31674856.bin.19,Medium-quality,Methylomirabilota,NRPS-like,NRPS,CSP1-6
SRR31674856.bin.19,Medium-quality,Methylomirabilota,terpene,Terpene,CSP1-6
SRR31674856.bin.19,Medium-quality,Methylomirabilota,ladderane,Others,CSP1-6
SRR31674856.bin.28,Medium-quality,Acidobacteriota,NRPS,NRPS,Unclassified
SRR31674856.bin.28,Medium-quality,Acidobacteriota,NRPS,NRPS,Unclassified
SRR31674856.bin.28,Medium-quality,Acidobacteriota,NRPS,NRPS,Unclassified
SRR31674856.bin.28,Medium-quality,Acidobacteriota,NRPS,NRPS,Unclassified
SRR31674856.bin.28,Medium-quality,Acidobacteriota,NRPS,NRPS,Unclassified
SRR31674856.bin.28,Medium-quality,Acidobacteriota,NRPS,NRPS,Unclassified
SRR31674856.bin.28,Medium-quality,Acidobacteriota,NRPS,NRPS,Unclassified
SRR31674856.bin.28,Medium-quality,Acidobacteriota,NRPS,NRPS,Unclassified
SRR31674856.bin.28,Medium-quality,Acidobacteriota,NRPS,NRPS,Unclassified
SRR31674856.bin.28,Medium-quality,Acidobacteriota,NRPS,NRPS,Unclassified
SRR31674856.bin.28,Medium-quality,Acidobacteriota,NRPS-like,NRPS,Unclassified
SRR31674856.bin.28,Medium-quality,Acidobacteriota,T1PKS.NRPS,PKS-NRP_Hybrids,Unclassified
SRR31674856.bin.28,Medium-quality,Acidobacteriota,NRPS,NRPS,Unclassified
SRR31674856.bin.28,Medium-quality,Acidobacteriota,NRPS,NRPS,Unclassified
SRR31674856.bin.28,Medium-quality,Acidobacteriota,NRPS-like,NRPS,Unclassified
SRR31674856.bin.28,Medium-quality,Acidobacteriota,NRPS,NRPS,Unclassified
SRR31674856.bin.28,Medium-quality,Acidobacteriota,NRPS,NRPS,Unclassified
SRR31674856.bin.28,Medium-quality,Acidobacteriota,NRPS,NRPS,Unclassified
SRR31674856.bin.28,Medium-quality,Acidobacteriota,NRPS,NRPS,Unclassified
SRR31674856.bin.28,Medium-quality,Acidobacteriota,NRPS,NRPS,Unclassified
SRR31674856.bin.28,Medium-quality,Acidobacteriota,NRPS,NRPS,Unclassified
SRR31674856.bin.28,Medium-quality,Acidobacteriota,NRPS,NRPS,Unclassified
SRR31674856.bin.28,Medium-quality,Acidobacteriota,ladderane,Others,Unclassified
SRR31674856.bin.28,Medium-quality,Acidobacteriota,T1PKS,PKSI,Unclassified
SRR31674856.bin.28,Medium-quality,Acidobacteriota,NRPS,NRPS,Unclassified
SRR31674856.bin.28,Medium-quality,Acidobacteriota,T1PKS.NRPS,PKS-NRP_Hybrids,Unclassified
SRR31674856.bin.28,Medium-quality,Acidobacteriota,T3PKS,PKSother,Unclassified
SRR31674856.bin.28,Medium-quality,Acidobacteriota,NRPS,NRPS,Unclassified
SRR31674856.bin.28,Medium-quality,Acidobacteriota,NRPS,NRPS,Unclassified
SRR31674856.bin.28,Medium-quality,Acidobacteriota,T1PKS,PKSI,Unclassified
SRR31674856.bin.28,Medium-quality,Acidobacteriota,NRPS-like,NRPS,Unclassified
SRR31674856.bin.28,Medium-quality,Acidobacteriota,NRPS,NRPS,Unclassified
SRR31674856.bin.28,Medium-quality,Acidobacteriota,NRPS,NRPS,Unclassified
SRR31674856.bin.28,Medium-quality,Acidobacteriota,NRPS,NRPS,Unclassified
SRR31674856.bin.28,Medium-quality,Acidobacteriota,T1PKS,PKSI,Unclassified
SRR31674856.bin.28,Medium-quality,Acidobacteriota,NRPS-like,NRPS,Unclassified
SRR31674856.bin.28,Medium-quality,Acidobacteriota,NRPS,NRPS,Unclassified
SRR31674856.bin.28,Medium-quality,Acidobacteriota,NRPS,NRPS,Unclassified
SRR31674856.bin.28,Medium-quality,Acidobacteriota,NRPS,NRPS,Unclassified
SRR31674856.bin.28,Medium-quality,Acidobacteriota,NRPS,NRPS,Unclassified
SRR31674856.bin.28,Medium-quality,Acidobacteriota,NRPS,NRPS,Unclassified
SRR31674856.bin.28,Medium-quality,Acidobacteriota,NRPS,NRPS,Unclassified
SRR31674856.bin.28,Medium-quality,Acidobacteriota,NRPS.T1PKS,PKS-NRP_Hybrids,Unclassified
SRR31674856.bin.28,Medium-quality,Acidobacteriota,NRPS,NRPS,Unclassified
SRR31674856.bin.28,Medium-quality,Acidobacteriota,NRPS,NRPS,Unclassified
SRR31674856.bin.28,Medium-quality,Acidobacteriota,lanthipeptide-class-ii,RiPPs,Unclassified
SRR31674856.bin.28,Medium-quality,Acidobacteriota,NRPS,NRPS,Unclassified
SRR31674856.bin.28,Medium-quality,Acidobacteriota,T1PKS.NRPS,PKS-NRP_Hybrids,Unclassified
SRR31674856.bin.28,Medium-quality,Acidobacteriota,NRPS-like,NRPS,Unclassified
SRR31674856.bin.28,Medium-quality,Acidobacteriota,NRPS,NRPS,Unclassified
SRR31674856.bin.32,Medium-quality,Actinomycetota,terpene,Terpene,JACDCH01
SRR31674856.bin.32,Medium-quality,Actinomycetota,terpene,Terpene,JACDCH01
SRR31674856.bin.32,Medium-quality,Actinomycetota,terpene,Terpene,JACDCH01
SRR31674856.bin.32,Medium-quality,Actinomycetota,other,Others,JACDCH01
SRR31674856.bin.32,Medium-quality,Actinomycetota,T1PKS,PKSI,JACDCH01
SRR31674856.bin.32,Medium-quality,Actinomycetota,hglE-KS,PKSother,JACDCH01
SRR31674856.bin.4,Medium-quality,Acidobacteriota,NRPS-like,NRPS,Pyrinomonadaceae
SRR31674856.bin.4,Medium-quality,Acidobacteriota,NRPS-like,NRPS,Pyrinomonadaceae
SRR31674856.bin.4,Medium-quality,Acidobacteriota,T3PKS,PKSother,Pyrinomonadaceae
SRR32147493.bin.27,Medium-quality,Acidobacteriota,RRE-containing,RiPPs,UBA2999
SRR32147493.bin.27,Medium-quality,Acidobacteriota,RRE-containing,RiPPs,UBA2999
SRR32147493.bin.27,Medium-quality,Acidobacteriota,NRPS-like,NRPS,UBA2999
SRR32147493.bin.28,Medium-quality,Chloroflexota,arylpolyene,Others,RBG-16-68-14
SRR32147493.bin.32,Medium-quality,Eisenbacteria,T3PKS,PKSother,Unclassified
SRR32147493.bin.4,Medium-quality,Chloroflexota,NRPS-like,NRPS,QHBO01
SRR32147493.bin.42,Medium-quality,Pseudomonadota,arylpolyene,Others,CALJLA01
SRR32147493.bin.42,Medium-quality,Pseudomonadota,RRE-containing,RiPPs,CALJLA01
SRR32147493.bin.42,Medium-quality,Pseudomonadota,resorcinol,Others,CALJLA01
SRR32147493.bin.51,Medium-quality,Actinomycetota,NRPS-like,NRPS,Gaiellaceae
SRR32147493.bin.51,Medium-quality,Actinomycetota,NRPS-like,NRPS,Gaiellaceae
SRR32147493.bin.60,Medium-quality,Actinomycetota,NI-siderophore,Others,Solirubrobacteraceae
SRR32147493.bin.60,Medium-quality,Actinomycetota,NRPS,NRPS,Solirubrobacteraceae
SRR32147493.bin.60,Medium-quality,Actinomycetota,NRPS,NRPS,Solirubrobacteraceae
SRR32147493.bin.68,Medium-quality,Pseudomonadota,arylpolyene,Others,SG8-39
SRR32147493.bin.68,Medium-quality,Pseudomonadota,NRPS-like,NRPS,SG8-39
SRR32147493.bin.68,Medium-quality,Pseudomonadota,NRPS-like,NRPS,SG8-39
SRR32147493.bin.74,Medium-quality,Planctomycetota,T1PKS,PKSI,UBA2386
SRR32147493.bin.74,Medium-quality,Planctomycetota,T3PKS,PKSother,UBA2386
SRR32147493.bin.74,Medium-quality,Planctomycetota,ranthipeptide,RiPPs,UBA2386
SRR32147493.bin.74,Medium-quality,Planctomycetota,NRPS-like,NRPS,UBA2386
SRR32147493.bin.74,Medium-quality,Planctomycetota,T1PKS,PKSI,UBA2386
SRR32147493.bin.74,Medium-quality,Planctomycetota,arylpolyene,Others,UBA2386
SRR32147493.bin.74,Medium-quality,Planctomycetota,T3PKS,PKSother,UBA2386
SRR32147493.bin.74,Medium-quality,Planctomycetota,NRPS-like,NRPS,UBA2386
SRR32147493.bin.74,Medium-quality,Planctomycetota,arylpolyene,Others,UBA2386
SRR32147493.bin.77,Medium-quality,Chloroflexota,T1PKS,PKSI,Phototrophicaceae
SRR32147493.bin.77,Medium-quality,Chloroflexota,hglE-KS,PKSother,Phototrophicaceae
SRR32147493.bin.77,Medium-quality,Chloroflexota,hglE-KS,PKSother,Phototrophicaceae
SRR32147493.bin.80,Medium-quality,Acidobacteriota,NRPS,NRPS,SCN-69-37
SRR32147493.bin.80,Medium-quality,Acidobacteriota,NRPS,NRPS,SCN-69-37
SRR32147493.bin.80,Medium-quality,Acidobacteriota,NRPS,NRPS,SCN-69-37
SRR32147493.bin.80,Medium-quality,Acidobacteriota,T1PKS,PKSI,SCN-69-37
SRR32147493.bin.80,Medium-quality,Acidobacteriota,T1PKS,PKSI,SCN-69-37
SRR32147493.bin.80,Medium-quality,Acidobacteriota,NRPS-like,NRPS,SCN-69-37
SRR32147493.bin.80,Medium-quality,Acidobacteriota,terpene,Terpene,SCN-69-37
SRR32147493.bin.80,Medium-quality,Acidobacteriota,NRPS-like,NRPS,SCN-69-37
SRR32147493.bin.80,Medium-quality,Acidobacteriota,NRPS-like,NRPS,SCN-69-37
SRR32147493.bin.80,Medium-quality,Acidobacteriota,ranthipeptide,RiPPs,SCN-69-37
SRR32147493.bin.80,Medium-quality,Acidobacteriota,T1PKS.NRPS,PKS-NRP_Hybrids,SCN-69-37
SRR32147493.bin.80,Medium-quality,Acidobacteriota,NRPS-like,NRPS,SCN-69-37
SRR32147493.bin.80,Medium-quality,Acidobacteriota,NRPS-like,NRPS,SCN-69-37
SRR32147494.bin.13,Medium-quality,Bacteroidota,terpene,Terpene,Flavobacteriaceae
SRR32147494.bin.15,Medium-quality,Pseudomonadota,NRPS-like,NRPS,SG8-41
SRR32147494.bin.15,Medium-quality,Pseudomonadota,NRPS,NRPS,SG8-41
SRR32147494.bin.15,Medium-quality,Pseudomonadota,NRPS-like,NRPS,SG8-41
SRR32147494.bin.15,Medium-quality,Pseudomonadota,NRPS,NRPS,SG8-41
SRR32147494.bin.15,Medium-quality,Pseudomonadota,NRPS,NRPS,SG8-41
SRR32147494.bin.15,Medium-quality,Pseudomonadota,RRE-containing,RiPPs,SG8-41
SRR32147494.bin.16,Medium-quality,Verrucomicrobiota,terpene,Terpene,Akkermansiaceae
SRR32147494.bin.16,Medium-quality,Verrucomicrobiota,T3PKS,PKSother,Akkermansiaceae
SRR32147494.bin.16,Medium-quality,Verrucomicrobiota,phosphonate,Others,Akkermansiaceae
SRR32147494.bin.16,Medium-quality,Verrucomicrobiota,NRPS,NRPS,Akkermansiaceae
SRR32147494.bin.26,Medium-quality,Pseudomonadota,terpene,Terpene,Afifellaceae
SRR32147494.bin.26,Medium-quality,Pseudomonadota,NRPS,NRPS,Afifellaceae
SRR32147494.bin.26,Medium-quality,Pseudomonadota,RiPP-like,RiPPs,Afifellaceae
SRR32147494.bin.26,Medium-quality,Pseudomonadota,NRPS-like,NRPS,Afifellaceae
SRR32147494.bin.31,Medium-quality,Acidobacteriota,NRPS-like,NRPS,Unclassified
SRR32147494.bin.31,Medium-quality,Acidobacteriota,ladderane,Others,Unclassified
SRR32147494.bin.31,Medium-quality,Acidobacteriota,NRPS,NRPS,Unclassified
SRR32147494.bin.31,Medium-quality,Acidobacteriota,NRPS,NRPS,Unclassified
SRR32147494.bin.31,Medium-quality,Acidobacteriota,T1PKS,PKSI,Unclassified
SRR32147494.bin.31,Medium-quality,Acidobacteriota,NRPS-like,NRPS,Unclassified
SRR32147494.bin.31,Medium-quality,Acidobacteriota,NRPS,NRPS,Unclassified
SRR32147494.bin.31,Medium-quality,Acidobacteriota,NRPS,NRPS,Unclassified
SRR32147494.bin.31,Medium-quality,Acidobacteriota,NRPS,NRPS,Unclassified
SRR32147494.bin.31,Medium-quality,Acidobacteriota,RiPP-like,RiPPs,Unclassified
SRR32147494.bin.31,Medium-quality,Acidobacteriota,NRPS,NRPS,Unclassified
SRR32147494.bin.31,Medium-quality,Acidobacteriota,NRPS,NRPS,Unclassified
SRR32147494.bin.31,Medium-quality,Acidobacteriota,NRPS,NRPS,Unclassified
SRR32147494.bin.31,Medium-quality,Acidobacteriota,NRPS,NRPS,Unclassified
SRR32147494.bin.31,Medium-quality,Acidobacteriota,NRPS-like,NRPS,Unclassified
SRR32147494.bin.31,Medium-quality,Acidobacteriota,T3PKS,PKSother,Unclassified
SRR32147494.bin.31,Medium-quality,Acidobacteriota,terpene,Terpene,Unclassified
SRR32147494.bin.31,Medium-quality,Acidobacteriota,NRPS,NRPS,Unclassified
SRR32147494.bin.31,Medium-quality,Acidobacteriota,T1PKS,PKSI,Unclassified
SRR32147494.bin.31,Medium-quality,Acidobacteriota,NRPS,NRPS,Unclassified
SRR32147494.bin.31,Medium-quality,Acidobacteriota,NRPS-like,NRPS,Unclassified
SRR32147494.bin.31,Medium-quality,Acidobacteriota,T1PKS,PKSI,Unclassified
SRR32147494.bin.31,Medium-quality,Acidobacteriota,NRPS,NRPS,Unclassified
SRR32147494.bin.31,Medium-quality,Acidobacteriota,NRPS,NRPS,Unclassified
SRR32147494.bin.31,Medium-quality,Acidobacteriota,NRPS,NRPS,Unclassified
SRR32147494.bin.31,Medium-quality,Acidobacteriota,NRPS,NRPS,Unclassified
SRR32147494.bin.31,Medium-quality,Acidobacteriota,T1PKS,PKSI,Unclassified
SRR32147494.bin.31,Medium-quality,Acidobacteriota,NRPS,NRPS,Unclassified
SRR32147494.bin.31,Medium-quality,Acidobacteriota,NRPS,NRPS,Unclassified
SRR32147494.bin.31,Medium-quality,Acidobacteriota,T1PKS,PKSI,Unclassified
SRR32147494.bin.31,Medium-quality,Acidobacteriota,T1PKS,PKSI,Unclassified
SRR32147494.bin.31,Medium-quality,Acidobacteriota,T1PKS,PKSI,Unclassified
SRR32147494.bin.31,Medium-quality,Acidobacteriota,NRPS,NRPS,Unclassified
SRR32147494.bin.31,Medium-quality,Acidobacteriota,NRPS-like,NRPS,Unclassified
SRR32147494.bin.39,Medium-quality,Pseudomonadota,terpene,Terpene,Competibacteraceae
SRR32147494.bin.39,Medium-quality,Pseudomonadota,NRPS-like,NRPS,Competibacteraceae
SRR32147494.bin.39,Medium-quality,Pseudomonadota,ranthipeptide,RiPPs,Competibacteraceae
SRR32147494.bin.39,Medium-quality,Pseudomonadota,RRE-containing,RiPPs,Competibacteraceae
SRR32147494.bin.5,Medium-quality,Actinomycetota,T3PKS,PKSother,JACCUZ01
SRR32147494.bin.52,Medium-quality,Gemmatimonadota,terpene,Terpene,UBA6960
SRR32147494.bin.52,Medium-quality,Gemmatimonadota,terpene,Terpene,UBA6960
SRR32147494.bin.52,Medium-quality,Gemmatimonadota,ranthipeptide,RiPPs,UBA6960
SRR32147494.bin.53,Medium-quality,Pseudomonadota,terpene,Terpene,Rhodobacteraceae
SRR32147494.bin.53,Medium-quality,Pseudomonadota,T1PKS,PKSI,Rhodobacteraceae
SRR32147494.bin.56,Medium-quality,Gemmatimonadota,T3PKS,PKSother,Palauibacteraceae
SRR32147494.bin.59,Medium-quality,Planctomycetota,T3PKS,PKSother,Planctomycetaceae
SRR32147494.bin.59,Medium-quality,Planctomycetota,NRPS,NRPS,Planctomycetaceae
SRR32147494.bin.59,Medium-quality,Planctomycetota,terpene,Terpene,Planctomycetaceae
SRR32147494.bin.60,Medium-quality,Pseudomonadota,NRPS-like,NRPS,Woeseiaceae
SRR32147494.bin.60,Medium-quality,Pseudomonadota,arylpolyene,Others,Woeseiaceae
SRR32147494.bin.64,Medium-quality,Hydrogenedentota,NRPS-like,NRPS,GCA-2746185
SRR32147494.bin.64,Medium-quality,Hydrogenedentota,hglE-KS.T1PKS,PKSother,GCA-2746185
SRR32147494.bin.64,Medium-quality,Hydrogenedentota,hglE-KS,PKSother,GCA-2746185
SRR32147494.bin.64,Medium-quality,Hydrogenedentota,T3PKS,PKSother,GCA-2746185
SRR32147494.bin.64,Medium-quality,Hydrogenedentota,RRE-containing,RiPPs,GCA-2746185
SRR32147494.bin.68,Medium-quality,Nitrospirota,NRPS,NRPS,Nitrospiraceae
SRR32147494.bin.68,Medium-quality,Nitrospirota,phosphonate,Others,Nitrospiraceae
SRR32147494.bin.68,Medium-quality,Nitrospirota,terpene,Terpene,Nitrospiraceae
SRR32147494.bin.68,Medium-quality,Nitrospirota,NRPS-like,NRPS,Nitrospiraceae
SRR32147494.bin.68,Medium-quality,Nitrospirota,terpene,Terpene,Nitrospiraceae
SRR32147494.bin.68,Medium-quality,Nitrospirota,NRPS-like,NRPS,Nitrospiraceae
SRR32147494.bin.68,Medium-quality,Nitrospirota,NRPS,NRPS,Nitrospiraceae
SRR32147494.bin.69,Medium-quality,Actinomycetota,NRPS-like,NRPS,JACDCH01
SRR32147494.bin.69,Medium-quality,Actinomycetota,terpene,Terpene,JACDCH01
SRR32147494.bin.74,Medium-quality,Actinomycetota,NRPS-like,NRPS,Nocardioidaceae
SRR32147494.bin.74,Medium-quality,Actinomycetota,T3PKS,PKSother,Nocardioidaceae
SRR32147494.bin.77,Medium-quality,Planctomycetota,T1PKS,PKSI,UBA2386
SRR32147494.bin.77,Medium-quality,Planctomycetota,NRPS,NRPS,UBA2386
SRR32147494.bin.77,Medium-quality,Planctomycetota,NRPS,NRPS,UBA2386
SRR32147494.bin.77,Medium-quality,Planctomycetota,terpene,Terpene,UBA2386
SRR32147494.bin.77,Medium-quality,Planctomycetota,arylpolyene,Others,UBA2386
SRR32147494.bin.77,Medium-quality,Planctomycetota,T3PKS,PKSother,UBA2386
SRR32147494.bin.77,Medium-quality,Planctomycetota,terpene,Terpene,UBA2386
SRR32147494.bin.77,Medium-quality,Planctomycetota,NRPS,NRPS,UBA2386
SRR32147494.bin.77,Medium-quality,Planctomycetota,NRPS,NRPS,UBA2386
SRR32147494.bin.77,Medium-quality,Planctomycetota,NRPS,NRPS,UBA2386
SRR32147494.bin.77,Medium-quality,Planctomycetota,NRPS,NRPS,UBA2386
SRR32147494.bin.77,Medium-quality,Planctomycetota,NRPS,NRPS,UBA2386
SRR32147494.bin.77,Medium-quality,Planctomycetota,NRPS,NRPS,UBA2386
SRR32147494.bin.77,Medium-quality,Planctomycetota,NRPS,NRPS,UBA2386
SRR32147494.bin.77,Medium-quality,Planctomycetota,NRPS,NRPS,UBA2386
SRR32147494.bin.77,Medium-quality,Planctomycetota,T3PKS,PKSother,UBA2386
SRR32147494.bin.77,Medium-quality,Planctomycetota,NRPS,NRPS,UBA2386
SRR32147494.bin.77,Medium-quality,Planctomycetota,NRPS-like,NRPS,UBA2386
SRR32147494.bin.77,Medium-quality,Planctomycetota,RiPP-like,RiPPs,UBA2386
SRR32147494.bin.77,Medium-quality,Planctomycetota,NRPS,NRPS,UBA2386
SRR32147494.bin.77,Medium-quality,Planctomycetota,NRPS-like,NRPS,UBA2386
SRR32147494.bin.77,Medium-quality,Planctomycetota,NRPS,NRPS,UBA2386
SRR32147494.bin.77,Medium-quality,Planctomycetota,NRPS,NRPS,UBA2386
SRR32147494.bin.77,Medium-quality,Planctomycetota,NRPS,NRPS,UBA2386
SRR32147494.bin.77,Medium-quality,Planctomycetota,NRPS,NRPS,UBA2386
SRR32147494.bin.77,Medium-quality,Planctomycetota,arylpolyene,Others,UBA2386
SRR32147494.bin.77,Medium-quality,Planctomycetota,T1PKS.NRPS,PKS-NRP_Hybrids,UBA2386
SRR32147494.bin.77,Medium-quality,Planctomycetota,NRPS-like,NRPS,UBA2386
SRR32147494.bin.77,Medium-quality,Planctomycetota,NRPS,NRPS,UBA2386
SRR32147494.bin.77,Medium-quality,Planctomycetota,NRPS,NRPS,UBA2386
SRR32147494.bin.77,Medium-quality,Planctomycetota,NRPS,NRPS,UBA2386
SRR32147494.bin.77,Medium-quality,Planctomycetota,NRPS,NRPS,UBA2386
SRR32147495.bin.14,Medium-quality,Pseudomonadota,terpene,Terpene,Rhodobacteraceae
SRR32147495.bin.14,Medium-quality,Pseudomonadota,arylpolyene,Others,Rhodobacteraceae
SRR32147495.bin.14,Medium-quality,Pseudomonadota,T3PKS,PKSother,Rhodobacteraceae
SRR32147495.bin.14,Medium-quality,Pseudomonadota,other,Others,Rhodobacteraceae
SRR32147495.bin.26,Medium-quality,Pseudomonadota,terpene,Terpene,Sphingomonadaceae
SRR32147495.bin.26,Medium-quality,Pseudomonadota,resorcinol,Others,Sphingomonadaceae
SRR32147495.bin.26,Medium-quality,Pseudomonadota,T3PKS,PKSother,Sphingomonadaceae
SRR32147495.bin.32,Medium-quality,Gemmatimonadota,RRE-containing,RiPPs,GWC2-71-9
SRR32147495.bin.36,Medium-quality,Chloroflexota,NRPS-like,NRPS,QHBO01
SRR32147495.bin.36,Medium-quality,Chloroflexota,indole,Others,QHBO01
SRR32147495.bin.37,Medium-quality,Actinomycetota,resorcinol,Others,ZC4RG35
SRR32147495.bin.44,Medium-quality,Actinomycetota,terpene,Terpene,Ilumatobacteraceae
SRR32147495.bin.44,Medium-quality,Actinomycetota,terpene,Terpene,Ilumatobacteraceae
SRR32147495.bin.44,Medium-quality,Actinomycetota,NRPS,NRPS,Ilumatobacteraceae
SRR32147495.bin.44,Medium-quality,Actinomycetota,other,Others,Ilumatobacteraceae
SRR32147495.bin.44,Medium-quality,Actinomycetota,NRPS-like,NRPS,Ilumatobacteraceae
SRR32147495.bin.47,Medium-quality,Pseudomonadota,T1PKS,PKSI,Rhodobacteraceae
SRR32147495.bin.47,Medium-quality,Pseudomonadota,T1PKS,PKSI,Rhodobacteraceae
SRR32147495.bin.47,Medium-quality,Pseudomonadota,T1PKS,PKSI,Rhodobacteraceae
SRR32147495.bin.47,Medium-quality,Pseudomonadota,T1PKS,PKSI,Rhodobacteraceae
SRR32147495.bin.47,Medium-quality,Pseudomonadota,T1PKS,PKSI,Rhodobacteraceae
SRR32147495.bin.47,Medium-quality,Pseudomonadota,arylpolyene,Others,Rhodobacteraceae
SRR32147495.bin.47,Medium-quality,Pseudomonadota,RiPP-like,RiPPs,Rhodobacteraceae
SRR32147495.bin.47,Medium-quality,Pseudomonadota,terpene,Terpene,Rhodobacteraceae
SRR32147495.bin.47,Medium-quality,Pseudomonadota,NI-siderophore,Others,Rhodobacteraceae
SRR32147495.bin.47,Medium-quality,Pseudomonadota,NI-siderophore,Others,Rhodobacteraceae
SRR32147495.bin.47,Medium-quality,Pseudomonadota,NRPS,NRPS,Rhodobacteraceae
SRR32147495.bin.47,Medium-quality,Pseudomonadota,T1PKS,PKSI,Rhodobacteraceae
SRR32147495.bin.47,Medium-quality,Pseudomonadota,NRPS,NRPS,Rhodobacteraceae
SRR32147495.bin.47,Medium-quality,Pseudomonadota,terpene,Terpene,Rhodobacteraceae
SRR32147495.bin.47,Medium-quality,Pseudomonadota,T3PKS,PKSother,Rhodobacteraceae
SRR32147495.bin.47,Medium-quality,Pseudomonadota,ranthipeptide,RiPPs,Rhodobacteraceae
SRR32147495.bin.51,Medium-quality,Gemmatimonadota,NI-siderophore,Others,GWC2-71-9
SRR32147495.bin.51,Medium-quality,Gemmatimonadota,terpene,Terpene,GWC2-71-9
SRR32147495.bin.69,Medium-quality,Planctomycetota,NRPS,NRPS,JAEUIK01
SRR32147495.bin.69,Medium-quality,Planctomycetota,T1PKS,PKSI,JAEUIK01
SRR32147495.bin.69,Medium-quality,Planctomycetota,T1PKS,PKSI,JAEUIK01
SRR32147495.bin.69,Medium-quality,Planctomycetota,terpene,Terpene,JAEUIK01
SRR32147495.bin.69,Medium-quality,Planctomycetota,NRPS-like,NRPS,JAEUIK01
SRR32147495.bin.69,Medium-quality,Planctomycetota,NRPS-like,NRPS,JAEUIK01
SRR32147495.bin.69,Medium-quality,Planctomycetota,NRPS,NRPS,JAEUIK01
SRR32147495.bin.91,Medium-quality,Acidobacteriota,NRPS-like,NRPS,UBA2999
SRR32147495.bin.91,Medium-quality,Acidobacteriota,NRPS-like,NRPS,UBA2999
SRR32147496.bin.10,Medium-quality,Actinomycetota,T3PKS,PKSother,Rubrobacteraceae
SRR32147496.bin.10,Medium-quality,Actinomycetota,NRPS-like,NRPS,Rubrobacteraceae
SRR32147496.bin.10,Medium-quality,Actinomycetota,NRPS-like,NRPS,Rubrobacteraceae
SRR32147496.bin.10,Medium-quality,Actinomycetota,terpene,Terpene,Rubrobacteraceae
SRR32147497.bin.17,Medium-quality,Actinomycetota,NRPS,NRPS,Propionibacteriaceae
SRR32147498.bin.22,Medium-quality,Nitrospirota,terpene,Terpene,Nitrospiraceae
SRR32147498.bin.22,Medium-quality,Nitrospirota,terpene,Terpene,Nitrospiraceae
SRR32147498.bin.22,Medium-quality,Nitrospirota,RiPP-like,RiPPs,Nitrospiraceae
SRR32147498.bin.22,Medium-quality,Nitrospirota,arylpolyene,Others,Nitrospiraceae
SRR32147498.bin.22,Medium-quality,Nitrospirota,phosphonate,Others,Nitrospiraceae
SRR32147498.bin.6,Medium-quality,Actinomycetota,T3PKS,PKSother,Jiangellaceae
SRR32147499.bin.10,Medium-quality,Pseudomonadota,NRPS,NRPS,Woeseiaceae
SRR32147499.bin.10,Medium-quality,Pseudomonadota,NRPS,NRPS,Woeseiaceae
SRR32147499.bin.10,Medium-quality,Pseudomonadota,NRPS-like,NRPS,Woeseiaceae
SRR32147499.bin.10,Medium-quality,Pseudomonadota,NRPS-like,NRPS,Woeseiaceae
SRR32147499.bin.16,Medium-quality,Acidobacteriota,NRPS-like,NRPS,RPQK01
SRR32147499.bin.16,Medium-quality,Acidobacteriota,NRPS-like,NRPS,RPQK01
SRR32147499.bin.16,Medium-quality,Acidobacteriota,NRPS,NRPS,RPQK01
SRR32147499.bin.16,Medium-quality,Acidobacteriota,NRPS-like,NRPS,RPQK01
SRR32147499.bin.16,Medium-quality,Acidobacteriota,NRPS-like,NRPS,RPQK01
SRR32147499.bin.16,Medium-quality,Acidobacteriota,NRPS,NRPS,RPQK01
SRR32147499.bin.16,Medium-quality,Acidobacteriota,ladderane,Others,RPQK01
SRR32147499.bin.16,Medium-quality,Acidobacteriota,ladderane,Others,RPQK01
SRR32147499.bin.16,Medium-quality,Acidobacteriota,T3PKS,PKSother,RPQK01
SRR32147499.bin.16,Medium-quality,Acidobacteriota,ladderane,Others,RPQK01
SRR32147499.bin.16,Medium-quality,Acidobacteriota,lanthipeptide-class-iv,RiPPs,RPQK01
SRR32147499.bin.16,Medium-quality,Acidobacteriota,terpene,Terpene,RPQK01
SRR32147499.bin.16,Medium-quality,Acidobacteriota,terpene,Terpene,RPQK01
SRR32147499.bin.26,Medium-quality,Pseudomonadota,T3PKS,PKSother,NORP267
SRR32147499.bin.3,Medium-quality,Pseudomonadota,NRPS-like,NRPS,Azotimanducaceae_A
SRR32147499.bin.3,Medium-quality,Pseudomonadota,arylpolyene,Others,Azotimanducaceae_A
SRR32147499.bin.3,Medium-quality,Pseudomonadota,arylpolyene,Others,Azotimanducaceae_A
SRR32147499.bin.3,Medium-quality,Pseudomonadota,terpene,Terpene,Azotimanducaceae_A
SRR32147499.bin.44,Medium-quality,Pseudomonadota,NRPS-like,NRPS,Xanthomonadaceae
SRR32147499.bin.44,Medium-quality,Pseudomonadota,T1PKS,PKSI,Xanthomonadaceae
SRR32147499.bin.44,Medium-quality,Pseudomonadota,NRPS,NRPS,Xanthomonadaceae
SRR32147499.bin.44,Medium-quality,Pseudomonadota,NRPS-like,NRPS,Xanthomonadaceae
SRR32147499.bin.44,Medium-quality,Pseudomonadota,NRPS,NRPS,Xanthomonadaceae
SRR32147499.bin.44,Medium-quality,Pseudomonadota,T1PKS,PKSI,Xanthomonadaceae
SRR32147499.bin.44,Medium-quality,Pseudomonadota,NRPS,NRPS,Xanthomonadaceae
SRR32147499.bin.44,Medium-quality,Pseudomonadota,arylpolyene,Others,Xanthomonadaceae
SRR32147499.bin.55,Medium-quality,Myxococcota_A,RRE-containing,RiPPs,SMWR01
SRR32147499.bin.55,Medium-quality,Myxococcota_A,NRPS-like,NRPS,SMWR01
SRR32147499.bin.55,Medium-quality,Myxococcota_A,T3PKS,PKSother,SMWR01
SRR32147499.bin.60,Medium-quality,Pseudomonadota,terpene,Terpene,Rhodobacteraceae
SRR32147499.bin.62,Medium-quality,Myxococcota_A,ectoine,Others,UBA6930
SRR32147499.bin.62,Medium-quality,Myxococcota_A,phosphonate,Others,UBA6930
SRR32147499.bin.62,Medium-quality,Myxococcota_A,terpene,Terpene,UBA6930
SRR32147499.bin.64,Medium-quality,Planctomycetota,terpene,Terpene,JAGQOS01
SRR32147499.bin.64,Medium-quality,Planctomycetota,terpene,Terpene,JAGQOS01
SRR32147499.bin.64,Medium-quality,Planctomycetota,NRPS-like,NRPS,JAGQOS01
SRR32147499.bin.64,Medium-quality,Planctomycetota,T1PKS,PKSI,JAGQOS01
SRR32147499.bin.64,Medium-quality,Planctomycetota,NRPS-like,NRPS,JAGQOS01
SRR32147499.bin.69,Medium-quality,Gemmatimonadota,T3PKS,PKSother,Palauibacteraceae
SRR32147499.bin.8,Medium-quality,Gemmatimonadota,ranthipeptide,RiPPs,UBA6960
SRR32147499.bin.8,Medium-quality,Gemmatimonadota,T3PKS,PKSother,UBA6960
SRR32147499.bin.8,Medium-quality,Gemmatimonadota,hglE-KS,PKSother,UBA6960
SRR32147499.bin.8,Medium-quality,Gemmatimonadota,terpene,Terpene,UBA6960
SRR32147499.bin.89,Medium-quality,Bacteroidota,T3PKS,PKSother,Flavobacteriaceae
SRR32147508.bin.100,Medium-quality,Pseudomonadota,transAT-PKS-like,PKSother,Xanthomonadaceae
SRR32147508.bin.100,Medium-quality,Pseudomonadota,transAT-PKS-like,PKSother,Xanthomonadaceae
SRR32147508.bin.100,Medium-quality,Pseudomonadota,transAT-PKS-like,PKSother,Xanthomonadaceae
SRR32147508.bin.100,Medium-quality,Pseudomonadota,transAT-PKS-like,PKSother,Xanthomonadaceae
SRR32147508.bin.100,Medium-quality,Pseudomonadota,transAT-PKS-like,PKSother,Xanthomonadaceae
SRR32147508.bin.100,Medium-quality,Pseudomonadota,PKS-like,PKSother,Xanthomonadaceae
SRR32147508.bin.100,Medium-quality,Pseudomonadota,NRPS,NRPS,Xanthomonadaceae
SRR32147508.bin.100,Medium-quality,Pseudomonadota,T1PKS.NRPS-like,PKS-NRP_Hybrids,Xanthomonadaceae
SRR32147508.bin.100,Medium-quality,Pseudomonadota,NRPS,NRPS,Xanthomonadaceae
SRR32147508.bin.100,Medium-quality,Pseudomonadota,NRPS,NRPS,Xanthomonadaceae
SRR32147508.bin.100,Medium-quality,Pseudomonadota,NRPS,NRPS,Xanthomonadaceae
SRR32147508.bin.100,Medium-quality,Pseudomonadota,NRPS,NRPS,Xanthomonadaceae
SRR32147508.bin.100,Medium-quality,Pseudomonadota,NRPS,NRPS,Xanthomonadaceae
SRR32147508.bin.100,Medium-quality,Pseudomonadota,NRPS,NRPS,Xanthomonadaceae
SRR32147508.bin.100,Medium-quality,Pseudomonadota,NRPS-like,NRPS,Xanthomonadaceae
SRR32147508.bin.100,Medium-quality,Pseudomonadota,lanthipeptide-class-ii,RiPPs,Xanthomonadaceae
SRR32147508.bin.100,Medium-quality,Pseudomonadota,NRPS,NRPS,Xanthomonadaceae
SRR32147508.bin.100,Medium-quality,Pseudomonadota,transAT-PKS-like,PKSother,Xanthomonadaceae
SRR32147508.bin.100,Medium-quality,Pseudomonadota,transAT-PKS-like,PKSother,Xanthomonadaceae
SRR32147508.bin.100,Medium-quality,Pseudomonadota,NRPS-like,NRPS,Xanthomonadaceae
SRR32147508.bin.100,Medium-quality,Pseudomonadota,NRPS,NRPS,Xanthomonadaceae
SRR32147508.bin.100,Medium-quality,Pseudomonadota,NRPS,NRPS,Xanthomonadaceae
SRR32147508.bin.100,Medium-quality,Pseudomonadota,NRPS,NRPS,Xanthomonadaceae
SRR32147508.bin.100,Medium-quality,Pseudomonadota,transAT-PKS-like,PKSother,Xanthomonadaceae
SRR32147508.bin.100,Medium-quality,Pseudomonadota,arylpolyene,Others,Xanthomonadaceae
SRR32147508.bin.100,Medium-quality,Pseudomonadota,NRPS,NRPS,Xanthomonadaceae
SRR32147508.bin.100,Medium-quality,Pseudomonadota,NRPS,NRPS,Xanthomonadaceae
SRR32147508.bin.100,Medium-quality,Pseudomonadota,NRPS,NRPS,Xanthomonadaceae
SRR32147508.bin.100,Medium-quality,Pseudomonadota,NRPS,NRPS,Xanthomonadaceae
SRR32147508.bin.100,Medium-quality,Pseudomonadota,T1PKS,PKSI,Xanthomonadaceae
SRR32147508.bin.100,Medium-quality,Pseudomonadota,NRPS,NRPS,Xanthomonadaceae
SRR32147508.bin.100,Medium-quality,Pseudomonadota,RiPP-like,RiPPs,Xanthomonadaceae
SRR32147508.bin.100,Medium-quality,Pseudomonadota,RiPP-like,RiPPs,Xanthomonadaceae
SRR32147508.bin.100,Medium-quality,Pseudomonadota,transAT-PKS-like,PKSother,Xanthomonadaceae
SRR32147508.bin.100,Medium-quality,Pseudomonadota,transAT-PKS-like,PKSother,Xanthomonadaceae
SRR32147508.bin.101,Medium-quality,Planctomycetota,terpene,Terpene,JAGQOS01
SRR32147508.bin.101,Medium-quality,Planctomycetota,NRPS-like,NRPS,JAGQOS01
SRR32147508.bin.101,Medium-quality,Planctomycetota,NRPS,NRPS,JAGQOS01
SRR32147508.bin.101,Medium-quality,Planctomycetota,T1PKS,PKSI,JAGQOS01
SRR32147508.bin.101,Medium-quality,Planctomycetota,terpene,Terpene,JAGQOS01
SRR32147508.bin.101,Medium-quality,Planctomycetota,terpene,Terpene,JAGQOS01
SRR32147508.bin.101,Medium-quality,Planctomycetota,terpene,Terpene,JAGQOS01
SRR32147508.bin.105,Medium-quality,Pseudomonadota,NRPS-like,NRPS,UBA2964
SRR32147508.bin.105,Medium-quality,Pseudomonadota,T3PKS,PKSother,UBA2964
SRR32147508.bin.105,Medium-quality,Pseudomonadota,phosphonate,Others,UBA2964
SRR32147508.bin.105,Medium-quality,Pseudomonadota,terpene,Terpene,UBA2964
SRR32147508.bin.105,Medium-quality,Pseudomonadota,NRPS-like,NRPS,UBA2964
SRR32147508.bin.112,Medium-quality,Pseudomonadota,terpene,Terpene,Rhodothalassiaceae
SRR32147508.bin.112,Medium-quality,Pseudomonadota,lanthipeptide-class-ii,RiPPs,Rhodothalassiaceae
SRR32147508.bin.14,Medium-quality,Planctomycetota,hglE-KS,PKSother,Gemmataceae
SRR32147508.bin.14,Medium-quality,Planctomycetota,terpene,Terpene,Gemmataceae
SRR32147508.bin.14,Medium-quality,Planctomycetota,RRE-containing,RiPPs,Gemmataceae
SRR32147508.bin.14,Medium-quality,Planctomycetota,terpene,Terpene,Gemmataceae
SRR32147508.bin.19,Medium-quality,Planctomycetota,T1PKS,PKSI,Pirellulaceae
SRR32147508.bin.19,Medium-quality,Planctomycetota,NRPS-like,NRPS,Pirellulaceae
SRR32147508.bin.19,Medium-quality,Planctomycetota,NRPS-like,NRPS,Pirellulaceae
SRR32147508.bin.19,Medium-quality,Planctomycetota,terpene,Terpene,Pirellulaceae
SRR32147508.bin.19,Medium-quality,Planctomycetota,NAPAA,NRPS,Pirellulaceae
SRR32147508.bin.24,Medium-quality,Planctomycetota,terpene,Terpene,Planctomycetaceae
SRR32147508.bin.24,Medium-quality,Planctomycetota,terpene,Terpene,Planctomycetaceae
SRR32147508.bin.24,Medium-quality,Planctomycetota,terpene,Terpene,Planctomycetaceae
SRR32147508.bin.3,Medium-quality,Pseudomonadota,RiPP-like,RiPPs,Methyloligellaceae
SRR32147508.bin.3,Medium-quality,Pseudomonadota,NRPS-like,NRPS,Methyloligellaceae
SRR32147508.bin.3,Medium-quality,Pseudomonadota,NRPS-like,NRPS,Methyloligellaceae
SRR32147508.bin.3,Medium-quality,Pseudomonadota,NRPS-like,NRPS,Methyloligellaceae
SRR32147508.bin.37,Medium-quality,Planctomycetota,terpene,Terpene,UBA1924
SRR32147508.bin.37,Medium-quality,Planctomycetota,T3PKS,PKSother,UBA1924
SRR32147508.bin.37,Medium-quality,Planctomycetota,terpene,Terpene,UBA1924
SRR32147508.bin.43,Medium-quality,Planctomycetota,NRPS-like,NRPS,Pirellulaceae
SRR32147508.bin.43,Medium-quality,Planctomycetota,T3PKS,PKSother,Pirellulaceae
SRR32147508.bin.43,Medium-quality,Planctomycetota,terpene,Terpene,Pirellulaceae
SRR32147508.bin.43,Medium-quality,Planctomycetota,terpene,Terpene,Pirellulaceae
SRR32147508.bin.47,Medium-quality,Pseudomonadota,terpene,Terpene,JALURZ01
SRR32147508.bin.47,Medium-quality,Pseudomonadota,T1PKS,PKSI,JALURZ01
SRR32147508.bin.54,Medium-quality,Pseudomonadota,T3PKS,PKSother,Sphingomonadaceae
SRR32147508.bin.54,Medium-quality,Pseudomonadota,terpene,Terpene,Sphingomonadaceae
SRR32147508.bin.54,Medium-quality,Pseudomonadota,terpene,Terpene,Sphingomonadaceae
SRR32147508.bin.61,Medium-quality,Pseudomonadota,arylpolyene,Others,Rhodobacteraceae
SRR32147508.bin.61,Medium-quality,Pseudomonadota,terpene,Terpene,Rhodobacteraceae
SRR32147508.bin.61,Medium-quality,Pseudomonadota,RiPP-like,RiPPs,Rhodobacteraceae
SRR32147508.bin.69,Medium-quality,Gemmatimonadota,hglE-KS,PKSother,UBA6960
SRR32147508.bin.69,Medium-quality,Gemmatimonadota,terpene,Terpene,UBA6960
SRR32147508.bin.69,Medium-quality,Gemmatimonadota,ranthipeptide,RiPPs,UBA6960
SRR32147508.bin.69,Medium-quality,Gemmatimonadota,T3PKS,PKSother,UBA6960
SRR32147508.bin.70,Medium-quality,Pseudomonadota,NRPS-like,NRPS,Methyloligellaceae
SRR32147508.bin.70,Medium-quality,Pseudomonadota,RiPP-like,RiPPs,Methyloligellaceae
SRR32147508.bin.72,Medium-quality,Pseudomonadota,lanthipeptide-class-ii,RiPPs,Rhodothalassiaceae
SRR32147508.bin.72,Medium-quality,Pseudomonadota,terpene,Terpene,Rhodothalassiaceae
SRR32147508.bin.76,Medium-quality,Tectomicrobia,NRPS,NRPS,Entotheonellaceae
SRR32147508.bin.76,Medium-quality,Tectomicrobia,RiPP-like,RiPPs,Entotheonellaceae
SRR32147508.bin.76,Medium-quality,Tectomicrobia,lanthipeptide-class-ii,RiPPs,Entotheonellaceae
SRR32147508.bin.76,Medium-quality,Tectomicrobia,NRPS-like,NRPS,Entotheonellaceae
SRR32147508.bin.76,Medium-quality,Tectomicrobia,NRPS,NRPS,Entotheonellaceae
SRR32147508.bin.76,Medium-quality,Tectomicrobia,T1PKS,PKSI,Entotheonellaceae
SRR32147508.bin.76,Medium-quality,Tectomicrobia,NRPS,NRPS,Entotheonellaceae
SRR32147508.bin.76,Medium-quality,Tectomicrobia,T1PKS,PKSI,Entotheonellaceae
SRR32147508.bin.76,Medium-quality,Tectomicrobia,RRE-containing,RiPPs,Entotheonellaceae
SRR32147508.bin.76,Medium-quality,Tectomicrobia,NRPS,NRPS,Entotheonellaceae
SRR32147508.bin.76,Medium-quality,Tectomicrobia,T1PKS.NRPS-like,PKS-NRP_Hybrids,Entotheonellaceae
SRR32147508.bin.76,Medium-quality,Tectomicrobia,T1PKS,PKSI,Entotheonellaceae
SRR32147508.bin.76,Medium-quality,Tectomicrobia,NRPS,NRPS,Entotheonellaceae
SRR32147508.bin.76,Medium-quality,Tectomicrobia,T1PKS.NRPS-like,PKS-NRP_Hybrids,Entotheonellaceae
SRR32147508.bin.76,Medium-quality,Tectomicrobia,terpene,Terpene,Entotheonellaceae
SRR32147508.bin.76,Medium-quality,Tectomicrobia,NRPS,NRPS,Entotheonellaceae
SRR32147508.bin.76,Medium-quality,Tectomicrobia,NRPS,NRPS,Entotheonellaceae
SRR32147508.bin.76,Medium-quality,Tectomicrobia,NRPS,NRPS,Entotheonellaceae
SRR32147508.bin.76,Medium-quality,Tectomicrobia,T1PKS,PKSI,Entotheonellaceae
SRR32147508.bin.76,Medium-quality,Tectomicrobia,T1PKS.NRPS-like,PKS-NRP_Hybrids,Entotheonellaceae
SRR32147508.bin.76,Medium-quality,Tectomicrobia,T1PKS,PKSI,Entotheonellaceae
SRR32147508.bin.76,Medium-quality,Tectomicrobia,NRPS,NRPS,Entotheonellaceae
SRR32147508.bin.76,Medium-quality,Tectomicrobia,NRPS,NRPS,Entotheonellaceae
SRR32147508.bin.76,Medium-quality,Tectomicrobia,NRPS,NRPS,Entotheonellaceae
SRR32147508.bin.76,Medium-quality,Tectomicrobia,terpene,Terpene,Entotheonellaceae
SRR32147508.bin.76,Medium-quality,Tectomicrobia,ladderane,Others,Entotheonellaceae
SRR32147508.bin.76,Medium-quality,Tectomicrobia,arylpolyene,Others,Entotheonellaceae
SRR32147508.bin.76,Medium-quality,Tectomicrobia,ladderane,Others,Entotheonellaceae
SRR32147508.bin.76,Medium-quality,Tectomicrobia,NRPS-like,NRPS,Entotheonellaceae
SRR32147508.bin.76,Medium-quality,Tectomicrobia,NRPS,NRPS,Entotheonellaceae
SRR32147508.bin.76,Medium-quality,Tectomicrobia,NRPS-like,NRPS,Entotheonellaceae
SRR32147508.bin.76,Medium-quality,Tectomicrobia,T1PKS.NRPS-like,PKS-NRP_Hybrids,Entotheonellaceae
SRR32147508.bin.76,Medium-quality,Tectomicrobia,T3PKS,PKSother,Entotheonellaceae
SRR32147508.bin.76,Medium-quality,Tectomicrobia,NRPS-like,NRPS,Entotheonellaceae
SRR32147508.bin.82,Medium-quality,Desulfobacterota_B,T1PKS,PKSI,JAJDTQ01
SRR32147508.bin.82,Medium-quality,Desulfobacterota_B,NRPS,NRPS,JAJDTQ01
SRR32147508.bin.82,Medium-quality,Desulfobacterota_B,NRPS,NRPS,JAJDTQ01
SRR32147508.bin.82,Medium-quality,Desulfobacterota_B,NRPS-like,NRPS,JAJDTQ01
SRR32147508.bin.82,Medium-quality,Desulfobacterota_B,T1PKS,PKSI,JAJDTQ01
SRR32147508.bin.82,Medium-quality,Desulfobacterota_B,NRPS,NRPS,JAJDTQ01
SRR32147508.bin.82,Medium-quality,Desulfobacterota_B,T1PKS,PKSI,JAJDTQ01
SRR32147508.bin.82,Medium-quality,Desulfobacterota_B,NRPS,NRPS,JAJDTQ01
SRR32147508.bin.82,Medium-quality,Desulfobacterota_B,NRPS-like,NRPS,JAJDTQ01
SRR32147508.bin.82,Medium-quality,Desulfobacterota_B,terpene,Terpene,JAJDTQ01
SRR32147508.bin.82,Medium-quality,Desulfobacterota_B,terpene,Terpene,JAJDTQ01
SRR32147508.bin.82,Medium-quality,Desulfobacterota_B,NRPS.T1PKS,PKS-NRP_Hybrids,JAJDTQ01
SRR32147508.bin.82,Medium-quality,Desulfobacterota_B,NRPS-like,NRPS,JAJDTQ01
SRR32147508.bin.82,Medium-quality,Desulfobacterota_B,NRPS,NRPS,JAJDTQ01
SRR32147508.bin.82,Medium-quality,Desulfobacterota_B,T1PKS,PKSI,JAJDTQ01
SRR32147508.bin.82,Medium-quality,Desulfobacterota_B,NRPS,NRPS,JAJDTQ01
SRR32147508.bin.82,Medium-quality,Desulfobacterota_B,hglE-KS,PKSother,JAJDTQ01
SRR32147508.bin.82,Medium-quality,Desulfobacterota_B,T1PKS,PKSI,JAJDTQ01
SRR32147508.bin.82,Medium-quality,Desulfobacterota_B,hglE-KS,PKSother,JAJDTQ01
SRR32147508.bin.82,Medium-quality,Desulfobacterota_B,T1PKS,PKSI,JAJDTQ01
SRR32147508.bin.82,Medium-quality,Desulfobacterota_B,NRPS-like,NRPS,JAJDTQ01
SRR32147508.bin.93,Medium-quality,Pseudomonadota,terpene,Terpene,Woeseiaceae
SRR32147508.bin.93,Medium-quality,Pseudomonadota,terpene,Terpene,Woeseiaceae
SRR32147508.bin.93,Medium-quality,Pseudomonadota,phosphonate,Others,Woeseiaceae
SRR32147508.bin.93,Medium-quality,Pseudomonadota,NRPS-like,NRPS,Woeseiaceae
SRR32147508.bin.93,Medium-quality,Pseudomonadota,T1PKS,PKSI,Woeseiaceae
SRR32147508.bin.93,Medium-quality,Pseudomonadota,NRPS,NRPS,Woeseiaceae
SRR32147508.bin.93,Medium-quality,Pseudomonadota,NRPS,NRPS,Woeseiaceae
SRR32147508.bin.95,Medium-quality,Gemmatimonadota,RiPP-like,RiPPs,RSA9
SRR32147508.bin.95,Medium-quality,Gemmatimonadota,lanthipeptide-class-ii,RiPPs,RSA9
SRR32147508.bin.95,Medium-quality,Gemmatimonadota,hglE-KS,PKSother,RSA9
SRR32147508.bin.96,Medium-quality,Pseudomonadota,terpene,Terpene,Azotimanducaceae_A
SRR32147508.bin.96,Medium-quality,Pseudomonadota,terpene,Terpene,Azotimanducaceae_A
SRR32147508.bin.96,Medium-quality,Pseudomonadota,terpene,Terpene,Azotimanducaceae_A
SRR32147508.bin.96,Medium-quality,Pseudomonadota,NRPS-like,NRPS,Azotimanducaceae_A
SRR32147509.bin.1,Medium-quality,Myxococcota_A,arylpolyene,Others,SMWR01
SRR32147509.bin.1,Medium-quality,Myxococcota_A,arylpolyene,Others,SMWR01
SRR32147509.bin.1,Medium-quality,Myxococcota_A,T3PKS,PKSother,SMWR01
SRR32147509.bin.107,Medium-quality,Pseudomonadota,arylpolyene,Others,Halieaceae
SRR32147509.bin.107,Medium-quality,Pseudomonadota,resorcinol,Others,Halieaceae
SRR32147509.bin.107,Medium-quality,Pseudomonadota,arylpolyene,Others,Halieaceae
SRR32147509.bin.107,Medium-quality,Pseudomonadota,ectoine,Others,Halieaceae
SRR32147509.bin.108,Medium-quality,Actinomycetota,terpene,Terpene,JACDCH01
SRR32147509.bin.111,Medium-quality,Bacteroidota,terpene,Terpene,Cyclobacteriaceae
SRR32147509.bin.111,Medium-quality,Bacteroidota,T3PKS,PKSother,Cyclobacteriaceae
SRR32147509.bin.111,Medium-quality,Bacteroidota,terpene,Terpene,Cyclobacteriaceae
SRR32147509.bin.111,Medium-quality,Bacteroidota,terpene,Terpene,Cyclobacteriaceae
SRR32147509.bin.111,Medium-quality,Bacteroidota,NRPS-like,NRPS,Cyclobacteriaceae
SRR32147509.bin.113,Medium-quality,Pseudomonadota,NRPS-like,NRPS,Geminicoccaceae
SRR32147509.bin.113,Medium-quality,Pseudomonadota,terpene,Terpene,Geminicoccaceae
SRR32147509.bin.113,Medium-quality,Pseudomonadota,T3PKS,PKSother,Geminicoccaceae
SRR32147509.bin.113,Medium-quality,Pseudomonadota,RiPP-like,RiPPs,Geminicoccaceae
SRR32147509.bin.113,Medium-quality,Pseudomonadota,NRPS-like,NRPS,Geminicoccaceae
SRR32147509.bin.114,Medium-quality,Planctomycetota,NRPS-like,NRPS,Pirellulaceae
SRR32147509.bin.114,Medium-quality,Planctomycetota,terpene,Terpene,Pirellulaceae
SRR32147509.bin.114,Medium-quality,Planctomycetota,resorcinol,Others,Pirellulaceae
SRR32147509.bin.114,Medium-quality,Planctomycetota,terpene,Terpene,Pirellulaceae
SRR32147509.bin.13,Medium-quality,Pseudomonadota,terpene,Terpene,Halofilaceae
SRR32147509.bin.14,Medium-quality,Planctomycetota,terpene,Terpene,Planctomycetaceae
SRR32147509.bin.14,Medium-quality,Planctomycetota,NRPS-like,NRPS,Planctomycetaceae
SRR32147509.bin.14,Medium-quality,Planctomycetota,T3PKS,PKSother,Planctomycetaceae
SRR32147509.bin.14,Medium-quality,Planctomycetota,terpene,Terpene,Planctomycetaceae
SRR32147509.bin.14,Medium-quality,Planctomycetota,T1PKS,PKSI,Planctomycetaceae
SRR32147509.bin.17,Medium-quality,Actinomycetota,T3PKS,PKSother,Dermatophilaceae
SRR32147509.bin.20,Medium-quality,Planctomycetota,terpene,Terpene,Pirellulaceae
SRR32147509.bin.20,Medium-quality,Planctomycetota,terpene,Terpene,Pirellulaceae
SRR32147509.bin.20,Medium-quality,Planctomycetota,T1PKS,PKSI,Pirellulaceae
SRR32147509.bin.20,Medium-quality,Planctomycetota,NRPS-like,NRPS,Pirellulaceae
SRR32147509.bin.20,Medium-quality,Planctomycetota,terpene,Terpene,Pirellulaceae
SRR32147509.bin.20,Medium-quality,Planctomycetota,T3PKS,PKSother,Pirellulaceae
SRR32147509.bin.27,Medium-quality,Actinomycetota,T1PKS,PKSI,Micromonosporaceae
SRR32147509.bin.27,Medium-quality,Actinomycetota,NRPS,NRPS,Micromonosporaceae
SRR32147509.bin.27,Medium-quality,Actinomycetota,ladderane,Others,Micromonosporaceae
SRR32147509.bin.27,Medium-quality,Actinomycetota,arylpolyene,Others,Micromonosporaceae
SRR32147509.bin.27,Medium-quality,Actinomycetota,T1PKS,PKSI,Micromonosporaceae
SRR32147509.bin.27,Medium-quality,Actinomycetota,lanthipeptide-class-ii,RiPPs,Micromonosporaceae
SRR32147509.bin.27,Medium-quality,Actinomycetota,T1PKS,PKSI,Micromonosporaceae
SRR32147509.bin.27,Medium-quality,Actinomycetota,T1PKS,PKSI,Micromonosporaceae
SRR32147509.bin.27,Medium-quality,Actinomycetota,NRPS,NRPS,Micromonosporaceae
SRR32147509.bin.27,Medium-quality,Actinomycetota,NRPS-like,NRPS,Micromonosporaceae
SRR32147509.bin.27,Medium-quality,Actinomycetota,T1PKS,PKSI,Micromonosporaceae
SRR32147509.bin.27,Medium-quality,Actinomycetota,T1PKS,PKSI,Micromonosporaceae
SRR32147509.bin.27,Medium-quality,Actinomycetota,T1PKS,PKSI,Micromonosporaceae
SRR32147509.bin.27,Medium-quality,Actinomycetota,terpene,Terpene,Micromonosporaceae
SRR32147509.bin.27,Medium-quality,Actinomycetota,T1PKS,PKSI,Micromonosporaceae
SRR32147509.bin.27,Medium-quality,Actinomycetota,NRPS,NRPS,Micromonosporaceae
SRR32147509.bin.27,Medium-quality,Actinomycetota,T1PKS,PKSI,Micromonosporaceae
SRR32147509.bin.27,Medium-quality,Actinomycetota,NRPS,NRPS,Micromonosporaceae
SRR32147509.bin.27,Medium-quality,Actinomycetota,NRPS,NRPS,Micromonosporaceae
SRR32147509.bin.27,Medium-quality,Actinomycetota,T1PKS,PKSI,Micromonosporaceae
SRR32147509.bin.27,Medium-quality,Actinomycetota,T1PKS,PKSI,Micromonosporaceae
SRR32147509.bin.27,Medium-quality,Actinomycetota,T1PKS.NRPS-like,PKS-NRP_Hybrids,Micromonosporaceae
SRR32147509.bin.27,Medium-quality,Actinomycetota,T1PKS,PKSI,Micromonosporaceae
SRR32147509.bin.27,Medium-quality,Actinomycetota,T1PKS,PKSI,Micromonosporaceae
SRR32147509.bin.27,Medium-quality,Actinomycetota,NRPS,NRPS,Micromonosporaceae
SRR32147509.bin.27,Medium-quality,Actinomycetota,T1PKS,PKSI,Micromonosporaceae
SRR32147509.bin.27,Medium-quality,Actinomycetota,NRPS-like,NRPS,Micromonosporaceae
SRR32147509.bin.27,Medium-quality,Actinomycetota,T1PKS,PKSI,Micromonosporaceae
SRR32147509.bin.27,Medium-quality,Actinomycetota,NRPS,NRPS,Micromonosporaceae
SRR32147509.bin.27,Medium-quality,Actinomycetota,NRPS,NRPS,Micromonosporaceae
SRR32147509.bin.27,Medium-quality,Actinomycetota,NRPS,NRPS,Micromonosporaceae
SRR32147509.bin.27,Medium-quality,Actinomycetota,T1PKS,PKSI,Micromonosporaceae
SRR32147509.bin.27,Medium-quality,Actinomycetota,T1PKS,PKSI,Micromonosporaceae
SRR32147509.bin.27,Medium-quality,Actinomycetota,NRPS,NRPS,Micromonosporaceae
SRR32147509.bin.27,Medium-quality,Actinomycetota,NRPS,NRPS,Micromonosporaceae
SRR32147509.bin.27,Medium-quality,Actinomycetota,NRPS,NRPS,Micromonosporaceae
SRR32147509.bin.27,Medium-quality,Actinomycetota,T1PKS,PKSI,Micromonosporaceae
SRR32147509.bin.27,Medium-quality,Actinomycetota,T1PKS,PKSI,Micromonosporaceae
SRR32147509.bin.27,Medium-quality,Actinomycetota,T1PKS,PKSI,Micromonosporaceae
SRR32147509.bin.27,Medium-quality,Actinomycetota,NRPS,NRPS,Micromonosporaceae
SRR32147509.bin.27,Medium-quality,Actinomycetota,T1PKS,PKSI,Micromonosporaceae
SRR32147509.bin.27,Medium-quality,Actinomycetota,NRPS,NRPS,Micromonosporaceae
SRR32147509.bin.27,Medium-quality,Actinomycetota,NRPS,NRPS,Micromonosporaceae
SRR32147509.bin.27,Medium-quality,Actinomycetota,NRPS,NRPS,Micromonosporaceae
SRR32147509.bin.27,Medium-quality,Actinomycetota,NI-siderophore,Others,Micromonosporaceae
SRR32147509.bin.27,Medium-quality,Actinomycetota,NRPS-like,NRPS,Micromonosporaceae
SRR32147509.bin.27,Medium-quality,Actinomycetota,T1PKS,PKSI,Micromonosporaceae
SRR32147509.bin.27,Medium-quality,Actinomycetota,nucleoside,Others,Micromonosporaceae
SRR32147509.bin.27,Medium-quality,Actinomycetota,T1PKS,PKSI,Micromonosporaceae
SRR32147509.bin.27,Medium-quality,Actinomycetota,T1PKS,PKSI,Micromonosporaceae
SRR32147509.bin.27,Medium-quality,Actinomycetota,T1PKS,PKSI,Micromonosporaceae
SRR32147509.bin.27,Medium-quality,Actinomycetota,NRPS,NRPS,Micromonosporaceae
SRR32147509.bin.27,Medium-quality,Actinomycetota,T1PKS,PKSI,Micromonosporaceae
SRR32147509.bin.27,Medium-quality,Actinomycetota,T3PKS,PKSother,Micromonosporaceae
SRR32147509.bin.27,Medium-quality,Actinomycetota,NRPS-like,NRPS,Micromonosporaceae
SRR32147509.bin.27,Medium-quality,Actinomycetota,NRPS,NRPS,Micromonosporaceae
SRR32147509.bin.27,Medium-quality,Actinomycetota,T1PKS,PKSI,Micromonosporaceae
SRR32147509.bin.27,Medium-quality,Actinomycetota,NRPS,NRPS,Micromonosporaceae
SRR32147509.bin.27,Medium-quality,Actinomycetota,T1PKS,PKSI,Micromonosporaceae
SRR32147509.bin.27,Medium-quality,Actinomycetota,NRPS-like,NRPS,Micromonosporaceae
SRR32147509.bin.27,Medium-quality,Actinomycetota,NRPS,NRPS,Micromonosporaceae
SRR32147509.bin.27,Medium-quality,Actinomycetota,T1PKS,PKSI,Micromonosporaceae
SRR32147509.bin.27,Medium-quality,Actinomycetota,T1PKS,PKSI,Micromonosporaceae
SRR32147509.bin.27,Medium-quality,Actinomycetota,NRPS,NRPS,Micromonosporaceae
SRR32147509.bin.27,Medium-quality,Actinomycetota,NRPS-like,NRPS,Micromonosporaceae
SRR32147509.bin.27,Medium-quality,Actinomycetota,NRPS,NRPS,Micromonosporaceae
SRR32147509.bin.27,Medium-quality,Actinomycetota,NRPS,NRPS,Micromonosporaceae
SRR32147509.bin.31,Medium-quality,Pseudomonadota,NRPS-like,NRPS,Rhodomicrobiaceae
SRR32147509.bin.31,Medium-quality,Pseudomonadota,terpene,Terpene,Rhodomicrobiaceae
SRR32147509.bin.31,Medium-quality,Pseudomonadota,T3PKS,PKSother,Rhodomicrobiaceae
SRR32147509.bin.36,Medium-quality,Planctomycetota,resorcinol,Others,Lacipirellulaceae
SRR32147509.bin.36,Medium-quality,Planctomycetota,T1PKS,PKSI,Lacipirellulaceae
SRR32147509.bin.36,Medium-quality,Planctomycetota,NRPS-like,NRPS,Lacipirellulaceae
SRR32147509.bin.36,Medium-quality,Planctomycetota,NRPS-like,NRPS,Lacipirellulaceae
SRR32147509.bin.36,Medium-quality,Planctomycetota,NRPS,NRPS,Lacipirellulaceae
SRR32147509.bin.36,Medium-quality,Planctomycetota,NRPS-like,NRPS,Lacipirellulaceae
SRR32147509.bin.36,Medium-quality,Planctomycetota,NRPS,NRPS,Lacipirellulaceae
SRR32147509.bin.36,Medium-quality,Planctomycetota,NRPS,NRPS,Lacipirellulaceae
SRR32147509.bin.43,Medium-quality,Pseudomonadota,NRPS-like,NRPS,UXAT02
SRR32147509.bin.43,Medium-quality,Pseudomonadota,RiPP-like,RiPPs,UXAT02
SRR32147509.bin.43,Medium-quality,Pseudomonadota,T3PKS,PKSother,UXAT02
SRR32147509.bin.44,Medium-quality,Pseudomonadota,terpene,Terpene,Salinisphaeraceae
SRR32147509.bin.44,Medium-quality,Pseudomonadota,ectoine,Others,Salinisphaeraceae
SRR32147509.bin.44,Medium-quality,Pseudomonadota,phosphonate,Others,Salinisphaeraceae
SRR32147509.bin.49,Medium-quality,Planctomycetota,terpene,Terpene,Planctomycetaceae
SRR32147509.bin.49,Medium-quality,Planctomycetota,terpene,Terpene,Planctomycetaceae
SRR32147509.bin.49,Medium-quality,Planctomycetota,resorcinol,Others,Planctomycetaceae
SRR32147509.bin.49,Medium-quality,Planctomycetota,terpene,Terpene,Planctomycetaceae
SRR32147509.bin.49,Medium-quality,Planctomycetota,NRPS,NRPS,Planctomycetaceae
SRR32147509.bin.58,Medium-quality,Gemmatimonadota,terpene,Terpene,UBA6960
SRR32147509.bin.67,Medium-quality,Gemmatimonadota,T3PKS,PKSother,Palauibacteraceae
SRR32147509.bin.69,Medium-quality,Pseudomonadota,arylpolyene,Others,Rhodovibrionaceae
SRR32147509.bin.69,Medium-quality,Pseudomonadota,arylpolyene,Others,Rhodovibrionaceae
SRR32147509.bin.69,Medium-quality,Pseudomonadota,terpene,Terpene,Rhodovibrionaceae
SRR32147509.bin.69,Medium-quality,Pseudomonadota,NRPS-like,NRPS,Rhodovibrionaceae
SRR32147509.bin.69,Medium-quality,Pseudomonadota,terpene,Terpene,Rhodovibrionaceae
SRR32147509.bin.69,Medium-quality,Pseudomonadota,terpene,Terpene,Rhodovibrionaceae
SRR32147509.bin.69,Medium-quality,Pseudomonadota,T3PKS,PKSother,Rhodovibrionaceae
SRR32147509.bin.70,Medium-quality,Planctomycetota,terpene,Terpene,Lacipirellulaceae
SRR32147509.bin.70,Medium-quality,Planctomycetota,NRPS-like,NRPS,Lacipirellulaceae
SRR32147509.bin.70,Medium-quality,Planctomycetota,NRPS-like,NRPS,Lacipirellulaceae
SRR32147509.bin.71,Medium-quality,Pseudomonadota,NRPS-like,NRPS,JAANXG01
SRR32147509.bin.71,Medium-quality,Pseudomonadota,NRPS-like,NRPS,JAANXG01
SRR32147509.bin.71,Medium-quality,Pseudomonadota,NRPS-like,NRPS,JAANXG01
SRR32147509.bin.71,Medium-quality,Pseudomonadota,terpene,Terpene,JAANXG01
SRR32147509.bin.79,Medium-quality,Sumerlaeota,hglE-KS,PKSother,JAJFLK01
SRR32147509.bin.79,Medium-quality,Sumerlaeota,T1PKS,PKSI,JAJFLK01
SRR32147509.bin.79,Medium-quality,Sumerlaeota,NRPS-like,NRPS,JAJFLK01
SRR32147509.bin.81,Medium-quality,Planctomycetota,NRPS-like,NRPS,Phycisphaeraceae
SRR32147509.bin.81,Medium-quality,Planctomycetota,terpene,Terpene,Phycisphaeraceae
SRR32147509.bin.81,Medium-quality,Planctomycetota,terpene,Terpene,Phycisphaeraceae
SRR32147509.bin.81,Medium-quality,Planctomycetota,hglE-KS.T1PKS,PKSother,Phycisphaeraceae
SRR32147509.bin.81,Medium-quality,Planctomycetota,terpene,Terpene,Phycisphaeraceae
SRR32147509.bin.81,Medium-quality,Planctomycetota,T1PKS,PKSI,Phycisphaeraceae
SRR32147509.bin.81,Medium-quality,Planctomycetota,NRPS-like,NRPS,Phycisphaeraceae
SRR32147509.bin.81,Medium-quality,Planctomycetota,hglE-KS,PKSother,Phycisphaeraceae
SRR32147509.bin.81,Medium-quality,Planctomycetota,terpene,Terpene,Phycisphaeraceae
SRR32147509.bin.81,Medium-quality,Planctomycetota,terpene,Terpene,Phycisphaeraceae
SRR32147509.bin.81,Medium-quality,Planctomycetota,T3PKS,PKSother,Phycisphaeraceae
SRR32147509.bin.84,Medium-quality,Planctomycetota,T3PKS,PKSother,GCA-002686595
SRR32147509.bin.84,Medium-quality,Planctomycetota,T3PKS,PKSother,GCA-002686595
SRR32147509.bin.87,Medium-quality,Pseudomonadota,NRPS-like,NRPS,Porticoccaceae
SRR32147509.bin.89,Medium-quality,Pseudomonadota,LAP,RiPPs,Competibacteraceae
SRR32147509.bin.89,Medium-quality,Pseudomonadota,NRPS-like,NRPS,Competibacteraceae
SRR32147509.bin.89,Medium-quality,Pseudomonadota,terpene,Terpene,Competibacteraceae
SRR32147509.bin.89,Medium-quality,Pseudomonadota,RRE-containing,RiPPs,Competibacteraceae
SRR32147509.bin.9,Medium-quality,Hydrogenedentota,hglE-KS.T1PKS,PKSother,GCA-2746185
SRR32147509.bin.9,Medium-quality,Hydrogenedentota,hglE-KS,PKSother,GCA-2746185
SRR32147509.bin.9,Medium-quality,Hydrogenedentota,T3PKS,PKSother,GCA-2746185
SRR32147509.bin.9,Medium-quality,Hydrogenedentota,arylpolyene,Others,GCA-2746185
SRR32147509.bin.9,Medium-quality,Hydrogenedentota,arylpolyene,Others,GCA-2746185
SRR32147509.bin.9,Medium-quality,Hydrogenedentota,arylpolyene,Others,GCA-2746185
SRR32147509.bin.9,Medium-quality,Hydrogenedentota,arylpolyene,Others,GCA-2746185
SRR32147509.bin.94,Medium-quality,Chloroflexota,terpene,Terpene,Promineifilaceae
SRR32147509.bin.94,Medium-quality,Chloroflexota,T3PKS,PKSother,Promineifilaceae
SRR32147509.bin.96,Medium-quality,Pseudomonadota,NRPS-like,NRPS,Methyloligellaceae
SRR32774196.bin.13,Medium-quality,Pseudomonadota,NRPS,NRPS,Alteromonadaceae
SRR32774196.bin.13,Medium-quality,Pseudomonadota,RiPP-like,RiPPs,Alteromonadaceae
SRR32774196.bin.13,Medium-quality,Pseudomonadota,NI-siderophore,Others,Alteromonadaceae
SRR32774196.bin.15,Medium-quality,Bacillota,RRE-containing,RiPPs,Carnobacteriaceae
SRR32774196.bin.15,Medium-quality,Bacillota,NRPS,NRPS,Carnobacteriaceae
SRR32774196.bin.15,Medium-quality,Bacillota,T3PKS,PKSother,Carnobacteriaceae
SRR32774196.bin.15,Medium-quality,Bacillota,lanthipeptide-class-ii,RiPPs,Carnobacteriaceae
SRR32774196.bin.16,Medium-quality,Pseudomonadota,arylpolyene,Others,Vibrionaceae
SRR32774196.bin.16,Medium-quality,Pseudomonadota,arylpolyene,Others,Vibrionaceae
SRR32774196.bin.16,Medium-quality,Pseudomonadota,NI-siderophore,Others,Vibrionaceae
SRR32774196.bin.16,Medium-quality,Pseudomonadota,NI-siderophore,Others,Vibrionaceae
SRR32774196.bin.16,Medium-quality,Pseudomonadota,PUFA,Others,Vibrionaceae
SRR32774196.bin.16,Medium-quality,Pseudomonadota,hglE-KS,PKSother,Vibrionaceae
SRR32774196.bin.18,Medium-quality,Pseudomonadota,arylpolyene,Others,Pseudomonadaceae
SRR32774196.bin.18,Medium-quality,Pseudomonadota,NI-siderophore,Others,Pseudomonadaceae
SRR32774196.bin.18,Medium-quality,Pseudomonadota,arylpolyene,Others,Pseudomonadaceae
SRR32774196.bin.18,Medium-quality,Pseudomonadota,T1PKS,PKSI,Pseudomonadaceae
SRR32774196.bin.3,Medium-quality,Pseudomonadota,NRPS,NRPS,Enterobacteriaceae
SRR32774196.bin.3,Medium-quality,Pseudomonadota,NRPS,NRPS,Enterobacteriaceae
SRR32774196.bin.3,Medium-quality,Pseudomonadota,RiPP-like,RiPPs,Enterobacteriaceae
SRR32774196.bin.3,Medium-quality,Pseudomonadota,NI-siderophore,Others,Enterobacteriaceae
SRR32774196.bin.3,Medium-quality,Pseudomonadota,NRPS-like,NRPS,Enterobacteriaceae
SRR32774196.bin.3,Medium-quality,Pseudomonadota,NRPS,NRPS,Enterobacteriaceae
SRR32774196.bin.3,Medium-quality,Pseudomonadota,arylpolyene.ladderane,Others,Enterobacteriaceae
SRR32774197.bin.12,Medium-quality,Actinomycetota,NRPS-like,NRPS,Micrococcaceae
SRR32774197.bin.12,Medium-quality,Actinomycetota,amglyccycl,Saccharides,Micrococcaceae
SRR32774197.bin.12,Medium-quality,Actinomycetota,T3PKS,PKSother,Micrococcaceae
SRR32774197.bin.12,Medium-quality,Actinomycetota,NRPS-like,NRPS,Micrococcaceae
SRR32774197.bin.12,Medium-quality,Actinomycetota,NI-siderophore,Others,Micrococcaceae
SRR32774197.bin.20,Medium-quality,Actinomycetota,NRPS-like,NRPS,Micrococcaceae
SRR32774197.bin.20,Medium-quality,Actinomycetota,NAPAA,NRPS,Micrococcaceae
SRR32774197.bin.21,Medium-quality,Pseudomonadota,arylpolyene,Others,Alteromonadaceae
SRR32774197.bin.21,Medium-quality,Pseudomonadota,arylpolyene,Others,Alteromonadaceae
SRR32774197.bin.21,Medium-quality,Pseudomonadota,lanthipeptide-class-iv,RiPPs,Alteromonadaceae
SRR32774197.bin.21,Medium-quality,Pseudomonadota,resorcinol,Others,Alteromonadaceae
SRR32774197.bin.26,Medium-quality,Pseudomonadota,T3PKS,PKSother,Pseudomonadaceae
SRR32774197.bin.26,Medium-quality,Pseudomonadota,arylpolyene,Others,Pseudomonadaceae
SRR32774197.bin.26,Medium-quality,Pseudomonadota,arylpolyene,Others,Pseudomonadaceae
SRR32774197.bin.26,Medium-quality,Pseudomonadota,RiPP-like,RiPPs,Pseudomonadaceae
SRR32774197.bin.26,Medium-quality,Pseudomonadota,NRPS,NRPS,Pseudomonadaceae
SRR32774197.bin.26,Medium-quality,Pseudomonadota,NRPS,NRPS,Pseudomonadaceae
SRR32774197.bin.26,Medium-quality,Pseudomonadota,NRPS,NRPS,Pseudomonadaceae
SRR32774197.bin.26,Medium-quality,Pseudomonadota,NRPS,NRPS,Pseudomonadaceae
SRR32774197.bin.26,Medium-quality,Pseudomonadota,NRPS,NRPS,Pseudomonadaceae
SRR32774197.bin.26,Medium-quality,Pseudomonadota,NRPS-like,NRPS,Pseudomonadaceae
SRR32774197.bin.26,Medium-quality,Pseudomonadota,NI-siderophore,Others,Pseudomonadaceae
SRR32774197.bin.26,Medium-quality,Pseudomonadota,NRPS,NRPS,Pseudomonadaceae
SRR32774197.bin.26,Medium-quality,Pseudomonadota,NRPS,NRPS,Pseudomonadaceae
SRR32774197.bin.26,Medium-quality,Pseudomonadota,NRPS,NRPS,Pseudomonadaceae
SRR32774197.bin.26,Medium-quality,Pseudomonadota,NRPS,NRPS,Pseudomonadaceae
SRR32774197.bin.26,Medium-quality,Pseudomonadota,NRPS,NRPS,Pseudomonadaceae
SRR32774197.bin.26,Medium-quality,Pseudomonadota,ranthipeptide,RiPPs,Pseudomonadaceae
SRR32774197.bin.26,Medium-quality,Pseudomonadota,NRPS,NRPS,Pseudomonadaceae
SRR32774197.bin.26,Medium-quality,Pseudomonadota,NRPS,NRPS,Pseudomonadaceae
SRR32774197.bin.26,Medium-quality,Pseudomonadota,NI-siderophore,Others,Pseudomonadaceae
SRR32774197.bin.26,Medium-quality,Pseudomonadota,NI-siderophore,Others,Pseudomonadaceae
SRR32774197.bin.26,Medium-quality,Pseudomonadota,NI-siderophore,Others,Pseudomonadaceae
SRR32774197.bin.26,Medium-quality,Pseudomonadota,NRPS,NRPS,Pseudomonadaceae
SRR32774197.bin.27,Medium-quality,Pseudomonadota,NI-siderophore,Others,Pseudomonadaceae
SRR32774197.bin.27,Medium-quality,Pseudomonadota,NRPS-like,NRPS,Pseudomonadaceae
SRR32774197.bin.27,Medium-quality,Pseudomonadota,NI-siderophore,Others,Pseudomonadaceae
SRR32774197.bin.27,Medium-quality,Pseudomonadota,arylpolyene,Others,Pseudomonadaceae
SRR32774197.bin.27,Medium-quality,Pseudomonadota,arylpolyene,Others,Pseudomonadaceae
SRR32774197.bin.29,Medium-quality,Pseudomonadota,RiPP-like,RiPPs,Nitrincolaceae
SRR32774197.bin.29,Medium-quality,Pseudomonadota,ranthipeptide,RiPPs,Nitrincolaceae
SRR32774197.bin.29,Medium-quality,Pseudomonadota,NI-siderophore,Others,Nitrincolaceae
SRR32774197.bin.29,Medium-quality,Pseudomonadota,NI-siderophore,Others,Nitrincolaceae
SRR32774197.bin.29,Medium-quality,Pseudomonadota,T1PKS,PKSI,Nitrincolaceae
SRR32774197.bin.29,Medium-quality,Pseudomonadota,RRE-containing,RiPPs,Nitrincolaceae
SRR32774197.bin.29,Medium-quality,Pseudomonadota,T1PKS,PKSI,Nitrincolaceae
SRR32774197.bin.29,Medium-quality,Pseudomonadota,T3PKS,PKSother,Nitrincolaceae
SRR32774197.bin.31,Medium-quality,Pseudomonadota,RiPP-like,RiPPs,Marinomonadaceae
SRR32774197.bin.31,Medium-quality,Pseudomonadota,NI-siderophore,Others,Marinomonadaceae
SRR32774197.bin.31,Medium-quality,Pseudomonadota,NI-siderophore,Others,Marinomonadaceae
SRR32774197.bin.31,Medium-quality,Pseudomonadota,NI-siderophore,Others,Marinomonadaceae
SRR32774197.bin.31,Medium-quality,Pseudomonadota,NRPS,NRPS,Marinomonadaceae
SRR32774197.bin.31,Medium-quality,Pseudomonadota,arylpolyene,Others,Marinomonadaceae
SRR32774197.bin.31,Medium-quality,Pseudomonadota,arylpolyene,Others,Marinomonadaceae
SRR32774197.bin.32,Medium-quality,Bacillota,NI-siderophore,Others,HB172195
SRR32774197.bin.32,Medium-quality,Bacillota,NI-siderophore,Others,HB172195
SRR32774197.bin.32,Medium-quality,Bacillota,T3PKS,PKSother,HB172195
SRR32774197.bin.32,Medium-quality,Bacillota,terpene,Terpene,HB172195
SRR32774197.bin.34,Medium-quality,Pseudomonadota,NRP-metallophore,Others,Rhodobacteraceae
SRR32774197.bin.37,Medium-quality,Bacillota,T3PKS,PKSother,Planococcaceae
SRR32774197.bin.6,Medium-quality,Actinomycetota,T3PKS,PKSother,Micrococcaceae
SRR32774197.bin.6,Medium-quality,Actinomycetota,NI-siderophore,Others,Micrococcaceae
SRR32774197.bin.6,Medium-quality,Actinomycetota,NAPAA,NRPS,Micrococcaceae
SRR32774198.bin.11,Medium-quality,Pseudomonadota,arylpolyene,Others,Pseudomonadaceae
SRR32774198.bin.11,Medium-quality,Pseudomonadota,arylpolyene,Others,Pseudomonadaceae
SRR32774198.bin.11,Medium-quality,Pseudomonadota,resorcinol,Others,Pseudomonadaceae
SRR32774198.bin.11,Medium-quality,Pseudomonadota,arylpolyene,Others,Pseudomonadaceae
SRR32774198.bin.11,Medium-quality,Pseudomonadota,NRPS,NRPS,Pseudomonadaceae
SRR32774198.bin.11,Medium-quality,Pseudomonadota,NRPS,NRPS,Pseudomonadaceae
SRR32774198.bin.22,Medium-quality,Pseudomonadota,NI-siderophore,Others,Moraxellaceae
SRR32774198.bin.22,Medium-quality,Pseudomonadota,arylpolyene,Others,Moraxellaceae
SRR32774198.bin.22,Medium-quality,Pseudomonadota,RiPP-like,RiPPs,Moraxellaceae
SRR32774198.bin.22,Medium-quality,Pseudomonadota,NI-siderophore,Others,Moraxellaceae
SRR32774198.bin.22,Medium-quality,Pseudomonadota,RiPP-like,RiPPs,Moraxellaceae
SRR32774198.bin.22,Medium-quality,Pseudomonadota,arylpolyene,Others,Moraxellaceae
SRR32774198.bin.22,Medium-quality,Pseudomonadota,arylpolyene,Others,Moraxellaceae
SRR32774198.bin.24,Medium-quality,Pseudomonadota,arylpolyene,Others,Pseudomonadaceae
SRR32774198.bin.24,Medium-quality,Pseudomonadota,arylpolyene,Others,Pseudomonadaceae
SRR32774198.bin.24,Medium-quality,Pseudomonadota,NRPS,NRPS,Pseudomonadaceae
SRR32774198.bin.24,Medium-quality,Pseudomonadota,NRPS,NRPS,Pseudomonadaceae
SRR32774198.bin.24,Medium-quality,Pseudomonadota,NRPS,NRPS,Pseudomonadaceae
SRR32774198.bin.24,Medium-quality,Pseudomonadota,NRPS,NRPS,Pseudomonadaceae
SRR32774198.bin.24,Medium-quality,Pseudomonadota,RiPP-like,RiPPs,Pseudomonadaceae
SRR32774198.bin.29,Medium-quality,Pseudomonadota,RiPP-like,RiPPs,Alteromonadaceae
SRR32774198.bin.29,Medium-quality,Pseudomonadota,arylpolyene,Others,Alteromonadaceae
SRR32774198.bin.29,Medium-quality,Pseudomonadota,arylpolyene,Others,Alteromonadaceae
SRR32774198.bin.29,Medium-quality,Pseudomonadota,resorcinol,Others,Alteromonadaceae
SRR32774198.bin.29,Medium-quality,Pseudomonadota,arylpolyene,Others,Alteromonadaceae
SRR32774198.bin.7,Medium-quality,Pseudomonadota,arylpolyene,Others,Vibrionaceae
SRR32774198.bin.7,Medium-quality,Pseudomonadota,arylpolyene,Others,Vibrionaceae
SRR32774198.bin.7,Medium-quality,Pseudomonadota,NI-siderophore,Others,Vibrionaceae
SRR32774198.bin.7,Medium-quality,Pseudomonadota,NI-siderophore,Others,Vibrionaceae
SRR32774198.bin.9,Medium-quality,Bacillota,T3PKS,PKSother,Planococcaceae
SRR32774199.bin.1,Medium-quality,Actinomycetota,NAPAA,NRPS,Micrococcaceae
SRR32774199.bin.1,Medium-quality,Actinomycetota,NAPAA,NRPS,Micrococcaceae
SRR32774199.bin.1,Medium-quality,Actinomycetota,T3PKS,PKSother,Micrococcaceae
SRR32774199.bin.1,Medium-quality,Actinomycetota,NI-siderophore,Others,Micrococcaceae
SRR32774199.bin.12,Medium-quality,Actinomycetota,T3PKS,PKSother,Cellulomonadaceae
SRR32774199.bin.12,Medium-quality,Actinomycetota,furan,Others,Cellulomonadaceae
SRR32774199.bin.12,Medium-quality,Actinomycetota,NRPS,NRPS,Cellulomonadaceae
SRR32774199.bin.12,Medium-quality,Actinomycetota,NRPS,NRPS,Cellulomonadaceae
SRR32774199.bin.12,Medium-quality,Actinomycetota,NRPS,NRPS,Cellulomonadaceae
SRR32774199.bin.12,Medium-quality,Actinomycetota,NRPS-like,NRPS,Cellulomonadaceae
SRR32774199.bin.12,Medium-quality,Actinomycetota,T3PKS,PKSother,Cellulomonadaceae
SRR32774199.bin.12,Medium-quality,Actinomycetota,NRPS-like,NRPS,Cellulomonadaceae
SRR32774199.bin.19,Medium-quality,Pseudomonadota,arylpolyene,Others,Enterobacteriaceae
SRR32774199.bin.19,Medium-quality,Pseudomonadota,arylpolyene,Others,Enterobacteriaceae
SRR32774199.bin.19,Medium-quality,Pseudomonadota,RiPP-like,RiPPs,Enterobacteriaceae
SRR32774199.bin.19,Medium-quality,Pseudomonadota,NRPS,NRPS,Enterobacteriaceae
SRR32774199.bin.23,Medium-quality,Pseudomonadota,arylpolyene,Others,Alteromonadaceae
SRR32774199.bin.27,Medium-quality,Pseudomonadota,NRPS,NRPS,Aeromonadaceae
SRR32774199.bin.27,Medium-quality,Pseudomonadota,NRPS,NRPS,Aeromonadaceae
SRR32774200.bin.1,Medium-quality,Pseudomonadota,RRE-containing,RiPPs,Alteromonadaceae
SRR32774200.bin.1,Medium-quality,Pseudomonadota,RiPP-like,RiPPs,Alteromonadaceae
SRR32774200.bin.11,Medium-quality,Bacillota,T3PKS,PKSother,Bacillaceae_B
SRR32774200.bin.11,Medium-quality,Bacillota,NI-siderophore,Others,Bacillaceae_B
SRR32774200.bin.11,Medium-quality,Bacillota,terpene,Terpene,Bacillaceae_B
SRR32774200.bin.11,Medium-quality,Bacillota,NI-siderophore,Others,Bacillaceae_B
SRR32774200.bin.13,Medium-quality,Pseudomonadota,NI-siderophore,Others,Shewanellaceae
SRR32774200.bin.13,Medium-quality,Pseudomonadota,RiPP-like,RiPPs,Shewanellaceae
SRR32774200.bin.13,Medium-quality,Pseudomonadota,arylpolyene,Others,Shewanellaceae
SRR32774200.bin.15,Medium-quality,Pseudomonadota,RiPP-like,RiPPs,Halomonadaceae
SRR32774200.bin.33,Medium-quality,Pseudomonadota,NI-siderophore,Others,Vibrionaceae
SRR32774200.bin.33,Medium-quality,Pseudomonadota,NI-siderophore,Others,Vibrionaceae
SRR32774200.bin.33,Medium-quality,Pseudomonadota,arylpolyene,Others,Vibrionaceae
SRR32774200.bin.33,Medium-quality,Pseudomonadota,arylpolyene,Others,Vibrionaceae
SRR32774200.bin.7,Medium-quality,Pseudomonadota,NRPS,NRPS,Pseudomonadaceae
SRR32774200.bin.7,Medium-quality,Pseudomonadota,NRPS,NRPS,Pseudomonadaceae
SRR32774200.bin.7,Medium-quality,Pseudomonadota,arylpolyene,Others,Pseudomonadaceae
SRR32774200.bin.7,Medium-quality,Pseudomonadota,arylpolyene,Others,Pseudomonadaceae
SRR32774200.bin.7,Medium-quality,Pseudomonadota,RiPP-like,RiPPs,Pseudomonadaceae
SRR32774200.bin.7,Medium-quality,Pseudomonadota,NRPS-like,NRPS,Pseudomonadaceae
SRR32774200.bin.7,Medium-quality,Pseudomonadota,NRPS,NRPS,Pseudomonadaceae
SRR32774200.bin.7,Medium-quality,Pseudomonadota,RiPP-like,RiPPs,Pseudomonadaceae
SRR32774201.bin.16,Medium-quality,Pseudomonadota,NRPS-like,NRPS,Rhodobacteraceae
SRR32774201.bin.16,Medium-quality,Pseudomonadota,T1PKS,PKSI,Rhodobacteraceae
SRR32774201.bin.24,Medium-quality,Pseudomonadota,RiPP-like,RiPPs,Alteromonadaceae
SRR32774201.bin.28,Medium-quality,Bacillota,T3PKS,PKSother,Amphibacillaceae
SRR32774201.bin.28,Medium-quality,Bacillota,T3PKS,PKSother,Amphibacillaceae
SRR32774201.bin.29,Medium-quality,Pseudomonadota,PUFA,Others,Shewanellaceae
SRR32774201.bin.29,Medium-quality,Pseudomonadota,hglE-KS,PKSother,Shewanellaceae
SRR32774201.bin.29,Medium-quality,Pseudomonadota,RiPP-like,RiPPs,Shewanellaceae
SRR32774201.bin.29,Medium-quality,Pseudomonadota,hglE-KS,PKSother,Shewanellaceae
SRR32774201.bin.29,Medium-quality,Pseudomonadota,arylpolyene,Others,Shewanellaceae
SRR32774201.bin.29,Medium-quality,Pseudomonadota,arylpolyene,Others,Shewanellaceae
SRR32774201.bin.30,Medium-quality,Pseudomonadota,NI-siderophore,Others,Halomonadaceae
SRR32774201.bin.30,Medium-quality,Pseudomonadota,NI-siderophore,Others,Halomonadaceae
SRR32774201.bin.30,Medium-quality,Pseudomonadota,NI-siderophore,Others,Halomonadaceae
SRR32774201.bin.30,Medium-quality,Pseudomonadota,T1PKS,PKSI,Halomonadaceae
SRR32774201.bin.37,Medium-quality,Pseudomonadota,PUFA,Others,Shewanellaceae
SRR32774201.bin.37,Medium-quality,Pseudomonadota,arylpolyene,Others,Shewanellaceae
SRR32774201.bin.37,Medium-quality,Pseudomonadota,arylpolyene,Others,Shewanellaceae
SRR32774201.bin.37,Medium-quality,Pseudomonadota,RiPP-like,RiPPs,Shewanellaceae
SRR32774201.bin.37,Medium-quality,Pseudomonadota,hglE-KS,PKSother,Shewanellaceae
SRR32774201.bin.40,Medium-quality,Bacillota,RiPP-like,RiPPs,Bacillaceae_D
SRR32774201.bin.40,Medium-quality,Bacillota,T3PKS,PKSother,Bacillaceae_D
SRR32774201.bin.40,Medium-quality,Bacillota,lanthipeptide-class-ii,RiPPs,Bacillaceae_D
SRR32774201.bin.40,Medium-quality,Bacillota,RiPP-like,RiPPs,Bacillaceae_D
SRR32774201.bin.41,Medium-quality,Pseudomonadota,arylpolyene,Others,Xanthomonadaceae
SRR32774201.bin.44,Medium-quality,Pseudomonadota,NI-siderophore,Others,Rhodobacteraceae
SRR32774201.bin.44,Medium-quality,Pseudomonadota,NI-siderophore,Others,Rhodobacteraceae
SRR32774201.bin.48,Medium-quality,Pseudomonadota,NRPS-like,NRPS,Rhodobacteraceae
SRR32774201.bin.48,Medium-quality,Pseudomonadota,NRPS,NRPS,Rhodobacteraceae
SRR32774201.bin.50,Medium-quality,Pseudomonadota,terpene,Terpene,Rhodobacteraceae
SRR32774201.bin.53,Medium-quality,Bacillota,T3PKS,PKSother,Planococcaceae
SRR33545835.bin.10,Medium-quality,Pseudomonadota,terpene,Terpene,Parvularculaceae
SRR33545835.bin.10,Medium-quality,Pseudomonadota,terpene,Terpene,Parvularculaceae
SRR33545835.bin.10,Medium-quality,Pseudomonadota,T1PKS,PKSI,Parvularculaceae
SRR33545835.bin.10,Medium-quality,Pseudomonadota,hglE-KS,PKSother,Parvularculaceae
SRR33545835.bin.6,Medium-quality,Pseudomonadota,NRPS,NRPS,Steroidobacteraceae
SRR33545835.bin.6,Medium-quality,Pseudomonadota,NRP-metallophore.NRPS,Others,Steroidobacteraceae
SRR33545835.bin.6,Medium-quality,Pseudomonadota,NRPS,NRPS,Steroidobacteraceae
SRR33545835.bin.6,Medium-quality,Pseudomonadota,NRPS,NRPS,Steroidobacteraceae
SRR33545835.bin.6,Medium-quality,Pseudomonadota,NRPS,NRPS,Steroidobacteraceae
SRR33545835.bin.6,Medium-quality,Pseudomonadota,NRPS,NRPS,Steroidobacteraceae
SRR33545835.bin.6,Medium-quality,Pseudomonadota,NI-siderophore,Others,Steroidobacteraceae
SRR33545835.bin.6,Medium-quality,Pseudomonadota,NI-siderophore,Others,Steroidobacteraceae
SRR33545835.bin.6,Medium-quality,Pseudomonadota,NRPS,NRPS,Steroidobacteraceae
SRR33545835.bin.6,Medium-quality,Pseudomonadota,arylpolyene,Others,Steroidobacteraceae
SRR33545835.bin.6,Medium-quality,Pseudomonadota,arylpolyene,Others,Steroidobacteraceae
SRR33545835.bin.6,Medium-quality,Pseudomonadota,NRPS,NRPS,Steroidobacteraceae
SRR33545835.bin.6,Medium-quality,Pseudomonadota,NRPS-like,NRPS,Steroidobacteraceae
SRR33545835.bin.6,Medium-quality,Pseudomonadota,NRP-metallophore.NRPS,Others,Steroidobacteraceae
SRR33545836.bin.15,Medium-quality,Pseudomonadota,RiPP-like,RiPPs,Alteromonadaceae
SRR33545836.bin.15,Medium-quality,Pseudomonadota,arylpolyene,Others,Alteromonadaceae
SRR33545836.bin.15,Medium-quality,Pseudomonadota,arylpolyene,Others,Alteromonadaceae
SRR33545837.bin.1,Medium-quality,Actinomycetota,NRPS,NRPS,ZC4RG35
SRR33545837.bin.1,Medium-quality,Actinomycetota,NRPS-like,NRPS,ZC4RG35
SRR33545837.bin.1,Medium-quality,Actinomycetota,NRPS-like,NRPS,ZC4RG35
SRR33545837.bin.1,Medium-quality,Actinomycetota,NRPS,NRPS,ZC4RG35
SRR33545837.bin.16,Medium-quality,Gemmatimonadota,lanthipeptide-class-iv,RiPPs,GWC2-71-9
SRR33545837.bin.19,Medium-quality,Pseudomonadota,terpene,Terpene,Nitrosomonadaceae
SRR33545837.bin.19,Medium-quality,Pseudomonadota,NRPS-like,NRPS,Nitrosomonadaceae
SRR33545837.bin.19,Medium-quality,Pseudomonadota,NRPS-like,NRPS,Nitrosomonadaceae
SRR33545837.bin.19,Medium-quality,Pseudomonadota,NRPS,NRPS,Nitrosomonadaceae
SRR33545837.bin.19,Medium-quality,Pseudomonadota,T1PKS,PKSI,Nitrosomonadaceae
SRR33545837.bin.19,Medium-quality,Pseudomonadota,NRPS,NRPS,Nitrosomonadaceae
SRR33545837.bin.19,Medium-quality,Pseudomonadota,terpene,Terpene,Nitrosomonadaceae
SRR33545837.bin.19,Medium-quality,Pseudomonadota,NRPS-like,NRPS,Nitrosomonadaceae
SRR33545837.bin.20,Medium-quality,Pseudomonadota,terpene,Terpene,Sphingomonadaceae
SRR33545837.bin.24,Medium-quality,Acidobacteriota,NRPS,NRPS,UBA5704
SRR33545837.bin.24,Medium-quality,Acidobacteriota,NRPS,NRPS,UBA5704
SRR33545837.bin.24,Medium-quality,Acidobacteriota,NRPS,NRPS,UBA5704
SRR33545837.bin.24,Medium-quality,Acidobacteriota,NRPS,NRPS,UBA5704
SRR33545837.bin.24,Medium-quality,Acidobacteriota,NRPS,NRPS,UBA5704
SRR33545837.bin.24,Medium-quality,Acidobacteriota,NRPS,NRPS,UBA5704
SRR33545837.bin.24,Medium-quality,Acidobacteriota,NRPS,NRPS,UBA5704
SRR33545837.bin.24,Medium-quality,Acidobacteriota,NRPS-like,NRPS,UBA5704
SRR33545837.bin.24,Medium-quality,Acidobacteriota,NRPS,NRPS,UBA5704
SRR33545837.bin.24,Medium-quality,Acidobacteriota,NRPS,NRPS,UBA5704
SRR33545837.bin.24,Medium-quality,Acidobacteriota,T1PKS,PKSI,UBA5704
SRR33545837.bin.24,Medium-quality,Acidobacteriota,NRPS,NRPS,UBA5704
SRR33545837.bin.24,Medium-quality,Acidobacteriota,NRPS,NRPS,UBA5704
SRR33545837.bin.24,Medium-quality,Acidobacteriota,NRPS,NRPS,UBA5704
SRR33545837.bin.24,Medium-quality,Acidobacteriota,NRPS,NRPS,UBA5704
SRR33545837.bin.24,Medium-quality,Acidobacteriota,ladderane,Others,UBA5704
SRR33545837.bin.24,Medium-quality,Acidobacteriota,NRPS,NRPS,UBA5704
SRR33545837.bin.24,Medium-quality,Acidobacteriota,NRPS,NRPS,UBA5704
SRR33545837.bin.24,Medium-quality,Acidobacteriota,NRPS-like,NRPS,UBA5704
SRR33545837.bin.24,Medium-quality,Acidobacteriota,T1PKS,PKSI,UBA5704
SRR33545837.bin.24,Medium-quality,Acidobacteriota,terpene,Terpene,UBA5704
SRR33545837.bin.24,Medium-quality,Acidobacteriota,NRPS,NRPS,UBA5704
SRR33545837.bin.24,Medium-quality,Acidobacteriota,NRPS,NRPS,UBA5704
SRR33545837.bin.24,Medium-quality,Acidobacteriota,NRPS,NRPS,UBA5704
SRR33545837.bin.24,Medium-quality,Acidobacteriota,NRPS,NRPS,UBA5704
SRR33545837.bin.24,Medium-quality,Acidobacteriota,NRPS,NRPS,UBA5704
SRR33545837.bin.24,Medium-quality,Acidobacteriota,NRPS,NRPS,UBA5704
SRR33545837.bin.24,Medium-quality,Acidobacteriota,RRE-containing,RiPPs,UBA5704
SRR33545837.bin.24,Medium-quality,Acidobacteriota,NRPS,NRPS,UBA5704
SRR33545837.bin.24,Medium-quality,Acidobacteriota,T1PKS,PKSI,UBA5704
SRR33545837.bin.24,Medium-quality,Acidobacteriota,NRPS,NRPS,UBA5704
SRR33545837.bin.24,Medium-quality,Acidobacteriota,NRPS,NRPS,UBA5704
SRR33545837.bin.24,Medium-quality,Acidobacteriota,ladderane,Others,UBA5704
SRR33545837.bin.24,Medium-quality,Acidobacteriota,NRPS,NRPS,UBA5704
SRR33545837.bin.24,Medium-quality,Acidobacteriota,NRPS,NRPS,UBA5704
SRR33545837.bin.24,Medium-quality,Acidobacteriota,NRPS-like,NRPS,UBA5704
SRR33545837.bin.24,Medium-quality,Acidobacteriota,NRPS,NRPS,UBA5704
SRR33545837.bin.24,Medium-quality,Acidobacteriota,T1PKS,PKSI,UBA5704
SRR33545837.bin.24,Medium-quality,Acidobacteriota,NRPS,NRPS,UBA5704
SRR33545837.bin.24,Medium-quality,Acidobacteriota,NRPS,NRPS,UBA5704
SRR33545837.bin.24,Medium-quality,Acidobacteriota,NRPS,NRPS,UBA5704
SRR33545837.bin.24,Medium-quality,Acidobacteriota,NRPS,NRPS,UBA5704
SRR33545837.bin.24,Medium-quality,Acidobacteriota,NRPS,NRPS,UBA5704
SRR33545837.bin.24,Medium-quality,Acidobacteriota,NRPS,NRPS,UBA5704
SRR33545837.bin.24,Medium-quality,Acidobacteriota,NRPS,NRPS,UBA5704
SRR33545837.bin.24,Medium-quality,Acidobacteriota,NRPS,NRPS,UBA5704
SRR33545837.bin.24,Medium-quality,Acidobacteriota,NRPS,NRPS,UBA5704
SRR33545837.bin.24,Medium-quality,Acidobacteriota,NRPS,NRPS,UBA5704
SRR33545837.bin.24,Medium-quality,Acidobacteriota,T1PKS,PKSI,UBA5704
SRR33545837.bin.24,Medium-quality,Acidobacteriota,NRPS,NRPS,UBA5704
SRR33545837.bin.24,Medium-quality,Acidobacteriota,NRPS-like,NRPS,UBA5704
SRR33545837.bin.24,Medium-quality,Acidobacteriota,NRPS,NRPS,UBA5704
SRR33545837.bin.24,Medium-quality,Acidobacteriota,NRPS,NRPS,UBA5704
SRR33545837.bin.24,Medium-quality,Acidobacteriota,NRPS,NRPS,UBA5704
SRR33545837.bin.24,Medium-quality,Acidobacteriota,NRPS,NRPS,UBA5704
SRR33545837.bin.24,Medium-quality,Acidobacteriota,NRPS,NRPS,UBA5704
SRR33545837.bin.24,Medium-quality,Acidobacteriota,NRPS,NRPS,UBA5704
SRR33545837.bin.24,Medium-quality,Acidobacteriota,NRPS,NRPS,UBA5704
SRR33545837.bin.24,Medium-quality,Acidobacteriota,NRPS,NRPS,UBA5704
SRR33545837.bin.24,Medium-quality,Acidobacteriota,NRPS,NRPS,UBA5704
SRR33545837.bin.24,Medium-quality,Acidobacteriota,NRPS,NRPS,UBA5704
SRR33545837.bin.24,Medium-quality,Acidobacteriota,NRPS,NRPS,UBA5704
SRR33545837.bin.24,Medium-quality,Acidobacteriota,NRPS-like,NRPS,UBA5704
SRR33545838.bin.15,Medium-quality,Actinomycetota,NRPS,NRPS,ZC4RG35
SRR33545838.bin.6,Medium-quality,Gemmatimonadota,T1PKS,PKSI,JAHWKZ01
SRR33545838.bin.6,Medium-quality,Gemmatimonadota,NRPS-like,NRPS,JAHWKZ01
SRR33545838.bin.6,Medium-quality,Gemmatimonadota,T1PKS,PKSI,JAHWKZ01
SRR33545838.bin.6,Medium-quality,Gemmatimonadota,NRPS,NRPS,JAHWKZ01
SRR33545838.bin.6,Medium-quality,Gemmatimonadota,NRPS-like,NRPS,JAHWKZ01
SRR33545843.bin.11,Medium-quality,Acidobacteriota,NRPS,NRPS,UBA5704
SRR33545843.bin.11,Medium-quality,Acidobacteriota,NRPS,NRPS,UBA5704
SRR33545843.bin.11,Medium-quality,Acidobacteriota,NRPS,NRPS,UBA5704
SRR33545843.bin.11,Medium-quality,Acidobacteriota,NRPS,NRPS,UBA5704
SRR33545843.bin.11,Medium-quality,Acidobacteriota,NRPS,NRPS,UBA5704
SRR33545843.bin.11,Medium-quality,Acidobacteriota,NRPS,NRPS,UBA5704
SRR33545843.bin.11,Medium-quality,Acidobacteriota,RRE-containing,RiPPs,UBA5704
SRR33545843.bin.11,Medium-quality,Acidobacteriota,NRPS-like,NRPS,UBA5704
SRR33545843.bin.11,Medium-quality,Acidobacteriota,NRPS,NRPS,UBA5704
SRR33545843.bin.11,Medium-quality,Acidobacteriota,T1PKS,PKSI,UBA5704
SRR33545843.bin.11,Medium-quality,Acidobacteriota,NRPS,NRPS,UBA5704
SRR33545843.bin.11,Medium-quality,Acidobacteriota,arylpolyene,Others,UBA5704
SRR33545843.bin.11,Medium-quality,Acidobacteriota,NRPS,NRPS,UBA5704
SRR33545843.bin.11,Medium-quality,Acidobacteriota,NRPS,NRPS,UBA5704
SRR33545843.bin.11,Medium-quality,Acidobacteriota,NRPS,NRPS,UBA5704
SRR33545843.bin.11,Medium-quality,Acidobacteriota,NRPS,NRPS,UBA5704
SRR33545843.bin.11,Medium-quality,Acidobacteriota,NRPS,NRPS,UBA5704
SRR33545843.bin.11,Medium-quality,Acidobacteriota,NRPS,NRPS,UBA5704
SRR33545843.bin.11,Medium-quality,Acidobacteriota,NRPS,NRPS,UBA5704
SRR33545843.bin.11,Medium-quality,Acidobacteriota,NRPS,NRPS,UBA5704
SRR33545843.bin.11,Medium-quality,Acidobacteriota,NRPS-like,NRPS,UBA5704
SRR33545843.bin.11,Medium-quality,Acidobacteriota,NRPS,NRPS,UBA5704
SRR33545843.bin.11,Medium-quality,Acidobacteriota,T1PKS.NRPS,PKS-NRP_Hybrids,UBA5704
SRR33545843.bin.11,Medium-quality,Acidobacteriota,T1PKS.NRPS,PKS-NRP_Hybrids,UBA5704
SRR33545843.bin.11,Medium-quality,Acidobacteriota,T1PKS,PKSI,UBA5704
SRR33545843.bin.11,Medium-quality,Acidobacteriota,T1PKS,PKSI,UBA5704
SRR33545843.bin.11,Medium-quality,Acidobacteriota,NRPS,NRPS,UBA5704
SRR33545843.bin.11,Medium-quality,Acidobacteriota,NRPS,NRPS,UBA5704
SRR33545843.bin.11,Medium-quality,Acidobacteriota,T1PKS,PKSI,UBA5704
SRR33545843.bin.11,Medium-quality,Acidobacteriota,NRPS-like,NRPS,UBA5704
SRR33545843.bin.11,Medium-quality,Acidobacteriota,NRPS,NRPS,UBA5704
SRR33545843.bin.11,Medium-quality,Acidobacteriota,NRPS,NRPS,UBA5704
SRR33545843.bin.11,Medium-quality,Acidobacteriota,NRPS,NRPS,UBA5704
SRR33545843.bin.11,Medium-quality,Acidobacteriota,NRPS,NRPS,UBA5704
SRR33545843.bin.11,Medium-quality,Acidobacteriota,NRPS,NRPS,UBA5704
SRR33545843.bin.11,Medium-quality,Acidobacteriota,NRPS,NRPS,UBA5704
SRR33545843.bin.11,Medium-quality,Acidobacteriota,NRPS,NRPS,UBA5704
SRR33545843.bin.11,Medium-quality,Acidobacteriota,NRPS,NRPS,UBA5704
SRR33545843.bin.11,Medium-quality,Acidobacteriota,NRPS,NRPS,UBA5704
SRR33545843.bin.11,Medium-quality,Acidobacteriota,NRPS,NRPS,UBA5704
SRR33545843.bin.11,Medium-quality,Acidobacteriota,NRPS,NRPS,UBA5704
SRR33545843.bin.11,Medium-quality,Acidobacteriota,NRPS,NRPS,UBA5704
SRR33545843.bin.11,Medium-quality,Acidobacteriota,NRPS,NRPS,UBA5704
SRR33545843.bin.11,Medium-quality,Acidobacteriota,NRPS,NRPS,UBA5704
SRR33545843.bin.11,Medium-quality,Acidobacteriota,NRPS,NRPS,UBA5704
SRR33545843.bin.11,Medium-quality,Acidobacteriota,NRPS,NRPS,UBA5704
SRR33545843.bin.11,Medium-quality,Acidobacteriota,T3PKS,PKSother,UBA5704
SRR33545843.bin.11,Medium-quality,Acidobacteriota,NRPS,NRPS,UBA5704
SRR33545843.bin.11,Medium-quality,Acidobacteriota,ladderane,Others,UBA5704
SRR33545844.bin.7,Medium-quality,Chloroflexota,terpene,Terpene,Phototrophicaceae
SRR33545844.bin.7,Medium-quality,Chloroflexota,terpene,Terpene,Phototrophicaceae
SRR33545844.bin.7,Medium-quality,Chloroflexota,terpene,Terpene,Phototrophicaceae
SRR33545845.bin.2,Medium-quality,Pseudomonadota,NRPS,NRPS,Nitrosomonadaceae
SRR33545845.bin.2,Medium-quality,Pseudomonadota,terpene,Terpene,Nitrosomonadaceae
SRR33545845.bin.2,Medium-quality,Pseudomonadota,NRPS,NRPS,Nitrosomonadaceae
SRR33545845.bin.2,Medium-quality,Pseudomonadota,T1PKS,PKSI,Nitrosomonadaceae
SRR33545845.bin.2,Medium-quality,Pseudomonadota,NRPS,NRPS,Nitrosomonadaceae
SRR33545845.bin.2,Medium-quality,Pseudomonadota,terpene,Terpene,Nitrosomonadaceae
SRR33545845.bin.2,Medium-quality,Pseudomonadota,NRPS,NRPS,Nitrosomonadaceae
SRR33545845.bin.2,Medium-quality,Pseudomonadota,NRPS,NRPS,Nitrosomonadaceae
SRR34563345.bin.1,Medium-quality,Cyanobacteriota,terpene,Terpene,CAKZMO01
SRR34563345.bin.1,Medium-quality,Cyanobacteriota,T1PKS,PKSI,CAKZMO01
SRR34563345.bin.1,Medium-quality,Cyanobacteriota,hglE-KS,PKSother,CAKZMO01
SRR34563345.bin.1,Medium-quality,Cyanobacteriota,T1PKS,PKSI,CAKZMO01
SRR34563345.bin.1,Medium-quality,Cyanobacteriota,T1PKS,PKSI,CAKZMO01
SRR34563345.bin.1,Medium-quality,Cyanobacteriota,NRPS-like,NRPS,CAKZMO01
SRR34563345.bin.16,Medium-quality,Chloroflexota,T3PKS,PKSother,Phototrophicaceae
SRR34563345.bin.16,Medium-quality,Chloroflexota,lanthipeptide-class-ii,RiPPs,Phototrophicaceae
SRR34563345.bin.16,Medium-quality,Chloroflexota,terpene,Terpene,Phototrophicaceae
SRR34563345.bin.16,Medium-quality,Chloroflexota,lanthipeptide-class-ii,RiPPs,Phototrophicaceae
SRR34563345.bin.16,Medium-quality,Chloroflexota,RiPP-like,RiPPs,Phototrophicaceae
SRR34563345.bin.16,Medium-quality,Chloroflexota,RiPP-like,RiPPs,Phototrophicaceae
SRR34563345.bin.16,Medium-quality,Chloroflexota,RiPP-like,RiPPs,Phototrophicaceae
SRR34563345.bin.16,Medium-quality,Chloroflexota,terpene,Terpene,Phototrophicaceae
SRR34563345.bin.19,Medium-quality,Cyanobacteriota,terpene,Terpene,SIO1D9
SRR34563345.bin.23,Medium-quality,Bacteroidota,RiPP-like,RiPPs,Chitinophagaceae
SRR34563345.bin.28,Medium-quality,Bacteroidota,terpene,Terpene,Balneolaceae
SRR34563345.bin.28,Medium-quality,Bacteroidota,T3PKS,PKSother,Balneolaceae
SRR34563345.bin.31,Medium-quality,Bacteroidota,T3PKS,PKSother,Salinibacteraceae
SRR34563345.bin.33,Medium-quality,Pseudomonadota,NRPS-like,NRPS,Beijerinckiaceae
SRR34563345.bin.33,Medium-quality,Pseudomonadota,NRPS-like,NRPS,Beijerinckiaceae
SRR34563345.bin.33,Medium-quality,Pseudomonadota,T3PKS,PKSother,Beijerinckiaceae
SRR34563345.bin.33,Medium-quality,Pseudomonadota,terpene,Terpene,Beijerinckiaceae
SRR34563345.bin.33,Medium-quality,Pseudomonadota,terpene,Terpene,Beijerinckiaceae
SRR34563345.bin.33,Medium-quality,Pseudomonadota,NRPS,NRPS,Beijerinckiaceae
SRR34563345.bin.33,Medium-quality,Pseudomonadota,RiPP-like,RiPPs,Beijerinckiaceae
SRR34563345.bin.33,Medium-quality,Pseudomonadota,terpene,Terpene,Beijerinckiaceae
SRR34563345.bin.33,Medium-quality,Pseudomonadota,NRPS,NRPS,Beijerinckiaceae
SRR34563345.bin.33,Medium-quality,Pseudomonadota,NRPS,NRPS,Beijerinckiaceae
SRR34563345.bin.33,Medium-quality,Pseudomonadota,NRPS,NRPS,Beijerinckiaceae
SRR34563345.bin.33,Medium-quality,Pseudomonadota,NRPS,NRPS,Beijerinckiaceae
SRR34563345.bin.37,Medium-quality,Chloroflexota,NRPS,NRPS,Phototrophicaceae
SRR34563345.bin.37,Medium-quality,Chloroflexota,terpene,Terpene,Phototrophicaceae
SRR34563345.bin.37,Medium-quality,Chloroflexota,terpene,Terpene,Phototrophicaceae
SRR34563345.bin.39,Medium-quality,Cyanobacteriota,NI-siderophore,Others,Phormidesmiaceae
SRR34563345.bin.39,Medium-quality,Cyanobacteriota,NI-siderophore,Others,Phormidesmiaceae
SRR34563345.bin.39,Medium-quality,Cyanobacteriota,NI-siderophore,Others,Phormidesmiaceae
SRR34563345.bin.39,Medium-quality,Cyanobacteriota,terpene,Terpene,Phormidesmiaceae
SRR34563345.bin.49,Medium-quality,Cyanobacteriota,T1PKS,PKSI,Coleofasciculaceae
SRR34563345.bin.49,Medium-quality,Cyanobacteriota,NRPS,NRPS,Coleofasciculaceae
SRR34563345.bin.49,Medium-quality,Cyanobacteriota,NRPS,NRPS,Coleofasciculaceae
SRR34563345.bin.49,Medium-quality,Cyanobacteriota,T1PKS,PKSI,Coleofasciculaceae
SRR34563345.bin.49,Medium-quality,Cyanobacteriota,terpene,Terpene,Coleofasciculaceae
SRR34563345.bin.49,Medium-quality,Cyanobacteriota,RiPP-like,RiPPs,Coleofasciculaceae
SRR34563345.bin.49,Medium-quality,Cyanobacteriota,LAP,RiPPs,Coleofasciculaceae
SRR34563345.bin.49,Medium-quality,Cyanobacteriota,hglE-KS,PKSother,Coleofasciculaceae
SRR34563345.bin.5,Medium-quality,Bacteroidota,T3PKS,PKSother,Cyclobacteriaceae
SRR34563345.bin.53,Medium-quality,Cyanobacteriota,NRPS-like,NRPS,Microcoleaceae
SRR34563345.bin.53,Medium-quality,Cyanobacteriota,T1PKS,PKSI,Microcoleaceae
SRR34563345.bin.53,Medium-quality,Cyanobacteriota,NRPS,NRPS,Microcoleaceae
SRR34563345.bin.53,Medium-quality,Cyanobacteriota,NRPS,NRPS,Microcoleaceae
SRR34563345.bin.53,Medium-quality,Cyanobacteriota,NRPS,NRPS,Microcoleaceae
SRR34563345.bin.53,Medium-quality,Cyanobacteriota,NRPS-like,NRPS,Microcoleaceae
SRR34563345.bin.53,Medium-quality,Cyanobacteriota,NRPS-like,NRPS,Microcoleaceae
SRR34563345.bin.53,Medium-quality,Cyanobacteriota,NRPS-like,NRPS,Microcoleaceae
SRR34563345.bin.53,Medium-quality,Cyanobacteriota,NRPS,NRPS,Microcoleaceae
SRR34563345.bin.53,Medium-quality,Cyanobacteriota,NRPS,NRPS,Microcoleaceae
SRR34563345.bin.53,Medium-quality,Cyanobacteriota,NRPS,NRPS,Microcoleaceae
SRR34563345.bin.53,Medium-quality,Cyanobacteriota,T1PKS,PKSI,Microcoleaceae
SRR34563345.bin.53,Medium-quality,Cyanobacteriota,NRPS,NRPS,Microcoleaceae
SRR34563345.bin.53,Medium-quality,Cyanobacteriota,T1PKS,PKSI,Microcoleaceae
SRR34576098.bin.12,Medium-quality,Chlamydiota,T3PKS,PKSother,SM23-39
SRR34576098.bin.12,Medium-quality,Chlamydiota,NRPS-like,NRPS,SM23-39
SRR34576098.bin.14,Medium-quality,Pseudomonadota,phosphonate,Others,UBA4486
SRR34576098.bin.14,Medium-quality,Pseudomonadota,terpene,Terpene,UBA4486
SRR34576099.bin.3,Medium-quality,Pseudomonadota,NRPS-like,NRPS,Woeseiaceae
SRR34576099.bin.4,Medium-quality,Pseudomonadota,NRPS,NRPS,Nevskiaceae
SRR34576099.bin.4,Medium-quality,Pseudomonadota,arylpolyene,Others,Nevskiaceae
SRR34576099.bin.42,Medium-quality,Pseudomonadota,RiPP-like,RiPPs,Nitrincolaceae
SRR34576099.bin.42,Medium-quality,Pseudomonadota,terpene,Terpene,Nitrincolaceae
SRR34576099.bin.42,Medium-quality,Pseudomonadota,RiPP-like,RiPPs,Nitrincolaceae
SRR34576099.bin.42,Medium-quality,Pseudomonadota,ranthipeptide,RiPPs,Nitrincolaceae
SRR34576099.bin.42,Medium-quality,Pseudomonadota,NI-siderophore,Others,Nitrincolaceae
SRR34576099.bin.42,Medium-quality,Pseudomonadota,T1PKS,PKSI,Nitrincolaceae
SRR34576099.bin.47,Medium-quality,Cyanobacteriota,NRPS-like,NRPS,CAKZMO01
SRR34576099.bin.47,Medium-quality,Cyanobacteriota,terpene,Terpene,CAKZMO01
SRR34576099.bin.51,Medium-quality,Cyanobacteriota,NRPS-like,NRPS,Phormidesmiaceae
SRR34576099.bin.51,Medium-quality,Cyanobacteriota,NRPS-like,NRPS,Phormidesmiaceae
SRR34576099.bin.51,Medium-quality,Cyanobacteriota,terpene,Terpene,Phormidesmiaceae
SRR34576099.bin.55,Medium-quality,Pseudomonadota,RiPP-like,RiPPs,Nitrincolaceae
SRR34576099.bin.55,Medium-quality,Pseudomonadota,T1PKS,PKSI,Nitrincolaceae
SRR34576099.bin.55,Medium-quality,Pseudomonadota,ranthipeptide,RiPPs,Nitrincolaceae
SRR34576099.bin.55,Medium-quality,Pseudomonadota,T3PKS,PKSother,Nitrincolaceae
SRR34576099.bin.55,Medium-quality,Pseudomonadota,arylpolyene,Others,Nitrincolaceae
SRR34576099.bin.55,Medium-quality,Pseudomonadota,arylpolyene,Others,Nitrincolaceae
SRR34576099.bin.55,Medium-quality,Pseudomonadota,ranthipeptide,RiPPs,Nitrincolaceae
SRR34576099.bin.55,Medium-quality,Pseudomonadota,RiPP-like,RiPPs,Nitrincolaceae
SRR34576099.bin.57,Medium-quality,Bacteroidota,NRPS-like,NRPS,Balneolaceae
SRR34576099.bin.57,Medium-quality,Bacteroidota,terpene,Terpene,Balneolaceae
SRR34576099.bin.57,Medium-quality,Bacteroidota,T3PKS,PKSother,Balneolaceae
SRR34576099.bin.67,Medium-quality,Pseudomonadota,indole,Others,Rhodobacteraceae
SRR34576099.bin.67,Medium-quality,Pseudomonadota,NRPS-like,NRPS,Rhodobacteraceae
SRR34576099.bin.7,Medium-quality,Pseudomonadota,terpene,Terpene,Rhodobacteraceae
SRR34576099.bin.7,Medium-quality,Pseudomonadota,RRE-containing,RiPPs,Rhodobacteraceae
SRR34576099.bin.72,Medium-quality,Gemmatimonadota,T3PKS,PKSother,UBA6960
SRR34576099.bin.72,Medium-quality,Gemmatimonadota,terpene,Terpene,UBA6960
SRR34576099.bin.76,Medium-quality,Verrucomicrobiota,NRPS-like,NRPS,RI-55
SRR34576099.bin.76,Medium-quality,Verrucomicrobiota,terpene,Terpene,RI-55
SRR34576099.bin.76,Medium-quality,Verrucomicrobiota,terpene,Terpene,RI-55
SRR34576099.bin.76,Medium-quality,Verrucomicrobiota,terpene,Terpene,RI-55
SRR34576099.bin.76,Medium-quality,Verrucomicrobiota,ladderane,Others,RI-55
SRR34576099.bin.76,Medium-quality,Verrucomicrobiota,phosphonate,Others,RI-55
SRR34576099.bin.85,Medium-quality,Bacteroidota,terpene,Terpene,Flavobacteriaceae
SRR34576099.bin.89,Medium-quality,Pseudomonadota,terpene,Terpene,Halomonadaceae
SRR34576099.bin.93,Medium-quality,Gemmatimonadota,terpene,Terpene,Gemmatimonadaceae
SRR34576099.bin.93,Medium-quality,Gemmatimonadota,terpene,Terpene,Gemmatimonadaceae
SRR34576099.bin.95,Medium-quality,Pseudomonadota,RiPP-like,RiPPs,Methylophagaceae
SRR34576099.bin.95,Medium-quality,Pseudomonadota,arylpolyene,Others,Methylophagaceae
SRR5209947.bin.14,Medium-quality,Bacteroidota,terpene,Terpene,Flavobacteriaceae
SRR5209947.bin.14,Medium-quality,Bacteroidota,T3PKS,PKSother,Flavobacteriaceae
SRR5209947.bin.14,Medium-quality,Bacteroidota,arylpolyene,Others,Flavobacteriaceae
SRR5210317.bin.12,Medium-quality,Bacteroidota,terpene,Terpene,Flavobacteriaceae
SRR6056279.bin.17,Medium-quality,Pseudomonadota,terpene,Terpene,Rhodobacteraceae
SRR6056279.bin.18,Medium-quality,Bacteroidota,terpene,Terpene,Flavobacteriaceae
SRR6056279.bin.21,Medium-quality,Pseudomonadota,terpene,Terpene,Litorivicinaceae
SRR6056296.bin.14,Medium-quality,Bacteroidota,terpene,Terpene,Schleiferiaceae
SRR6056296.bin.14,Medium-quality,Bacteroidota,T3PKS,PKSother,Schleiferiaceae
SRR6056296.bin.15,Medium-quality,Bacteroidota,T3PKS,PKSother,Flavobacteriaceae
SRR6056296.bin.15,Medium-quality,Bacteroidota,terpene,Terpene,Flavobacteriaceae
SRR6056296.bin.15,Medium-quality,Bacteroidota,arylpolyene,Others,Flavobacteriaceae
SRR6056296.bin.19,Medium-quality,Pseudomonadota,terpene,Terpene,Nitrococcaceae
SRR6056296.bin.19,Medium-quality,Pseudomonadota,NRPS-like,NRPS,Nitrococcaceae
SRR6056296.bin.20,Medium-quality,Pseudomonadota,terpene,Terpene,Halomonadaceae
SRR6056296.bin.20,Medium-quality,Pseudomonadota,T1PKS,PKSI,Halomonadaceae
SRR6056296.bin.20,Medium-quality,Pseudomonadota,terpene,Terpene,Halomonadaceae
SRR6056296.bin.3,Medium-quality,Pseudomonadota,T1PKS,PKSI,Thiotrichaceae
SRR6056296.bin.3,Medium-quality,Pseudomonadota,RiPP-like,RiPPs,Thiotrichaceae
SRR6056296.bin.3,Medium-quality,Pseudomonadota,resorcinol,Others,Thiotrichaceae
SRR6056296.bin.38,Medium-quality,Pseudomonadota,RiPP-like,RiPPs,Halothiobacillaceae
SRR6056300.bin.12,Medium-quality,Bacteroidota,terpene,Terpene,Flavobacteriaceae
SRR6056300.bin.19,Medium-quality,Pseudomonadota,terpene,Terpene,Rhodobacteraceae
SRR6056300.bin.29,Medium-quality,Pseudomonadota,terpene,Terpene,Halieaceae
SRR6056300.bin.8,Medium-quality,Pseudomonadota,terpene,Terpene,Puniceispirillaceae
SRR7976302.bin.15,Medium-quality,Myxococcota,T1PKS,PKSI,Polyangiaceae
SRR7976302.bin.15,Medium-quality,Myxococcota,NRPS,NRPS,Polyangiaceae
SRR7976302.bin.15,Medium-quality,Myxococcota,NRPS-like,NRPS,Polyangiaceae
SRR7976302.bin.15,Medium-quality,Myxococcota,indole,Others,Polyangiaceae
SRR7976302.bin.15,Medium-quality,Myxococcota,terpene,Terpene,Polyangiaceae
SRR7976302.bin.15,Medium-quality,Myxococcota,arylpolyene,Others,Polyangiaceae
SRR7976302.bin.15,Medium-quality,Myxococcota,NRPS,NRPS,Polyangiaceae
SRR7976302.bin.15,Medium-quality,Myxococcota,NI-siderophore,Others,Polyangiaceae
SRR7976302.bin.15,Medium-quality,Myxococcota,NI-siderophore,Others,Polyangiaceae
SRR7976302.bin.15,Medium-quality,Myxococcota,NRPS-like,NRPS,Polyangiaceae
SRR7976302.bin.19,Medium-quality,Pseudomonadota,NRPS.T1PKS,PKS-NRP_Hybrids,Cellvibrionaceae
SRR7976302.bin.19,Medium-quality,Pseudomonadota,NRPS-like,NRPS,Cellvibrionaceae
SRR7976302.bin.19,Medium-quality,Pseudomonadota,NRPS-like,NRPS,Cellvibrionaceae
SRR7976302.bin.19,Medium-quality,Pseudomonadota,T3PKS,PKSother,Cellvibrionaceae
SRR7976302.bin.19,Medium-quality,Pseudomonadota,NRPS,NRPS,Cellvibrionaceae
SRR7976302.bin.19,Medium-quality,Pseudomonadota,NRPS,NRPS,Cellvibrionaceae
SRR7976302.bin.19,Medium-quality,Pseudomonadota,NRPS,NRPS,Cellvibrionaceae
SRR7976302.bin.19,Medium-quality,Pseudomonadota,arylpolyene,Others,Cellvibrionaceae
SRR7976302.bin.19,Medium-quality,Pseudomonadota,NI-siderophore,Others,Cellvibrionaceae
SRR7976302.bin.19,Medium-quality,Pseudomonadota,NI-siderophore,Others,Cellvibrionaceae
SRR7976302.bin.2,Medium-quality,Planctomycetota,terpene,Terpene,DRQF01
SRR7976302.bin.20,Medium-quality,Bacteroidota,T3PKS,PKSother,Cyclobacteriaceae
SRR7976302.bin.4,Medium-quality,Bacteroidota,T3PKS,PKSother,Flavobacteriaceae
SRR7976302.bin.5,Medium-quality,Bacteroidota,T1PKS,PKSI,Cyclobacteriaceae
SRR7976302.bin.8,Medium-quality,Myxococcota,NRPS,NRPS,Nannocystaceae
SRR7976302.bin.8,Medium-quality,Myxococcota,resorcinol,Others,Nannocystaceae
SRR7976302.bin.8,Medium-quality,Myxococcota,arylpolyene,Others,Nannocystaceae
SRR7976302.bin.8,Medium-quality,Myxococcota,T1PKS,PKSI,Nannocystaceae
SRR7976302.bin.8,Medium-quality,Myxococcota,T1PKS,PKSI,Nannocystaceae
SRR7976302.bin.8,Medium-quality,Myxococcota,NRPS,NRPS,Nannocystaceae
SRR7976302.bin.8,Medium-quality,Myxococcota,terpene,Terpene,Nannocystaceae
SRR7976302.bin.8,Medium-quality,Myxococcota,T1PKS,PKSI,Nannocystaceae
SRR7976302.bin.8,Medium-quality,Myxococcota,T3PKS,PKSother,Nannocystaceae
SRR7976302.bin.8,Medium-quality,Myxococcota,NRPS-like,NRPS,Nannocystaceae
SRR7976302.bin.8,Medium-quality,Myxococcota,hglE-KS,PKSother,Nannocystaceae
SRR7976303.bin.17,Medium-quality,Bacillota,T3PKS,PKSother,Lactobacillaceae
SRR7976303.bin.23,Medium-quality,Bacteroidota,resorcinol,Others,JAAAOL01
SRR7976303.bin.23,Medium-quality,Bacteroidota,RiPP-like,RiPPs,JAAAOL01
SRR7976303.bin.23,Medium-quality,Bacteroidota,T3PKS,PKSother,JAAAOL01
SRR7976303.bin.23,Medium-quality,Bacteroidota,RiPP-like,RiPPs,JAAAOL01
SRR7976303.bin.23,Medium-quality,Bacteroidota,NRPS-like,NRPS,JAAAOL01
SRR7976303.bin.23,Medium-quality,Bacteroidota,terpene,Terpene,JAAAOL01
SRR7976303.bin.29,Medium-quality,Myxococcota,NRPS,NRPS,Polyangiaceae
SRR7976303.bin.29,Medium-quality,Myxococcota,arylpolyene,Others,Polyangiaceae
SRR7976303.bin.29,Medium-quality,Myxococcota,NRPS,NRPS,Polyangiaceae
SRR7976303.bin.29,Medium-quality,Myxococcota,NRPS.T1PKS,PKS-NRP_Hybrids,Polyangiaceae
SRR7976303.bin.29,Medium-quality,Myxococcota,NRPS,NRPS,Polyangiaceae
SRR7976303.bin.29,Medium-quality,Myxococcota,RiPP-like,RiPPs,Polyangiaceae
SRR7976303.bin.29,Medium-quality,Myxococcota,RiPP-like,RiPPs,Polyangiaceae
SRR7976303.bin.29,Medium-quality,Myxococcota,T3PKS,PKSother,Polyangiaceae
SRR7976303.bin.29,Medium-quality,Myxococcota,NRPS,NRPS,Polyangiaceae
SRR7976303.bin.29,Medium-quality,Myxococcota,terpene,Terpene,Polyangiaceae
SRR9952631.bin.13,Medium-quality,Pseudomonadota,NRPS,NRPS,Steroidobacteraceae
SRR9952631.bin.13,Medium-quality,Pseudomonadota,NRPS-like,NRPS,Steroidobacteraceae
SRR9952631.bin.13,Medium-quality,Pseudomonadota,arylpolyene,Others,Steroidobacteraceae
SRR9952631.bin.13,Medium-quality,Pseudomonadota,PKS-like,PKSother,Steroidobacteraceae
SRR9952631.bin.15,Medium-quality,Actinomycetota,terpene,Terpene,Propionibacteriaceae
SRR9952631.bin.18,Medium-quality,Desulfobacterota_B,NRPS-like,NRPS,UBA9968
SRR9952631.bin.18,Medium-quality,Desulfobacterota_B,arylpolyene,Others,UBA9968
SRR9952631.bin.18,Medium-quality,Desulfobacterota_B,arylpolyene,Others,UBA9968
SRR9952631.bin.27,Medium-quality,Pseudomonadota,T3PKS,PKSother,Aestuariivirgaceae
SRR9952631.bin.29,Medium-quality,Pseudomonadota,NRPS-like,NRPS,CAJXQU01
SRR9952631.bin.29,Medium-quality,Pseudomonadota,NRPS,NRPS,CAJXQU01
SRR9952631.bin.29,Medium-quality,Pseudomonadota,NRPS,NRPS,CAJXQU01
SRR9952631.bin.29,Medium-quality,Pseudomonadota,terpene,Terpene,CAJXQU01
SRR9952631.bin.29,Medium-quality,Pseudomonadota,terpene,Terpene,CAJXQU01
SRR9952631.bin.29,Medium-quality,Pseudomonadota,phosphonate,Others,CAJXQU01
SRR9952631.bin.29,Medium-quality,Pseudomonadota,arylpolyene,Others,CAJXQU01
SRR9952631.bin.29,Medium-quality,Pseudomonadota,NRPS,NRPS,CAJXQU01
SRR9952631.bin.30,Medium-quality,Pseudomonadota,NRPS-like,NRPS,SG8-39
SRR9952631.bin.31,Medium-quality,Verrucomicrobiota,NRPS,NRPS,UBA10450
SRR9952631.bin.31,Medium-quality,Verrucomicrobiota,phosphonate,Others,UBA10450
SRR9952631.bin.31,Medium-quality,Verrucomicrobiota,ladderane,Others,UBA10450
SRR9952631.bin.31,Medium-quality,Verrucomicrobiota,terpene,Terpene,UBA10450
SRR9952631.bin.6,Medium-quality,Methylomirabilota,T3PKS,PKSother,CSP1-6
SRR9952631.bin.6,Medium-quality,Methylomirabilota,ladderane,Others,CSP1-6
SRR9952631.bin.6,Medium-quality,Methylomirabilota,terpene,Terpene,CSP1-6
SRR9952631.bin.6,Medium-quality,Methylomirabilota,terpene,Terpene,CSP1-6
SRR9952634.bin.9,Medium-quality,Actinomycetota,NI-siderophore,Others,CALGFH01
SRR9952634.bin.9,Medium-quality,Actinomycetota,NI-siderophore,Others,CALGFH01
SRR9952634.bin.9,Medium-quality,Actinomycetota,RRE-containing,RiPPs,CALGFH01
SRR9952634.bin.9,Medium-quality,Actinomycetota,NRPS-like,NRPS,CALGFH01
SRR9952634.bin.9,Medium-quality,Actinomycetota,T3PKS,PKSother,CALGFH01
SRR9952635.bin.2,Medium-quality,Actinomycetota,NRPS,NRPS,UBA5794
SRR9952635.bin.2,Medium-quality,Actinomycetota,NRPS-like,NRPS,UBA5794
SRR9952635.bin.2,Medium-quality,Actinomycetota,NRPS,NRPS,UBA5794
SRR9952635.bin.2,Medium-quality,Actinomycetota,lanthipeptide-class-iii,RiPPs,UBA5794
SRR9952635.bin.24,Medium-quality,Actinomycetota,T3PKS,PKSother,JACCYY01
SRR9952635.bin.28,Medium-quality,Pseudomonadota,resorcinol,Others,Cellvibrionaceae
SRR9952635.bin.28,Medium-quality,Pseudomonadota,T3PKS,PKSother,Cellvibrionaceae
SRR9952635.bin.49,Medium-quality,Cyanobacteriota,NRPS,NRPS,Microcoleaceae
SRR9952635.bin.49,Medium-quality,Cyanobacteriota,NRPS,NRPS,Microcoleaceae
SRR9952635.bin.49,Medium-quality,Cyanobacteriota,NRPS-like,NRPS,Microcoleaceae
SRR9952635.bin.49,Medium-quality,Cyanobacteriota,NRPS-like,NRPS,Microcoleaceae
SRR9952635.bin.49,Medium-quality,Cyanobacteriota,NRP-metallophore.NRPS,Others,Microcoleaceae
SRR9952635.bin.49,Medium-quality,Cyanobacteriota,NRPS,NRPS,Microcoleaceae
SRR9952635.bin.49,Medium-quality,Cyanobacteriota,NRPS-like,NRPS,Microcoleaceae
SRR9952635.bin.49,Medium-quality,Cyanobacteriota,NRPS,NRPS,Microcoleaceae
SRR9952635.bin.49,Medium-quality,Cyanobacteriota,NRPS,NRPS,Microcoleaceae
SRR9952635.bin.51,Medium-quality,Actinomycetota,NI-siderophore,Others,Solirubrobacteraceae
SRR9952635.bin.59,Medium-quality,Actinomycetota,T3PKS,PKSother,Geodermatophilaceae
SRR9952635.bin.60,Medium-quality,Actinomycetota,RRE-containing,RiPPs,JAHWKV01
SRR7976303.bin.18,Medium-quality,Chloroflexota,terpene,Terpene,Phototrophicaceae
