phylum,defense_system
Actinomycetota,Ceres
Actinomycetota,Prometheus
Actinomycetota,Lanthiphage
Actinomycetota,SNIPE
Actinomycetota,Cas
Actinomycetota,Wadjet
Actinomycetota,RM_Type_IIG
Actinomycetota,RM_Type_I
Actinomycetota,RM_Type_IIG
Actinomycetota,BREX
Actinomycetota,BREX
Actinomycetota,RM_Type_IIG
Actinomycetota,Avs
Actinomycetota,Cas
Actinomycetota,Lanthiphage
Bacillota,Ceres
Bacillota,CBASS
Bacillota,CBASS
Bacillota,gcu233
Bacillota,RM_Type_I
Bacillota,Other_Type_IV
Actinomycetota,RM_Type_I
Actinomycetota,AbiE
Actinomycetota,RM_Type_I
Actinomycetota,RM_Type_III
Actinomycetota,CBASS
Actinomycetota,Ceres
Actinomycetota,DarTG
Actinomycetota,Armada
Actinomycetota,RM_Type_IIG
Actinomycetota,RM_Type_IIG
Actinomycetota,PD-T7-2
Actinomycetota,Azaca
Actinomycetota,Cas
Chloroflexota,RM_Type_II
Chloroflexota,RM_Type_IIG
Chloroflexota,Hna
Chloroflexota,Sirona
Gemmatimonadota,Ceres
Actinomycetota,DS-20
Actinomycetota,SoFIC
Actinomycetota,Ceres
Actinomycetota,RM_Type_I
Actinomycetota,HEC-05
Actinomycetota,AbiE
Pseudomonadota,Ceres
Bacteroidota,DRT
Bacteroidota,Prometheus
Bacteroidota,AbiAlpha
Bacteroidota,RM_Type_I
Bacteroidota,AbiD
Bacteroidota,AbiZ
Bacteroidota,Avs
Fibrobacterota,AbiE
Fibrobacterota,SanaTA
Fibrobacterota,VP1839
Fibrobacterota,RM_Type_IIG
Fibrobacterota,Ceres
Actinomycetota,HEC-09
Actinomycetota,Ceres
Actinomycetota,Wadjet
Actinomycetota,Ceres
Actinomycetota,Ceres
Pseudomonadota,DUF262_Shlafen
Pseudomonadota,RM_Type_I
Pseudomonadota,RloC
Pseudomonadota,PfiAT
Pseudomonadota,DS-20
Pseudomonadota,RM_Type_III
Pseudomonadota,DRT
Pseudomonadota,HEC-09
Pseudomonadota,Aristaios
Actinomycetota,Avs
Actinomycetota,RosmerTA
Actinomycetota,PD-T7-2
Actinomycetota,Druantia
Actinomycetota,McrBC
Actinomycetota,Azaca
KSB1,Ceres
Pseudomonadota,RM_Type_I
Pseudomonadota,SoFIC
Pseudomonadota,RM_Type_I
Pseudomonadota,RM_Type_I
Pseudomonadota,RM_Type_I
Actinomycetota,HEC-09
Actinomycetota,Prometheus
Actinomycetota,Ceres
Actinomycetota,CapRel
Actinomycetota,AbiE
Actinomycetota,MazEF
Actinomycetota,Shedu
Actinomycetota,Avs
Bacteroidota,Ceres
Bacteroidota,RM_Type_II
Actinomycetota,AbiE
Gemmatimonadota,AbiE
Gemmatimonadota,Ceres
Actinomycetota,Ceres
Pseudomonadota,AbiAlpha
Pseudomonadota,RM_Type_I
Pseudomonadota,RM_Type_IIG
Pseudomonadota,DS-24
Actinomycetota,Ceres
Actinomycetota,Ceres
Actinomycetota,Wadjet
Pseudomonadota,ENDPaCF1
Pseudomonadota,RM_Type_IIG
Pseudomonadota,AbiD
Pseudomonadota,RM_Type_I
Pseudomonadota,Lugos
Pseudomonadota,Gao_Iet
Actinomycetota,AbiD
Actinomycetota,Wadjet
Gemmatimonadota,Ceres
Actinomycetota,AbiAlpha
Actinomycetota,Shedu
Actinomycetota,BREX
Actinomycetota,AbiE
Actinomycetota,ShosTA
Actinomycetota,RM_Type_I
Actinomycetota,AbiE
Actinomycetota,RM_Type_I
Actinomycetota,AbiE
Actinomycetota,Hma
Actinomycetota,Cas
Actinomycetota,RM_Type_IIG
Actinomycetota,Armada
Actinomycetota,Armada
Actinomycetota,RM_Type_IIG
Actinomycetota,MazEF
Actinomycetota,Wadjet
Actinomycetota,AbiE
Actinomycetota,AbiE
Actinomycetota,RM_Type_I
Actinomycetota,Prometheus
Actinomycetota,AbiE
Actinomycetota,RM_Type_I
Actinomycetota,DarTG
Actinomycetota,Gabija
Actinomycetota,Azaca
Actinomycetota,AbiE
Bacteroidota,Gao_Her
Actinomycetota,Ceres
Actinomycetota,Ceres
Actinomycetota,Ceres
Planctomycetota,HEC-09
Planctomycetota,MazEF
Planctomycetota,Wadjet
Planctomycetota,RM_Type_IIG
Planctomycetota,Shedu
Planctomycetota,Dag
Planctomycetota,RM_Type_IIG
Planctomycetota,SoFIC
Planctomycetota,CBASS
Acidobacteriota,Ceres
Pseudomonadota,RM_Type_III
Pseudomonadota,RM_Type_IIG
Pseudomonadota,SEFIR
Pseudomonadota,RM_Type_II
Bacteroidota,DRT
Bacteroidota,RM_Type_II
Bacteroidota,Other_Type_IV
Bacteroidota,SanaTA
Bacteroidota,Cas
Bacteroidota,RM_Type_I
Bacteroidota,Cernunnos
Bacteroidota,RM_Type_II
Bacteroidota,SoFIC
Bacteroidota,AbiE
Bacteroidota,Gabija
Bacteroidota,PD-T4-8
Bacteroidota,RloC
Pseudomonadota,AbiE
Pseudomonadota,AbiE
Pseudomonadota,PfiAT
Pseudomonadota,AbiE
Bacillota,gcu233
Bacteroidota,RM_Type_IIG
Bacteroidota,MazEF
Bacteroidota,SoFIC
Bacteroidota,VcaM4I
Bacteroidota,SoFIC
Bacteroidota,Shedu
Bacteroidota,RM_Type_I
Bacteroidota,SoFIC
Bacteroidota,RloC
Bacteroidota,Ceres
KSB1,AbiD
KSB1,RM_Type_II
KSB1,RM_Type_IIG
KSB1,CapRel
KSB1,RM_Type_II
KSB1,Ceres
KSB1,RM_Type_I
KSB1,RM_Type_IIG
KSB1,Viperin
KSB1,RM_Type_II
Actinomycetota,SoFIC
Actinomycetota,Esos
Actinomycetota,PD-T7-2
Actinomycetota,AbiE
Actinomycetota,DRT-like_UG
Actinomycetota,RM_Type_II
Actinomycetota,AbiE
Actinomycetota,Tiamat
Actinomycetota,Thoeris
Actinomycetota,SoFIC
Actinomycetota,RM_Type_I
Actinomycetota,Ceres
Actinomycetota,Hachiman
Actinomycetota,RM_Type_IIG
Actinomycetota,AbiE
Pseudomonadota,SoFIC
Pseudomonadota,MazEF
Pseudomonadota,Ceres
Pseudomonadota,AbiE
Pseudomonadota,SoFIC
Pseudomonadota,PsyrTA
Pseudomonadota,Ceres
Pseudomonadota,RM_Type_II
Pseudomonadota,Gao_Mza
Pseudomonadota,Other_Type_IV
Acidobacteriota,RM_Type_I
Acidobacteriota,Gabija
Acidobacteriota,dCTPdeaminase
Acidobacteriota,RM_Type_I
Acidobacteriota,Prometheus
Acidobacteriota,DS-8
Acidobacteriota,dCTPdeaminase
Acidobacteriota,Gabija
Acidobacteriota,RM_Type_I
Pseudomonadota,PhiR5.1_HipAD
Pseudomonadota,Ceres
Pseudomonadota,Wadjet
Pseudomonadota,Cas
Pseudomonadota,Ceres
Pseudomonadota,Wadjet
Pseudomonadota,RM_Type_I
Pseudomonadota,AbiE
Bacteroidota,RM_Type_I
Bacteroidota,RM_Type_I
Bacteroidota,DS-20
Bacteroidota,SoFIC
Bacteroidota,SoFIC
Bacteroidota,SpbK
Bacteroidota,SoFIC
Bacteroidota,RM_Type_I
Bacteroidota,Aristaios
Bacteroidota,Gabija
Bacteroidota,RM_Type_IIG
Bacteroidota,Avs
Bacteroidota,DS-12B
Bacteroidota,Pycsar
Bacteroidota,RloC
Bacteroidota,Lamassu-Fam
Bacteroidota,RM_Type_III
Bacteroidota,SanaTA
Bacteroidota,Cas
Bacteroidota,Aristaios
Bacteroidota,AbiC
Bacteroidota,Aristaios
Bacteroidota,Aristaios
Bacteroidota,Lamassu-Fam
Bacteroidota,Rst_3HP
Bacteroidota,RM_Type_I
Bacteroidota,CBASS
Bacteroidota,SoFIC
Pseudomonadota,RM_Type_I
Pseudomonadota,RM_Type_II
Pseudomonadota,MazEF
Pseudomonadota,Lamassu-Fam
Pseudomonadota,RM_Type_II
Pseudomonadota,AbiE
Pseudomonadota,Shedu
Pseudomonadota,Dsr
Pseudomonadota,Cas
Pseudomonadota,RM_Type_I
Chloroflexota,HEC-09
Chloroflexota,Prithvi
Chloroflexota,Prometheus
Acidobacteriota,Avs
Acidobacteriota,Ceres
Actinomycetota,Avs
Actinomycetota,Paris
Actinomycetota,DRT-like_UG
Actinomycetota,Ceres
Actinomycetota,RM_Type_I
Actinomycetota,CapRel
Actinomycetota,Aristaios
Gemmatimonadota,Ceres
Goldbacteria,dCTPdeaminase
Goldbacteria,PD-Lambda-5
Goldbacteria,RM_Type_I
Goldbacteria,AbiE
Goldbacteria,AbiE
Goldbacteria,RM_Type_II
Goldbacteria,Lamassu-Fam
Goldbacteria,DpnI
Desulfobacterota,RM_Type_IIG
Desulfobacterota,Clover
Desulfobacterota,RM_Type_III
Desulfobacterota,AbiE
Desulfobacterota,Other_Type_IV
Desulfobacterota,Septu
Desulfobacterota,SoFIC
Desulfobacterota,Tiamat
Desulfobacterota,Eleos
Desulfobacterota,RM_Type_IIG
Desulfobacterota,RM_Type_II
Desulfobacterota,RM_Type_IIG
Desulfobacterota,AbiV
Desulfobacterota,AbiE
Desulfobacterota,RM_Type_I
Desulfobacterota,RM_Type_I
Desulfobacterota,RM_Type_I
Desulfobacterota,PsyrTA
Desulfobacterota,PrrC
Desulfobacterota,Cas
Desulfobacterota,Shedu
Desulfobacterota,RM_Type_I
Desulfobacterota,Gabija
Desulfobacterota,MazEF
Desulfobacterota,Gao_Ppl
Desulfobacterota,RM_Type_I
Desulfobacterota,RM_Type_I
Desulfobacterota,Paris
Desulfobacterota,AbiE
Desulfobacterota,Eleos
Desulfobacterota,HEC-06
Desulfobacterota,Hma
Desulfobacterota,AbiD
Elusimicrobiota,VP1839
Elusimicrobiota,RM_Type_II
Elusimicrobiota,Dsr
Elusimicrobiota,RM_Type_II
Bacteroidota,Bil
Bacteroidota,Old_exonuclease
Bacteroidota,Aristaios
Bacteroidota,CmdTAC
Bacteroidota,Hma
Bacteroidota,Other_Type_IV
Bacteroidota,DRT
Bacteroidota,CBASS
Bacteroidota,SoFIC
Bacteroidota,RM_Type_I
Elusimicrobiota,SoFIC
Elusimicrobiota,MazEF
Bacillota_A,Cas
Bacillota_A,Thoeris
Bacillota_A,CBASS
Bacillota_A,RM_Type_IIG
Bacillota_A,Dag
Bacillota_A,BREX
Bacillota_A,Wadjet
Bacillota_A,PD-T4-3
Bacillota_A,RM_Type_II
Bacillota_A,RloC
Bacillota_A,RM_Type_III
Bacillota_A,McrBC
Bacillota_A,SoFIC
Bacillota_A,McrBC
Bacillota_A,Wadjet
Bacillota_A,Thoeris
Bacillota_A,ShosTA
Bacillota_A,AbiE
Bacillota_A,RM_Type_I
Bacillota_D,HEC-08
Bacillota_D,Wadjet
Bacillota_D,RM_Type_III
Bacillota_D,RloC
Bacillota_D,AbiD
Bacillota_D,AbiE
Bacillota_D,Other_Type_IV
Bacillota_D,RM_Type_I
Bacillota_D,Gabija
Bacillota_D,Cas
Bacillota_D,RM_Type_II
Bacillota_D,SoFIC
Bacillota_D,Cas
Bacillota_D,RM_Type_II
Bacillota_D,RM_Type_II
Bacillota_D,RM_Type_II
Bacillota_D,AbiE
Bacillota_D,RM_Type_I
Bacillota_D,Druantia
Bacteroidota,Cas
Bacteroidota,Gabija
Bacteroidota,AbiE
Bacteroidota,RM_Type_I
Bacillota_D,Tiamat
Bacillota_D,Belisama
Bacillota_D,Lamassu-Fam
Bacillota_D,Wadjet
Bacillota_D,RM_Type_I
Bacillota_D,Wadjet
Bacillota_D,Menshen
Bacillota_D,RM_Type_I
Bacillota_D,CoCoNut
Bacillota_D,GmrSD_RM_Type_IV
Bacillota_D,GmrSD_RM_Type_IV
Bacillota_D,SspBCDE
Bacillota_D,Other_Type_IV
Bacillota_D,Aristaios
Bacillota_D,MazEF
Bacillota_D,Ceres
Bacillota_D,RM_Type_I
Bacillota_D,Dag
Bacillota_D,Aristaios
Bacillota_D,RM_Type_II
Bacillota_D,MazEF
Bacillota_D,AbiE
Bacillota_D,SoFIC
Bacillota_D,Cas
Bacillota_D,McrBC
Bacillota_D,Other_Type_IV
Bacillota_D,Prometheus
Bacillota_D,Rugutis
Bacteroidota,RM_Type_II
Bacteroidota,RM_Type_II
Bacteroidota,RM_Type_II
Bacteroidota,Cas
Bacteroidota,SoFIC
Bacteroidota,AbiL
Bacteroidota,SoFIC
Bacteroidota,AbiD
Bacteroidota,gcu24
Spirochaetota,SoFIC
Spirochaetota,RM_Type_I
Spirochaetota,PrrC
Spirochaetota,RM_Type_III
Spirochaetota,PD-T7-2
Spirochaetota,BREX
Spirochaetota,RM_Type_I
Spirochaetota,Viperin
Spirochaetota,GmrSD_RM_Type_IV
Bacteroidota,DS-14
Bacteroidota,SanaTA
Bacteroidota,HEC-09
Bacteroidota,AbiE
Bacteroidota,SoFIC
Bacteroidota,MazEF
Bacteroidota,Ceres
Bacteroidota,SoFIC
Bacteroidota,AbiD
Bacteroidota,Thoeris
Bacteroidota,McrBC
Bacteroidota,RM_Type_I
Bacteroidota,RM_Type_I
Bacteroidota,pAgo
Bacteroidota,RM_Type_I
Bacteroidota,pAgo
Bacteroidota,RM_Type_IIG
Bacteroidota,RM_Type_II
Bacteroidota,RM_Type_IIG
Bacteroidota,RM_Type_IIG
Bacteroidota,Ceres
Bacteroidota,BREX
Bacteroidota,McrBC
Bacteroidota,DS-20
Bacteroidota,SanaTA
Bacteroidota,RM_Type_IIG
Bacteroidota,Rst_TIR-NLR
Bacteroidota,RM_Type_III
Bacteroidota,SoFIC
Bacteroidota,Cas
Bacteroidota,RM_Type_II
Bacteroidota,RM_Type_IIG
Bacteroidota,AbiE
Bacteroidota,RM_Type_III
Bacteroidota,Cas
Bacteroidota,RM_Type_II
Bacteroidota,DRT
Bacteroidota,RM_Type_IIG
Bacteroidota,RM_Type_IIG
Desulfobacterota,RM_Type_I
Desulfobacterota,RM_Type_II
Desulfobacterota,RM_Type_I
Desulfobacterota,Dpd
Desulfobacterota,Cas
Desulfobacterota,SoFIC
Desulfobacterota,Wadjet
Acidobacteriota,RM_Type_IIG
Acidobacteriota,Hma
Acidobacteriota,SoFIC
Acidobacteriota,CBASS
Acidobacteriota,SanaTA
Acidobacteriota,DpnI
Acidobacteriota,RosmerTA
Acidobacteriota,RM_Type_II
Acidobacteriota,RM_Type_IIG
Pseudomonadota,Ceres
Pseudomonadota,AbiE
Pseudomonadota,Ceres
Pseudomonadota,AbiE
Pseudomonadota,SoFIC
Pseudomonadota,SoFIC
Acidobacteriota,Gasdermin
Acidobacteriota,HEC-03
Acidobacteriota,RM_Type_IIG
Campylobacterota,SNIPE
Campylobacterota,McrBC
Campylobacterota,CBASS
Campylobacterota,McrBC
Campylobacterota,Belisama
Campylobacterota,McrBC
Campylobacterota,Abi2
Pseudomonadota,PD-T7-2
Pseudomonadota,Avs
Pseudomonadota,Rst_DUF4238
Pseudomonadota,Aristaios
Pseudomonadota,Belisama
Pseudomonadota,SanaTA
Pseudomonadota,AbiZ
Pseudomonadota,dGTPase
Pseudomonadota,PfiAT
Pseudomonadota,RosmerTA
Pseudomonadota,Rugutis
Pseudomonadota,AbiE
Pseudomonadota,Dsr
Myxococcota,SoFIC
Myxococcota,Cas
Myxococcota,Cas
Myxococcota,JukAB
Myxococcota,Septu
Myxococcota,RM_Type_I
Myxococcota,RloC
Myxococcota,Armada
Myxococcota,RM_Type_IIG
Myxococcota,RM_Type_IIG
Pseudomonadota,VcaM4I
Pseudomonadota,Ceres
Myxococcota,Toutatis
Myxococcota,Retron
Myxococcota,Ceres
Myxococcota,Retron
Cyanobacteriota,RM_Type_II
Cyanobacteriota,MazEF
Cyanobacteriota,RM_Type_II
Cyanobacteriota,RM_Type_II
Pseudomonadota,RM_Type_IIG
Pseudomonadota,Lugos
Pseudomonadota,ENDPaCF1
Pseudomonadota,AbiE
Pseudomonadota,Gao_Hhe
Pseudomonadota,AbiD
Pseudomonadota,McrBC
Pseudomonadota,Aristaios
Nitrospirota,PfiAT
Nitrospirota,Sirona
Nitrospirota,AbiE
Nitrospirota,PfiAT
Nitrospirota,VP1839
Nitrospirota,Gabija
Nitrospirota,Rst_DUF4238
Gemmatimonadota,RM_Type_IIG
Gemmatimonadota,Ceres
Gemmatimonadota,AbiE
Gemmatimonadota,Ceres
Pseudomonadota,Ceres
Acidobacteriota,Cas
Acidobacteriota,RM_Type_I
Acidobacteriota,RM_Type_I
Acidobacteriota,RM_Type_I
Acidobacteriota,Ceres
Acidobacteriota,Septu
Acidobacteriota,Wadjet
Acidobacteriota,RM_Type_IIG
Acidobacteriota,DISARM
Acidobacteriota,Cas
Acidobacteriota,Cas
Acidobacteriota,Cas
Acidobacteriota,AbiE
Acidobacteriota,MADS3-4
Acidobacteriota,Septu
Acidobacteriota,Ceres
Acidobacteriota,RM_Type_IIG
Acidobacteriota,HEC-08
Acidobacteriota,MADS3-4
Acidobacteriota,RM_Type_IIG
Acidobacteriota,Cas
Acidobacteriota,DarTG
Acidobacteriota,RloC
Acidobacteriota,Cas
Acidobacteriota,RM_Type_I
Acidobacteriota,Menshen
Actinomycetota,AbiAlpha
Actinomycetota,Ceres
Actinomycetota,pAgo
Gemmatimonadota,Shedu
Gemmatimonadota,Gao_Upx
Gemmatimonadota,RM_Type_I
Gemmatimonadota,Ceres
Pseudomonadota,VcaM4I
Pseudomonadota,Ceres
Pseudomonadota,Prometheus
Pseudomonadota,Ceres
Pseudomonadota,AbiE
Acidobacteriota,Ceres
Acidobacteriota,PD-T7-2
Acidobacteriota,Aristaios
Acidobacteriota,Cas
Acidobacteriota,SoFIC
Acidobacteriota,Aristaios
Pseudomonadota,SoFIC
Actinomycetota,Druantia
Actinomycetota,HEC-09
Actinomycetota,RM_Type_II
Actinomycetota,AbiE
Pseudomonadota,RM_Type_II
Pseudomonadota,SoFIC
Pseudomonadota,Azaca
Pseudomonadota,DS-8
Bacteroidota,RM_Type_II
Bacteroidota,SoFIC
Bacteroidota,AbiE
Bacteroidota,Ceres
Bacteroidota,Aristaios
Bacteroidota,McrBC
Bacteroidota,SoFIC
Bacteroidota,Aristaios
Bacteroidota,Gao_TerY
Bacteroidota,RM_Type_I
Bacteroidota,Cas
Bacteroidota,Cas
Desulfobacterota,MazEF
Desulfobacterota,MazEF
Bacteroidota,Ceres
Bacteroidota,Ceres
Bacteroidota,MazEF
Bacteroidota,RM_Type_II
Bacteroidota,SoFIC
Actinomycetota,RM_Type_I
Actinomycetota,SoFIC
Actinomycetota,Hachiman
Actinomycetota,BREX
Actinomycetota,AbiE
Planctomycetota,Wadjet
Planctomycetota,DS-6
Planctomycetota,Thoeris
Planctomycetota,Aristaios
Planctomycetota,CBASS
Actinomycetota,Wadjet
Deinococcota,MazEF
Actinomycetota,AbiAlpha
Acidobacteriota,SoFIC
Acidobacteriota,AbiU
Actinomycetota,McrBC
Actinomycetota,DISARM
Actinomycetota,AbiE
Actinomycetota,Gabija
Actinomycetota,DarTG
Myxococcota,McrBC
Myxococcota,Septu
Myxococcota,Wadjet
Myxococcota,Retron
Myxococcota,Other_Type_IV
Myxococcota,CBASS
Myxococcota,Retron
Myxococcota,Gasdermin
Myxococcota,Kongming
Myxococcota,dGTPase
Myxococcota,SNIPE
Chloroflexota,AbiE
Chloroflexota,Ceres
Actinomycetota,Ceres
Actinomycetota,Ceres
Bacteroidota,Ceres
Bacteroidota,Gao_TerY
Pseudomonadota,RM_Type_IIG
Pseudomonadota,CapRel
Actinomycetota,Armada
Actinomycetota,RM_Type_IIG
Actinomycetota,RM_Type_IIG
Actinomycetota,VP1851
Bacillota,Hesat
Bacillota,Stk2
Bacillota,DARNA
Bacillota,RM_Type_I
Bacillota,Hachiman
Bacillota,Shango
Bacillota,Gabija
Bacillota,Wadjet
Bacillota,Cas
Bacillota,Azaca
Bacillota,Hma
Bacillota,Lamassu-Fam
Bacillota,DRT
Bacillota,Hachiman
Bacillota,Gao_Iet
Bacillota,RM_Type_I
Actinomycetota,AbiE
Actinomycetota,SoFIC
Actinomycetota,AbiE
Pseudomonadota,AbiE
Pseudomonadota,CBASS
Pseudomonadota,PD-T4-3
Pseudomonadota,dGTPase
Pseudomonadota,SoFIC
Bacteroidota,McrBC
Bacteroidota,AbiE
Bacteroidota,SoFIC
Pseudomonadota,RM_Type_IIG
Pseudomonadota,RM_Type_IIG
Bacillota,Ceres
Actinomycetota,Prometheus
Actinomycetota,PD-T4-3
Actinomycetota,AbiE
Actinomycetota,VP1851
Actinomycetota,Wadjet
Actinomycetota,SoFIC
Actinomycetota,Ceres
Actinomycetota,SoFIC
Actinomycetota,RM_Type_II
Actinomycetota,Prithvi
Actinomycetota,RM_Type_I
Actinomycetota,AbiE
Actinomycetota,Ceres
Chloroflexota,Cas
Chloroflexota,Other_Type_IV
Chloroflexota,Ceres
Chloroflexota,RM_Type_IIG
Chloroflexota,Cas
Gemmatimonadota,Ceres
Gemmatimonadota,SoFIC
Planctomycetota,RM_Type_IIG
Planctomycetota,Cas
Planctomycetota,Wadjet
Planctomycetota,RM_Type_II
Planctomycetota,SNIPE
Actinomycetota,AbiAlpha
Actinomycetota,RM_Type_II
Actinomycetota,RM_Type_IIG
Actinomycetota,PD-T7-1
Actinomycetota,AbiE
Actinomycetota,SoFIC
Acidobacteriota,RM_Type_I
Acidobacteriota,RM_Type_IIG
Acidobacteriota,Gabija
Acidobacteriota,RM_Type_IIG
Acidobacteriota,Shedu
Acidobacteriota,RM_Type_IIG
Acidobacteriota,MazEF
Acidobacteriota,RM_Type_I
Acidobacteriota,MADS3-4
Acidobacteriota,RM_Type_IIG
Acidobacteriota,HEC-03
Acidobacteriota,Gao_Iet
Acidobacteriota,RloC
Acidobacteriota,RM_Type_IIG
Acidobacteriota,Wadjet
Acidobacteriota,Cas
Acidobacteriota,Ceres
Acidobacteriota,PsyrTA
Acidobacteriota,RM_Type_II
Acidobacteriota,Gao_Iet
Acidobacteriota,Ceres
Acidobacteriota,AbiE
Acidobacteriota,SoFIC
Gemmatimonadota,Ceres
Chloroflexota,Ceres
Actinomycetota,PD-T7-2
Actinomycetota,AbiAlpha
Pseudomonadota,DS-14
Acidobacteriota,RM_Type_IIG
Acidobacteriota,RM_Type_I
Acidobacteriota,Cas
Acidobacteriota,Wadjet
Acidobacteriota,MazEF
Acidobacteriota,MADS3-4
Acidobacteriota,RloC
Acidobacteriota,Cas
Acidobacteriota,Aristaios
Acidobacteriota,AbiE
Acidobacteriota,RM_Type_I
Acidobacteriota,Avs
Acidobacteriota,Ceres
Acidobacteriota,DarTG
Acidobacteriota,RM_Type_II
Acidobacteriota,RM_Type_IIG
Acidobacteriota,McrBC
Acidobacteriota,RM_Type_II
Acidobacteriota,Armada
Acidobacteriota,Armada
Acidobacteriota,RM_Type_IIG
Acidobacteriota,RM_Type_IIG
Pseudomonadota,SoFIC
Pseudomonadota,Ceres
Planctomycetota,Wadjet
Planctomycetota,Dag
Planctomycetota,HEC-09
Planctomycetota,Other_Type_IV
Planctomycetota,RM_Type_II
Planctomycetota,SoFIC
Planctomycetota,MazEF
Planctomycetota,SoFIC
Planctomycetota,MazEF
Chloroflexota,RM_Type_IIG
Chloroflexota,Cas
Chloroflexota,McrBC
Chloroflexota,Ceres
Chloroflexota,DRT-like_UG
Chloroflexota,BREX
Chloroflexota,RM_Type_II
Chloroflexota,RM_Type_II
Chloroflexota,Cas
Chloroflexota,McrBC
Chloroflexota,Dpd
Chloroflexota,RM_Type_II
Chloroflexota,RM_Type_IIG
Myxococcota_A,Cas
Pseudomonadota,Dsr
Pseudomonadota,Ceres
Actinomycetota,Ceres
Actinomycetota,VP1851
Actinomycetota,SoFIC
Actinomycetota,Ceres
Actinomycetota,AbiE
Actinomycetota,Septu
Actinomycetota,SoFIC
Actinomycetota,RM_Type_II
Actinomycetota,PsyrTA
Actinomycetota,Ceres
Actinomycetota,Ceres
Actinomycetota,AbiAlpha
Actinomycetota,Ceres
Desulfobacterota,Aristaios
Desulfobacterota,SoFIC
Desulfobacterota,Ceres
Actinomycetota,Wadjet
Actinomycetota,McrBC
Actinomycetota,Ceres
Pseudomonadota,RM_Type_I
Pseudomonadota,AbiD
Pseudomonadota,PfiAT
Pseudomonadota,HEC-09
Pseudomonadota,RM_Type_I
Pseudomonadota,Esos
Pseudomonadota,Ceres
Pseudomonadota,Other_Type_IV
Pseudomonadota,Avs
Pseudomonadota,Ceres
Pseudomonadota,Prometheus
Pseudomonadota,Gao_Mza
Pseudomonadota,AbiE
Pseudomonadota,AbiE
Actinomycetota,RM_Type_IIG
Actinomycetota,RM_Type_IIG
Actinomycetota,SanaTA
Pseudomonadota,PfiAT
Pseudomonadota,CBASS
Pseudomonadota,RM_Type_I
Pseudomonadota,PrrC
Pseudomonadota,RM_Type_II
Pseudomonadota,AbiAlpha
Pseudomonadota,RM_Type_IIG
Pseudomonadota,RM_Type_IIG
Pseudomonadota,Aristaios
Actinomycetota,VP1851
Actinomycetota,Ceres
Actinomycetota,VP1851
Verrucomicrobiota,VP1853
Verrucomicrobiota,RM_Type_II
Verrucomicrobiota,Prometheus
Verrucomicrobiota,SoFIC
Verrucomicrobiota,DS-20
Verrucomicrobiota,RM_Type_IIG
Pseudomonadota,RM_Type_IIG
Pseudomonadota,RM_Type_IIG
Pseudomonadota,Thoeris
Pseudomonadota,Erebus
Pseudomonadota,Avs
Pseudomonadota,ShosTA
Pseudomonadota,RM_Type_IIG
Pseudomonadota,HEC-06
Pseudomonadota,RM_Type_II
Pseudomonadota,SoFIC
Pseudomonadota,VcaM4I
Pseudomonadota,Ceres
Pseudomonadota,SoFIC
Pseudomonadota,AbiD
Pseudomonadota,RM_Type_III
Pseudomonadota,Paris
Pseudomonadota,AbiE
Pseudomonadota,RM_Type_I
Pseudomonadota,RM_Type_II
Pseudomonadota,DRT
Pseudomonadota,RM_Type_II
Pseudomonadota,RM_Type_IIG
Pseudomonadota,RM_Type_IIG
Pseudomonadota,RM_Type_IIG
Pseudomonadota,HEC-09
Pseudomonadota,RM_Type_II
Pseudomonadota,RM_Type_IIG
Actinomycetota,AbiE
Actinomycetota,RM_Type_I
Actinomycetota,PrrC
Actinomycetota,RM_Type_I
Actinomycetota,RM_Type_IIG
Actinomycetota,RM_Type_II
Actinomycetota,RM_Type_II
Actinomycetota,RM_Type_II
Actinomycetota,RM_Type_II
Actinomycetota,SoFIC
Actinomycetota,Cas
Actinomycetota,Shango
Actinomycetota,Metis
Actinomycetota,RM_Type_II
Actinomycetota,AbiAlpha
Actinomycetota,RM_Type_IIG
Actinomycetota,VP1851
Actinomycetota,VP1851
Pseudomonadota,Prometheus
Pseudomonadota,RM_Type_II
Pseudomonadota,CBASS
Pseudomonadota,CARD_NLR
Pseudomonadota,DS-31
Pseudomonadota,RM_Type_I
Pseudomonadota,Ceres
Pseudomonadota,RM_Type_II
Bacteroidota,Pycsar
Bacteroidota,DS-1
Bacteroidota,Thoeris
Bacteroidota,Shango
Bacteroidota,SoFIC
Actinomycetota,RM_Type_I
Pseudomonadota,DS-20
Pseudomonadota,Aristaios
Pseudomonadota,Wadjet
Desulfobacterota_B,SoFIC
Desulfobacterota_B,MazEF
Desulfobacterota_B,RM_Type_I
Desulfobacterota_B,Septu
Desulfobacterota_B,Prometheus
Pseudomonadota,Ceres
Myxococcota,PD-T7-2
Myxococcota,dCTPdeaminase
Myxococcota,PsyrTA
Myxococcota,DISARM
Myxococcota,Cas
Myxococcota,Cas
Myxococcota,Shedu
Myxococcota,Cas
Myxococcota,McrBC
Myxococcota,RM_Type_I
Myxococcota,AbiE
Myxococcota,Retron
Myxococcota,Cas
Myxococcota,Cas
Myxococcota,Cas
Myxococcota,Toutatis
Pseudomonadota,Aristaios
Pseudomonadota,Hma
Pseudomonadota,DS-4
Pseudomonadota,Thoeris
Pseudomonadota,SoFIC
Pseudomonadota,RM_Type_I
Pseudomonadota,Cas
Pseudomonadota,Cas
Pseudomonadota,Cas
Pseudomonadota,Cas
Pseudomonadota,RM_Type_I
Gemmatimonadota,SoFIC
Gemmatimonadota,Ceres
Pseudomonadota,Lamassu-Fam
Pseudomonadota,SoFIC
Pseudomonadota,Nantosuelta
Pseudomonadota,RM_Type_I
Pseudomonadota,SoFIC
Pseudomonadota,Cas
Pseudomonadota,Cas
Pseudomonadota,RM_Type_II
Bacteroidota,Gao_Upx
Bacteroidota,SoFIC
Bacteroidota,CBASS
Bacteroidota,Avs
Bacteroidota,CBASS
Bacteroidota,Ceres
Pseudomonadota,McrBC
Pseudomonadota,AbiE
Bacteroidota,HEC-09
Bacteroidota,Ceres
Bacteroidota,Ceres
Bacteroidota,Cas
Bacteroidota,SoFIC
Bacteroidota,RM_Type_II
Bacteroidota,PhiR5.1_HipAD
Bacteroidota,RM_Type_III
Bacteroidota,Cas
Bacteroidota,RM_Type_II
Bacteroidota,RM_Type_II
Bacteroidota,DarTG
Chloroflexota,Ceres
Chloroflexota,Cas
Bacteroidota,EcoKMcrA
Bacteroidota,RM_Type_II
Bacteroidota,Gabija
Bacteroidota,PD-T4-10
Bacteroidota,Kiwa
Bacteroidota,Gao_Iet
Bacteroidota,CBASS
Bacteroidota,Lamassu-Fam
Pseudomonadota,Ceres
Pseudomonadota,SoFIC
Acidobacteriota,Ceres
Acidobacteriota,RM_Type_IIG
Pseudomonadota,Ceres
Acidobacteriota,RM_Type_I
Acidobacteriota,Ceres
Acidobacteriota,Cas
Acidobacteriota,RM_Type_IIG
Acidobacteriota,DarTG
Acidobacteriota,RM_Type_I
Acidobacteriota,RM_Type_IIG
Gemmatimonadota,CapRel
Gemmatimonadota,Ceres
Pseudomonadota,Ceres
Pseudomonadota,Olokun
Pseudomonadota,DarTG
Pseudomonadota,Wadjet
Pseudomonadota,Belisama
Bacteroidota,ShosTA
Bacteroidota,Kiwa
Bacteroidota,Sirona
Bacteroidota,RM_Type_IIG
Bacteroidota,McrBC
Bacteroidota,HEC-05
Bacteroidota,MazEF
Bacteroidota,Ceres
Bacteroidota,RM_Type_II
Bacteroidota,AbiL
Bacteroidota,RM_Type_I
Bacteroidota,Paris
Bacteroidota,Tiamat
Bacteroidota,RM_Type_II
Bacteroidota,RM_Type_II
Bacteroidota,PD-T7-2
Bacteroidota,SEFIR
Bacteroidota,RM_Type_II
Bacteroidota,RM_Type_II
Bacteroidota,RM_Type_II
Bacteroidota,RM_Type_II
Bacteroidota,Cas
Bacteroidota,RloC
Bacteroidota,PhiR5.1_HipAD
Pseudomonadota,MazEF
Pseudomonadota,PfiAT
Pseudomonadota,dGTPase
Pseudomonadota,SoFIC
Bacteroidota,MazEF
Bacteroidota,DS-23
Bacteroidota,Ceres
Actinomycetota,Tiamat
Actinomycetota,Rugutis
Actinomycetota,DS-20
Actinomycetota,Cas
Actinomycetota,Ceres
Pseudomonadota,DRT
Pseudomonadota,RM_Type_II
Pseudomonadota,Cas
Pseudomonadota,SNIPE
Pseudomonadota,RM_Type_I
Pseudomonadota,RloC
Pseudomonadota,Belisama
Pseudomonadota,DS-20
Pseudomonadota,RM_Type_II
Pseudomonadota,Aristaios
Bacteroidota,RM_Type_II
Bacteroidota,SoFIC
Bacteroidota,MazEF
Bacteroidota,RM_Type_IIG
Bacteroidota,RM_Type_I
Bacteroidota,RM_Type_II
Bacteroidota,PfiAT
Bacteroidota,RM_Type_IIG
Bacteroidota,DRT-like_UG
Bacteroidota,RM_Type_IIG
Bacteroidota,Ceres
Bacteroidota,RM_Type_IIG
Actinomycetota,VP1851
Actinomycetota,Prometheus
Actinomycetota,Ceres
Pseudomonadota,AbiE
Pseudomonadota,SoFIC
Pseudomonadota,Shedu
Pseudomonadota,RM_Type_IIG
Pseudomonadota,SoFIC
Pseudomonadota,Aristaios
Pseudomonadota,Ceres
Actinomycetota,SoFIC
Actinomycetota,RM_Type_I
Actinomycetota,DS-11
Acidobacteriota,RM_Type_II
Acidobacteriota,MazEF
Acidobacteriota,RM_Type_II
Acidobacteriota,MazEF
Acidobacteriota,SoFIC
Acidobacteriota,RM_Type_II
Acidobacteriota,PhiR5.1_HipAD
Chloroflexota,AbiE
Chloroflexota,PD-Lambda-5
Chloroflexota,RM_Type_I
Chloroflexota,CBASS
Chloroflexota,GmrSD_RM_Type_IV
Chloroflexota,Shedu
Chloroflexota,MazEF
Chloroflexota,RM_Type_I
Chloroflexota,RM_Type_II
Chloroflexota,RM_Type_IIG
Chloroflexota,RM_Type_III
Chloroflexota,RM_Type_II
Chloroflexota,SEFIR
Desulfobacterota_B,Lamassu-Fam
Desulfobacterota_B,Hma
Desulfobacterota_B,PD-T7-2
Desulfobacterota_B,SanaTA
Desulfobacterota_B,RM_Type_IIG
Desulfobacterota_B,Prometheus
Desulfobacterota_B,Cas
Desulfobacterota_B,BREX
Desulfobacterota_B,Avs
Desulfobacterota_B,CBASS
Desulfobacterota_B,Shedu
Desulfobacterota_B,CBASS
Desulfobacterota_B,RosmerTA
Desulfobacterota_B,HEC-03
Desulfobacterota_B,RM_Type_I
Desulfobacterota_B,Thoeris
Acidobacteriota,Cas
Acidobacteriota,BREX
Acidobacteriota,Lamassu-Fam
Acidobacteriota,Cas
Acidobacteriota,Cas
Acidobacteriota,Cas
Acidobacteriota,PD-T7-2
Acidobacteriota,Ceres
Acidobacteriota,pAgo
Acidobacteriota,Armada
Acidobacteriota,RM_Type_IIG
Acidobacteriota,RM_Type_IIG
Acidobacteriota,SoFIC
Acidobacteriota,McrBC
Acidobacteriota,RM_Type_I
Pseudomonadota,Rst_DUF4238
Pseudomonadota,Retron
Pseudomonadota,Kiwa
Pseudomonadota,RM_Type_I
Pseudomonadota,PD-T4-2
Pseudomonadota,Other_Type_IV
Pseudomonadota,RM_Type_I
Pseudomonadota,Prometheus
Pseudomonadota,Armada
Pseudomonadota,RM_Type_IIG
Pseudomonadota,RM_Type_IIG
Pseudomonadota,Septu
Pseudomonadota,MazEF
Pseudomonadota,BREX
Actinomycetota,Hma
Actinomycetota,TagI
Actinomycetota,Ceres
Actinomycetota,AbiE
Actinomycetota,Dag
Actinomycetota,McrBC
Actinomycetota,VP1851
Pseudomonadota,Ceres
Pseudomonadota,RM_Type_IIG
Pseudomonadota,Paris
Pseudomonadota,Cas
Pseudomonadota,RM_Type_I
Pseudomonadota,Hypnos
Pseudomonadota,DS-29
Pseudomonadota,RM_Type_IIG
Pseudomonadota,Cas
Pseudomonadota,AbiE
Pseudomonadota,PD-T7-2
Pseudomonadota,RloC
Pseudomonadota,RAZR
Pseudomonadota,AbiAlpha
Pseudomonadota,RM_Type_I
Pseudomonadota,RM_Type_II
Pseudomonadota,Cas
Pseudomonadota,Wadjet
Pseudomonadota,Aristaios
Pseudomonadota,Sirona
Pseudomonadota,DS-18
Planctomycetota,Prometheus
Planctomycetota,SoFIC
Planctomycetota,Cas
Planctomycetota,HEC-09
Planctomycetota,HEC-09
Planctomycetota,Cas
Planctomycetota,SoFIC
Planctomycetota,DS-17
Planctomycetota,RM_Type_IIG
Acidobacteriota,Cas
Acidobacteriota,CapRel
Acidobacteriota,Ceres
Acidobacteriota,DarTG
Acidobacteriota,RM_Type_I
Acidobacteriota,Cas
Acidobacteriota,Olokun
Acidobacteriota,RM_Type_IIG
Acidobacteriota,DISARM
Acidobacteriota,HEC-01
Pseudomonadota,Ceres
Pseudomonadota,RM_Type_III
Pseudomonadota,AbiE
Planctomycetota,DS-17
Planctomycetota,Cas
Planctomycetota,PD-T7-5
Planctomycetota,SoFIC
Planctomycetota,Cas
Gemmatimonadota,AbiE
Gemmatimonadota,SoFIC
Gemmatimonadota,Ceres
Gemmatimonadota,RM_Type_III
Gemmatimonadota,DS-29
Gemmatimonadota,MazEF
Gemmatimonadota,DS-10
Gemmatimonadota,BREX
Hydrogenedentota,AbiL
Hydrogenedentota,RM_Type_II
Hydrogenedentota,RM_Type_IIG
Hydrogenedentota,Resolvase_DUF5677
Hydrogenedentota,Hachiman
Hydrogenedentota,RM_Type_IIG
Hydrogenedentota,RM_Type_II
Hydrogenedentota,Lamassu-Fam
Hydrogenedentota,RM_Type_I
Hydrogenedentota,RM_Type_II
Hydrogenedentota,MazEF
Hydrogenedentota,RM_Type_II
Planctomycetota,Dnd
Planctomycetota,RloC
Planctomycetota,Kiwa
Planctomycetota,Cas
Planctomycetota,RM_Type_III
Planctomycetota,Shedu
Planctomycetota,PD-T4-3
Planctomycetota,Gao_Qat
Planctomycetota,Prometheus
Planctomycetota,RM_Type_IIG
Planctomycetota,RM_Type_I
Planctomycetota,RM_Type_IIG
Planctomycetota,RM_Type_IIG
Planctomycetota,DRT
Planctomycetota,MADS3-4
Planctomycetota,RM_Type_IIG
Planctomycetota,PhiR5.1_HipAD
Planctomycetota,Gabija
Planctomycetota,RM_Type_II
Planctomycetota,RM_Type_III
Planctomycetota,Gao_Mza
Planctomycetota,Thoeris
Planctomycetota,Cas
Planctomycetota,Cas
Planctomycetota,DarTG
Planctomycetota,RM_Type_IIG
Planctomycetota,Hma
Planctomycetota,HEC-07
Planctomycetota,RM_Type_II
Planctomycetota,Cas
Planctomycetota,RM_Type_I
Planctomycetota,RM_Type_IIG
Planctomycetota,RM_Type_II
Planctomycetota,Resolvase_DUF5677
Planctomycetota,RM_Type_II
Planctomycetota,RM_Type_II
Planctomycetota,RM_Type_IIG
Planctomycetota,PD-T4-3
Planctomycetota,SoFIC
Planctomycetota,DS-17
Cyanobacteriota,Ceres
Cyanobacteriota,Retron
Cyanobacteriota,Septu
Cyanobacteriota,Belisama
Cyanobacteriota,RM_Type_IIG
Cyanobacteriota,RM_Type_IIG
Cyanobacteriota,MazEF
Cyanobacteriota,Cas
Cyanobacteriota,Cas
Cyanobacteriota,Esos
Cyanobacteriota,RM_Type_I
Cyanobacteriota,RM_Type_II
Cyanobacteriota,HEC-06
Planctomycetota,RM_Type_IIG
Planctomycetota,DRT
Planctomycetota,SoFIC
Planctomycetota,Dag
Planctomycetota,RM_Type_IIG
Pseudomonadota,RM_Type_II
Pseudomonadota,RM_Type_I
Pseudomonadota,RM_Type_IIG
Pseudomonadota,Ceres
Pseudomonadota,Azaca
Pseudomonadota,Shango
Pseudomonadota,Ceres
Pseudomonadota,AbiE
Gemmatimonadota,SoFIC
Gemmatimonadota,RM_Type_II
Gemmatimonadota,Ceres
Gemmatimonadota,Septu
Gemmatimonadota,PD-T4-3
Gemmatimonadota,RM_Type_II
Gemmatimonadota,Azaca
Desulfobacterota_D,SanaTA
Desulfobacterota_D,Toga
Hydrogenedentota,RM_Type_II
Hydrogenedentota,RM_Type_IIG
Hydrogenedentota,Lamassu-Fam
Hydrogenedentota,Avs
Hydrogenedentota,RloC
Hydrogenedentota,Damona
Hydrogenedentota,Belisama
Hydrogenedentota,Cas
Gemmatimonadota,RM_Type_I
Gemmatimonadota,AbiE
Planctomycetota,RloC
Planctomycetota,Cas
Planctomycetota,AbiJ
Planctomycetota,RM_Type_IIG
Planctomycetota,Avs
Planctomycetota,pAgo
Planctomycetota,Dsr
Planctomycetota,Hma
Planctomycetota,Tiamat
Planctomycetota,RM_Type_III
Planctomycetota,Cas
Planctomycetota,RM_Type_I
Planctomycetota,RM_Type_II
Planctomycetota,SNIPE
Planctomycetota,RM_Type_I
Planctomycetota,RM_Type_III
Planctomycetota,VcaM4I
Planctomycetota,RM_Type_II
Planctomycetota,DarTG
Planctomycetota,DS-17
Planctomycetota,Cas
Planctomycetota,RM_Type_II
Planctomycetota,RloC
Planctomycetota,RM_Type_II
Planctomycetota,Cas
Planctomycetota,RM_Type_I
Planctomycetota,RosmerTA
Planctomycetota,Gao_Iet
Planctomycetota,RM_Type_I
Bacteroidota,RM_Type_IIG
Bacteroidota,AbiE
Bacteroidota,Avs
Bacteroidota,RM_Type_I
Bacteroidota,Ceres
Bacteroidota,AbiE
Bacteroidota,RM_Type_I
Bacteroidota,TgvAB
Bacteroidota,McrBC
Bacteroidota,Ceres
Bacteroidota,Ceres
Bacteroidota,SanaTA
Bacteroidota,Dag
Bacteroidota,McrBC
Bacteroidota,RM_Type_I
Bacteroidota,Shedu
Bacteroidota,McrBC
Bacteroidota,SoFIC
Bacteroidota,Druantia
Bacteroidota,RM_Type_I
Bacteroidota,Retron
Bacteroidota,McrBC
Bacteroidota,Druantia
Bacteroidota,RM_Type_I
Pseudomonadota,AbiD
Pseudomonadota,Aristaios
Pseudomonadota,RM_Type_II
Pseudomonadota,RloC
Pseudomonadota,RM_Type_I
Pseudomonadota,Ceres
Planctomycetota,VP1839
Planctomycetota,Avs
Planctomycetota,Avs
Planctomycetota,Sirona
Planctomycetota,Paris
Planctomycetota,DRT
Planctomycetota,Nantosuelta
Planctomycetota,Cas
Planctomycetota,Wadjet
Planctomycetota,Nantosuelta
Planctomycetota,EcoKMcrA
Planctomycetota,RM_Type_III
Pseudomonadota,SoFIC
Pseudomonadota,Aristaios
Pseudomonadota,AbiE
Pseudomonadota,RM_Type_I
Pseudomonadota,Shedu
Pseudomonadota,Ceres
Pseudomonadota,Cas
Pseudomonadota,gcu142
Pseudomonadota,RM_Type_I
Pseudomonadota,Cas
Pseudomonadota,Cas
Pseudomonadota,RM_Type_I
Pseudomonadota,SEFIR
Pseudomonadota,AbiU
Pseudomonadota,GAPS2
Pseudomonadota,PD-T7-2
Pseudomonadota,Belisama
Pseudomonadota,Gabija
Pseudomonadota,RloC
Pseudomonadota,DRT
Pseudomonadota,Dag
Pseudomonadota,PfiAT
Pseudomonadota,Mokosh
Pseudomonadota,dGTPase
Bacillota,Aristaios
Bacillota,ScoMcrA
Pseudomonadota,DS-39
Pseudomonadota,RAZR
Pseudomonadota,AbiO
Pseudomonadota,Nemetona
Pseudomonadota,Kiwa
Pseudomonadota,SanaTA
Pseudomonadota,RM_Type_I
Pseudomonadota,dGTPase
Pseudomonadota,Aristaios
Pseudomonadota,GAPS2
Pseudomonadota,Lamassu-Fam
Pseudomonadota,Belisama
Pseudomonadota,GmrSD_RM_Type_IV
Pseudomonadota,GmrSD_RM_Type_IV
Pseudomonadota,CoCoNut
Pseudomonadota,CoCoNut
Pseudomonadota,Aristaios
Pseudomonadota,CBASS
Pseudomonadota,Reve
Pseudomonadota,Gao_Mza
Pseudomonadota,Belisama
Pseudomonadota,gcu233
Pseudomonadota,DS-39
Pseudomonadota,Septu
Pseudomonadota,Prometheus
Pseudomonadota,VcaM4I
Pseudomonadota,RM_Type_I
Pseudomonadota,TgvAB
Pseudomonadota,Cas
Pseudomonadota,Gabija
Pseudomonadota,Detocs
Pseudomonadota,Other_Type_IV
Pseudomonadota,EcoKMcrA
Pseudomonadota,Dnd
Pseudomonadota,SanaTA
Pseudomonadota,VP1851
Pseudomonadota,HEC-06
Pseudomonadota,Aristaios
Pseudomonadota,Lugos
Pseudomonadota,Gabija
Pseudomonadota,RM_Type_I
Pseudomonadota,SoFIC
Pseudomonadota,Septu
Pseudomonadota,PD-Lambda-2
Pseudomonadota,PfiAT
Pseudomonadota,RADAR
Pseudomonadota,dGTPase
Pseudomonadota,RM_Type_II
Pseudomonadota,Cas
Pseudomonadota,Dnd
Pseudomonadota,Kiwa
Pseudomonadota,Belisama
Pseudomonadota,dGTPase
Pseudomonadota,PhiR47_GevAT
Pseudomonadota,DS-2
Pseudomonadota,RM_Type_I
Pseudomonadota,Cas
Pseudomonadota,AbiU
Pseudomonadota,PD-T7-2
Pseudomonadota,Hypnos
Pseudomonadota,RM_Type_IIG
Pseudomonadota,Zorya
Pseudomonadota,GAPS1
Pseudomonadota,Paris
Pseudomonadota,Lugos
Pseudomonadota,McrBC
Pseudomonadota,DRT
Pseudomonadota,Hailong
Bacillota,SpbK
Bacillota,gcu233
Pseudomonadota,Prometheus
Pseudomonadota,RM_Type_I
Pseudomonadota,MazEF
Pseudomonadota,DS-10
Pseudomonadota,DS-17
Pseudomonadota,RM_Type_III
Pseudomonadota,RM_Type_I
Pseudomonadota,Wadjet
Pseudomonadota,RM_Type_II
Pseudomonadota,Aristaios
Pseudomonadota,PhiR5.1_HipAD
Pseudomonadota,Wadjet
Pseudomonadota,PD-T7-2
Pseudomonadota,CBASS
Pseudomonadota,dGTPase
Pseudomonadota,AbiAlpha
Pseudomonadota,FS_GIY_YIG
Pseudomonadota,Paris
Pseudomonadota,PD-T7-5
Bacillota,Ceres
Bacillota,gcu233
Actinomycetota,SNIPE
Actinomycetota,pAgo
Actinomycetota,RM_Type_I
Actinomycetota,DarTG
Actinomycetota,AbiAlpha
Actinomycetota,PD-Lambda-5
Actinomycetota,Aristaios
Acidobacteriota,RM_Type_I
Acidobacteriota,AbiU
Acidobacteriota,Prometheus
Acidobacteriota,HEC-09
Acidobacteriota,Avs
Acidobacteriota,RM_Type_I
Acidobacteriota,Aristaios
Acidobacteriota,RM_Type_IIG
Acidobacteriota,CapRel
Acidobacteriota,RM_Type_II
Acidobacteriota,Dsr
Acidobacteriota,SNIPE
Acidobacteriota,RM_Type_IIG
Acidobacteriota,Ceres
Acidobacteriota,Paris
Acidobacteriota,RM_Type_IIG
Acidobacteriota,Septu
Acidobacteriota,DarTG
Acidobacteriota,RM_Type_I
Acidobacteriota,Gao_Ppl
Acidobacteriota,Cas
Acidobacteriota,RM_Type_I
Acidobacteriota,DRT
Pseudomonadota,dCTPdeaminase
Pseudomonadota,McrBC
Pseudomonadota,Wadjet
Pseudomonadota,RM_Type_II
Pseudomonadota,Lamassu-Fam
Pseudomonadota,Olokun
Pseudomonadota,AbiE
Cyanobacteriota,Other_Type_IV
Cyanobacteriota,Ceres
Cyanobacteriota,Esos
Cyanobacteriota,MazEF
Cyanobacteriota,Paris
Bacteroidota,Cas
Bacteroidota,Ceres
Bacteroidota,Prometheus
Bacteroidota,Hma
Bacteroidota,HEC-02
Bacteroidota,RloC
Bacteroidota,RM_Type_II
Bacteroidota,RM_Type_I
Bacteroidota,SoFIC
Bacteroidota,McrBC
Desulfobacterota_D,Ceres
Pseudomonadota,PD-T7-2
Pseudomonadota,AbiE
Pseudomonadota,SoFIC
Pseudomonadota,RM_Type_II
Pseudomonadota,DISARM
Pseudomonadota,MspJI
Pseudomonadota,RM_Type_II
Pseudomonadota,RM_Type_II
Pseudomonadota,MspJI
Pseudomonadota,Other_Type_IV
Pseudomonadota,RM_Type_I
Actinomycetota,AbiE
Bacteroidota,MazEF
Bacteroidota,RM_Type_II
Bacteroidota,RM_Type_II
Bacteroidota,VcaM4I
Bacteroidota,VcaM4I
Bacteroidota,SoFIC
Bacteroidota,SoFIC
Chloroflexota,RM_Type_IIG
Pseudomonadota,RM_Type_II
Pseudomonadota,RM_Type_IIG
Pseudomonadota,Avs
Pseudomonadota,SEFIR
Pseudomonadota,BstA
Pseudomonadota,Septu
Pseudomonadota,RM_Type_IIG
Pseudomonadota,HEC-07
Actinomycetota,RloC
Actinomycetota,RM_Type_II
Actinomycetota,Gabija
Actinomycetota,PD-T4-3
Actinomycetota,Prometheus
Actinomycetota,VP1851
Actinomycetota,Wadjet
Actinomycetota,Phrann_gp29_gp30
Actinomycetota,AbiE
Bacteroidota,AbiE
Bacteroidota,Cernunnos
Bacteroidota,MazEF
Bacteroidota,RM_Type_I
Bacteroidota,Shedu
Bacteroidota,RM_Type_I
Bacteroidota,HEC-05
Bacteroidota,DRT
Bacteroidota,CBASS
Bacteroidota,gcu233
Actinomycetota,RM_Type_IIG
Actinomycetota,Other_Type_IV
Actinomycetota,AbiE
Actinomycetota,AbiAlpha
Actinomycetota,Prometheus
Actinomycetota,RosmerTA
Actinomycetota,VP1851
Actinomycetota,AbiE
Actinomycetota,Wadjet
Actinomycetota,Dag
Actinomycetota,McrBC
Actinomycetota,CapRel
Actinomycetota,Dag
Actinomycetota,Wadjet
Pseudomonadota,Gabija
Pseudomonadota,RM_Type_II
Pseudomonadota,Lugos
Pseudomonadota,Aristaios
Pseudomonadota,Nantosuelta
Pseudomonadota,Prometheus
Pseudomonadota,Lamassu-Fam
Pseudomonadota,PrrC
Pseudomonadota,VcaM4I
Actinomycetota,SoFIC
Actinomycetota,Cas
Bacillota,AbiR
Bacillota,McrBC
Bacillota,RM_Type_II
Bacillota,SNIPE
Bacillota,gcu233
Bacillota,FS_Sma
JADJOY01,SoFIC
JADJOY01,Ceres
Actinomycetota,Esos
Actinomycetota,AbiAlpha
Actinomycetota,AbiAlpha
Actinomycetota,VP1851
Actinomycetota,Ceres
Acidobacteriota,Cas
Acidobacteriota,SoFIC
Acidobacteriota,Ceres
Acidobacteriota,Septu
Acidobacteriota,Shango
Acidobacteriota,Cas
Acidobacteriota,Cas
Acidobacteriota,RM_Type_II
Acidobacteriota,Ceres
Acidobacteriota,MADS3-4
Acidobacteriota,Cas
Acidobacteriota,MazEF
Acidobacteriota,AbiE
Acidobacteriota,HEC-01
Acidobacteriota,Septu
Acidobacteriota,PfiAT
Pseudomonadota,Uzume
Pseudomonadota,BREX
Pseudomonadota,Lugos
Pseudomonadota,Wadjet
Gemmatimonadota,Ceres
Gemmatimonadota,Ceres
Gemmatimonadota,SoFIC
Gemmatimonadota,SoFIC
Actinomycetota,SoFIC
Actinomycetota,AbiAlpha
Actinomycetota,Ceres
Actinomycetota,AbiAlpha
Actinomycetota,AbiAlpha
Gemmatimonadota,SoFIC
Gemmatimonadota,Ceres
Gemmatimonadota,SoFIC
Nitrospirota,Ceres
Nitrospirota,SoFIC
Pseudomonadota,Ceres
Pseudomonadota,Ceres
Pseudomonadota,Pycsar
Pseudomonadota,Paris
Pseudomonadota,SoFIC
Pseudomonadota,Zorya
Pseudomonadota,Ceres
Pseudomonadota,Cas
Chloroflexota,AbiE
Gemmatimonadota,RM_Type_IIG
Gemmatimonadota,AbiE
Gemmatimonadota,AbiE
Gemmatimonadota,Ceres
Gemmatimonadota,RosmerTA
Chloroflexota,SanaTA
Chloroflexota,Ceres
Pseudomonadota,Ceres
Actinomycetota,RM_Type_IIG
Actinomycetota,Gabija
Actinomycetota,AbiE
Actinomycetota,AbiE
Actinomycetota,SoFIC
Pseudomonadota,SoFIC
Pseudomonadota,AbiE
Pseudomonadota,Ceres
Pseudomonadota,PfiAT
Pseudomonadota,RM_Type_II
Pseudomonadota,AbiE
Pseudomonadota,Ceres
Pseudomonadota,Hypnos
Pseudomonadota,Shedu
Pseudomonadota,Wadjet
Chloroflexota,ShosTA
Chloroflexota,Ceres
Chloroflexota,MazEF
Chloroflexota,RM_Type_I
Chloroflexota,Other_Type_IV
Chloroflexota,Wadjet
Chloroflexota,Prometheus
Chloroflexota,Cas
Actinomycetota,VP1851
Actinomycetota,Ceres
Actinomycetota,SoFIC
Actinomycetota,Other_Type_IV
Actinomycetota,Ceres
Actinomycetota,RM_Type_II
Actinomycetota,AbiAlpha
Actinomycetota,PD-T4-3
Actinomycetota,Hma
Actinomycetota,AbiAlpha
Pseudomonadota,Ceres
Actinomycetota,RM_Type_I
Actinomycetota,VP1851
Actinomycetota,AbiAlpha
Actinomycetota,RM_Type_I
Actinomycetota,Ceres
Actinomycetota,Esos
Gemmatimonadota,SoFIC
Gemmatimonadota,Ceres
Pseudomonadota,SoFIC
Pseudomonadota,SoFIC
Bacteroidota,Ceres
Bacteroidota,SoFIC
Bacteroidota,Pycsar
JAGLTZ01,Ceres
Chloroflexota,Prithvi
Chloroflexota,SoFIC
Chloroflexota,RM_Type_IIG
Pseudomonadota,Ceres
Pseudomonadota,RM_Type_II
Pseudomonadota,MazEF
Pseudomonadota,Cas
Pseudomonadota,VP1839
Bacteroidota,Ceres
Bacteroidota,RM_Type_III
Bacteroidota,Pycsar
Pseudomonadota,Ceres
Myxococcota,Prometheus
Myxococcota,AbiE
Bacteroidota,Retron
Bacteroidota,pAgo
Bacteroidota,6A_MBL
Bacteroidota,RM_Type_II
Bacteroidota,AbiE
Bacteroidota,AbiE
Bacteroidota,RM_Type_I
Bacteroidota,Dag
Bacteroidota,DRT
Bacteroidota,SoFIC
Bacteroidota,RloC
Bacteroidota,DRT
Actinomycetota,Ceres
Pseudomonadota,Aristaios
Pseudomonadota,DarTG
Pseudomonadota,VcaM4I
Pseudomonadota,Armada
Pseudomonadota,RM_Type_IIG
Pseudomonadota,RM_Type_IIG
Pseudomonadota,Armada
Pseudomonadota,AbiH
Pseudomonadota,Zorya
Pseudomonadota,Lugos
Pseudomonadota,Aristaios
Pseudomonadota,Dag
Pseudomonadota,Aristaios
Pseudomonadota,SspBCDE
Bacteroidota,RM_Type_II
Pseudomonadota,RM_Type_I
Pseudomonadota,RM_Type_II
Pseudomonadota,Wadjet
Pseudomonadota,AbiE
Pseudomonadota,Rst_HelicaseDUF2290
Bacteroidota,SoFIC
Bacteroidota,NLR
Bacteroidota,SoFIC
Bacteroidota,pAgo
Bacteroidota,RM_Type_I
Bacteroidota,PrrC
Bacteroidota,pAgo
Bacteroidota,McrBC
Bacteroidota,Aristaios
Bacteroidota,CBASS
Actinomycetota,AbiAlpha
Actinomycetota,CBASS
Actinomycetota,SoFIC
Acidobacteriota,Septu
Acidobacteriota,Ceres
Myxococcota,Toutatis
Myxococcota,SoFIC
Actinomycetota,Uzume
Actinomycetota,RM_Type_II
Actinomycetota,AbiAlpha
Actinomycetota,Uzume
Actinomycetota,AbiAlpha
Gemmatimonadota,Ceres
Pseudomonadota,AbiE
Pseudomonadota,Lugos
Bacteroidota,Ceres
Bacteroidota,SoFIC
Bacteroidota,MazEF
Pseudomonadota,AbiAlpha
Pseudomonadota,AbiU
Pseudomonadota,RM_Type_II
Pseudomonadota,AbiE
Pseudomonadota,Wadjet
Pseudomonadota,Dsr
Pseudomonadota,Cas
Pseudomonadota,SoFIC
Gemmatimonadota,Ceres
Gemmatimonadota,MazEF
Gemmatimonadota,Ceres
Pseudomonadota,HEC-09
Pseudomonadota,Cas
Pseudomonadota,RM_Type_I
Pseudomonadota,SoFIC
Actinomycetota,Esos
Chloroflexota,AbiE
Chloroflexota,Cas
Chloroflexota,Cas
Pseudomonadota,SoFIC
Actinomycetota,Ceres
Actinomycetota,DS-20
Actinomycetota,Septu
Actinomycetota,McrBC
Pseudomonadota,SoFIC
Pseudomonadota,Ceres
Actinomycetota,AbiAlpha
Desulfobacterota,RM_Type_IIG
Chloroflexota,Ceres
Actinomycetota,Ceres
Pseudomonadota,Kiwa
Pseudomonadota,Ceres
Pseudomonadota,SanaTA
Actinomycetota,SoFIC
Actinomycetota,Hachiman
Actinomycetota,AbiE
Actinomycetota,RM_Type_II
Acidobacteriota,AbiE
Acidobacteriota,RloC
Acidobacteriota,Esos
Acidobacteriota,HEC-09
Bacteroidota,SanaTA
Bacteroidota,Ceres
Bacteroidota,SoFIC
Chloroflexota,Ceres
Actinomycetota,McrBC
Actinomycetota,BREX
Actinomycetota,Ceres
Actinomycetota,SNIPE
Actinomycetota,RM_Type_I
Actinomycetota,AbiU
Chloroflexota,RM_Type_I
Chloroflexota,HEC-09
Chloroflexota,RM_Type_IIG
Chloroflexota,Cas
Chloroflexota,Ceres
Chloroflexota,Ceres
Chloroflexota,Cas
Chloroflexota,Cas
Chloroflexota,Ceres
Chloroflexota,HEC-09
Chloroflexota,RM_Type_I
Chloroflexota,Ceres
Pseudomonadota,Ceres
Chloroflexota,SoFIC
Chloroflexota,SoFIC
Actinomycetota,Oshun
Actinomycetota,Septu
Actinomycetota,Other_Type_IV
Actinomycetota,Ceres
Actinomycetota,Cas
Actinomycetota,Wadjet
Actinomycetota,Ceres
Actinomycetota,Lanthiphage
Actinomycetota,AbiAlpha
Actinomycetota,RM_Type_II
Actinomycetota,RAZR
Actinomycetota,RM_Type_I
Actinomycetota,VP1851
Actinomycetota,Lanthiphage
Actinomycetota,Lanthiphage
Actinomycetota,Ceres
Actinomycetota,Esos
Actinomycetota,RM_Type_IIG
Actinomycetota,Wadjet
Pseudomonadota,Gabija
Pseudomonadota,Belisama
Pseudomonadota,AbiE
Pseudomonadota,RM_Type_I
Pseudomonadota,Dsr
Pseudomonadota,Prometheus
Pseudomonadota,DS-23
Pseudomonadota,Olokun
Pseudomonadota,Prometheus
Pseudomonadota,Prometheus
Pseudomonadota,Avs
Pseudomonadota,Kiwa
Pseudomonadota,MspJI
Pseudomonadota,AbiE
Actinomycetota,SNIPE
Pseudomonadota,HEC-09
Pseudomonadota,RM_Type_I
Pseudomonadota,AbiD
Actinomycetota,RM_Type_I
Actinomycetota,Uzume
Actinomycetota,RloC
Actinomycetota,Wadjet
Actinomycetota,RM_Type_IIG
Actinomycetota,VP1851
Actinomycetota,PD-Lambda-6
Actinomycetota,Ceres
Actinomycetota,RM_Type_I
Chloroflexota,pAgo
Chloroflexota,Ceres
Chloroflexota,Ceres
Desulfobacterota_B,SNIPE
Desulfobacterota_B,AbiE
Desulfobacterota_B,RM_Type_I
Desulfobacterota_B,Cas
Desulfobacterota_B,RM_Type_I
Desulfobacterota_B,Cas
Desulfobacterota_B,Avs
Desulfobacterota_B,RM_Type_II
Desulfobacterota_B,AbiE
Desulfobacterota_B,VP1839
Desulfobacterota_B,AbiE
Desulfobacterota_B,Cas
Desulfobacterota_B,AbiE
Desulfobacterota_B,SanaTA
Desulfobacterota_B,SoFIC
Desulfobacterota_B,RM_Type_I
Desulfobacterota_B,RloC
Desulfobacterota_B,Cas
Desulfobacterota_B,RM_Type_I
Desulfobacterota_B,Other_Type_IV
Desulfobacterota_B,AbiE
Pseudomonadota,Ceres
Chloroflexota,Ceres
Chloroflexota,RM_Type_I
Chloroflexota,Ceres
Pseudomonadota,Ceres
Pseudomonadota,SoFIC
Pseudomonadota,Zorya
Pseudomonadota,Menshen
Pseudomonadota,Lugos
Pseudomonadota,Dazbog
Pseudomonadota,Lamassu-Fam
Pseudomonadota,RM_Type_IIG
Pseudomonadota,Gabija
Pseudomonadota,Lugos
Actinomycetota,SoFIC
Pseudomonadota,DS-37
Pseudomonadota,BREX
Pseudomonadota,Cas
Pseudomonadota,RM_Type_IIG
Pseudomonadota,Lugos
Pseudomonadota,Zorya
Pseudomonadota,gcuWGS21
Bacteroidota,Pycsar
Bacteroidota,Ceres
Bacteroidota,Rugutis
Pseudomonadota,gcuWGS21
Pseudomonadota,SoFIC
Pseudomonadota,PfiAT
Actinomycetota,Cas
Actinomycetota,HEC-05
Actinomycetota,RosmerTA
Actinomycetota,Wadjet
Pseudomonadota,Cas
Pseudomonadota,Cas
Pseudomonadota,SoFIC
Pseudomonadota,Avs
Pseudomonadota,AbiE
Pseudomonadota,Gabija
Pseudomonadota,Shedu
Pseudomonadota,Resolvase_DUF5677
Pseudomonadota,AbiE
Pseudomonadota,Aristaios
Pseudomonadota,Metis
Pseudomonadota,VP1839
Pseudomonadota,Gao_Mza
Pseudomonadota,RM_Type_II
Pseudomonadota,Hailong
Pseudomonadota,Aristaios
Pseudomonadota,McrBC
Pseudomonadota,Lugos
Pseudomonadota,Wadjet
Pseudomonadota,Cas
Pseudomonadota,SoFIC
Gemmatimonadota,Ceres
Gemmatimonadota,SoFIC
Gemmatimonadota,MazEF
Actinomycetota,Wadjet
Actinomycetota,RloC
Actinomycetota,TagI
Actinomycetota,RM_Type_IIG
Actinomycetota,Gabija
Actinomycetota,Armada
Actinomycetota,RM_Type_IIG
Actinomycetota,Armada
Actinomycetota,RM_Type_IIG
Actinomycetota,Cas
Pseudomonadota,Taranis
Gemmatimonadota,Ceres
Gemmatimonadota,AbiE
Gemmatimonadota,Ceres
Pseudomonadota,RM_Type_I
Pseudomonadota,Cas
Acidobacteriota,AbiE
Acidobacteriota,pAgo
Acidobacteriota,AbiE
Acidobacteriota,RloC
Acidobacteriota,RM_Type_I
Acidobacteriota,SoFIC
Acidobacteriota,AbiE
Acidobacteriota,AbiE
Acidobacteriota,Prometheus
Acidobacteriota,Avs
Actinomycetota,AbiAlpha
Actinomycetota,Ceres
Pseudomonadota,Ceres
Actinomycetota,McrBC
Actinomycetota,Ceres
Actinomycetota,AbiAlpha
Pseudomonadota,SoFIC
Actinomycetota,VP1851
Actinomycetota,Ceres
Actinomycetota,Esos
Actinomycetota,AbiAlpha
Actinomycetota,RM_Type_IIG
Actinomycetota,Wadjet
Actinomycetota,McrBC
Actinomycetota,AbiAlpha
Actinomycetota,Ceres
Pseudomonadota,Wadjet
Pseudomonadota,Ceres
Pseudomonadota,Ceres
Pseudomonadota,AbiAlpha
Pseudomonadota,Lugos
Pseudomonadota,Cas
Pseudomonadota,Lugos
Pseudomonadota,MazEF
Pseudomonadota,SoFIC
Desulfobacterota_B,AbiAlpha
Gemmatimonadota,Ceres
Actinomycetota,McrBC
Actinomycetota,AbiE
Actinomycetota,SoFIC
Actinomycetota,Phrann_gp29_gp30
Actinomycetota,SoFIC
Actinomycetota,SoFIC
Actinomycetota,AbiAlpha
Actinomycetota,RloC
Actinomycetota,RM_Type_III
Actinomycetota,Ceres
Actinomycetota,Esos
Actinomycetota,AbiAlpha
Actinomycetota,McrBC
Actinomycetota,VP1851
Actinomycetota,Armada
Actinomycetota,RM_Type_IIG
Actinomycetota,RM_Type_IIG
Actinomycetota,Ceres
Actinomycetota,Ceres
Actinomycetota,AbiAlpha
Actinomycetota,AbiAlpha
Pseudomonadota,Ceres
Actinomycetota,AbiAlpha
Actinomycetota,SoFIC
Actinomycetota,Phrann_gp29_gp30
Actinomycetota,AbiE
Actinomycetota,DS-2
Actinomycetota,AbiE
Actinomycetota,Wadjet
Actinomycetota,AbiAlpha
Actinomycetota,Wadjet
Actinomycetota,RM_Type_I
Actinomycetota,Avs
Chloroflexota,RM_Type_IIG
Chloroflexota,RM_Type_II
Chloroflexota,Other_Type_IV
Chloroflexota,Cas
Chloroflexota,Other_Type_IV
Chloroflexota,RM_Type_II
Chloroflexota,Wadjet
Chloroflexota,Esos
Chloroflexota,McrBC
Chloroflexota,MazEF
Chloroflexota,Other_Type_IV
Chloroflexota,DarTG
Chloroflexota,Ceres
Chloroflexota,Wadjet
Chloroflexota,McrBC
Chloroflexota,McrBC
Chloroflexota,Ceres
Gemmatimonadota,Ceres
Chloroflexota,Cas
Chloroflexota,ScoMcrA
Chloroflexota,Tiamat
Chloroflexota,McrBC
Chloroflexota,McrBC
Eisenbacteria,Ceres
Gemmatimonadota,Ceres
Pseudomonadota,SoFIC
Pseudomonadota,VcaM4I
Pseudomonadota,DS-23
Pseudomonadota,MazEF
Pseudomonadota,Cas
Pseudomonadota,Ceres
Pseudomonadota,Ceres
Planctomycetota,Avs
Planctomycetota,RM_Type_II
Planctomycetota,McrBC
Planctomycetota,Cas
Planctomycetota,RM_Type_II
Planctomycetota,SoFIC
Pseudomonadota,AbiE
Pseudomonadota,PfiAT
Pseudomonadota,PsyrTA
Pseudomonadota,AbiE
Pseudomonadota,Ceres
Pseudomonadota,SNIPE
Pseudomonadota,Wadjet
Pseudomonadota,SoFIC
Actinomycetota,RM_Type_II
Actinomycetota,Ceres
Actinomycetota,AbiE
Actinomycetota,Ceres
Actinomycetota,Taranis
Actinomycetota,Ceres
Verrucomicrobiota,MazEF
Verrucomicrobiota,Cas
Bacillota_I,Ceres
Bacillota_I,AbiE
Bacillota_I,CBASS
Pseudomonadota,MazEF
Pseudomonadota,MazEF
Pseudomonadota,Cas
Pseudomonadota,Hma
Pseudomonadota,SanaTA
Pseudomonadota,Ceres
Pseudomonadota,SspBCDE
Desulfobacterota,RM_Type_I
Desulfobacterota,Septu
Desulfobacterota,MazEF
Desulfobacterota,RM_Type_III
Desulfobacterota,Ceres
Bacteroidota,TgvAB
Bacteroidota,RM_Type_II
Bacteroidota,McrBC
Bacteroidota,RM_Type_I
Bacteroidota,DRT-like_UG
Bacteroidota,RM_Type_I
Bacteroidota,Ceres
Bacteroidota,RM_Type_IIG
Bacteroidota,CBASS
Bacteroidota,RM_Type_III
Bacteroidota,Gao_Mza
Bacteroidota,RM_Type_IIG
Bacteroidota,SoFIC
Bacteroidota,Ceres
Bacteroidota,RM_Type_I
Bacteroidota,RM_Type_II
Bacteroidota,AbiE
Verrucomicrobiota,RM_Type_IIG
Verrucomicrobiota,SanaTA
Bacteroidota,Aristaios
Bacteroidota,Tiamat
Bacteroidota,BREX
Bacteroidota,McrBC
Bacteroidota,SanaTA
Bacteroidota,RM_Type_II
Bacteroidota,RM_Type_I
Bacteroidota,SoFIC
Bacteroidota,PhiR47_GevAT
Bacteroidota,BREX
Bacteroidota,AbiE
Bacteroidota,RM_Type_I
Bacteroidota,Druantia
Bacteroidota,SoFIC
Bacteroidota,RM_Type_II
Bacteroidota,Ceres
Bacteroidota,Ceres
Bacteroidota,RM_Type_IIG
Bacteroidota,RM_Type_I
Bacteroidota,RM_Type_II
Bacteroidota,SanaTA
Bacteroidota,MazEF
Bacteroidota,RM_Type_I
Bacteroidota,HEC-09
Bacteroidota,CBASS
Bacteroidota,AbiE
Bacteroidota,RM_Type_IIG
Bacteroidota,RM_Type_IIG
Bacteroidota,RM_Type_II
Bacteroidota,gcu233
Bacteroidota,Ceres
Bacteroidota,PhiR46.1_Spackle
Bacteroidota,RM_Type_IIG
Desulfobacterota,RM_Type_IIG
Desulfobacterota,dCTPdeaminase
Desulfobacterota,RM_Type_I
Desulfobacterota,AbiE
Desulfobacterota,Ceres
Desulfobacterota,MazEF
Desulfobacterota,Viperin
Desulfobacterota,RM_Type_I
Desulfobacterota,PsyrTA
Desulfobacterota,MazEF
Desulfobacterota,PfiAT
Desulfobacterota,RM_Type_IIG
Desulfobacterota,RM_Type_II
Desulfobacterota,DarTG
Desulfobacterota,AbiE
Desulfobacterota,RM_Type_I
Desulfobacterota,BREX
Desulfobacterota,RM_Type_I
Desulfobacterota,DS-23
Desulfobacterota,RM_Type_I
Bacillota_A,Prometheus
Bacillota_A,AbiD
Desulfobacterota,Cas
Desulfobacterota,Wadjet
Desulfobacterota,DarTG
Desulfobacterota,RM_Type_I
Desulfobacterota,Lamassu-Fam
Desulfobacterota,Cas
Desulfobacterota,RM_Type_I
Desulfobacterota,AbiE
Desulfobacterota,RM_Type_I
Desulfobacterota,MazEF
Desulfobacterota,EcoKMcrA
Desulfobacterota,SoFIC
Desulfobacterota,Cas
Desulfobacterota,RM_Type_I
Desulfobacterota,RM_Type_I
Desulfobacterota,Avs
Desulfobacterota,AbiD
Desulfobacterota,BREX
Desulfobacterota,Paris
Desulfobacterota,Prometheus
Desulfobacterota,HEC-03
Desulfobacterota,Wadjet
Desulfobacterota,AbiD
Desulfobacterota,Azaca
Desulfobacterota,Avs
Desulfobacterota,DRT
Desulfobacterota,McrBC
Desulfobacterota,RM_Type_I
Desulfobacterota,AbiD
Desulfobacterota,AbiJ
Desulfobacterota,Ceres
Desulfobacterota,RM_Type_I
Desulfobacterota,HEC-06
Desulfobacterota,Paris
Desulfobacterota,MazEF
Bacillota_A,RM_Type_I
Bacillota_A,AbiD
Bacillota_A,SanaTA
Bacillota_A,RM_Type_II
Bacillota_A,Wadjet
Bacillota_A,Lamassu-Fam
Bacillota_A,Ceres
Pseudomonadota,Ceres
Pseudomonadota,RM_Type_IIG
Pseudomonadota,RM_Type_I
Pseudomonadota,PD-T7-2
Pseudomonadota,Zorya
Desulfobacterota,MazEF
Desulfobacterota,Avs
Desulfobacterota,AbiE
Desulfobacterota,RM_Type_IIG
Desulfobacterota,RM_Type_I
Desulfobacterota,RM_Type_I
Desulfobacterota,PfiAT
Desulfobacterota,RM_Type_IIG
Desulfobacterota,RM_Type_I
Desulfobacterota,RM_Type_IIG
Desulfobacterota,MazEF
Desulfobacterota,RM_Type_I
Desulfobacterota,Cas
Desulfobacterota,MazEF
Desulfobacterota,Dnd
Desulfobacterota,Belisama
Desulfobacterota,MazEF
Desulfobacterota,RM_Type_IIG
Desulfobacterota,Dsr
Desulfobacterota,SEFIR
Desulfobacterota,McrBC
Desulfobacterota,Gao_Ppl
Desulfobacterota,RM_Type_IIG
Desulfobacterota,RM_Type_II
Desulfobacterota,RM_Type_IIG
Desulfobacterota,AbiE
Desulfobacterota,Ceres
Desulfobacterota,Belisama
Desulfobacterota,RM_Type_IIG
Desulfobacterota,RM_Type_I
Desulfobacterota,Kiwa
Desulfobacterota,AbiE
Desulfobacterota,RM_Type_II
Desulfobacterota,BREX
Desulfobacterota,HEC-02
Desulfobacterota,RM_Type_I
Desulfobacterota,Retron
Desulfobacterota,CBASS
Desulfobacterota,BREX
Desulfobacterota,PD-T4-8
Desulfobacterota,Cas
Desulfobacterota,RM_Type_I
Desulfobacterota,Aristaios
Desulfobacterota,RM_Type_II
Desulfobacterota,Gao_Qat
Desulfobacterota,AbiE
Desulfobacterota,RM_Type_IIG
Bacillota_B,PfiAT
Bacillota_B,SoFIC
Desulfobacterota,VcaM4I
Desulfobacterota,RloC
Desulfobacterota,RM_Type_I
Desulfobacterota,McrBC
Desulfobacterota,RM_Type_I
Desulfobacterota,CBASS
Desulfobacterota,DISARM
Desulfobacterota,RM_Type_IIG
Desulfobacterota,Armada
Desulfobacterota,Tiamat
Desulfobacterota,RM_Type_IIG
Desulfobacterota,RM_Type_IIG
Desulfobacterota,RM_Type_I
Desulfobacterota,McrBC
Desulfobacterota,RM_Type_IIG
Desulfobacterota,Rst_DUF4238
Desulfobacterota,Thoeris
Desulfobacterota,SspBCDE
Desulfobacterota,Detocs
Desulfobacterota,SoFIC
Desulfobacterota,Lamassu-Fam
Desulfobacterota,RM_Type_IIG
Desulfobacterota,RM_Type_II
Desulfobacterota,McrBC
Desulfobacterota,RM_Type_I
Desulfobacterota,RM_Type_IIG
Bacillota_I,Dag
Bacillota_I,Ceres
Bacteroidota,Cas
Bacteroidota,AbiE
Bacteroidota,RM_Type_IIG
Bacteroidota,MazEF
Bacteroidota,SoFIC
Bacteroidota,RM_Type_I
Bacteroidota,AbiD
Bacteroidota,RM_Type_I
Bacillota_B,Dpd
Bacillota_B,Kongming
Bacillota_B,MADS3-4
Bacillota_B,RM_Type_I
Bacillota_B,Gao_Qat
Bacillota_B,Aristaios
Bacillota_B,Wadjet
Bacillota_B,Cas
Bacillota_B,McrBC
Bacillota_B,RM_Type_I
Chloroflexota,DS-8
Chloroflexota,Gao_TerY
Chloroflexota,RM_Type_IIG
Chloroflexota,RM_Type_II
Chloroflexota,RM_Type_I
Chloroflexota,RM_Type_IIG
Chloroflexota,SoFIC
Chloroflexota,RM_Type_I
Chloroflexota,RM_Type_I
Chloroflexota,RM_Type_I
Desulfobacterota,RM_Type_I
Desulfobacterota,Wadjet
Desulfobacterota,Cas
Desulfobacterota,Ceres
Desulfobacterota,RM_Type_II
Desulfobacterota,AbiD
Desulfobacterota,DS-8
Desulfobacterota,RM_Type_I
Desulfobacterota,AbiE
Desulfobacterota,SEFIR
Desulfobacterota,RM_Type_IIG
Desulfobacterota,Avs
Desulfobacterota,SoFIC
Desulfobacterota,Ceres
Desulfobacterota,RM_Type_III
Desulfobacterota,BREX
Desulfobacterota,RM_Type_IIG
Desulfobacterota,AbiE
Desulfobacterota,RM_Type_I
Desulfobacterota,Cas
Chloroflexota,RM_Type_IIG
Chloroflexota,Other_Type_IV
Chloroflexota,SoFIC
Chloroflexota,Wadjet
Verrucomicrobiota,Aristaios
Verrucomicrobiota,HEC-03
Verrucomicrobiota,McrBC
Verrucomicrobiota,pAgo
Verrucomicrobiota,RM_Type_IIG
Verrucomicrobiota,Sirona
Verrucomicrobiota,Ceres
Verrucomicrobiota,Pycsar
Nitrospirota,SEFIR
Nitrospirota,DS-24
Gemmatimonadota,MazEF
Acidobacteriota,Dag
Acidobacteriota,SoFIC
Bacillota_A,Ceres
Bacillota_A,MazEF
Bacillota_A,Wadjet
Bacillota_A,RM_Type_IIG
Bacillota_A,MazEF
Bacillota_H,Armada
Bacillota_H,Armada
Bacillota_H,RM_Type_IIG
Bacillota_H,RM_Type_IIG
Bacillota_H,RM_Type_I
Bacillota_H,McrBC
Bacillota_H,RM_Type_II
Bacillota_H,RM_Type_II
Bacillota_H,RM_Type_II
Bacillota_H,RM_Type_II
Bacillota_H,Cas
Bacillota_H,Ceres
Bacillota_I,AbiD
Bacillota_I,Ceres
Bacillota_H,Ceres
Bacillota_H,MazEF
Bacillota_H,MazEF
Pseudomonadota,Wadjet
Pseudomonadota,RM_Type_I
Pseudomonadota,PsyrTA
Pseudomonadota,CBASS
Pseudomonadota,SanaTA
Pseudomonadota,SNIPE
Pseudomonadota,Cas
Pseudomonadota,TgvAB
Pseudomonadota,RM_Type_I
Pseudomonadota,DarTG
Pseudomonadota,CoCoNut
Pseudomonadota,McrBC
Pseudomonadota,McrBC
Pseudomonadota,RM_Type_III
Pseudomonadota,dGTPase
Pseudomonadota,AbiE
Pseudomonadota,Belisama
Pseudomonadota,SanaTA
Pseudomonadota,dGTPase
Pseudomonadota,Paris
Bacteroidota,RM_Type_II
Bacteroidota,AbiE
Bacteroidota,Cas
Bacteroidota,PfiAT
Bacteroidota,Cas
Bacillota_I,AbiE
Bacillota_I,AbiQ
Bacillota_I,SoFIC
Bacillota_I,Ceres
Bacillota_I,AbiE
Spirochaetota,BREX
Spirochaetota,RM_Type_I
Spirochaetota,Wadjet
Acidobacteriota,Cas
Acidobacteriota,SspBCDE
Acidobacteriota,Gabija
Acidobacteriota,Ceres
Acidobacteriota,RM_Type_IIG
Acidobacteriota,Aristaios
Acidobacteriota,Aristaios
Acidobacteriota,Hypnos
Acidobacteriota,RM_Type_IIG
Acidobacteriota,RM_Type_II
Acidobacteriota,CBASS
Acidobacteriota,Rst_3HP
Bacteroidota,Ceres
Bacteroidota,RM_Type_III
Bacteroidota,McrBC
Bacillota_I,Ceres
Bacillota_E,Avs
Bacillota_E,Rhea
Bacillota_E,Dag
Bacillota_E,McrBC
Bacillota_E,gcu233
Bacillota_E,AbiAlpha
Bacillota_E,SspBCDE
Bacillota_E,Cas
Bacillota_E,Prometheus
Bacillota_E,Gao_Iet
Bacillota_E,Ceres
Bacillota_E,DS-1
Bacteroidota,RM_Type_IIG
Bacteroidota,Ceres
Bacteroidota,RM_Type_II
Bacteroidota,Cas
Bacteroidota,RM_Type_IIG
Bacteroidota,RM_Type_I
Bacteroidota,RM_Type_I
Bacteroidota,RM_Type_IIG
Bacteroidota,RM_Type_IIG
Bacteroidota,AbiE
Pseudomonadota,MazEF
Pseudomonadota,Septu
Pseudomonadota,RM_Type_I
Pseudomonadota,Cas
Pseudomonadota,PhiR5.1_HipAD
Pseudomonadota,RM_Type_I
Pseudomonadota,Wadjet
Pseudomonadota,RM_Type_II
Pseudomonadota,AbiE
Pseudomonadota,RM_Type_IIG
Pseudomonadota,RM_Type_I
Pseudomonadota,MazEF
Pseudomonadota,HEC-01
Pseudomonadota,RM_Type_IIG
Fibrobacterota,AbiE
Fibrobacterota,AbiD
Fibrobacterota,SanaTA
Fibrobacterota,Wadjet
Fibrobacterota,AbiD
Bacteroidota,RM_Type_I
Bacteroidota,RM_Type_IIG
Bacteroidota,RM_Type_I
Bacteroidota,RM_Type_IIG
Bacteroidota,Lamassu-Fam
Bacteroidota,DarTG
Bacteroidota,TgvAB
Bacteroidota,RM_Type_IIG
Bacteroidota,RM_Type_I
Bacteroidota,Aristaios
Bacteroidota,Dag
Bacteroidota,AbiD
Bacteroidota,RM_Type_II
Bacteroidota,RM_Type_IIG
Bacteroidota,Cas
Bacteroidota,Cas
Bacteroidota,MazEF
Bacteroidota,SoFIC
Bacteroidota,AbiE
Bacteroidota,RM_Type_IIG
Bacteroidota,RM_Type_I
Acidobacteriota,SoFIC
Acidobacteriota,HEC-09
Acidobacteriota,McrBC
Acidobacteriota,MazEF
Acidobacteriota,Paris
Acidobacteriota,Cas
Acidobacteriota,HEC-01
Acidobacteriota,RM_Type_IIG
Acidobacteriota,Cas
Acidobacteriota,Hma
Acidobacteriota,DRT-like_UG
Acidobacteriota,HEC-09
Acidobacteriota,RM_Type_IIG
Acidobacteriota,Ceres
Bacteroidota,BREX
Bacteroidota,RM_Type_II
Bacteroidota,Pycsar
Bacteroidota,RM_Type_I
Bacteroidota,Dag
Bacteroidota,Cas
Bacteroidota,Paris
Bacteroidota,RM_Type_I
Bacteroidota,RM_Type_IIG
Bacteroidota,RM_Type_I
Bacteroidota,Other_Type_IV
Pseudomonadota,Other_Type_IV
Pseudomonadota,McrBC
Pseudomonadota,HEC-09
Pseudomonadota,MazEF
Pseudomonadota,MazEF
Pseudomonadota,dGTPase
Bacteroidota,Gao_Mza
Bacteroidota,Ceres
Bacteroidota,AbiE
Bacteroidota,SoFIC
Bacteroidota,AbiE
Bacillota_H,McrBC
Bacillota_H,DarTG
Bacillota_H,Cas
Bacillota_H,RM_Type_I
Bacillota_H,PsyrTA
Bacillota_H,AbiE
Bacillota_H,McrBC
Bacillota_H,Cas
Bacillota_H,DS-12B
Bacillota_H,Dag
Desulfobacterota,RM_Type_IIG
Desulfobacterota,RM_Type_IIG
Desulfobacterota,McrBC
Desulfobacterota,RM_Type_II
Desulfobacterota,RM_Type_IIG
Desulfobacterota,pAgo
Desulfobacterota,RM_Type_I
Desulfobacterota,PfiAT
Desulfobacterota,RM_Type_I
Desulfobacterota,RM_Type_III
Desulfobacterota,DS-8
Desulfobacterota,MazEF
Desulfobacterota,Hypnos
Desulfobacterota,RM_Type_I
Desulfobacterota,VP1826
Planctomycetota,RM_Type_II
Bacteroidota,Cas
Bacteroidota,RM_Type_IIG
Bacteroidota,PsyrTA
Bacteroidota,RM_Type_I
Bacteroidota,RM_Type_IIG
Bacteroidota,AbiAlpha
Bacteroidota,Cas
Bacteroidota,Uzume
Bacteroidota,AbiE
Bacteroidota,Cas
Bacteroidota,RM_Type_II
Bacteroidota,PhiR12.1_MorcDcm
Bacteroidota,PhiR12.1_MorcDcm
Bacteroidota,RM_Type_II
Bacteroidota,RM_Type_I
Bacteroidota,McrBC
Bacteroidota,RM_Type_IIG
Bacteroidota,Paris
Bacteroidota,AbiE
Bacteroidota,Cas
Bacteroidota,RM_Type_I
Bacteroidota,RM_Type_IIG
Bacteroidota,Ceres
Bacteroidota,RM_Type_IIG
Bacillota_B,McrBC
Bacillota_B,Rst_HelicaseDUF2290
Bacillota_B,Kiwa
Bacillota_B,Wadjet
Bacillota_B,Kongming
Desulfobacterota,SoFIC
Desulfobacterota,AbiE
Desulfobacterota,McrBC
Desulfobacterota,RM_Type_IIG
Desulfobacterota,Wadjet
Desulfobacterota,Cas
Desulfobacterota,Cas
Desulfobacterota,Cas
Desulfobacterota,GAPS4
Desulfobacterota,AbiE
Desulfobacterota,Cas
Desulfobacterota,Cas
Desulfobacterota,RM_Type_I
Desulfobacterota,RosmerTA
Desulfobacterota,RM_Type_I
Desulfobacterota,McrBC
Desulfobacterota,Cas
Bacillota_I,RM_Type_II
Bacillota_I,RM_Type_II
Bacillota_I,PhiR12.1_MorcDcm
Bacillota_I,PhiR12.1_MorcDcm
Bacillota_I,Aristaios
Bacillota_I,Paris
Bacillota_I,Other_Type_IV
Bacillota_I,CBASS
Bacillota_I,GmrSD_RM_Type_IV
Bacillota_I,Paris
Bacillota_I,RM_Type_I
Bacillota_I,Gabija
Desulfobacterota,RM_Type_IIG
Desulfobacterota,Cas
Desulfobacterota,Cas
Desulfobacterota,RM_Type_I
Desulfobacterota,PrrC
Desulfobacterota,RM_Type_I
Desulfobacterota,AbiD
Desulfobacterota,RM_Type_II
Desulfobacterota,Cas
Desulfobacterota,RM_Type_I
Desulfobacterota,Hypnos
Desulfobacterota,RM_Type_II
Desulfobacterota,Ceres
Desulfobacterota,RM_Type_I
Desulfobacterota,ENDPaCF1
Desulfobacterota,RM_Type_I
Desulfobacterota,RM_Type_I
Desulfobacterota,RM_Type_II
Desulfobacterota,RM_Type_I
Desulfobacterota,CBASS
Bacteroidota,SoFIC
Bacteroidota,Ceres
Bacteroidota,RM_Type_IIG
Bacteroidota,Dag
Bacteroidota,RM_Type_I
Bacteroidota,pAgo
Bacteroidota,pAgo
Bacteroidota,Gasdermin
Desulfobacterota,RM_Type_I
Desulfobacterota,HEC-02
Desulfobacterota,Cas
Desulfobacterota,RM_Type_II
Desulfobacterota,Cas
Desulfobacterota,RM_Type_I
Desulfobacterota,RM_Type_III
Desulfobacterota,AbiE
Desulfobacterota,pAgo
Desulfobacterota,DRT
Desulfobacterota,Avs
Desulfobacterota,RM_Type_IIG
Desulfobacterota,McrBC
Desulfobacterota,RM_Type_I
Bacillota_B,Kongming
Bacillota_B,McrBC
Bacillota_B,Wadjet
Bacillota_B,McrBC
Pseudomonadota,RM_Type_I
Pseudomonadota,Gabija
Pseudomonadota,SspBCDE
Pseudomonadota,SanaTA
Pseudomonadota,Avs
Pseudomonadota,SanaTA
Pseudomonadota,PD-T7-2
Pseudomonadota,SspBCDE
Pseudomonadota,Cas
Pseudomonadota,Erebus
Pseudomonadota,AbiE
Pseudomonadota,Ceres
Pseudomonadota,Paris
Pseudomonadota,MazEF
Bacteroidota,DarTG
Bacteroidota,RM_Type_III
Bacteroidota,AbiE
Bacteroidota,RM_Type_I
Bacteroidota,Gao_Iet
Bacteroidota,AbiD
Bacteroidota,VcaM4I
Bacillota_I,SoFIC
Bacillota_I,Other_Type_IV
Bacillota_I,gcu24
Desulfobacterota,RM_Type_IIG
Desulfobacterota,RM_Type_II
Desulfobacterota,Wadjet
Desulfobacterota,MazEF
Desulfobacterota,AbiE
Desulfobacterota,AbiJ
Desulfobacterota,RM_Type_I
Desulfobacterota,HEC-03
Desulfobacterota,McrBC
Desulfobacterota,McrBC
Desulfobacterota,CoCoNut
Desulfobacterota,CoCoNut
Desulfobacterota,RM_Type_II
Desulfobacterota,RM_Type_I
Desulfobacterota,HEC-01
Desulfobacterota,RM_Type_II
Actinomycetota,Esos
Actinomycetota,Aristaios
Actinomycetota,Ceres
Actinomycetota,Wadjet
Chloroflexota,RM_Type_IIG
Chloroflexota,pAgo
Chloroflexota,Kiwa
Chloroflexota,RM_Type_IIG
Bacillota_I,AbiE
Bacillota_I,SoFIC
Bacillota_I,AbiE
Bacillota_I,Ceres
Bacillota_I,SanaTA
Bacillota_I,AbiD
Spirochaetota,Gao_RL
Spirochaetota,Cas
Spirochaetota,Wadjet
Spirochaetota,AbiE
Spirochaetota,Gao_TerY
Spirochaetota,BREX
Spirochaetota,Cas
Spirochaetota,MazEF
Spirochaetota,RM_Type_IIG
Spirochaetota,Armada
Spirochaetota,Armada
Spirochaetota,RM_Type_IIG
Spirochaetota,Cas
Caldisericota,BREX
Caldisericota,Prometheus
Caldisericota,DS-4
Caldisericota,Other_Type_IV
Caldisericota,Lamassu-Fam
Caldisericota,AbiJ
Caldisericota,RM_Type_III
Caldisericota,RloC
Caldisericota,Cas
Caldisericota,Hesat
Caldisericota,HEC-01
Caldisericota,RM_Type_I
Caldisericota,Cas
Caldisericota,PfiAT
Caldisericota,RM_Type_III
Caldisericota,RM_Type_IIG
Caldisericota,Gabija
Caldisericota,MazEF
Acidobacteriota,Cas
Acidobacteriota,HEC-09
Acidobacteriota,AbiE
Acidobacteriota,RM_Type_II
Acidobacteriota,SanaTA
Acidobacteriota,Cas
Acidobacteriota,RM_Type_II
Acidobacteriota,DS-4
Acidobacteriota,MazEF
Acidobacteriota,HEC-09
Acidobacteriota,SoFIC
Acidobacteriota,HEC-07
Acidobacteriota,Septu
Desulfobacterota,RM_Type_IIG
Desulfobacterota,RM_Type_I
Desulfobacterota,Cas
Desulfobacterota,AbiE
Desulfobacterota,Ceres
Desulfobacterota,MazEF
Desulfobacterota,Cas
Desulfobacterota,SanaTA
Pseudomonadota,MazEF
Pseudomonadota,Erebus
Pseudomonadota,RM_Type_I
Pseudomonadota,Cas
Pseudomonadota,MazEF
Pseudomonadota,Armada
Pseudomonadota,RM_Type_IIG
Pseudomonadota,RM_Type_IIG
Pseudomonadota,Retron
Pseudomonadota,RM_Type_III
Pseudomonadota,RM_Type_IIG
Pseudomonadota,RM_Type_I
Pseudomonadota,Cas
Pseudomonadota,RM_Type_II
Pseudomonadota,SanaTA
Pseudomonadota,RM_Type_II
Pseudomonadota,Cas
Pseudomonadota,HEC-01
Pseudomonadota,RM_Type_III
Pseudomonadota,DRT-like_UG
Pseudomonadota,Gao_Iet
Pseudomonadota,RM_Type_I
Pseudomonadota,RM_Type_I
Pseudomonadota,PrrC
Pseudomonadota,RM_Type_I
Pseudomonadota,Lugos
Pseudomonadota,RM_Type_I
Pseudomonadota,Wadjet
Bacteroidota,RM_Type_I
Bacteroidota,RM_Type_II
Bacteroidota,Cas
Bacteroidota,RM_Type_II
Bacteroidota,Cas
Bacillota_A,Cas
Bacillota_A,BREX
Bacillota_A,Lamassu-Fam
Bacillota_A,Wadjet
Bacillota_A,Shango
Bacillota_A,RM_Type_II
Bacillota_D,PfiAT
Bacillota_D,MazEF
Pseudomonadota,SoFIC
Pseudomonadota,HEC-09
Pseudomonadota,AbiE
Pseudomonadota,RM_Type_IIG
Pseudomonadota,AbiD
Pseudomonadota,RM_Type_III
Pseudomonadota,RM_Type_II
Pseudomonadota,Cas
Pseudomonadota,RM_Type_I
Pseudomonadota,Cas
Pseudomonadota,Cas
Pseudomonadota,Cas
Pseudomonadota,HEC-01
Pseudomonadota,RM_Type_IIG
Pseudomonadota,AbiE
Desulfobacterota,AbiE
Desulfobacterota,Gao_Qat
Desulfobacterota,BREX
Desulfobacterota,Tiamat
Desulfobacterota,HEC-03
Desulfobacterota,Cas
Desulfobacterota,Dpd
Desulfobacterota,RM_Type_I
Desulfobacterota,RM_Type_I
Desulfobacterota,RM_Type_II
Desulfobacterota,RM_Type_IIG
Desulfobacterota,GAPS4
Desulfobacterota,Septu
Desulfobacterota,Septu
Desulfobacterota,RM_Type_III
Desulfobacterota,Ceres
Desulfobacterota,RM_Type_IIG
Desulfobacterota,MazEF
Desulfobacterota,Paris
Desulfobacterota,Belisama
Desulfobacterota,RM_Type_I
Desulfobacterota,RM_Type_III
Desulfobacterota,HEC-01
Bacillota_I,Ceres
Bacillota_I,SoFIC
Bacillota_I,Borvo
Bacillota_I,SoFIC
Bacillota_I,CBASS
Bacillota_I,AbiE
Bacillota_I,DS-32
Bacillota_I,GmrSD_RM_Type_IV
Bacillota_A,AbiE
Bacillota_A,SoFIC
Desulfobacterota,GAPS4
Desulfobacterota,Septu
Desulfobacterota,RM_Type_III
Desulfobacterota,RM_Type_I
Desulfobacterota,Lamassu-Fam
Desulfobacterota,AbiE
Desulfobacterota,RM_Type_I
Desulfobacterota,RM_Type_III
Desulfobacterota,SoFIC
Desulfobacterota,RM_Type_I
Desulfobacterota,RM_Type_IIG
Desulfobacterota,Azaca
Desulfobacterota,Ceres
Desulfobacterota,RM_Type_III
Bacteroidota,RM_Type_II
Bacteroidota,Cas
Bacteroidota,AbiE
Bacteroidota,SoFIC
Bacteroidota,Menshen
Bacteroidota,SoFIC
Bacteroidota,MazEF
Bacteroidota,SanaTA
Bacteroidota,Dag
Bacteroidota,Retron
Bacteroidota,DRT
Bacteroidota,RM_Type_IIG
Bacteroidota,RM_Type_I
Bacteroidota,MazEF
Bacteroidota,Rugutis
Bacteroidota,RM_Type_IIG
Bacteroidota,RM_Type_II
Bacteroidota,PD-T7-2
Bacteroidota,Ceres
Bacteroidota,RM_Type_IIG
Bacteroidota,RM_Type_IIG
Bacteroidota,DS-8
Bacteroidota,VP1853
Bacteroidota,RM_Type_I
Bacteroidota,PhiR5.1_HipAD
Bacteroidota,RM_Type_III
Bacteroidota,RM_Type_I
Bacteroidota,Cas
Bacteroidota,Rugutis
Bacteroidota,Gao_RL
Bacteroidota,Aristaios
Bacteroidota,AbiE
Bacteroidota,RloC
Bacteroidota,RM_Type_I
Bacteroidota,RM_Type_II
Bacteroidota,RM_Type_IIG
Bacteroidota,MazEF
Bacteroidota,RM_Type_IIG
Bacteroidota,Aristaios
Bacteroidota,RM_Type_IIG
Bacteroidota,Menshen
Bacteroidota,AbiD
Bacteroidota,RM_Type_IIG
Bacteroidota,SoFIC
Actinomycetota,Ceres
Actinomycetota,RM_Type_I
Actinomycetota,RM_Type_II
Bacteroidota,Septu
Bacteroidota,Cas
Bacteroidota,SoFIC
Spirochaetota,McrBC
Spirochaetota,BREX
Spirochaetota,RM_Type_IIG
Spirochaetota,Wadjet
Spirochaetota,AbiE
Spirochaetota,Viperin
Spirochaetota,SanaTA
Spirochaetota,RM_Type_I
Pseudomonadota,Aristaios
Pseudomonadota,AbiU
Pseudomonadota,Aristaios
Pseudomonadota,RM_Type_IIG
Pseudomonadota,Avs
Pseudomonadota,SoFIC
Pseudomonadota,Ceres
Pseudomonadota,RM_Type_IIG
Pseudomonadota,AbiE
Pseudomonadota,Pycsar
Pseudomonadota,RM_Type_I
Pseudomonadota,PD-T4-8
Pseudomonadota,Gabija
Pseudomonadota,DS-4
Pseudomonadota,Thoeris
Pseudomonadota,VcaM4I
Pseudomonadota,HEC-09
Pseudomonadota,Aristaios
Pseudomonadota,Shedu
Pseudomonadota,MazEF
Pseudomonadota,SoFIC
Pseudomonadota,PD-T4-2
Pseudomonadota,RM_Type_I
Bacillota_G,RM_Type_II
Bacteroidota,DRT-like_UG
Bacteroidota,RM_Type_IIG
Bacteroidota,McrBC
Bacteroidota,Ceres
Bacteroidota,RM_Type_IIG
Bacteroidota,MazEF
Bacteroidota,RM_Type_I
Bacteroidota,SanaTA
Bacteroidota,pAgo
Bacteroidota,Dag
Pseudomonadota,SanaTA
Pseudomonadota,RM_Type_I
Pseudomonadota,AbiE
Pseudomonadota,Ceres
Pseudomonadota,dGTPase
Pseudomonadota,SoFIC
Pseudomonadota,Ceres
Pseudomonadota,PhiR5.1_HipAD
Pseudomonadota,AbiE
Pseudomonadota,SoFIC
Pseudomonadota,AbiD
Bacillota,RM_Type_I
Bacillota,Clover
Bacillota,gcu233
Bacillota,AbiAlpha
Pseudomonadota,Belisama
Pseudomonadota,SNIPE
Pseudomonadota,PD-T4-7
Pseudomonadota,Aristaios
Pseudomonadota,dGTPase
Pseudomonadota,Retron
Pseudomonadota,PhiR47.1_PanTA
Pseudomonadota,Ceres
Pseudomonadota,Wadjet
Pseudomonadota,Aristaios
Pseudomonadota,SoFIC
Pseudomonadota,Lugos
Pseudomonadota,Cas
Pseudomonadota,Lugos
Desulfobacterota,AbiE
Desulfobacterota,Cas
Pseudomonadota,Ceres
Pseudomonadota,SoFIC
Pseudomonadota,Ceres
Pseudomonadota,RloC
Pseudomonadota,Avs
Pseudomonadota,Avs
Pseudomonadota,DS-12B
Pseudomonadota,DRT
Pseudomonadota,RM_Type_I
Pseudomonadota,Dag
Pseudomonadota,SoFIC
Pseudomonadota,AbiE
Pseudomonadota,RM_Type_IIG
Pseudomonadota,VcaM4I
Chloroflexota,McrBC
Chloroflexota,McrBC
Gemmatimonadota,MazEF
Gemmatimonadota,RM_Type_I
Myxococcota,Ceres
Myxococcota,Shedu
Pseudomonadota,SoFIC
Pseudomonadota,AbiE
Pseudomonadota,Hna
Pseudomonadota,DarTG
Pseudomonadota,AbiE
Pseudomonadota,Ceres
Pseudomonadota,DpnI
Pseudomonadota,Ceres
Chloroflexota,Eleos
Pseudomonadota,DS-33
Pseudomonadota,McrBC
Pseudomonadota,Zorya
Pseudomonadota,RloC
Pseudomonadota,DRT
Pseudomonadota,CARD_NLR
Pseudomonadota,RM_Type_I
Pseudomonadota,Sirona
Pseudomonadota,RosmerTA
Pseudomonadota,HEC-04
Pseudomonadota,CapRel
Pseudomonadota,RM_Type_II
Pseudomonadota,RM_Type_IIG
Pseudomonadota,pAgo
Pseudomonadota,Avs
Pseudomonadota,CBASS
Pseudomonadota,RM_Type_IIG
Pseudomonadota,RM_Type_IIG
Pseudomonadota,Ceres
Pseudomonadota,Ceres
Pseudomonadota,Cas
Pseudomonadota,PfiAT
Pseudomonadota,RM_Type_I
Pseudomonadota,SoFIC
Pseudomonadota,GAPS2
Pseudomonadota,SoFIC
Chlamydiota,AbiE
Pseudomonadota,Ceres
Pseudomonadota,Ceres
Bacteroidota,SoFIC
Bacteroidota,Ceres
Bacteroidota,Prometheus
Cyanobacteriota,MazEF
Cyanobacteriota,VcaM4I
Actinomycetota,AbiAlpha
Actinomycetota,AbiAlpha
Actinomycetota,Ceres
Pseudomonadota,Lugos
Pseudomonadota,RM_Type_II
Bacteroidota,RM_Type_IIG
Bacteroidota,SoFIC
Bacteroidota,Pycsar
Bacteroidota,Aristaios
Bacteroidota,PD-Lambda-5
Bacteroidota,Ceres
Bacteroidota,RM_Type_IIG
Bacteroidota,Septu
Gemmatimonadota,AbiE
Gemmatimonadota,AbiD
Gemmatimonadota,SanaTA
Gemmatimonadota,RM_Type_II
Gemmatimonadota,DarTG
Gemmatimonadota,Ceres
Gemmatimonadota,AbiD
Gemmatimonadota,Cas
Gemmatimonadota,RM_Type_IIG
Gemmatimonadota,AbiD
Gemmatimonadota,SanaTA
Gemmatimonadota,Dag
Gemmatimonadota,HEC-09
Bacteroidota,SoFIC
Acidobacteriota,Septu
Acidobacteriota,Cas
Acidobacteriota,MazEF
Acidobacteriota,RM_Type_I
Acidobacteriota,DarTG
Acidobacteriota,Ceres
Acidobacteriota,AbiE
Acidobacteriota,Avs
Acidobacteriota,RM_Type_I
Acidobacteriota,MADS
Acidobacteriota,AbiE
Acidobacteriota,SpbK
Acidobacteriota,RM_Type_IIG
Acidobacteriota,RM_Type_IIG
Acidobacteriota,Septu
Acidobacteriota,RM_Type_I
Acidobacteriota,DarTG
Acidobacteriota,BREX
Acidobacteriota,AbiE
Acidobacteriota,BREX
Acidobacteriota,Aristaios
Acidobacteriota,Cas
Acidobacteriota,AbiE
Acidobacteriota,Shedu
Acidobacteriota,BREX
Acidobacteriota,BREX
Acidobacteriota,Cas
Acidobacteriota,Wadjet
Acidobacteriota,SspBCDE
Acidobacteriota,Septu
Acidobacteriota,Hma
Acidobacteriota,RM_Type_IIG
Acidobacteriota,pAgo
Acidobacteriota,Cas
Acidobacteriota,SoFIC
Acidobacteriota,RM_Type_I
Acidobacteriota,MazEF
Acidobacteriota,RM_Type_IIG
Acidobacteriota,Menshen
Acidobacteriota,RM_Type_I
Bacteroidota,Ceres
Pseudomonadota,Lugos
Pseudomonadota,Belisama
Pseudomonadota,Ceres
Bacteroidota,Ceres
Bacteroidota,McrBC
Bacteroidota,PD-T7-2
Bacteroidota,RM_Type_IIG
Bacteroidota,RM_Type_II
Bacteroidota,SoFIC
Bacteroidota,MazEF
Bacteroidota,gcu233
Bacteroidota,SoFIC
Bacteroidota,McrBC
Bacteroidota,Pycsar
Bacteroidota,Ceres
Bacteroidota,Ceres
Bacteroidota,Ceres
Bacteroidota,RM_Type_II
Bacteroidota,Ceres
Pseudomonadota,AbiAlpha
Pseudomonadota,AbiAlpha
Actinomycetota,Ceres
Actinomycetota,Wadjet
Actinomycetota,AbiAlpha
Actinomycetota,AbiAlpha
Bacteroidota,gcu233
Bacteroidota,Retron
Bacteroidota,SoFIC
Bacteroidota,Aristaios
Bacteroidota,Ceres
Bacteroidota,Ceres
Bacteroidota,Gao_TerY
Gemmatimonadota,MazEF
Gemmatimonadota,AbiE
Gemmatimonadota,PfiAT
Gemmatimonadota,Ceres
Gemmatimonadota,Gabija
Gemmatimonadota,DS-11
Gemmatimonadota,Cas
Gemmatimonadota,Ceres
Gemmatimonadota,Pycsar
Pseudomonadota,Zorya
Bacteroidota,Aristaios
Bacteroidota,Prometheus
Gemmatimonadota,SoFIC
Pseudomonadota,Wadjet
Pseudomonadota,Belisama
Pseudomonadota,SoFIC
Chloroflexota,Cas
Acidobacteriota,SoFIC
Acidobacteriota,Cas
Acidobacteriota,RloC
Pseudomonadota,SoFIC
Pseudomonadota,Ceres
Pseudomonadota,DS-22
Pseudomonadota,Ceres
Gemmatimonadota,Ceres
Gemmatimonadota,Dag
SAR324,Ceres
Pseudomonadota,Ceres
Desulfobacterota,Ceres
Gemmatimonadota,Ceres
Pseudomonadota,VcaM4I
Pseudomonadota,SoFIC
Chloroflexota,AbiE
Chloroflexota,Ceres
Chloroflexota,AbiE
Chloroflexota,Ceres
Chloroflexota,HEC-09
Chloroflexota,HEC-09
Acidobacteriota,Ceres
Pseudomonadota,CapRel
Pseudomonadota,AbiE
Pseudomonadota,Ceres
Acidobacteriota,AbiE
Acidobacteriota,Cas
Acidobacteriota,Lamassu-Fam
Acidobacteriota,Ceres
Acidobacteriota,Septu
Acidobacteriota,RM_Type_II
Acidobacteriota,Cas
Acidobacteriota,McrBC
Acidobacteriota,SoFIC
Acidobacteriota,Gao_Ppl
Acidobacteriota,Mokosh
Marinisomatota,Ceres
Pseudomonadota,RM_Type_IIG
Pseudomonadota,AbiE
Pseudomonadota,RM_Type_IIG
Bacteroidota,Ceres
Bacteroidota,McrBC
Bacteroidota,Ceres
Pseudomonadota,Ceres
Acidobacteriota,SoFIC
Acidobacteriota,Gao_Ppl
Acidobacteriota,Ceres
Acidobacteriota,HEC-03
Acidobacteriota,Cas
Acidobacteriota,Shango
Acidobacteriota,Cas
Gemmatimonadota,Ceres
Pseudomonadota,AbiE
Pseudomonadota,PfiAT
Actinomycetota,AbiE
Chloroflexota,MazEF
Chloroflexota,SoFIC
Pseudomonadota,SoFIC
Pseudomonadota,Cas
Pseudomonadota,RM_Type_III
Pseudomonadota,RM_Type_II
Pseudomonadota,SEFIR
Pseudomonadota,RM_Type_III
Pseudomonadota,Cas
Pseudomonadota,RM_Type_I
Pseudomonadota,Wadjet
Pseudomonadota,RM_Type_I
Actinomycetota,AbiE
Actinomycetota,Ceres
Actinomycetota,Ceres
Acidobacteriota,PD-T7-2
Pseudomonadota,Ceres
Pseudomonadota,MazEF
Gemmatimonadota,HEC-09
Gemmatimonadota,Cas
Gemmatimonadota,Ceres
Verrucomicrobiota,Wadjet
Bacteroidota,Ceres
Bacteroidota,SoFIC
Bacteroidota,SoFIC
Bacteroidota,Ceres
Pseudomonadota,Ceres
Bacteroidota,Paris
Bacteroidota,EcoKMcrA
Bacteroidota,Pycsar
Bacteroidota,Ceres
Bacteroidota,SoFIC
Bacteroidota,McrBC
Pseudomonadota,Ceres
Pseudomonadota,Lugos
Bacteroidota,DRT
Bacteroidota,Septu
Bacteroidota,MazEF
Bacteroidota,Ceres
Myxococcota,Gao_Ppl
Myxococcota,Cas
Myxococcota,Cas
Myxococcota,Toutatis
Myxococcota,Hna
Myxococcota,AbiE
Myxococcota,SoFIC
Chloroflexota,SoFIC
Chloroflexota,Ceres
Chloroflexota,CBASS
Chloroflexota,Kiwa
Chloroflexota,McrBC
Myxococcota,Ceres
Patescibacteria,Ceres
Patescibacteria,RM_Type_II
Gemmatimonadota,Ceres
Gemmatimonadota,Ceres
Chloroflexota,RM_Type_IIG
Chloroflexota,Ceres
Acidobacteriota,HEC-01
Acidobacteriota,RM_Type_IIG
Acidobacteriota,PfiAT
Acidobacteriota,Ceres
Acidobacteriota,MADS3-4
Acidobacteriota,MazEF
Bacteroidota,Ceres
Bacteroidota,Pycsar
Acidobacteriota,RM_Type_II
Acidobacteriota,DpnI
Acidobacteriota,DpnI
Gemmatimonadota,Ceres
Pseudomonadota,SoFIC
Pseudomonadota,RM_Type_IIG
Pseudomonadota,SoFIC
Pseudomonadota,RM_Type_IIG
Gemmatimonadota,Ceres
Electryoneota,Ceres
Electryoneota,Ceres
Electryoneota,Ceres
Bacteroidota,SoFIC
Bacteroidota,Ceres
Desulfobacterota,Ceres
Bacteroidota,gcu233
Bacteroidota,Aristaios
Bacteroidota,Rugutis
Bacteroidota,Prometheus
Bacteroidota,SoFIC
Gemmatimonadota,SoFIC
Gemmatimonadota,Ceres
Actinomycetota,Ceres
Pseudomonadota,MazEF
Pseudomonadota,MazEF
Pseudomonadota,RM_Type_I
Pseudomonadota,AbiJ
Pseudomonadota,SanaTA
Pseudomonadota,SoFIC
Pseudomonadota,MazEF
Pseudomonadota,SoFIC
Gemmatimonadota,Ceres
Gemmatimonadota,SanaTA
Bacteroidota,SoFIC
Bacteroidota,Aristaios
Bacteroidota,SoFIC
Bacteroidota,Ceres
Bacteroidota,Pycsar
Bacteroidota,SoFIC
Actinomycetota,Ceres
Actinomycetota,Cas
Actinomycetota,Cas
Actinomycetota,RosmerTA
Actinomycetota,Lanthiphage
Actinomycetota,Lanthiphage
Actinomycetota,Menshen
Actinomycetota,RM_Type_I
Actinomycetota,Lanthiphage
Actinomycetota,RM_Type_II
Actinomycetota,RM_Type_IIG
Actinomycetota,Cas
Actinomycetota,Cas
Actinomycetota,Cas
Gemmatimonadota,SanaTA
Gemmatimonadota,Cernunnos
Gemmatimonadota,PfiAT
Gemmatimonadota,AbiE
Gemmatimonadota,Cas
Gemmatimonadota,Ceres
Gemmatimonadota,McrBC
Gemmatimonadota,Azaca
Gemmatimonadota,Dnd
Gemmatimonadota,AbiE
Gemmatimonadota,RosmerTA
Gemmatimonadota,Shango
Patescibacteria,SoFIC
Patescibacteria,RM_Type_IIG
Patescibacteria,RloC
Desulfobacterota,MazEF
Desulfobacterota,SoFIC
Desulfobacterota,RM_Type_I
Pseudomonadota,MazEF
Pseudomonadota,SoFIC
Pseudomonadota,Ceres
Pseudomonadota,Abi2
Pseudomonadota,RosmerTA
Bacteroidota,RM_Type_IIG
Bacteroidota,Ceres
Bacteroidota,Ceres
Bacteroidota,SoFIC
Bacteroidota,McrBC
Bacteroidota,RM_Type_IIG
Bacteroidota,Ceres
Bacteroidota,Cas
Bacteroidota,Ceres
Gemmatimonadota,AbiE
Gemmatimonadota,Ceres
Gemmatimonadota,SoFIC
Gemmatimonadota,Ceres
Desulfobacterota,AbiE
Desulfobacterota,Aristaios
Desulfobacterota,PhiR47_GevAT
Desulfobacterota,RM_Type_IIG
Desulfobacterota,Wadjet
Desulfobacterota,MazEF
Bacteroidota,McrBC
Bacteroidota,Dag
Bacteroidota,Ceres
Pseudomonadota,AbiE
Pseudomonadota,AbiE
Bacillota,AbiD
Bacillota,Ceres
Hydrogenedentota,AbiJ
Hydrogenedentota,AbiE
Gemmatimonadota,HEC-09
Gemmatimonadota,Ceres
Gemmatimonadota,SoFIC
Gemmatimonadota,SoFIC
Gemmatimonadota,AbiE
Bacteroidota,Ceres
Bacteroidota,RM_Type_II
Chloroflexota,RM_Type_I
Chloroflexota,RM_Type_IIG
Chloroflexota,RM_Type_IIG
Chloroflexota,RAZR
Chloroflexota,Cas
Chloroflexota,RM_Type_IIG
Chloroflexota,Cas
Chloroflexota,Other_Type_IV
Chloroflexota,RM_Type_II
Chloroflexota,Paris
Chloroflexota,Eleos
Gemmatimonadota,Ceres
Gemmatimonadota,SoFIC
Gemmatimonadota,HEC-09
Gemmatimonadota,SEFIR
Actinomycetota,SoFIC
Actinomycetota,Ceres
Actinomycetota,VP1851
Actinomycetota,PfiAT
Actinomycetota,Ceres
Bacteroidota,SoFIC
Bacteroidota,Dag
Bacteroidota,SoFIC
Pseudomonadota,Wadjet
Pseudomonadota,Lugos
Pseudomonadota,Aristaios
Bacteroidota,SoFIC
Bacteroidota,Ceres
Bacteroidota,SoFIC
Bacteroidota,Ceres
Bacteroidota,EcoKMcrA
Bacteroidota,Damona
Bacteroidota,AbiE
Bacteroidota,Pycsar
Bacteroidota,AbiE
Chloroflexota,Eleos
Chloroflexota,TagI
Chloroflexota,RM_Type_IIG
Chloroflexota,VP1839
Chloroflexota,RM_Type_IIG
Chloroflexota,RM_Type_II
Verrucomicrobiota,SoFIC
Verrucomicrobiota,Ceres
Bacteroidota,VP1851
Gemmatimonadota,Ceres
Bacteroidota,Cas
Bacteroidota,Shedu
Pseudomonadota,Prometheus
Actinomycetota,SoFIC
Gemmatimonadota,MazEF
Gemmatimonadota,McrBC
Gemmatimonadota,RM_Type_III
Actinomycetota,McrBC
Actinomycetota,PD-T4-3
Bacteroidota,Ceres
Bacteroidota,Gabija
Bacteroidota,RM_Type_IIG
Bacteroidota,Gao_TerY
Bacteroidota,McrBC
Actinomycetota,MazEF
Actinomycetota,RM_Type_I
Actinomycetota,Wadjet
Actinomycetota,Wadjet
Actinomycetota,McrBC
Bacteroidota,MazEF
Planctomycetota,VP1839
Actinomycetota,AbiAlpha
Actinomycetota,Ceres
Actinomycetota,Armada
Actinomycetota,Armada
Actinomycetota,RM_Type_IIG
Actinomycetota,RM_Type_IIG
Actinomycetota,DarTG
Gemmatimonadota,Ceres
Actinomycetota,Cas
Actinomycetota,AbiAlpha
Actinomycetota,AbiAlpha
Actinomycetota,AbiAlpha
Actinomycetota,AbiE
Pseudomonadota,Kongming
Actinomycetota,RM_Type_II
Pseudomonadota,CBASS
Pseudomonadota,RloC
Pseudomonadota,RM_Type_I
Actinomycetota,RM_Type_I
Actinomycetota,AbiAlpha
Actinomycetota,Avs
Actinomycetota,Avs
Actinomycetota,AbiU
Actinomycetota,RM_Type_IIG
Actinomycetota,SspBCDE
Gemmatimonadota,Ceres
Actinomycetota,Wadjet
Actinomycetota,Cas
Actinomycetota,MazEF
Actinomycetota,RM_Type_II
Pseudomonadota,RM_Type_I
Pseudomonadota,Other_Type_IV
Pseudomonadota,AbiE
Bacteroidota,RM_Type_IIG
Bacteroidota,RM_Type_IIG
Bacteroidota,Ceres
Bacteroidota,MADS3-4
Bacteroidota,AbiE
Bacteroidota,Ceres
Bacteroidota,SoFIC
Bacteroidota,SoFIC
Bacillota_F,RM_Type_III
Bacillota_F,Cas
Bacteroidota,RM_Type_II
Bacteroidota,SoFIC
Bacteroidota,Ceres
Desulfobacterota,Wadjet
Desulfobacterota,SoFIC
Desulfobacterota,McrBC
Desulfobacterota,RM_Type_I
Desulfobacterota,SoFIC
Desulfobacterota,AbiE
Desulfobacterota,SoFIC
Desulfobacterota,HEC-09
Desulfobacterota,MazEF
Desulfobacterota,Cas
Desulfobacterota,MazEF
Bacillota_I,Ceres
Bacteroidota,Ceres
Desulfobacterota,PfiAT
Bacteroidota,Ceres
Bacteroidota,Cas
Bacteroidota,SoFIC
Bacteroidota,RM_Type_I
Bacteroidota,CBASS
Bacteroidota,RM_Type_I
Bacteroidota,SoFIC
Bacteroidota,RM_Type_II
Bacteroidota,AbiE
Bacteroidota,RM_Type_IIG
Bacteroidota,PvuRts1I
Desulfobacterota,RM_Type_II
Desulfobacterota,RM_Type_I
Desulfobacterota,HEC-03
Pseudomonadota,RM_Type_I
Pseudomonadota,RM_Type_IIG
Pseudomonadota,Rhea
Pseudomonadota,HEC-01
Pseudomonadota,Mokosh
Pseudomonadota,Cas
Pseudomonadota,Cas
Pseudomonadota,RM_Type_II
Bacteroidota,Ceres
Bacteroidota,RM_Type_II
Bacteroidota,MazEF
Bacteroidota,RM_Type_IIG
Bacteroidota,SoFIC
Bacteroidota,RM_Type_II
Bacteroidota,Ceres
Bacteroidota,Ceres
Bacteroidota,RM_Type_II
Bacteroidota,McrBC
Bacteroidota,Gao_Qat
Bacteroidota,BREX
Bacteroidota,RM_Type_IIG
Bacteroidota,PhiR47_GevAT
Spirochaetota,AbiE
Spirochaetota,MazEF
Spirochaetota,RM_Type_I
Spirochaetota,RM_Type_II
Spirochaetota,SoFIC
Spirochaetota,Ceres
Spirochaetota,RM_Type_IIG
Spirochaetota,MazEF
Spirochaetota,Wadjet
Spirochaetota,RM_Type_I
Spirochaetota,McrBC
Spirochaetota,RM_Type_I
Spirochaetota,AbiE
Spirochaetota,Cas
Bacteroidota,SoFIC
Bacteroidota,CBASS
Bacteroidota,Ceres
Pseudomonadota,SoFIC
Pseudomonadota,Ceres
Pseudomonadota,RM_Type_III
Bacillota_I,Ceres
Bacillota_I,AbiE
Pseudomonadota,SoFIC
Pseudomonadota,Wadjet
Pseudomonadota,RM_Type_II
Pseudomonadota,HEC-02
Bacillota_A,Ceres
Bacillota_A,SoFIC
Pseudomonadota,Lugos
Pseudomonadota,RM_Type_IIG
Bacillota,gcu233
Bacillota,RosmerTA
Bacillota,RM_Type_I
Bacillota,Retron
Bacillota,Abi2
Bacillota,FS_Sma
Bacillota,RM_Type_I
Actinomycetota,Ceres
Pseudomonadota,Ceres
Bacteroidota,Ceres
Bacteroidota,SoFIC
Actinomycetota,RM_Type_II
Actinomycetota,Rhea
Actinomycetota,Wadjet
Pseudomonadota,Aristaios
Pseudomonadota,AbiE
Pseudomonadota,Lugos
Pseudomonadota,Prometheus
Pseudomonadota,Taranis
Pseudomonadota,RM_Type_I
Pseudomonadota,Cas
Pseudomonadota,SoFIC
Pseudomonadota,Cas
Bacillota,RloC
Pseudomonadota,RM_Type_II
Pseudomonadota,RM_Type_IIG
Pseudomonadota,Cas
Pseudomonadota,AbiD
Actinomycetota,VP1853
Actinomycetota,RM_Type_II
Actinomycetota,RM_Type_IIG
Bacteroidota,RM_Type_II
Bacteroidota,SoFIC
Bacteroidota,AbiE
Bacteroidota,McrBC
Bacteroidota,RM_Type_IIG
Bacteroidota,SoFIC
Bacteroidota,MADS3-4
Gemmatimonadota,Ceres
Actinomycetota,SoFIC
Actinomycetota,AbiAlpha
T1Sed10-126,Aristaios
Pseudomonadota,SoFIC
Bacteroidota,SoFIC
Bacteroidota,Ceres
Bacteroidota,AbiE
Pseudomonadota,AbiE
Myxococcota,Cas
Myxococcota,RM_Type_II
Myxococcota,Eleos
Myxococcota,RM_Type_IIG
Myxococcota,Cas
Myxococcota,AbiE
Myxococcota,RM_Type_I
Myxococcota,SoFIC
Myxococcota,Wadjet
Pseudomonadota,AbiE
Myxococcota,Ceres
Myxococcota,SoFIC
Myxococcota,McrBC
Myxococcota,RM_Type_IIG
Myxococcota,McrBC
Myxococcota,Bunzi
Myxococcota,RM_Type_IIG
Myxococcota,BREX
Actinomycetota,RloC
Pseudomonadota,RM_Type_I
Pseudomonadota,Gabija
Pseudomonadota,PD-T4-3
Pseudomonadota,DS-19
Pseudomonadota,Gao_Tmn
Pseudomonadota,AbiE
Bacteroidota,Cas
Bacteroidota,Mokosh
Bacteroidota,MazEF
Pseudomonadota,RosmerTA
Pseudomonadota,RM_Type_I
Pseudomonadota,AbiZ
Pseudomonadota,PD-T7-2
Myxococcota,Toutatis
Myxococcota,Cas
Myxococcota,Cas
Actinomycetota,VP1851
Actinomycetota,SoFIC
Actinomycetota,Ceres
Actinomycetota,Wadjet
Bacillota,Ceres
Bacillota,VcaM4I
Bacillota,AbiD
Actinomycetota,Ceres
Actinomycetota,RM_Type_I
Actinomycetota,McrBC
Actinomycetota,DarTG
Actinomycetota,RM_Type_II
Actinomycetota,RM_Type_IIG
Actinomycetota,BREX
Actinomycetota,Wadjet
Actinomycetota,Lanthiphage
Actinomycetota,Cas
Actinomycetota,Septu
Actinomycetota,Cas
Actinomycetota,Ceres
Actinomycetota,Wadjet
Pseudomonadota,AbiE
Pseudomonadota,RM_Type_I
Pseudomonadota,Septu
Pseudomonadota,CBASS
Pseudomonadota,Cas
Pseudomonadota,Old_exonuclease
Pseudomonadota,MazEF
Pseudomonadota,MazEF
Pseudomonadota,RM_Type_I
Pseudomonadota,RloC
Pseudomonadota,GmrSD_RM_Type_IV
Pseudomonadota,Wadjet
Pseudomonadota,Wadjet
Pseudomonadota,Aristaios
Pseudomonadota,Lugos
Actinomycetota,Other_Type_IV
Actinomycetota,Prometheus
Actinomycetota,Wadjet
Actinomycetota,DS-11
Actinomycetota,VP1851
Actinomycetota,Esos
Pseudomonadota,Wadjet
Pseudomonadota,Aristaios
Pseudomonadota,RM_Type_I
Pseudomonadota,RM_Type_I
Pseudomonadota,RloC
Pseudomonadota,Lugos
Pseudomonadota,6A_MBL
Pseudomonadota,RM_Type_I
Pseudomonadota,PrrC
Pseudomonadota,AbiE
Chloroflexota,McrBC
Pseudomonadota,Wadjet
Pseudomonadota,Lugos
Pseudomonadota,AbiD
Pseudomonadota,SoFIC
Pseudomonadota,Aristaios
Pseudomonadota,AbiE
Chloroflexota,Ceres
Actinomycetota,AbiAlpha
Gemmatimonadota,SoFIC
Bacteroidota,SoFIC
Bacteroidota,pAgo
Bacteroidota,SoFIC
Bacteroidota,SoFIC
Bacteroidota,Prometheus
Bacteroidota,gcu233
Pseudomonadota,Lugos
Pseudomonadota,SoFIC
Actinomycetota,Ceres
Bacteroidota,Ceres
Bacteroidota,SoFIC
Bacteroidota,gcu233
Bacteroidota,Ceres
Bacteroidota,MazEF
Bacteroidota,Prometheus
Actinomycetota,VP1851
Actinomycetota,Ceres
Pseudomonadota,Cas
Pseudomonadota,SoFIC
Pseudomonadota,Shango
Pseudomonadota,RM_Type_I
Pseudomonadota,SoFIC
Pseudomonadota,CapRel
Bacteroidota,RM_Type_I
Bacteroidota,AbiD
Bacteroidota,Toga
Bacteroidota,RM_Type_II
Bacteroidota,Paris
Bacteroidota,RM_Type_II
Bacteroidota,AbiD
Bacteroidota,RM_Type_IIG
Bacteroidota,Cas
Bacteroidota,HEC-02
Bacteroidota,CmdTAC
Bacteroidota,RM_Type_IIG
Bacteroidota,RM_Type_II
Bacteroidota,RM_Type_II
Bacteroidota,RM_Type_II
Bacteroidota,RM_Type_II
Bacteroidota,AbiE
Bacteroidota,RM_Type_I
Bacteroidota,AbiE
Bacteroidota,RM_Type_II
Bacteroidota,Wadjet
Bacteroidota,RM_Type_II
Bacteroidota,RM_Type_II
Bacteroidota,RM_Type_III
Bacteroidota,PD-T7-2
Bacteroidota,Menshen
Bacteroidota,RM_Type_I
Bacteroidota,PD-T7-2
Bacteroidota,McrBC
Bacteroidota,RnlAB
Bacteroidota,RM_Type_II
Bacteroidota,RM_Type_II
Bacteroidota,AbiD
Bacteroidota,RM_Type_III
Bacteroidota,RM_Type_I
Bacteroidota,RM_Type_I
Bacillota_A,Cas
Bacillota_A,AbiQ
Bacillota_A,Cas
Bacillota_A,Cas
Bacillota_A,Nhi
Bacteroidota,RM_Type_II
Actinomycetota,RM_Type_IIG
Actinomycetota,AbiH
Actinomycetota,RM_Type_I
Actinomycetota,RM_Type_II
Actinomycetota,Wadjet
Pseudomonadota,Cas
Pseudomonadota,Wadjet
Pseudomonadota,SoFIC
Pseudomonadota,RM_Type_I
Pseudomonadota,AbiE
Pseudomonadota,Cas
Pseudomonadota,Cas
Pseudomonadota,SoFIC
Chloroflexota,MazEF
Chloroflexota,Ceres
Pseudomonadota,Ceres
Actinomycetota,VP1851
Actinomycetota,Ceres
Gemmatimonadota,Ceres
Pseudomonadota,Ceres
Gemmatimonadota,VcaM4I
Cyanobacteriota,Lamassu-Fam
Cyanobacteriota,RM_Type_I
Cyanobacteriota,Prometheus
Cyanobacteriota,pAgo
Cyanobacteriota,RM_Type_IIG
Cyanobacteriota,Cas
Cyanobacteriota,DARNA
Cyanobacteriota,Cas
Cyanobacteriota,RM_Type_II
Cyanobacteriota,Cas
Cyanobacteriota,RM_Type_IIG
Cyanobacteriota,Cas
Cyanobacteriota,Esos
Cyanobacteriota,Eleos
Cyanobacteriota,RM_Type_II
Cyanobacteriota,Other_Type_IV
Myxococcota,AbiE
Myxococcota,RosmerTA
Myxococcota,AbiE
Myxococcota,AbiU
Myxococcota,DUF262_Shlafen
Myxococcota,AbiE
Myxococcota,Ceres
Myxococcota,Gao_Qat
Myxococcota,Other_Type_IV
Acidobacteriota,RM_Type_IIG
Acidobacteriota,RM_Type_I
Acidobacteriota,DarTG
Acidobacteriota,PsyrTA
Acidobacteriota,Septu
Acidobacteriota,Gasdermin
Acidobacteriota,Septu
Acidobacteriota,Cas
Acidobacteriota,Mokosh
Actinomycetota,SoFIC
Actinomycetota,Uzume
Actinomycetota,HEC-09
Pseudomonadota,GmrSD_RM_Type_IV
Pseudomonadota,RM_Type_I
Pseudomonadota,Taranis
Pseudomonadota,VP1851
Pseudomonadota,Hna
Pseudomonadota,PfiAT
Pseudomonadota,RM_Type_I
Pseudomonadota,DRT-like_UG
Pseudomonadota,Cas
Pseudomonadota,Gao_TerY
Pseudomonadota,RM_Type_I
Pseudomonadota,RloC
Pseudomonadota,Avs
Pseudomonadota,RosmerTA
Pseudomonadota,Clover
Acidobacteriota,VcaM4I
Acidobacteriota,Ceres
Acidobacteriota,SoFIC
Bacteroidota,Ceres
Gemmatimonadota,DS-29
Gemmatimonadota,Ceres
Chloroflexota,Mokosh
Chloroflexota,RM_Type_I
Chloroflexota,Belisama
Chloroflexota,McrBC
Chloroflexota,McrBC
Chloroflexota,Wadjet
Chloroflexota,McrBC
Chloroflexota,Tiamat
Chloroflexota,AbiJ
Chloroflexota,Cas
Chloroflexota,Cas
Chloroflexota,Cas
Chloroflexota,Cas
Gemmatimonadota,Avs
Gemmatimonadota,Ceres
Gemmatimonadota,HEC-07
Pseudomonadota,Lugos
Pseudomonadota,Gao_Tmn
Pseudomonadota,RM_Type_I
Pseudomonadota,AbiE
Pseudomonadota,Sucellos
Pseudomonadota,RM_Type_I
Pseudomonadota,Wadjet
Pseudomonadota,SoFIC
Pseudomonadota,Wadjet
Pseudomonadota,Prometheus
Pseudomonadota,Retron
Pseudomonadota,RM_Type_I
Pseudomonadota,AbiE
Pseudomonadota,SoFIC
Pseudomonadota,AbiE
Pseudomonadota,Cas
Pseudomonadota,Cas
Gemmatimonadota,SoFIC
Chloroflexota,Ceres
Chloroflexota,Dag
Actinomycetota,Ceres
Actinomycetota,VP1851
Actinomycetota,Cas
Actinomycetota,McrBC
Actinomycetota,DS-12B
Actinomycetota,Ceres
Chloroflexota,Ceres
Chloroflexota,McrBC
Chloroflexota,McrBC
Pseudomonadota,Ceres
Actinomycetota,Cas
Actinomycetota,CBASS
Actinomycetota,RM_Type_IIG
Actinomycetota,Ceres
Actinomycetota,CBASS
Actinomycetota,RM_Type_I
Actinomycetota,MspJI
Actinomycetota,RM_Type_II
Actinomycetota,Cas
Actinomycetota,RM_Type_I
Actinomycetota,SoFIC
Actinomycetota,RM_Type_I
Actinomycetota,Ukko
Actinomycetota,ShosTA
Actinomycetota,Wadjet
Pseudomonadota,Prometheus
Pseudomonadota,MazEF
Pseudomonadota,RM_Type_I
Pseudomonadota,RM_Type_II
Pseudomonadota,Sirona
Actinomycetota,Dag
Actinomycetota,Dag
Actinomycetota,PD-T4-3
Actinomycetota,Wadjet
Actinomycetota,BREX
Actinomycetota,Ceres
Actinomycetota,AbiAlpha
Actinomycetota,Ceres
Actinomycetota,Butters_gp30_gp31
Actinomycetota,Dag
Actinomycetota,Prometheus
Acidobacteriota,Ceres
Acidobacteriota,Ceres
Actinomycetota,VP1851
Actinomycetota,AbiAlpha
Actinomycetota,Ceres
Acidobacteriota,Ceres
Acidobacteriota,RM_Type_I
Acidobacteriota,PhiR47.1_PanTA
Acidobacteriota,PhiR47.1_PanTA
Acidobacteriota,Cas
Pseudomonadota,Ceres
Bacteroidota,Ceres
Bacteroidota,Ceres
Pseudomonadota,Aristaios
Pseudomonadota,Wadjet
Pseudomonadota,Lugos
Bacteroidota,Cas
Bacteroidota,Prometheus
Acidobacteriota,MazEF
Acidobacteriota,Ceres
Cyanobacteriota,MazEF
Cyanobacteriota,Esos
Cyanobacteriota,MazEF
Pseudomonadota,VcaM4I
Pseudomonadota,PfiAT
Pseudomonadota,RM_Type_II
Acidobacteriota,Cas
Acidobacteriota,RM_Type_I
Acidobacteriota,MazEF
Pseudomonadota,Ceres
Actinomycetota,Ceres
Actinomycetota,VP1851
Gemmatimonadota,SoFIC
Pseudomonadota,Ceres
Pseudomonadota,Thoeris
Pseudomonadota,Ceres
Chloroflexota,McrBC
Gemmatimonadota,VP1853
Gemmatimonadota,RM_Type_I
Gemmatimonadota,Ceres
Gemmatimonadota,DRT-like_UG
Chloroflexota,Ceres
Chloroflexota,Cas
Chloroflexota,ShosTA
Chloroflexota,Cas
KSB1,Ceres
KSB1,RM_Type_IIG
KSB1,RM_Type_II
Chloroflexota,Wadjet
Chloroflexota,Ceres
Chloroflexota,McrBC
Gemmatimonadota,SoFIC
Gemmatimonadota,Ceres
Calditrichota,SEFIR
Calditrichota,DarTG
Calditrichota,RM_Type_IIG
Calditrichota,PfiAT
Calditrichota,AbiE
Calditrichota,MazEF
Chloroflexota,McrBC
Chloroflexota,Ceres
Pseudomonadota,SoFIC
Actinomycetota,SoFIC
Actinomycetota,Ceres
Actinomycetota,Septu
Bacteroidota,MazEF
Bacteroidota,SoFIC
Bacteroidota,Ceres
Bacteroidota,AbiE
Bacteroidota,Aristaios
Bacteroidota,MazEF
Bacteroidota,McrBC
Bacteroidota,Cas
Pseudomonadota,Ceres
Chloroflexota,Ceres
Chloroflexota,Pycsar
Gemmatimonadota,Ceres
Bacteroidota,Ceres
Pseudomonadota,RM_Type_I
Pseudomonadota,McrBC
Pseudomonadota,Wadjet
Pseudomonadota,RM_Type_I
Pseudomonadota,MazEF
Pseudomonadota,Cas
Pseudomonadota,Septu
Gemmatimonadota,Ceres
Actinomycetota,Ceres
Bacteroidota,Ceres
Bacteroidota,Ceres
Gemmatimonadota,Ceres
Gemmatimonadota,RM_Type_IIG
Gemmatimonadota,CapRel
Gemmatimonadota,Ceres
Pseudomonadota,Lugos
Actinomycetota,SoFIC
Actinomycetota,Wadjet
Gemmatimonadota,SoFIC
Gemmatimonadota,Ceres
Pseudomonadota,GAPS1
Pseudomonadota,Lugos
Pseudomonadota,Sucellos
Pseudomonadota,MqsRAC
Pseudomonadota,PhiR5.1_HipAD
Pseudomonadota,Ceres
Planctomycetota,RM_Type_IIG
Planctomycetota,SNIPE
Gemmatimonadota,Ceres
Bacteroidota,Ceres
Acidobacteriota,Ceres
Acidobacteriota,Cas
Acidobacteriota,Cas
Acidobacteriota,Cas
Acidobacteriota,PhiR47.1_PanTA
Acidobacteriota,Cas
Acidobacteriota,SoFIC
Bacteroidota,Pycsar
Bacteroidota,Ceres
Chloroflexota,McrBC
Chloroflexota,McrBC
Chloroflexota,Tiamat
SAR324,RM_Type_II
SAR324,Ceres
SAR324,Cas
SAR324,RM_Type_IIG
Acidobacteriota,PfiAT
Acidobacteriota,Ceres
Acidobacteriota,AbiE
Acidobacteriota,Ceres
Gemmatimonadota,Ceres
Desulfobacterota_D,Dag
Gemmatimonadota,SoFIC
Planctomycetota,GmrSD_RM_Type_IV
Planctomycetota,SoFIC
Planctomycetota,ShosTA
Actinomycetota,SoFIC
Actinomycetota,SoFIC
Actinomycetota,SoFIC
Acidobacteriota,6A_MBL
Acidobacteriota,Shedu
Acidobacteriota,AbiAlpha
Acidobacteriota,RM_Type_I
Acidobacteriota,RM_Type_I
Acidobacteriota,HEC-01
Acidobacteriota,PD-Lambda-5
Acidobacteriota,RM_Type_I
Acidobacteriota,pAgo
Acidobacteriota,RM_Type_IIG
Acidobacteriota,RM_Type_IIG
Acidobacteriota,Armada
Acidobacteriota,Armada
Acidobacteriota,RosmerTA
Acidobacteriota,Prometheus
Acidobacteriota,Ceres
Acidobacteriota,BREX
Acidobacteriota,Cas
Acidobacteriota,Cas
Acidobacteriota,Druantia
Acidobacteriota,Cas
Acidobacteriota,BREX
Acidobacteriota,Gabija
Acidobacteriota,Avs
Acidobacteriota,Shedu
Acidobacteriota,Wadjet
Acidobacteriota,RM_Type_I
Desulfobacterota_B,AbiE
Planctomycetota,HEC-09
Planctomycetota,SoFIC
Planctomycetota,PD-T7-2
Planctomycetota,Gao_Mza
Planctomycetota,pAgo
Planctomycetota,Aristaios
Planctomycetota,Avs
Planctomycetota,RM_Type_II
Pseudomonadota,MazEF
Pseudomonadota,MazEF
Pseudomonadota,Lugos
Pseudomonadota,SoFIC
Bacteroidota,Sirona
Bacteroidota,SoFIC
Bacteroidota,PfiAT
Bacteroidota,Ceres
Pseudomonadota,Gabija
Pseudomonadota,RM_Type_IIG
Pseudomonadota,Olokun
Pseudomonadota,Aristaios
Pseudomonadota,RloC
Pseudomonadota,RM_Type_I
Pseudomonadota,Cas
Pseudomonadota,Cas
Pseudomonadota,Dsr
Pseudomonadota,DISARM
Pseudomonadota,pAgo
Pseudomonadota,AbiE
Pseudomonadota,RM_Type_II
Pseudomonadota,Aristaios
Pseudomonadota,Ceres
Pseudomonadota,RM_Type_I
Bacteroidota,Ceres
Pseudomonadota,Ceres
Actinomycetota,Ceres
Acidobacteriota,HEC-01
Acidobacteriota,RM_Type_I
Acidobacteriota,Ceres
Acidobacteriota,Cas
Chloroflexota,McrBC
Chloroflexota,Tiamat
Chloroflexota,Tiamat
Chloroflexota,RM_Type_I
Chloroflexota,Ceres
Chloroflexota,SoFIC
Actinomycetota,Ceres
Actinomycetota,RM_Type_I
Actinomycetota,Wadjet
Actinomycetota,BREX
Actinomycetota,Prometheus
Acidobacteriota,SoFIC
Acidobacteriota,AbiE
Acidobacteriota,AbiE
Acidobacteriota,PfiAT
Acidobacteriota,AbiE
Acidobacteriota,Cas
Acidobacteriota,RM_Type_I
Acidobacteriota,Cas
Acidobacteriota,RM_Type_I
Acidobacteriota,AbiE
Acidobacteriota,RM_Type_I
Acidobacteriota,Hma
Acidobacteriota,Cas
Acidobacteriota,Cas
Acidobacteriota,pAgo
Acidobacteriota,McrBC
Acidobacteriota,DRT-like_UG
Acidobacteriota,PD-T7-2
Acidobacteriota,Cas
Acidobacteriota,SoFIC
Acidobacteriota,BREX
Acidobacteriota,Cas
Acidobacteriota,DRT
Acidobacteriota,RM_Type_IIG
Acidobacteriota,RM_Type_IIG
Acidobacteriota,RM_Type_IIG
Acidobacteriota,RM_Type_I
Acidobacteriota,Cas
Acidobacteriota,RM_Type_IIG
Acidobacteriota,RM_Type_I
Acidobacteriota,HEC-01
Acidobacteriota,RM_Type_IIG
Acidobacteriota,Cas
Acidobacteriota,Cas
Acidobacteriota,RM_Type_IIG
Acidobacteriota,Avs
Acidobacteriota,RM_Type_IIG
Acidobacteriota,Shedu
Acidobacteriota,RM_Type_I
Acidobacteriota,Ceres
Acidobacteriota,Cas
Acidobacteriota,RM_Type_I
Acidobacteriota,Lamassu-Fam
Gemmatimonadota,Ceres
Pseudomonadota,Wadjet
Pseudomonadota,SoFIC
Pseudomonadota,PD-T4-8
Pseudomonadota,Cas
Pseudomonadota,RM_Type_I
Pseudomonadota,Lamassu-Fam
Pseudomonadota,Prometheus
Pseudomonadota,Gabija
Pseudomonadota,RM_Type_I
Pseudomonadota,Lugos
Actinomycetota,Cas
Actinomycetota,SoFIC
Actinomycetota,McrBC
Actinomycetota,Armada
Actinomycetota,RM_Type_IIG
Actinomycetota,RM_Type_IIG
Actinomycetota,Cas
Actinomycetota,AbiE
Actinomycetota,Ceres
Actinomycetota,Cas
Actinomycetota,BREX
Actinomycetota,Ukko
Actinomycetota,DISARM
Actinomycetota,HEC-05
Actinomycetota,Wadjet
Actinomycetota,DUF262_Shlafen
Acidobacteriota,Cas
Acidobacteriota,RM_Type_IIG
Acidobacteriota,Ceres
Acidobacteriota,Cas
Acidobacteriota,Cas
Acidobacteriota,RM_Type_I
Acidobacteriota,AbiE
Acidobacteriota,RloC
Acidobacteriota,RM_Type_I
Acidobacteriota,AbiE
Acidobacteriota,Wadjet
Acidobacteriota,PsyrTA
Acidobacteriota,Avs
Acidobacteriota,Prometheus
Acidobacteriota,RM_Type_II
Acidobacteriota,Cas
Acidobacteriota,Cas
Acidobacteriota,RM_Type_II
Acidobacteriota,BREX
Acidobacteriota,Cas
Acidobacteriota,Ceres
Acidobacteriota,RM_Type_I
Acidobacteriota,Kiwa
Acidobacteriota,RM_Type_IIG
Acidobacteriota,Cas
Acidobacteriota,RM_Type_I
Acidobacteriota,RM_Type_I
Actinomycetota,Ceres
Pseudomonadota,Ceres
Pseudomonadota,Wadjet
Gemmatimonadota,MazEF
Gemmatimonadota,MazEF
Gemmatimonadota,Ceres
Myxococcota,RM_Type_I
Myxococcota,Ceres
Myxococcota,BREX
Myxococcota,Cas
Myxococcota,Armada
Myxococcota,Hma
Myxococcota,RM_Type_I
Gemmatimonadota,SoFIC
Gemmatimonadota,Ceres
Pseudomonadota,Ceres
Actinomycetota,PsyrTA
Actinomycetota,RM_Type_I
Actinomycetota,Shedu
Actinomycetota,Ceres
Actinomycetota,DRT-like_UG
Actinomycetota,Ceres
Myxococcota,Gao_Iet
Myxococcota,Cas
Myxococcota,SoFIC
Pseudomonadota,Rst_RT-nitrilase-Tm
Pseudomonadota,Ceres
Acidobacteriota,Wadjet
Acidobacteriota,Septu
Acidobacteriota,SoFIC
Acidobacteriota,Ceres
Pseudomonadota,Avs
Pseudomonadota,gcu233
Pseudomonadota,Ceres
Pseudomonadota,RM_Type_I
Pseudomonadota,PrrC
Pseudomonadota,CBASS
Pseudomonadota,Wadjet
Pseudomonadota,Thoeris
Pseudomonadota,AbiE
Pseudomonadota,Paris
Pseudomonadota,AbiE
Pseudomonadota,SoFIC
Pseudomonadota,AbiE
Pseudomonadota,HEC-09
Pseudomonadota,Lamassu-Fam
Pseudomonadota,RM_Type_I
Gemmatimonadota,Ceres
Gemmatimonadota,Ceres
Actinomycetota,Ceres
Actinomycetota,SNIPE
Cyanobacteriota,RM_Type_I
Cyanobacteriota,RM_Type_II
Cyanobacteriota,RM_Type_II
Cyanobacteriota,Shango
Cyanobacteriota,Cas
Cyanobacteriota,gcu24
Cyanobacteriota,Eleos
Cyanobacteriota,Septu
Cyanobacteriota,RM_Type_II
Cyanobacteriota,Menshen
Cyanobacteriota,Cas
Cyanobacteriota,Paris
Cyanobacteriota,RM_Type_I
Cyanobacteriota,pAgo
Actinomycetota,Ceres
Actinomycetota,DS-11
Pseudomonadota,AbiE
Pseudomonadota,Lugos
Chloroflexota,Ceres
Cyanobacteriota,Esos
Cyanobacteriota,Cas
Cyanobacteriota,Cas
Actinomycetota,Ceres
Pseudomonadota,Ceres
Pseudomonadota,Ceres
Actinomycetota,Wadjet
Pseudomonadota,Ceres
Chloroflexota,RM_Type_IIG
Chloroflexota,Ceres
Gemmatimonadota,Ceres
Pseudomonadota,Retron
Pseudomonadota,Ceres
Gemmatimonadota,HEC-09
Gemmatimonadota,Ceres
Pseudomonadota,SanaTA
Pseudomonadota,Prometheus
Actinomycetota,SoFIC
Actinomycetota,SoFIC
Actinomycetota,AbiE
Pseudomonadota,Kongming
Pseudomonadota,Lugos
Myxococcota,Ceres
Myxococcota,Ceres
Actinomycetota,BREX
Actinomycetota,RM_Type_II
Actinomycetota,McrBC
Actinomycetota,Ceres
Actinomycetota,SoFIC
Pseudomonadota,SoFIC
Pseudomonadota,PfiAT
Pseudomonadota,Wadjet
Pseudomonadota,Ceres
Pseudomonadota,HEC-09
Pseudomonadota,PfiAT
Pseudomonadota,Lamassu-Fam
Pseudomonadota,AbiD
Pseudomonadota,RM_Type_I
Actinomycetota,Esos
Actinomycetota,Ceres
Actinomycetota,McrBC
Actinomycetota,Wadjet
Pseudomonadota,Zorya
Actinomycetota,Ceres
Actinomycetota,VP1851
Actinomycetota,Esos
Actinomycetota,Ceres
Actinomycetota,AbiAlpha
Actinomycetota,Ceres
Actinomycetota,Esos
Actinomycetota,VP1851
Actinomycetota,Ceres
Actinomycetota,McrBC
Actinomycetota,Wadjet
Actinomycetota,AbiAlpha
Actinomycetota,Charlie_gp32
Pseudomonadota,AbiJ
Pseudomonadota,RM_Type_I
Pseudomonadota,AbiZ
Pseudomonadota,Druantia
Pseudomonadota,Wadjet
Pseudomonadota,PD-T7-1
Pseudomonadota,Dag
Pseudomonadota,RM_Type_I
Pseudomonadota,Dag
Pseudomonadota,RM_Type_I
Actinomycetota,Ceres
Actinomycetota,Esos
Actinomycetota,AbiAlpha
Actinomycetota,Ceres
Actinomycetota,Wadjet
Actinomycetota,Wadjet
Actinomycetota,McrBC
Actinomycetota,Ceres
Actinomycetota,Wadjet
Pseudomonadota,AbiZ
Pseudomonadota,PD-T7-2
Pseudomonadota,Lamassu-Fam
Pseudomonadota,ShosTA
Pseudomonadota,Paris
Pseudomonadota,Thoeris
Pseudomonadota,Gabija
Pseudomonadota,Lamassu-Fam
Pseudomonadota,SanaTA
Pseudomonadota,AbiD
Pseudomonadota,RM_Type_I
Pseudomonadota,SanaTA
Pseudomonadota,CoCoNut
Pseudomonadota,GmrSD_RM_Type_IV
Pseudomonadota,GmrSD_RM_Type_IV
Chloroflexota,pAgo
Patescibacteria,CBASS
Patescibacteria,RM_Type_I
Patescibacteria,PD-Lambda-5
Patescibacteria,RM_Type_I
Patescibacteria,RM_Type_III
Patescibacteria,Thoeris
Pseudomonadota,RM_Type_III
Pseudomonadota,RM_Type_IIG
Pseudomonadota,BREX
Pseudomonadota,Septu
Pseudomonadota,Wadjet
Pseudomonadota,Aristaios
Pseudomonadota,RM_Type_I
Pseudomonadota,RM_Type_I
Pseudomonadota,RM_Type_IIG
Pseudomonadota,MazEF
Pseudomonadota,MazEF
Pseudomonadota,RM_Type_I
Pseudomonadota,AbiAlpha
Pseudomonadota,Gabija
Pseudomonadota,RM_Type_I
Pseudomonadota,Cas
Pseudomonadota,AbiAlpha
Gemmatimonadota,HEC-09
Gemmatimonadota,RM_Type_IIG
Gemmatimonadota,MazEF
Pseudomonadota,Ceres
Pseudomonadota,RM_Type_I
Pseudomonadota,SoFIC
Pseudomonadota,Cas
Pseudomonadota,6A_MBL
Pseudomonadota,CapRel
Pseudomonadota,CBASS
Pseudomonadota,Nemetona
Pseudomonadota,DRT
Pseudomonadota,Sirona
Pseudomonadota,RM_Type_II
Pseudomonadota,SoFIC
Pseudomonadota,Lugos
Pseudomonadota,Zorya
Pseudomonadota,MazEF
Pseudomonadota,SoFIC
Eisenbacteria,HEC-07
Eisenbacteria,SoFIC
Myxococcota,Toutatis
Myxococcota,RM_Type_III
Myxococcota,SoFIC
Myxococcota,Prometheus
Myxococcota,McrBC
Myxococcota,Ceres
Pseudomonadota,RM_Type_IIG
Pseudomonadota,Ceres
Pseudomonadota,Hachiman
Pseudomonadota,McrBC
Pseudomonadota,RM_Type_I
Pseudomonadota,Ceres
Pseudomonadota,Zorya
Pseudomonadota,MazEF
Actinomycetota,Ceres
Pseudomonadota,SoFIC
Pseudomonadota,DS-4
Pseudomonadota,Thoeris
Pseudomonadota,Cas
Pseudomonadota,DS-8
Pseudomonadota,RM_Type_I
Pseudomonadota,SoFIC
Pseudomonadota,CBASS
Pseudomonadota,Ceres
Pseudomonadota,SoFIC
Pseudomonadota,Ceres
Pseudomonadota,SoFIC
Gemmatimonadota,RM_Type_II
Gemmatimonadota,Ceres
Pseudomonadota,Cas
Pseudomonadota,Ceres
Pseudomonadota,RM_Type_II
Pseudomonadota,Ceres
Pseudomonadota,Cas
Pseudomonadota,Aristaios
Pseudomonadota,Esos
Pseudomonadota,SoFIC
Pseudomonadota,Druantia
Pseudomonadota,RM_Type_I
Pseudomonadota,SoFIC
Pseudomonadota,Ceres
Pseudomonadota,RM_Type_I
Pseudomonadota,MazEF
Pseudomonadota,RM_Type_I
Pseudomonadota,RM_Type_I
Actinomycetota,Ceres
Pseudomonadota,DarTG
Pseudomonadota,Retron
Pseudomonadota,RM_Type_I
Pseudomonadota,MazEF
Pseudomonadota,DRT
Pseudomonadota,Ceres
Pseudomonadota,Cas
Pseudomonadota,Zorya
Pseudomonadota,Cas
Pseudomonadota,RM_Type_I
Pseudomonadota,HEC-01
Pseudomonadota,MazEF
Pseudomonadota,RM_Type_III
Pseudomonadota,Wadjet
Pseudomonadota,Lugos
Pseudomonadota,PhiR5.1_HipAD
Pseudomonadota,Cas
Pseudomonadota,RM_Type_I
Pseudomonadota,PhiR5.1_HipAD
Pseudomonadota,RM_Type_IIG
Pseudomonadota,AbiD
Actinomycetota,AbiE
Actinomycetota,AbiE
Actinomycetota,AbiE
Actinomycetota,Ceres
Pseudomonadota,Cas
Pseudomonadota,Cas
Pseudomonadota,HEC-06
Pseudomonadota,RM_Type_I
Pseudomonadota,SanaTA
Pseudomonadota,Wadjet
Pseudomonadota,Other_Type_IV
Pseudomonadota,RM_Type_I
Pseudomonadota,RM_Type_I
Actinomycetota,VP1851
Actinomycetota,Wadjet
Actinomycetota,RM_Type_I
Actinomycetota,McrBC
Actinomycetota,Ceres
Actinomycetota,CBASS
Pseudomonadota,Wadjet
Pseudomonadota,RM_Type_I
Pseudomonadota,RosmerTA
Pseudomonadota,AbiE
Pseudomonadota,Ceres
Pseudomonadota,RM_Type_IIG
Pseudomonadota,Wadjet
Pseudomonadota,RM_Type_I
Desulfobacterota,Cas
Desulfobacterota,RM_Type_I
Pseudomonadota,RM_Type_II
Pseudomonadota,RloC
Pseudomonadota,DS-6
Pseudomonadota,RM_Type_IIG
Pseudomonadota,RM_Type_II
Pseudomonadota,Other_Type_IV
Pseudomonadota,DARNA
Pseudomonadota,RM_Type_I
Pseudomonadota,MazEF
Pseudomonadota,Dag
Pseudomonadota,RM_Type_II
Pseudomonadota,Cas
Pseudomonadota,MazEF
Pseudomonadota,Cas
Pseudomonadota,AbiE
Pseudomonadota,AbiE
Pseudomonadota,SoFIC
Pseudomonadota,Cas
Pseudomonadota,HEC-07
Actinomycetota,Ceres
Actinomycetota,VP1851
Pseudomonadota,BREX
Pseudomonadota,Wadjet
Pseudomonadota,RM_Type_IIG
Pseudomonadota,HEC-01
Pseudomonadota,RM_Type_I
Pseudomonadota,AbiD
Pseudomonadota,RM_Type_IIG
Pseudomonadota,Ceres
Pseudomonadota,MazEF
Pseudomonadota,Cas
Pseudomonadota,Erebus
Pseudomonadota,SoFIC
Pseudomonadota,BREX
Pseudomonadota,SoFIC
Pseudomonadota,HEC-06
Pseudomonadota,RM_Type_I
Pseudomonadota,MazEF
Acidobacteriota,SoFIC
Acidobacteriota,RM_Type_I
Acidobacteriota,Cas
Acidobacteriota,Ceres
Pseudomonadota,Lamassu-Fam
Pseudomonadota,AbiD
Pseudomonadota,VcaM4I
Pseudomonadota,AbiD
Pseudomonadota,Armada
Pseudomonadota,RM_Type_IIG
Pseudomonadota,RM_Type_IIG
Pseudomonadota,Armada
Pseudomonadota,McrBC
Pseudomonadota,Hachiman
Pseudomonadota,Cas
Pseudomonadota,RM_Type_I
Pseudomonadota,RM_Type_III
Pseudomonadota,MazEF
Pseudomonadota,RM_Type_IIG
Pseudomonadota,RM_Type_I
Pseudomonadota,PfiAT
Pseudomonadota,RM_Type_IIG
Pseudomonadota,RM_Type_I
Pseudomonadota,Avs
Pseudomonadota,Avs
Pseudomonadota,Ceres
Pseudomonadota,RM_Type_II
Pseudomonadota,SNIPE
Pseudomonadota,RM_Type_IIG
Pseudomonadota,AbiD
Elusimicrobiota,SoFIC
Elusimicrobiota,Cas
Elusimicrobiota,SoFIC
Actinomycetota,VP1851
Pseudomonadota,MazEF
Pseudomonadota,Cas
Pseudomonadota,SoFIC
Pseudomonadota,Cas
Pseudomonadota,Ceres
Pseudomonadota,RM_Type_II
Pseudomonadota,AbiE
Gemmatimonadota,AbiE
Gemmatimonadota,Ceres
Gemmatimonadota,MazEF
Gemmatimonadota,Cas
Gemmatimonadota,MazEF
Gemmatimonadota,AbiE
Pseudomonadota,RM_Type_IIG
Pseudomonadota,RM_Type_I
Pseudomonadota,HEC-03
Pseudomonadota,RM_Type_I
Pseudomonadota,HEC-01
Pseudomonadota,Dpd
Pseudomonadota,RM_Type_I
Pseudomonadota,SoFIC
Pseudomonadota,RM_Type_III
Pseudomonadota,HEC-03
Pseudomonadota,RM_Type_III
Pseudomonadota,SanaTA
Pseudomonadota,AbiE
Pseudomonadota,RM_Type_I
Pseudomonadota,RM_Type_III
Pseudomonadota,MazEF
Pseudomonadota,Cas
Pseudomonadota,Ceres
Pseudomonadota,SoFIC
Pseudomonadota,dGTPase
Pseudomonadota,CapRel
Pseudomonadota,ShosTA
Pseudomonadota,RM_Type_IIG
Pseudomonadota,Cas
Pseudomonadota,RM_Type_I
Pseudomonadota,HEC-01
Pseudomonadota,RM_Type_I
Pseudomonadota,SoFIC
Pseudomonadota,Wadjet
Pseudomonadota,RM_Type_I
Pseudomonadota,RM_Type_III
Pseudomonadota,RM_Type_II
Pseudomonadota,Zorya
Pseudomonadota,Ceres
Pseudomonadota,MazEF
Chloroflexota,Cas
Chloroflexota,RM_Type_I
Chloroflexota,RM_Type_II
Chloroflexota,Wadjet
Actinomycetota,RM_Type_IIG
Actinomycetota,Ceres
Actinomycetota,DS-20
Pseudomonadota,RM_Type_II
Pseudomonadota,Ceres
Pseudomonadota,CBASS
Pseudomonadota,AbiD
Pseudomonadota,DarTG
Pseudomonadota,Ceres
Pseudomonadota,Cas
Pseudomonadota,RM_Type_IIG
Pseudomonadota,VcaM4I
Pseudomonadota,RM_Type_IIG
Pseudomonadota,RM_Type_I
Pseudomonadota,DS-20
Pseudomonadota,AbiE
Pseudomonadota,RM_Type_II
Pseudomonadota,Thoeris
Pseudomonadota,Thoeris
Pseudomonadota,CBASS
Pseudomonadota,MqsRAC
Pseudomonadota,VcaM4I
Pseudomonadota,RosmerTA
Pseudomonadota,RloC
Pseudomonadota,RM_Type_IIG
Pseudomonadota,Ceres
Pseudomonadota,SoFIC
Pseudomonadota,RM_Type_IIG
Pseudomonadota,Ceres
Pseudomonadota,RM_Type_I
Pseudomonadota,DarTG
Myxococcota,Retron
Myxococcota,RloC
Myxococcota,Ceres
Myxococcota,Eleos
Myxococcota,Prometheus
Myxococcota,Retron
Myxococcota,Ceres
Actinomycetota,Wadjet
Actinomycetota,Ceres
Actinomycetota,AbiAlpha
Actinomycetota,VP1851
Pseudomonadota,RM_Type_I
Pseudomonadota,Cas
Pseudomonadota,RM_Type_IIG
Pseudomonadota,Ceres
Pseudomonadota,Lugos
Pseudomonadota,RM_Type_I
Pseudomonadota,Cas
Pseudomonadota,Cas
Pseudomonadota,Cas
Pseudomonadota,RM_Type_II
Pseudomonadota,RM_Type_IIG
Pseudomonadota,Ceres
Pseudomonadota,RM_Type_III
Pseudomonadota,Dag
Pseudomonadota,Sirona
Pseudomonadota,Zorya
Pseudomonadota,MazEF
Pseudomonadota,Gao_TerY
Pseudomonadota,Dag
Pseudomonadota,Zorya
Pseudomonadota,AbiD
Pseudomonadota,Wadjet
Pseudomonadota,MazEF
Pseudomonadota,MazEF
Pseudomonadota,Aristaios
Pseudomonadota,Ceres
Pseudomonadota,RM_Type_IIG
Pseudomonadota,Cas
Actinomycetota,Wadjet
Pseudomonadota,RM_Type_IIG
Pseudomonadota,Ceres
Nitrospirota,DS-24
Nitrospirota,RM_Type_III
Nitrospirota,Cas
Nitrospirota,Prometheus
Nitrospirota,Thoeris
Pseudomonadota,Ceres
Pseudomonadota,SoFIC
Pseudomonadota,RM_Type_III
Pseudomonadota,RM_Type_IIG
Pseudomonadota,Cas
Pseudomonadota,RM_Type_IIG
Pseudomonadota,Cas
Pseudomonadota,Prometheus
Pseudomonadota,Resolvase_DUF5677
Pseudomonadota,Ceres
Actinomycetota,Esos
Actinomycetota,VP1851
Actinomycetota,Ceres
Acidobacteriota,Armada
Acidobacteriota,Armada
Acidobacteriota,RM_Type_IIG
Acidobacteriota,RM_Type_IIG
Acidobacteriota,Pycsar
Acidobacteriota,PhiR47_GevAT
Acidobacteriota,Cas
Acidobacteriota,AbiE
Gemmatimonadota,SoFIC
Gemmatimonadota,RM_Type_I
Gemmatimonadota,SoFIC
Gemmatimonadota,Ceres
Pseudomonadota,Ceres
Pseudomonadota,RM_Type_IIG
Pseudomonadota,PhiR5.1_HipAD
Pseudomonadota,SoFIC
Pseudomonadota,Zorya
Pseudomonadota,RM_Type_IIG
Pseudomonadota,RM_Type_I
Bacteroidota,DS-20
Bacteroidota,MazEF
Bacteroidota,SanaTA
Bacteroidota,SoFIC
Pseudomonadota,HEC-09
Pseudomonadota,DpnI
Pseudomonadota,RM_Type_II
Pseudomonadota,AbiE
Pseudomonadota,MazEF
Pseudomonadota,Ceres
Pseudomonadota,RM_Type_IIG
Pseudomonadota,MazEF
Pseudomonadota,RM_Type_IIG
Pseudomonadota,Retron
Pseudomonadota,Ceres
Pseudomonadota,Ceres
Pseudomonadota,Other_Type_IV
Pseudomonadota,RM_Type_IIG
Pseudomonadota,RM_Type_IIG
Pseudomonadota,RM_Type_II
Acidobacteriota,SoFIC
Acidobacteriota,Prometheus
Acidobacteriota,Other_Type_IV
Acidobacteriota,Ceres
Acidobacteriota,HEC-03
Acidobacteriota,MADS3-4
Acidobacteriota,Cas
Acidobacteriota,CARD_NLR
Acidobacteriota,PD-T4-3
Planctomycetota,Uzume
Planctomycetota,McrBC
Acidobacteriota,RM_Type_II
Acidobacteriota,Ceres
Acidobacteriota,Ceres
Myxococcota,Ceres
Myxococcota,Ceres
Pseudomonadota,Cas
Pseudomonadota,SoFIC
Pseudomonadota,PfiAT
Pseudomonadota,Wadjet
Pseudomonadota,RM_Type_III
Pseudomonadota,Ceres
Pseudomonadota,AbiE
Pseudomonadota,Cas
Pseudomonadota,AbiE
Chloroflexota,McrBC
Chloroflexota,SoFIC
Chloroflexota,Ceres
Pseudomonadota,RM_Type_IIG
Pseudomonadota,FS_GIY_YIG
Pseudomonadota,Bil
Pseudomonadota,HEC-05
Pseudomonadota,RM_Type_IIG
Pseudomonadota,RM_Type_II
Pseudomonadota,Bil
Pseudomonadota,Aristaios
Pseudomonadota,RloC
Pseudomonadota,SoFIC
Pseudomonadota,SoFIC
Pseudomonadota,RM_Type_I
Pseudomonadota,AbiE
Pseudomonadota,6A_MBL
Pseudomonadota,RosmerTA
Pseudomonadota,RloC
Pseudomonadota,AbiE
Pseudomonadota,RM_Type_IIG
Pseudomonadota,Ceres
Pseudomonadota,RM_Type_IIG
Pseudomonadota,RM_Type_I
Pseudomonadota,Ceres
Pseudomonadota,Ceres
Pseudomonadota,Belisama
Pseudomonadota,dGTPase
Pseudomonadota,RloC
Pseudomonadota,SanaTA
Pseudomonadota,Lamassu-Fam
Pseudomonadota,McrBC
Pseudomonadota,Armada
Pseudomonadota,RM_Type_IIG
Pseudomonadota,RM_Type_IIG
Pseudomonadota,RM_Type_I
Pseudomonadota,RM_Type_I
Pseudomonadota,HEC-01
Pseudomonadota,Pycsar
Myxococcota,Prometheus
Myxococcota,Viperin
Myxococcota,Ceres
Myxococcota,RM_Type_IIG
Pseudomonadota,Hachiman
Pseudomonadota,SanaTA
Pseudomonadota,MazEF
Pseudomonadota,Septu
Pseudomonadota,RM_Type_IIG
Pseudomonadota,Ceres
Pseudomonadota,RM_Type_II
Pseudomonadota,RM_Type_IIG
Pseudomonadota,Ceres
Pseudomonadota,RM_Type_II
Pseudomonadota,RM_Type_II
Pseudomonadota,Paris
Pseudomonadota,Aristaios
Pseudomonadota,RM_Type_IIG
Pseudomonadota,Hachiman
Bdellovibrionota,AbiE
Bdellovibrionota,DS-8
Bdellovibrionota,McrBC
Bdellovibrionota,dCTPdeaminase
Verrucomicrobiota,RM_Type_IIG
Verrucomicrobiota,Cas
Verrucomicrobiota,RM_Type_IIG
Verrucomicrobiota,Cas
Verrucomicrobiota,RM_Type_II
Verrucomicrobiota,RM_Type_IIG
Pseudomonadota,AbiE
Pseudomonadota,AbiE
Pseudomonadota,RM_Type_II
Pseudomonadota,Cas
Pseudomonadota,Septu
Pseudomonadota,Ceres
Pseudomonadota,Gabija
Pseudomonadota,Cas
Pseudomonadota,BREX
Pseudomonadota,Lamassu-Fam
Pseudomonadota,VcaM4I
Pseudomonadota,Cas
Pseudomonadota,Cas
Pseudomonadota,RM_Type_III
Pseudomonadota,Kiwa
Pseudomonadota,Gao_Iet
Pseudomonadota,Cas
Pseudomonadota,PrrC
Pseudomonadota,RM_Type_III
Pseudomonadota,PfiAT
Verrucomicrobiota,Cas
Verrucomicrobiota,PsyrTA
Verrucomicrobiota,Cas
Verrucomicrobiota,SanaTA
Verrucomicrobiota,BREX
Verrucomicrobiota,RM_Type_I
Verrucomicrobiota,RM_Type_IIG
Pseudomonadota,MazEF
Pseudomonadota,Cas
Pseudomonadota,RM_Type_IIG
Pseudomonadota,Cas
Pseudomonadota,Cas
Bacillota,Ceres
Bacillota,Other_Type_IV
Pseudomonadota,CBASS
Pseudomonadota,RM_Type_I
Bacteroidota,Tiamat
Bacteroidota,gcu24
Pseudomonadota,RloC
Pseudomonadota,VP1817
Pseudomonadota,Thoeris
Pseudomonadota,Wadjet
Pseudomonadota,dCTPdeaminase
Pseudomonadota,RM_Type_I
Pseudomonadota,SanaTA
Pseudomonadota,Cas
Pseudomonadota,Cas
Pseudomonadota,RM_Type_I
Pseudomonadota,PrrC
Pseudomonadota,Cas
Pseudomonadota,Cas
Acidobacteriota,RM_Type_II
Acidobacteriota,RM_Type_II
Acidobacteriota,MazEF
Bacteroidota,RM_Type_I
Bacteroidota,RM_Type_II
Bacteroidota,Ceres
Pseudomonadota,SoFIC
Pseudomonadota,Ceres
Pseudomonadota,Cas
Planctomycetota,SoFIC
Planctomycetota,SoFIC
Planctomycetota,Cas
Myxococcota,Cas
Myxococcota,PD-T4-7
Myxococcota,DRT
Myxococcota,Aristaios
Myxococcota,Gabija
Myxococcota,Toutatis
Myxococcota,Ceres
Myxococcota,Hypnos
Myxococcota,BREX
Planctomycetota,Cas
Planctomycetota,Avs
Planctomycetota,Prometheus
Planctomycetota,AbiE
Planctomycetota,McrBC
Planctomycetota,SoFIC
Planctomycetota,SanaTA
Planctomycetota,RM_Type_I
Pseudomonadota,Ceres
Pseudomonadota,SoFIC
Pseudomonadota,PfiAT
Acidobacteriota,HEC-03
Acidobacteriota,AbiE
Acidobacteriota,Sirona
Acidobacteriota,Toutatis
Acidobacteriota,Retron
Bacteroidota,CBASS
Bacteroidota,SanaTA
Bacteroidota,Ceres
Bacteroidota,RAZR
Bacteroidota,Ceres
Gemmatimonadota,Ceres
Pseudomonadota,RM_Type_II
Pseudomonadota,AbiJ
Pseudomonadota,ENDPaCF1
Pseudomonadota,PD-T7-5
Actinomycetota,RM_Type_III
Myxococcota,Wadjet
Myxococcota,Shedu
Myxococcota,Cas
Myxococcota,Prometheus
Myxococcota,Cas
Myxococcota,Shedu
Myxococcota,SoFIC
Myxococcota,Prithvi
Myxococcota,AbiE
Myxococcota,DS-4
Myxococcota,Thoeris
Bacteroidota,Thoeris
Bacteroidota,CBASS
Bacteroidota,Cas
Bacteroidota,Ceres
Bacteroidota,Pycsar
Bacteroidota,SoFIC
Bacteroidota,PsyrTA
Acidobacteriota,Ceres
Acidobacteriota,RM_Type_IIG
Acidobacteriota,Prometheus
Acidobacteriota,Ceres
Acidobacteriota,RM_Type_I
Bacteroidota,Pycsar
Myxococcota,RM_Type_IIG
Myxococcota,PD-T7-1
Myxococcota,Toutatis
Acidobacteriota,RM_Type_I
Acidobacteriota,Dag
Acidobacteriota,Ceres
Acidobacteriota,PhiR47.1_PanTA
Acidobacteriota,Aristaios
Acidobacteriota,DS-33
Chloroflexota,pAgo
Chloroflexota,Cas
Chloroflexota,MazEF
Chloroflexota,AbiL
Chloroflexota,Retron
Chloroflexota,SNIPE
Chloroflexota,RM_Type_II
Chloroflexota,Aristaios
Chloroflexota,Avs
Chloroflexota,Ceres
Chloroflexota,RM_Type_IIG
Chloroflexota,RM_Type_IIG
Chloroflexota,RM_Type_II
Chloroflexota,RM_Type_IIG
Bacteroidota,Dsr
Bacteroidota,Ceres
Bacteroidota,Paris
Bacteroidota,RM_Type_III
Actinomycetota,Ceres
Actinomycetota,Cas
Actinomycetota,VP1851
Actinomycetota,Esos
Pseudomonadota,Ceres
Acidobacteriota,RM_Type_IIG
Acidobacteriota,VcaM4I
Acidobacteriota,Ceres
Gemmatimonadota,Ceres
Pseudomonadota,Ceres
Pseudomonadota,SoFIC
Pseudomonadota,Lugos
Pseudomonadota,AbiU
Pseudomonadota,Wadjet
Pseudomonadota,Zorya
Pseudomonadota,Gabija
Pseudomonadota,Nantosuelta
Pseudomonadota,Prometheus
Pseudomonadota,Aristaios
Pseudomonadota,Retron
Pseudomonadota,PrrC
Pseudomonadota,SspBCDE
Pseudomonadota,6A_MBL
Pseudomonadota,Aristaios
Pseudomonadota,Lugos
Pseudomonadota,Paris
Pseudomonadota,ShosTA
Pseudomonadota,RM_Type_I
Gemmatimonadota,Ceres
Chloroflexota,Ceres
Chloroflexota,McrBC
Chloroflexota,McrBC
Chloroflexota,Tiamat
Chloroflexota,Ceres
Pseudomonadota,Kiwa
Pseudomonadota,RM_Type_I
Pseudomonadota,AbiJ
Pseudomonadota,PD-T4-3
Bacteroidota,Olokun
Pseudomonadota,HEC-06
Pseudomonadota,Aristaios
Chloroflexota,Ceres
Verrucomicrobiota,RM_Type_II
Verrucomicrobiota,RM_Type_II
Verrucomicrobiota,Aristaios
Verrucomicrobiota,AbiE
Verrucomicrobiota,MazEF
Verrucomicrobiota,RM_Type_II
Verrucomicrobiota,VcaM4I
Verrucomicrobiota,SoFIC
Verrucomicrobiota,SanaTA
Verrucomicrobiota,RM_Type_I
Verrucomicrobiota,CBASS
Verrucomicrobiota,RM_Type_II
Verrucomicrobiota,PsyrTA
Verrucomicrobiota,SoFIC
Verrucomicrobiota,RM_Type_IIG
Verrucomicrobiota,Cas
Verrucomicrobiota,SoFIC
Desulfobacterota,Ceres
Planctomycetota,SoFIC
Planctomycetota,Rugutis
Planctomycetota,Resolvase_DUF5677
Planctomycetota,Rst_DUF4238
Planctomycetota,DpnI
Planctomycetota,Avs
Planctomycetota,RM_Type_I
Planctomycetota,Cas
Planctomycetota,PD-T7-2
Pseudomonadota,DarTG
Pseudomonadota,RM_Type_I
Pseudomonadota,Cas
Pseudomonadota,SanaTA
Pseudomonadota,RM_Type_I
Pseudomonadota,Cas
Desulfobacterota,Ceres
Bacteroidota,Ceres
Bacteroidota,DRT
Bacteroidota,RM_Type_I
Bacteroidota,CBASS
Bacteroidota,SoFIC
Bacteroidota,RM_Type_II
Bacteroidota,SoFIC
Bacteroidota,Cas
Acidobacteriota,Ceres
Acidobacteriota,MazEF
Acidobacteriota,AbiE
Acidobacteriota,Cas
Acidobacteriota,AbiE
Acidobacteriota,RM_Type_II
Acidobacteriota,RM_Type_IIG
Acidobacteriota,Ceres
Pseudomonadota,Cas
Pseudomonadota,SoFIC
Pseudomonadota,Ceres
Bacteroidota,DRT
Bacteroidota,Sirona
Bacteroidota,Prometheus
Bacteroidota,pAgo
Bacteroidota,CBASS
Chloroflexota,Cas
Chloroflexota,VP1839
Chloroflexota,Dag
Chloroflexota,Ceres
Deinococcota,AbiE
Deinococcota,AbiE
Deinococcota,Ceres
Bacteroidota,CBASS
Bacteroidota,Septu
Bacteroidota,Thoeris
Bacteroidota,Gabija
Bacteroidota,SspBCDE
Bacteroidota,Retron
Bacteroidota,Menshen
Bacteroidota,SanaTA
Bacteroidota,DS-32
Bacteroidota,Prometheus
Bacteroidota,Septu
Bacteroidota,RM_Type_IIG
Bacteroidota,SanaTA
Bacteroidota,Cas
Bacteroidota,Shedu
Bacteroidota,RM_Type_II
Bacteroidota,PhiR12.1_MorcDcm
Bacteroidota,RM_Type_II
Bacteroidota,PhiR12.1_MorcDcm
Bacteroidota,RM_Type_I
Bacteroidota,Wadjet
Bacteroidota,pAgo
Bacteroidota,Gao_Qat
Bacteroidota,Lamassu-Fam
Bacteroidota,SoFIC
Bacteroidota,Cas
Bacteroidota,gcu233
Bacteroidota,AbiE
Bacteroidota,Ceres
Actinomycetota,Ceres
Pseudomonadota,RM_Type_IIG
Pseudomonadota,Ceres
Pseudomonadota,PfiAT
Pseudomonadota,RM_Type_II
Pseudomonadota,Zorya
Pseudomonadota,RM_Type_I
Pseudomonadota,gcu233
Pseudomonadota,SoFIC
Pseudomonadota,SoFIC
Chloroflexota,pAgo
Chloroflexota,Ceres
Chloroflexota,pAgo
Chloroflexota,RM_Type_I
Chloroflexota,RM_Type_II
Chloroflexota,Gao_TerY
Chloroflexota,MazEF
Chloroflexota,Dag
Chloroflexota,RM_Type_IIG
Pseudomonadota,Ceres
Pseudomonadota,DpnI
Bacteroidota,HEC-09
Bacteroidota,RM_Type_I
Bacteroidota,RloC
Bacteroidota,DS-1
Bacteroidota,Pycsar
Bacteroidota,AbiE
Myxococcota,RosmerTA
Myxococcota,Toutatis
Myxococcota,Ceres
Myxococcota,Shedu
Myxococcota,BREX
Myxococcota,Aristaios
Myxococcota,Cas
Myxococcota,RM_Type_I
Myxococcota,VP1853
Myxococcota,Cas
Myxococcota,CBASS
Myxococcota,RM_Type_I
Myxococcota,Cas
Bacteroidota,RM_Type_I
Bacteroidota,GAPS4
Bacteroidota,SpbK
Bacteroidota,McrBC
Bacteroidota,Septu
Bacteroidota,gcu233
Bacteroidota,Aristaios
Bacteroidota,SspBCDE
Bacteroidota,DRT
Bacteroidota,VP1826
Bacteroidota,DRT-like_UG
Pseudomonadota,NLR
Pseudomonadota,Hachiman
Pseudomonadota,Zorya
Pseudomonadota,RM_Type_I
Pseudomonadota,VcaM4I
Pseudomonadota,Septu
Pseudomonadota,Lugos
Bacteroidota,DRT
Bacteroidota,Lamassu-Fam
Bacteroidota,Prometheus
Bacteroidota,Armada
Bacteroidota,RM_Type_IIG
Bacteroidota,RM_Type_IIG
Bacteroidota,CBASS
Bacteroidota,SoFIC
Bacteroidota,Wadjet
Bacteroidota,Sirona
Bacteroidota,AbiE
Pseudomonadota,RM_Type_IIG
Pseudomonadota,Zorya
Pseudomonadota,Gabija
Pseudomonadota,Aristaios
Pseudomonadota,Aristaios
Pseudomonadota,RM_Type_II
Pseudomonadota,PhiR12.1_MorcDcm
Pseudomonadota,RM_Type_II
Pseudomonadota,PhiR12.1_MorcDcm
Pseudomonadota,Prometheus
Pseudomonadota,Prometheus
Pseudomonadota,RM_Type_I
Pseudomonadota,Zorya
Pseudomonadota,DS-16
Pseudomonadota,AbiE
Pseudomonadota,RM_Type_I
Pseudomonadota,RM_Type_II
Pseudomonadota,AbiE
Pseudomonadota,SanaTA
Pseudomonadota,RM_Type_I
Pseudomonadota,Prometheus
Bacteroidota,AbiU
Bacteroidota,RM_Type_II
Bacteroidota,PD-T7-2
Bacteroidota,Ceres
Bacteroidota,RM_Type_III
Acidobacteriota,Cas
Acidobacteriota,HEC-01
Acidobacteriota,RM_Type_IIG
Acidobacteriota,Ceres
Acidobacteriota,McrBC
Myxococcota,Toutatis
Myxococcota,RM_Type_III
Myxococcota,PsyrTA
Myxococcota,Cas
Myxococcota,Cas
Myxococcota,Cas
Myxococcota,Prometheus
Myxococcota,Gao_RL
Myxococcota,Azaca
Myxococcota,HEC-01
Myxococcota,pAgo
Myxococcota,AbiE
Myxococcota,Cas
Myxococcota,Cas
Acidobacteriota,RM_Type_I
Acidobacteriota,RM_Type_I
Acidobacteriota,Cas
Pseudomonadota,SoFIC
Pseudomonadota,Ceres
Bacteroidota,Ceres
Bacteroidota,Aristaios
Bacteroidota,Gabija
Bacteroidota,Pycsar
Bacteroidota,McrBC
Bacteroidota,RM_Type_IIG
Bacteroidota,RM_Type_IIG
Bacteroidota,RM_Type_I
Bacteroidota,McrBC
Bacteroidota,Ceres
Bacteroidota,RM_Type_II
Bacteroidota,RM_Type_I
Bacteroidota,PD-T7-2
Pseudomonadota,SoFIC
Actinomycetota,RM_Type_I
Actinomycetota,Ceres
Actinomycetota,Wadjet
Gemmatimonadota,Cas
Gemmatimonadota,RloC
Gemmatimonadota,dCTPdeaminase
Gemmatimonadota,RM_Type_I
Gemmatimonadota,SoFIC
Pseudomonadota,Prometheus
Pseudomonadota,Pycsar
Pseudomonadota,RM_Type_I
Pseudomonadota,Ceres
Bacteroidota,Pycsar
Bacteroidota,Ceres
Pseudomonadota,Ceres
Pseudomonadota,Wadjet
Pseudomonadota,DS-41
Pseudomonadota,AbiJ
Pseudomonadota,Sirona
Pseudomonadota,Olokun
Pseudomonadota,GAPS4
Pseudomonadota,DS-4
Pseudomonadota,Gabija
Pseudomonadota,PD-T7-1
Pseudomonadota,Prometheus
Pseudomonadota,pAgo
Pseudomonadota,PD-T7-2
Pseudomonadota,Thoeris
Pseudomonadota,Aristaios
Pseudomonadota,PD-T7-2
Pseudomonadota,Gabija
Pseudomonadota,Gabija
Pseudomonadota,DS-31
Pseudomonadota,RloC
Pseudomonadota,dCTPdeaminase
Pseudomonadota,DRT
Pseudomonadota,Lamassu-Fam
Pseudomonadota,DARNA
Pseudomonadota,RloC
Pseudomonadota,HEC-04
Bacteroidota,Ceres
Pseudomonadota,RM_Type_I
Pseudomonadota,Aristaios
Pseudomonadota,MazEF
Pseudomonadota,Zorya
Pseudomonadota,TagI
Pseudomonadota,Lugos
Pseudomonadota,RM_Type_I
Pseudomonadota,Prometheus
Pseudomonadota,Menshen
Actinomycetota,Ceres
Actinomycetota,Esos
Actinomycetota,VP1851
Bacteroidota,Ceres
Pseudomonadota,Mokosh
Pseudomonadota,Wadjet
Pseudomonadota,Erebus
Pseudomonadota,Septu
Pseudomonadota,Lugos
Pseudomonadota,RM_Type_I
Pseudomonadota,Mokosh
Pseudomonadota,RM_Type_I
Pseudomonadota,RM_Type_I
Pseudomonadota,Kongming
Pseudomonadota,Lugos
Pseudomonadota,Aristaios
Pseudomonadota,PrrC
Pseudomonadota,RM_Type_I
Pseudomonadota,Lugos
Pseudomonadota,Prometheus
Pseudomonadota,Wadjet
Pseudomonadota,Aristaios
Pseudomonadota,RM_Type_III
Pseudomonadota,RM_Type_I
Pseudomonadota,RM_Type_I
Pseudomonadota,AbiE
Pseudomonadota,AbiE
Pseudomonadota,RM_Type_I
Pseudomonadota,SoFIC
Pseudomonadota,Cas
Pseudomonadota,DS-39
Pseudomonadota,RosmerTA
Bacteroidota,Ceres
Bacteroidota,PD-T7-2
Bacteroidota,Belisama
Pseudomonadota,Aristaios
Bacteroidota,Ceres
Pseudomonadota,Cas
Pseudomonadota,dGTPase
Pseudomonadota,Cas
Pseudomonadota,Belisama
Pseudomonadota,RM_Type_III
Pseudomonadota,SoFIC
Myxococcota,Prometheus
Myxococcota,Viperin
Myxococcota,Ceres
Myxococcota,Rst_RT-nitrilase-Tm
Myxococcota,BREX
Pseudomonadota,Avs
Pseudomonadota,VcaM4I
Pseudomonadota,gcu233
Pseudomonadota,dGTPase
Pseudomonadota,DS-20
Pseudomonadota,PfiAT
Verrucomicrobiota,RM_Type_II
Verrucomicrobiota,Cas
Verrucomicrobiota,Cas
Pseudomonadota,Wadjet
Pseudomonadota,GAPS2
Pseudomonadota,Aristaios
Pseudomonadota,Lugos
Pseudomonadota,Old_exonuclease
Pseudomonadota,RloC
Pseudomonadota,Aristaios
Pseudomonadota,DS-23
Pseudomonadota,dGTPase
Pseudomonadota,Aristaios
Pseudomonadota,PfiAT
Pseudomonadota,RM_Type_II
Pseudomonadota,dGTPase
Pseudomonadota,Retron
Pseudomonadota,EcoKMcrA
Pseudomonadota,Lamassu-Fam
Pseudomonadota,VP1839
Pseudomonadota,CapRel
Pseudomonadota,AbiAlpha
Pseudomonadota,PD-T2-1
Pseudomonadota,RM_Type_I
Pseudomonadota,PfiAT
Bacteroidota,Ceres
Myxococcota,Septu
Myxococcota,Septu
Myxococcota,Retron
Myxococcota,RM_Type_IIG
Myxococcota,RM_Type_IIG
Myxococcota,Kongming
Myxococcota,Gao_Hhe
Myxococcota,DISARM
Myxococcota,McrBC
Fibrobacterota,Rst_DUF4238
Fibrobacterota,HEC-09
Fibrobacterota,DS-18
Fibrobacterota,MazEF
Fibrobacterota,RM_Type_III
Fibrobacterota,Phrann_gp29_gp30
Fibrobacterota,MazEF
Fibrobacterota,Aristaios
Pseudomonadota,Aristaios
Pseudomonadota,Lugos
Pseudomonadota,Wadjet
Pseudomonadota,Lamassu-Fam
Pseudomonadota,RM_Type_I
Pseudomonadota,Septu
Pseudomonadota,RM_Type_I
Pseudomonadota,AbiE
Pseudomonadota,SoFIC
Pseudomonadota,Cas
Pseudomonadota,Aristaios
Pseudomonadota,Armada
Pseudomonadota,AbiE
Pseudomonadota,RM_Type_IIG
Pseudomonadota,RM_Type_IIG
Pseudomonadota,DarTG
Pseudomonadota,Prometheus
Pseudomonadota,Wadjet
Pseudomonadota,Lugos
Pseudomonadota,Prometheus
Pseudomonadota,Aristaios
Pseudomonadota,Prometheus
Pseudomonadota,AbiE
Pseudomonadota,Reve
Pseudomonadota,SoFIC
Pseudomonadota,Gabija
Pseudomonadota,dGTPase
Pseudomonadota,McrBC
Bacteroidota,Ceres
Bacteroidota,PD-Lambda-5
Bacteroidota,MazEF
Verrucomicrobiota,Ceres
Verrucomicrobiota,PfiAT
Verrucomicrobiota,Ceres
Pseudomonadota,Gabija
Pseudomonadota,Erebus
Pseudomonadota,Paris
Pseudomonadota,Gabija
Pseudomonadota,RM_Type_II
Pseudomonadota,VP1839
Pseudomonadota,Lugos
Pseudomonadota,Ceres
Verrucomicrobiota,Cas
Verrucomicrobiota,SoFIC
Verrucomicrobiota,AbiE
Verrucomicrobiota,Cas
Verrucomicrobiota,RM_Type_I
Verrucomicrobiota,DS-6
Verrucomicrobiota,SoFIC
Verrucomicrobiota,AbiD
Pseudomonadota,RM_Type_II
Pseudomonadota,PD-T4-5
Pseudomonadota,Lamassu-Fam
Pseudomonadota,RloC
Pseudomonadota,DS-4
Pseudomonadota,Thoeris
Pseudomonadota,AbiU
Pseudomonadota,Avs
Pseudomonadota,dGTPase
Pseudomonadota,DS-12B
Pseudomonadota,Wadjet
Pseudomonadota,DS-1
Pseudomonadota,Gabija
Pseudomonadota,Belisama
Bacteroidota,Ceres
Bacteroidota,AbiE
Bacillota,gcu233
Bacillota,Ceres
Myxococcota,BREX
Myxococcota,AbiE
Myxococcota,MspJI
Myxococcota,Toutatis
Gemmatimonadota,Ceres
Pseudomonadota,Belisama
Pseudomonadota,Belisama
Pseudomonadota,dGTPase
Pseudomonadota,MazEF
Pseudomonadota,AbiAlpha
Pseudomonadota,dCTPdeaminase
Pseudomonadota,Aristaios
Pseudomonadota,Lugos
Pseudomonadota,NLR
Pseudomonadota,Mokosh
Pseudomonadota,Kongming
Pseudomonadota,Cas
Bacteroidota,Avs
Bacteroidota,Gabija
Bacteroidota,CBASS
Bacteroidota,Retron
Bacteroidota,Aristaios
Bacteroidota,RM_Type_II
Bacteroidota,CBASS
Bacteroidota,PD-T7-1
Bacteroidota,Lamassu-Fam
Pseudomonadota,AbiD
Pseudomonadota,Paris
Pseudomonadota,Retron
Pseudomonadota,Avs
Pseudomonadota,Aristaios
Pseudomonadota,Shedu
Pseudomonadota,Wadjet
Pseudomonadota,PD-T7-5
Pseudomonadota,RloC
Pseudomonadota,Belisama
Pseudomonadota,Septu
Pseudomonadota,Avs
Pseudomonadota,Gabija
Pseudomonadota,Septu
Pseudomonadota,RM_Type_II
Pseudomonadota,VP1839
Pseudomonadota,Kiwa
Pseudomonadota,CoCoNut
Pseudomonadota,GmrSD_RM_Type_IV
Pseudomonadota,CoCoNut
Pseudomonadota,GmrSD_RM_Type_IV
Pseudomonadota,VcaM4I
Pseudomonadota,PD-T4-3
Pseudomonadota,mEpX1_Nun
Pseudomonadota,RM_Type_I
Pseudomonadota,RM_Type_I
Pseudomonadota,ScoMcrA
Pseudomonadota,CBASS
Actinomycetota,RM_Type_II
Actinomycetota,McrBC
Actinomycetota,Armada
Actinomycetota,RM_Type_IIG
Actinomycetota,RM_Type_IIG
Actinomycetota,RosmerTA
Actinomycetota,McrBC
Actinomycetota,McrBC
Actinomycetota,RM_Type_IIG
Pseudomonadota,SpbK
Pseudomonadota,BREX
Pseudomonadota,Cas
Pseudomonadota,HEC-01
Pseudomonadota,AbiD
Pseudomonadota,Zorya
Pseudomonadota,RM_Type_I
Pseudomonadota,AbiE
Pseudomonadota,Avs
Pseudomonadota,RM_Type_IIG
Pseudomonadota,Ceres
Pseudomonadota,ShosTA
Pseudomonadota,Aristaios
Pseudomonadota,Gabija
Pseudomonadota,RM_Type_I
Pseudomonadota,Prometheus
Pseudomonadota,HEC-09
Pseudomonadota,RM_Type_I
Pseudomonadota,CBASS
Pseudomonadota,RM_Type_III
Pseudomonadota,RloC
Pseudomonadota,Cas
Pseudomonadota,Cas
Pseudomonadota,Wadjet
Pseudomonadota,RM_Type_IIG
Pseudomonadota,Dsr
Pseudomonadota,SNIPE
Pseudomonadota,MazEF
Actinomycetota,RM_Type_II
Actinomycetota,Armada
Actinomycetota,RM_Type_IIG
Actinomycetota,RM_Type_IIG
Actinomycetota,Ceres
Actinomycetota,Dag
Actinomycetota,Lamassu-Fam
Actinomycetota,SNIPE
Actinomycetota,SoFIC
Actinomycetota,Azaca
Actinomycetota,Prometheus
Pseudomonadota,Zorya
Actinomycetota,Cas
Actinomycetota,Cas
Actinomycetota,Cas
Actinomycetota,PD-T4-7
Actinomycetota,Dsr
Actinomycetota,AbiE
Actinomycetota,Cas
Actinomycetota,Cas
Actinomycetota,Thoeris
Pseudomonadota,HEC-09
Pseudomonadota,Thoeris
Pseudomonadota,SanaTA
Pseudomonadota,Cas
Pseudomonadota,Other_Type_IV
Pseudomonadota,RM_Type_I
Pseudomonadota,Mokosh
Pseudomonadota,GAPS2
Pseudomonadota,Cas
Pseudomonadota,RosmerTA
Bacteroidota,PhiR47.1_PanTA
Bacteroidota,Cas
Bacteroidota,Gao_Her
Bacteroidota,Retron
Bacteroidota,Wadjet
Bacteroidota,Pycsar
Bacteroidota,Prometheus
Bacteroidota,RM_Type_I
Bacteroidota,PhiR47_GevAT
Bacteroidota,AbiC
Bacteroidota,Retron
Pseudomonadota,Cas
Pseudomonadota,Other_Type_IV
Pseudomonadota,Avs
Pseudomonadota,Gabija
Pseudomonadota,PfiAT
Pseudomonadota,AbiE
Pseudomonadota,Zorya
Pseudomonadota,RM_Type_I
Pseudomonadota,DarTG
Pseudomonadota,MazEF
Bacillota,MazEF
Bacillota_A,Aristaios
Bacillota_A,Gabija
Bacillota_A,AbiU
Bacillota_A,VP1839
Bacillota_A,AbiL
Bacillota_A,PhiR5.1_HipAD
Bacillota_A,Resolvase_KAP_NTPase
Bacillota_A,Septu
Bacillota_A,SNIPE
Bacillota_A,CBASS
Bacillota_A,EcoKMcrA
Bacillota_A,Druantia
Bacillota_A,Wadjet
Bacillota_A,AbiE
Bacillota_A,Eleos
Actinomycetota,Other_Type_IV
Actinomycetota,Wadjet
Acidobacteriota,Ceres
Actinomycetota,VP1851
Actinomycetota,SoFIC
Actinomycetota,Ceres
Actinomycetota,Ceres
Pseudomonadota,Ceres
Actinomycetota,Ceres
Methylomirabilota,Wadjet
Pseudomonadota,MazEF
Pseudomonadota,RM_Type_IIG
Pseudomonadota,Ceres
Acidobacteriota,RM_Type_IIG
Acidobacteriota,RM_Type_IIG
Acidobacteriota,PsyrTA
Acidobacteriota,Septu
Acidobacteriota,MazEF
Acidobacteriota,PsyrTA
Acidobacteriota,Ceres
Acidobacteriota,RM_Type_IIG
Acidobacteriota,SanaTA
Acidobacteriota,SoFIC
Chloroflexota,RM_Type_I
Chloroflexota,Thoeris
Chloroflexota,RM_Type_I
Actinomycetota,Ceres
Actinomycetota,RM_Type_III
Actinomycetota,McrBC
Actinomycetota,Armada
Actinomycetota,Armada
Actinomycetota,RM_Type_IIG
Actinomycetota,RM_Type_IIG
Actinomycetota,RM_Type_II
Actinomycetota,DRT
Actinomycetota,RM_Type_II
Actinomycetota,Tiamat
Eisenbacteria,BREX
Eisenbacteria,RloC
Eisenbacteria,PD-T7-2
Eisenbacteria,Hma
Eisenbacteria,MazEF
Eisenbacteria,Ceres
Pseudomonadota,SoFIC
Pseudomonadota,SoFIC
Chloroflexota,PsyrTA
Chloroflexota,HEC-09
Chloroflexota,RM_Type_III
Chloroflexota,Ceres
Chloroflexota,RM_Type_IIG
Chloroflexota,DS-12B
Chloroflexota,DRT-like_UG
Chloroflexota,RosmerTA
Chloroflexota,AbiE
Actinomycetota,SoFIC
Pseudomonadota,Ceres
Pseudomonadota,SoFIC
Planctomycetota,Cas
Planctomycetota,Prometheus
Chloroflexota,pAgo
Chloroflexota,VP1839
Chloroflexota,RM_Type_I
Chloroflexota,McrBC
Acidobacteriota,Prometheus
Acidobacteriota,McrBC
Acidobacteriota,RM_Type_IIG
Bacteroidota,Ceres
Verrucomicrobiota,RM_Type_IIG
Verrucomicrobiota,RM_Type_IIG
Verrucomicrobiota,RM_Type_II
Verrucomicrobiota,HEC-09
Verrucomicrobiota,PsyrTA
Verrucomicrobiota,Prometheus
Verrucomicrobiota,RM_Type_I
Pseudomonadota,Ceres
Pseudomonadota,RM_Type_IIG
Pseudomonadota,RM_Type_IIG
Pseudomonadota,Thoeris
Pseudomonadota,DpnI
Pseudomonadota,dCTPdeaminase
Acidobacteriota,AbiE
Acidobacteriota,RM_Type_IIG
Acidobacteriota,SoFIC
Acidobacteriota,RM_Type_I
Acidobacteriota,Shango
Acidobacteriota,MazEF
Acidobacteriota,RM_Type_IIG
Acidobacteriota,CBASS
Acidobacteriota,RM_Type_IIG
Acidobacteriota,CapRel
Acidobacteriota,RM_Type_I
Acidobacteriota,RM_Type_IIG
Acidobacteriota,Ceres
Pseudomonadota,Wadjet
Pseudomonadota,AbiE
Pseudomonadota,RM_Type_I
Pseudomonadota,BREX
Pseudomonadota,RM_Type_I
Pseudomonadota,Other_Type_IV
Pseudomonadota,MADS3-4
Pseudomonadota,RM_Type_I
Pseudomonadota,Shedu
Pseudomonadota,Armada
Pseudomonadota,RM_Type_IIG
Pseudomonadota,RM_Type_IIG
Pseudomonadota,SoFIC
Pseudomonadota,HEC-06
Pseudomonadota,Septu
Pseudomonadota,RM_Type_I
Pseudomonadota,RloC
Pseudomonadota,RM_Type_I
Pseudomonadota,Zorya
Pseudomonadota,RM_Type_IIG
Pseudomonadota,Cas
Pseudomonadota,SspBCDE
Pseudomonadota,Cas
Gemmatimonadota,Ceres
Gemmatimonadota,RloC
Pseudomonadota,McrBC
Pseudomonadota,SNIPE
Pseudomonadota,CapRel
Pseudomonadota,Olokun
Pseudomonadota,RM_Type_IIG
Pseudomonadota,Gao_Qat
Planctomycetota,BstA
Planctomycetota,SoFIC
Planctomycetota,Aristaios
Planctomycetota,Cas
Planctomycetota,VcaM4I
Planctomycetota,Avs
Planctomycetota,Cas
Planctomycetota,AbiE
Planctomycetota,BstA
Planctomycetota,Cas
Planctomycetota,DS-17
Planctomycetota,Cas
Planctomycetota,Cas
Planctomycetota,Cas
Actinomycetota,Ceres
Pseudomonadota,Ceres
Pseudomonadota,DUF262_Shlafen
Pseudomonadota,RM_Type_IIG
Pseudomonadota,Aristaios
Hydrogenedentota,Cas
Hydrogenedentota,RM_Type_IIG
Hydrogenedentota,RM_Type_II
Hydrogenedentota,Cas
Hydrogenedentota,RM_Type_III
Hydrogenedentota,Cas
Hydrogenedentota,RloC
Hydrogenedentota,Cas
Hydrogenedentota,Cas
Hydrogenedentota,Cas
Hydrogenedentota,Cas
Hydrogenedentota,RM_Type_II
Hydrogenedentota,Cas
Hydrogenedentota,RM_Type_IIG
Nitrospirota,SoFIC
Nitrospirota,Retron
Actinomycetota,VP1851
Actinomycetota,Ceres
Planctomycetota,AbiE
Planctomycetota,RM_Type_I
Planctomycetota,Kiwa
Planctomycetota,RM_Type_I
Planctomycetota,SEFIR
Planctomycetota,Sirona
Planctomycetota,Prometheus
Planctomycetota,AbiE
Planctomycetota,AbiE
Planctomycetota,Prometheus
Planctomycetota,AbiE
Pseudomonadota,Prometheus
Pseudomonadota,Cas
Pseudomonadota,Shedu
Pseudomonadota,RM_Type_I
Gemmatimonadota,Ceres
Gemmatimonadota,SoFIC
Actinomycetota,Septu
Pseudomonadota,Lamassu-Fam
Pseudomonadota,DS-20
Pseudomonadota,RM_Type_IIG
Pseudomonadota,Avs
Pseudomonadota,RM_Type_I
Pseudomonadota,McrBC
Gemmatimonadota,MazEF
Planctomycetota,Cas
Planctomycetota,RM_Type_I
Planctomycetota,Prometheus
Planctomycetota,AbiD
Planctomycetota,RM_Type_III
Planctomycetota,Gabija
Planctomycetota,PD-Lambda-5
Planctomycetota,Thoeris
Planctomycetota,pAgo
Acidobacteriota,AbiE
Nitrospirota,DS-24
Actinomycetota,DS-17
Actinomycetota,VP1851
Pseudomonadota,SoFIC
Pseudomonadota,RM_Type_II
Acidobacteriota,HEC-09
Acidobacteriota,Cas
Acidobacteriota,RM_Type_II
Acidobacteriota,RM_Type_I
Acidobacteriota,PD-T7-2
Acidobacteriota,Wadjet
Acidobacteriota,RM_Type_I
Acidobacteriota,SspBCDE
Acidobacteriota,RM_Type_I
Acidobacteriota,RloC
Acidobacteriota,Cas
Acidobacteriota,RM_Type_III
Acidobacteriota,RM_Type_II
Acidobacteriota,Paris
Acidobacteriota,PfiAT
Acidobacteriota,VcaM4I
Acidobacteriota,Armada
Acidobacteriota,RM_Type_IIG
Acidobacteriota,RM_Type_IIG
Acidobacteriota,BREX
Acidobacteriota,Cas
Acidobacteriota,RM_Type_III
Acidobacteriota,Gao_Mza
Acidobacteriota,Cas
Acidobacteriota,RM_Type_IIG
Acidobacteriota,SoFIC
Acidobacteriota,MazEF
Pseudomonadota,RM_Type_II
Pseudomonadota,AbiAlpha
Pseudomonadota,Lugos
Pseudomonadota,RM_Type_II
Pseudomonadota,Dag
Pseudomonadota,Wadjet
Pseudomonadota,Ceres
Pseudomonadota,Dag
Pseudomonadota,SoFIC
Pseudomonadota,RM_Type_I
Pseudomonadota,RM_Type_I
Myxococcota_A,SanaTA
Myxococcota_A,SEFIR
Myxococcota_A,DS-17
Pseudomonadota,Tiamat
Pseudomonadota,RM_Type_II
Pseudomonadota,Gabija
Pseudomonadota,Aristaios
Pseudomonadota,Ceres
Pseudomonadota,RloC
Pseudomonadota,SoFIC
Pseudomonadota,Paris
Pseudomonadota,Ceres
Myxococcota_A,AbiE
Myxococcota_A,HEC-09
Myxococcota_A,Aristaios
Myxococcota_A,RM_Type_IIG
Myxococcota_A,Thoeris
Myxococcota_A,DRT-like_UG
Myxococcota_A,Azaca
Myxococcota_A,Avs
Planctomycetota,Prometheus
Planctomycetota,SoFIC
Planctomycetota,DS-11
Planctomycetota,RM_Type_IIG
Planctomycetota,Wadjet
Planctomycetota,RM_Type_IIG
Planctomycetota,SoFIC
Planctomycetota,RM_Type_IIG
Planctomycetota,AbiP2
Planctomycetota,pAgo
Planctomycetota,RM_Type_II
Gemmatimonadota,MazEF
Gemmatimonadota,Ceres
Gemmatimonadota,RM_Type_I
Gemmatimonadota,AbiE
Gemmatimonadota,SoFIC
Gemmatimonadota,SoFIC
Bacteroidota,Ceres
Bacteroidota,RM_Type_IIG
Bacteroidota,PD-T7-2
Bacteroidota,SanaTA
Bacteroidota,RM_Type_IIG
Bacteroidota,RM_Type_IIG
Bacteroidota,Wadjet
Gemmatimonadota,Ceres
Pseudomonadota,RM_Type_I
Pseudomonadota,HEC-01
Pseudomonadota,HEC-09
Pseudomonadota,RM_Type_IIG
Pseudomonadota,SoFIC
Pseudomonadota,DS-1
Pseudomonadota,Wadjet
Pseudomonadota,HEC-01
Pseudomonadota,SoFIC
Pseudomonadota,Ceres
Pseudomonadota,RM_Type_I
Pseudomonadota,DarTG
Pseudomonadota,Shango
Pseudomonadota,Cas
Planctomycetota,RM_Type_I
Planctomycetota,Cas
Planctomycetota,Rugutis
Planctomycetota,RM_Type_IIG
Planctomycetota,Cas
Planctomycetota,RM_Type_IIG
Pseudomonadota,RM_Type_II
Pseudomonadota,MazEF
Pseudomonadota,AbiD
Pseudomonadota,RM_Type_II
Planctomycetota,MazEF
Planctomycetota,Prometheus
Planctomycetota,Cas
Planctomycetota,RM_Type_IIG
Planctomycetota,RM_Type_II
Planctomycetota,AbiE
Planctomycetota,RM_Type_II
Planctomycetota,Cas
Planctomycetota,Prometheus
Planctomycetota,MADS3-4
Planctomycetota,RM_Type_II
Planctomycetota,RM_Type_IIG
Planctomycetota,RM_Type_IIG
Planctomycetota,RM_Type_I
Planctomycetota,Cas
Planctomycetota,Damona
Planctomycetota,RM_Type_II
Planctomycetota,RM_Type_IIG
Planctomycetota,RM_Type_I
Planctomycetota,RM_Type_IIG
Planctomycetota,RM_Type_II
Planctomycetota,RM_Type_II
Planctomycetota,RM_Type_IIG
Planctomycetota,dCTPdeaminase
Planctomycetota,SoFIC
Planctomycetota,SoFIC
Planctomycetota,HEC-09
Pseudomonadota,DpnI
Pseudomonadota,SspBCDE
Pseudomonadota,Gabija
Pseudomonadota,RM_Type_I
Pseudomonadota,RM_Type_III
Pseudomonadota,Hma
Pseudomonadota,CBASS
Pseudomonadota,VP1853
Pseudomonadota,RM_Type_I
Pseudomonadota,DarTG
Pseudomonadota,6A_MBL
Pseudomonadota,Cas
Pseudomonadota,VcaM4I
Pseudomonadota,RM_Type_IIG
Pseudomonadota,Cas
Pseudomonadota,RM_Type_I
Pseudomonadota,Aristaios
Pseudomonadota,RAZR
Pseudomonadota,DRT
Pseudomonadota,HEC-09
Pseudomonadota,Ceres
Pseudomonadota,PD-T7-1
Pseudomonadota,Lit
Pseudomonadota,AbiE
Planctomycetota,RM_Type_IIG
Planctomycetota,RM_Type_I
Planctomycetota,Cas
Planctomycetota,RM_Type_IIG
Planctomycetota,Gao_Iet
Planctomycetota,RM_Type_IIG
Pseudomonadota,PD-T4-7
Pseudomonadota,AbiU
Pseudomonadota,RM_Type_II
Pseudomonadota,PD-Lambda-5
Pseudomonadota,Ceres
Pseudomonadota,Ceres
Pseudomonadota,MazEF
Pseudomonadota,AbiU
Actinomycetota,CBASS
Actinomycetota,Hna
Actinomycetota,AbiAlpha
Gemmatimonadota,DarTG
Gemmatimonadota,Ceres
Gemmatimonadota,Wadjet
Gemmatimonadota,SspBCDE
Gemmatimonadota,RM_Type_I
Pseudomonadota,Zorya
Pseudomonadota,Ceres
Pseudomonadota,RM_Type_III
Pseudomonadota,RM_Type_I
Pseudomonadota,RM_Type_I
Pseudomonadota,SoFIC
Pseudomonadota,Ceres
Pseudomonadota,Cas
Pseudomonadota,Cas
Pseudomonadota,RM_Type_II
Pseudomonadota,RM_Type_IIG
Pseudomonadota,Cas
Pseudomonadota,DarTG
Pseudomonadota,Shango
Tectomicrobia,Wadjet
Tectomicrobia,BREX
Tectomicrobia,BREX
Tectomicrobia,Prithvi
Tectomicrobia,BREX
Tectomicrobia,BREX
Tectomicrobia,RM_Type_II
Tectomicrobia,Avs
Tectomicrobia,HEC-01
Desulfobacterota_B,RM_Type_I
Desulfobacterota_B,RloC
Desulfobacterota_B,Cas
Desulfobacterota_B,Prometheus
Desulfobacterota_B,Prometheus
Desulfobacterota_B,Hailong
Desulfobacterota_B,RM_Type_III
Desulfobacterota_B,SspBCDE
Desulfobacterota_B,Cas
Desulfobacterota_B,BREX
Desulfobacterota_B,RloC
Desulfobacterota_B,RloC
Desulfobacterota_B,DS-20
Pseudomonadota,RM_Type_I
Pseudomonadota,Aristaios
Pseudomonadota,DS-8
Pseudomonadota,Hna
Pseudomonadota,SoFIC
Pseudomonadota,AbiE
Pseudomonadota,RM_Type_I
Pseudomonadota,CBASS
Gemmatimonadota,Ceres
Gemmatimonadota,SoFIC
Gemmatimonadota,RM_Type_I
Gemmatimonadota,RM_Type_IIG
Gemmatimonadota,RM_Type_IIG
Gemmatimonadota,RM_Type_III
Pseudomonadota,Dag
Pseudomonadota,Lugos
Pseudomonadota,Ceres
Pseudomonadota,Lugos
Pseudomonadota,SanaTA
Actinomycetota,Wadjet
Bacteroidota,AbiE
Bacteroidota,DRT-like_UG
Bacteroidota,RM_Type_II
Bacteroidota,DarTG
Bacteroidota,Septu
Bacteroidota,RM_Type_II
Bacteroidota,McrBC
Bacteroidota,Shedu
Bacteroidota,Damona
Bacteroidota,SanaTA
Bacteroidota,AbiE
Bacteroidota,Ceres
Bacteroidota,Cas
Bacteroidota,Belisama
Bacteroidota,Belisama
Bacteroidota,pAgo
Bacteroidota,SoFIC
Pseudomonadota,SEFIR
Pseudomonadota,Cas
Planctomycetota,Aristaios
Pseudomonadota,Dnd
Planctomycetota,Cas
Actinomycetota,VP1851
Actinomycetota,Esos
Actinomycetota,Prometheus
Actinomycetota,RM_Type_I
Actinomycetota,RM_Type_I
Myxococcota_A,RM_Type_I
Myxococcota_A,AbiE
Planctomycetota,Wadjet
Planctomycetota,RM_Type_I
Actinomycetota,CBASS
Actinomycetota,BREX
Actinomycetota,Lanthiphage
Actinomycetota,Lanthiphage
Actinomycetota,Lanthiphage
Actinomycetota,RM_Type_II
Actinomycetota,RM_Type_IIG
Pseudomonadota,Avs
Pseudomonadota,Ceres
Pseudomonadota,Ceres
Pseudomonadota,McrBC
Planctomycetota,ShosTA
Planctomycetota,RM_Type_I
Planctomycetota,RM_Type_II
Planctomycetota,DS-17
Planctomycetota,McrBC
Planctomycetota,Cas
Pseudomonadota,DS-17
Pseudomonadota,Cas
Pseudomonadota,RM_Type_IIG
Pseudomonadota,RM_Type_II
Pseudomonadota,RM_Type_I
Pseudomonadota,RM_Type_IIG
Pseudomonadota,AbiE
Pseudomonadota,RM_Type_IIG
Pseudomonadota,dCTPdeaminase
Pseudomonadota,Paris
Pseudomonadota,RM_Type_IIG
Pseudomonadota,RM_Type_I
Pseudomonadota,Cas
Pseudomonadota,Cas
Pseudomonadota,SoFIC
Pseudomonadota,Cas
Pseudomonadota,Shango
Pseudomonadota,Wadjet
Pseudomonadota,RM_Type_IIG
Pseudomonadota,RM_Type_I
Actinomycetota,Ceres
Actinomycetota,Ceres
Planctomycetota,Cas
Planctomycetota,RM_Type_IIG
Planctomycetota,VP1840
Planctomycetota,RM_Type_I
Planctomycetota,Lamassu-Fam
Planctomycetota,RM_Type_I
Planctomycetota,DS-12B
Gemmatimonadota,Ceres
Gemmatimonadota,SoFIC
Actinomycetota,AbiAlpha
Actinomycetota,Ceres
Gemmatimonadota,CBASS
Gemmatimonadota,Ceres
Gemmatimonadota,HEC-09
Pseudomonadota,SoFIC
Pseudomonadota,Aristaios
Pseudomonadota,Cas
Pseudomonadota,RM_Type_I
Pseudomonadota,RM_Type_III
Pseudomonadota,Prometheus
Planctomycetota,Wadjet
Planctomycetota,MazEF
Planctomycetota,MazEF
Sumerlaeota,Sirona
Sumerlaeota,Prithvi
Planctomycetota,DISARM
Planctomycetota,Prometheus
Planctomycetota,Cas
Planctomycetota,GmrSD_RM_Type_IV
Planctomycetota,SoFIC
Planctomycetota,AbiE
Pseudomonadota,DS-12B
Pseudomonadota,Cas
Pseudomonadota,SoFIC
Pseudomonadota,McrBC
Pseudomonadota,Cas
Pseudomonadota,HEC-01
Pseudomonadota,RM_Type_I
Pseudomonadota,RM_Type_IIG
Pseudomonadota,RM_Type_IIG
Pseudomonadota,Gabija
Pseudomonadota,Cas
Pseudomonadota,RM_Type_II
Pseudomonadota,RM_Type_I
Pseudomonadota,Cas
Pseudomonadota,Cas
Pseudomonadota,PsyrTA
Pseudomonadota,McrBC
Pseudomonadota,RM_Type_I
Pseudomonadota,Cas
Pseudomonadota,BREX
Pseudomonadota,Cas
Pseudomonadota,RM_Type_IIG
Pseudomonadota,MazEF
Pseudomonadota,CapRel
Pseudomonadota,RM_Type_I
Pseudomonadota,RM_Type_I
Pseudomonadota,BREX
Pseudomonadota,RM_Type_I
Pseudomonadota,RloC
Pseudomonadota,RM_Type_I
Chloroflexota,Wadjet
Chloroflexota,Ceres
Chloroflexota,McrBC
Chloroflexota,Tiamat
Chloroflexota,Prometheus
Pseudomonadota,Shedu
Hydrogenedentota,RM_Type_II
Hydrogenedentota,RM_Type_II
Hydrogenedentota,RM_Type_III
Hydrogenedentota,SanaTA
Hydrogenedentota,RM_Type_I
Hydrogenedentota,DarTG
Hydrogenedentota,PD-Lambda-5
Hydrogenedentota,RM_Type_II
Hydrogenedentota,PhiR12.1_MorcDcm
Hydrogenedentota,PhiR12.1_MorcDcm
Hydrogenedentota,RM_Type_II
Hydrogenedentota,RM_Type_II
Hydrogenedentota,RM_Type_II
Hydrogenedentota,VP1839
Hydrogenedentota,Avs
Hydrogenedentota,Sirona
Pseudomonadota,GAPS2
Pseudomonadota,TgvAB
Pseudomonadota,Viperin
Pseudomonadota,AbiE
Pseudomonadota,Old_exonuclease
Pseudomonadota,dGTPase
Pseudomonadota,Shango
Pseudomonadota,RM_Type_I
Pseudomonadota,AbiZ
Pseudomonadota,DRT
Pseudomonadota,Lugos
Pseudomonadota,RM_Type_I
Pseudomonadota,AbiD
Pseudomonadota,Wadjet
Pseudomonadota,Belisama
Pseudomonadota,RM_Type_II
Pseudomonadota,Rugutis
Pseudomonadota,TgvAB
Pseudomonadota,RM_Type_I
Bacillota,AbiD
Bacillota,Hesat
Bacillota,RM_Type_IIG
Bacillota,McrBC
Bacillota,Abi2
Bacillota,CBASS
Bacillota,VP1851
Bacillota,Other_Type_IV
Pseudomonadota,Belisama
Pseudomonadota,Lamassu-Fam
Pseudomonadota,HEC-05
Pseudomonadota,RloC
Pseudomonadota,McrBC
Pseudomonadota,dGTPase
Pseudomonadota,GAPS2
Pseudomonadota,RM_Type_I
Pseudomonadota,CapRel
Pseudomonadota,MazEF
Pseudomonadota,Lugos
Pseudomonadota,Cas
Pseudomonadota,AbiE
Pseudomonadota,RM_Type_I
Pseudomonadota,RM_Type_III
Pseudomonadota,Erebus
Pseudomonadota,EcoKMcrA
Pseudomonadota,Cas
Pseudomonadota,RM_Type_II
Actinomycetota,Wadjet
Actinomycetota,Dag
Actinomycetota,Wadjet
Actinomycetota,CARD_NLR
Actinomycetota,RM_Type_IIG
Actinomycetota,RM_Type_IIG
Actinomycetota,Ceres
Actinomycetota,DS-24
Actinomycetota,DRT
Actinomycetota,McrBC
Actinomycetota,RM_Type_II
Actinomycetota,CBASS
Actinomycetota,MMB_gp29_gp30
Actinomycetota,RM_Type_IIG
Actinomycetota,CBASS
Actinomycetota,SNIPE
Actinomycetota,Prometheus
Actinomycetota,Uzume
Actinomycetota,Ceres
Actinomycetota,Wadjet
Pseudomonadota,dGTPase
Pseudomonadota,SEFIR
Pseudomonadota,Dnd
Pseudomonadota,Gao_Upx
Pseudomonadota,AbiU
Pseudomonadota,Belisama
Pseudomonadota,SpbK
Pseudomonadota,AbiD
Pseudomonadota,SoFIC
Pseudomonadota,Gabija
Pseudomonadota,Aristaios
Pseudomonadota,SoFIC
Pseudomonadota,Thoeris
Pseudomonadota,Prometheus
Pseudomonadota,AbiD
Pseudomonadota,Gabija
Pseudomonadota,Aristaios
Pseudomonadota,Lugos
Pseudomonadota,Shedu
Pseudomonadota,HEC-09
Pseudomonadota,RM_Type_I
Pseudomonadota,Lamassu-Fam
Pseudomonadota,Dionysus
Pseudomonadota,Druantia
Pseudomonadota,RM_Type_IIG
Pseudomonadota,Wadjet
Pseudomonadota,Kiwa
Pseudomonadota,RM_Type_I
Pseudomonadota,Other_Type_IV
Pseudomonadota,PD-T7-2
Pseudomonadota,RM_Type_I
Pseudomonadota,Cas
Pseudomonadota,Septu
Pseudomonadota,Aristaios
Pseudomonadota,Damona
Pseudomonadota,Dsr
Pseudomonadota,dGTPase
Bacillota,VcaM4I
Bacillota,Ceres
Pseudomonadota,CBASS
Pseudomonadota,Shango
Pseudomonadota,RM_Type_I
Pseudomonadota,dGTPase
Pseudomonadota,Lamassu-Fam
Pseudomonadota,SNIPE
Bacillota,VcaM4I
Bacillota,Ceres
Actinomycetota,CBASS
Actinomycetota,Wadjet
Actinomycetota,Ceres
Actinomycetota,McrBC
Pseudomonadota,Lamassu-Fam
Pseudomonadota,DRT
Pseudomonadota,AbiE
Pseudomonadota,RM_Type_I
Pseudomonadota,SoFIC
Pseudomonadota,Kiwa
Pseudomonadota,PD-T7-1
Pseudomonadota,Lugos
Pseudomonadota,RM_Type_I
Pseudomonadota,Aristaios
Pseudomonadota,RM_Type_II
Bacillota,Other_Type_IV
Pseudomonadota,DS-27
Pseudomonadota,Lugos
Pseudomonadota,Rugutis
Pseudomonadota,Lamassu-Fam
Pseudomonadota,Shango
Pseudomonadota,Gabija
Pseudomonadota,RM_Type_II
Pseudomonadota,MspJI
Pseudomonadota,MspJI
Pseudomonadota,NLR
Pseudomonadota,PD-T7-2
Pseudomonadota,AbiD
Pseudomonadota,Gabija
Pseudomonadota,dGTPase
Pseudomonadota,Belisama
Pseudomonadota,RM_Type_I
Pseudomonadota,Cas
Pseudomonadota,DarTG
Pseudomonadota,MqsRAC
Pseudomonadota,RM_Type_I
Pseudomonadota,PD-T7-2
Pseudomonadota,RM_Type_I
Pseudomonadota,RloC
Pseudomonadota,Lamassu-Fam
Pseudomonadota,RM_Type_I
Pseudomonadota,RloC
Pseudomonadota,CapRel
Pseudomonadota,Dnd
Pseudomonadota,GAPS2
Pseudomonadota,dGTPase
Pseudomonadota,Gao_Mza
Pseudomonadota,Nantosuelta
Pseudomonadota,Belisama
Pseudomonadota,Cas
Pseudomonadota,SNIPE
Pseudomonadota,PD-T4-3
Pseudomonadota,RM_Type_I
Bacillota,Mokosh
Bacillota,gcu233
Actinomycetota,Menshen
Actinomycetota,AbiE
Pseudomonadota,DRT
Pseudomonadota,Clover
Pseudomonadota,SoFIC
Pseudomonadota,Aristaios
Pseudomonadota,DS-36
Pseudomonadota,RM_Type_I
Pseudomonadota,TgvAB
Pseudomonadota,Lamassu-Fam
Pseudomonadota,NLR
Pseudomonadota,CBASS
Actinomycetota,Prometheus
Actinomycetota,AbiE
Actinomycetota,Wadjet
Actinomycetota,Ceres
Actinomycetota,Zorya
Pseudomonadota,dGTPase
Pseudomonadota,SNIPE
Pseudomonadota,Belisama
Pseudomonadota,VcaM4I
Pseudomonadota,TagI
Pseudomonadota,Belisama
Pseudomonadota,SoFIC
Bacillota,gcu233
Pseudomonadota,dGTPase
Pseudomonadota,dGTPase
Pseudomonadota,Belisama
Pseudomonadota,PD-T4-7
Pseudomonadota,AbiE
Pseudomonadota,RM_Type_III
Pseudomonadota,6A_MBL
Pseudomonadota,CBASS
Pseudomonadota,RAZR
Pseudomonadota,PfiAT
Pseudomonadota,CBASS
Pseudomonadota,Reve
Pseudomonadota,ENDPaCF1
Pseudomonadota,Belisama
Pseudomonadota,Aristaios
Pseudomonadota,SEFIR
Pseudomonadota,ApsAB
Pseudomonadota,gcuWGS21
Pseudomonadota,AbiL
Pseudomonadota,Thoeris
Pseudomonadota,Dsr
Pseudomonadota,Lamassu-Fam
Pseudomonadota,AbiL
Pseudomonadota,Gao_Iet
Pseudomonadota,Thoeris
Pseudomonadota,BstA
Pseudomonadota,AbiAlpha
Pseudomonadota,Paris
Pseudomonadota,Lamassu-Fam
Pseudomonadota,PD-Lambda-5
Pseudomonadota,Cas
Pseudomonadota,Gabija
Pseudomonadota,Dnd
Pseudomonadota,McrBC
Pseudomonadota,RM_Type_I
Pseudomonadota,Cas
Pseudomonadota,Dsr
Pseudomonadota,McrBC
Pseudomonadota,RM_Type_I
Pseudomonadota,Avs
Pseudomonadota,MADS
Pseudomonadota,Aristaios
Pseudomonadota,Rugutis
Pseudomonadota,RM_Type_I
Pseudomonadota,PD-T7-5
Pseudomonadota,DRT
Pseudomonadota,Hachiman
Pseudomonadota,Lamassu-Fam
Pseudomonadota,PD-T4-7
Pseudomonadota,SspBCDE
Pseudomonadota,Shedu
Pseudomonadota,Gabija
Pseudomonadota,Mokosh
Pseudomonadota,RM_Type_I
Pseudomonadota,dGTPase
Pseudomonadota,Septu
Pseudomonadota,RM_Type_II
Pseudomonadota,DS-39
Pseudomonadota,RM_Type_I
Pseudomonadota,CBASS
Pseudomonadota,AbiH
Pseudomonadota,PD-T7-2
Pseudomonadota,Eleos
Pseudomonadota,RM_Type_I
Pseudomonadota,Mokosh
Pseudomonadota,Cas
Pseudomonadota,Cas
Pseudomonadota,Dag
Pseudomonadota,McrBC
Pseudomonadota,dGTPase
Pseudomonadota,GAPS2
Pseudomonadota,RloC
Pseudomonadota,DS-38
Pseudomonadota,CBASS
Pseudomonadota,AbiH
Pseudomonadota,dCTPdeaminase
Pseudomonadota,RM_Type_I
Pseudomonadota,HEC-03
Pseudomonadota,SNIPE
Pseudomonadota,RAZR
Pseudomonadota,Olokun
Pseudomonadota,Sucellos
Pseudomonadota,CBASS
Pseudomonadota,Thoeris
Pseudomonadota,EcoKMcrA
Pseudomonadota,RM_Type_I
Pseudomonadota,VcaM4I
Pseudomonadota,Lamassu-Fam
Pseudomonadota,CBASS
Pseudomonadota,FS_GIY_YIG
Pseudomonadota,RM_Type_I
Pseudomonadota,Kiwa
Pseudomonadota,RM_Type_II
Pseudomonadota,PD-T7-5
Pseudomonadota,AbiD
Pseudomonadota,SanaTA
Pseudomonadota,RM_Type_I
Pseudomonadota,Aristaios
Pseudomonadota,McrBC
Pseudomonadota,RM_Type_I
Pseudomonadota,Aristaios
Pseudomonadota,dGTPase
Pseudomonadota,PfiAT
Bacillota,gcu233
Bacillota,gcu233
Pseudomonadota,Toga
Pseudomonadota,RM_Type_I
Pseudomonadota,MspJI
Pseudomonadota,dGTPase
Pseudomonadota,SoFIC
Pseudomonadota,RM_Type_I
Pseudomonadota,Septu
Pseudomonadota,Other_Type_IV
Pseudomonadota,Nantosuelta
Pseudomonadota,NLR
Pseudomonadota,SanaTA
Pseudomonadota,Retron
Pseudomonadota,GAPS2
Pseudomonadota,dCTPdeaminase
Pseudomonadota,Belisama
Pseudomonadota,Avs
Pseudomonadota,Kiwa
Pseudomonadota,Cas
Pseudomonadota,Belisama
Pseudomonadota,PfiAT
Pseudomonadota,PfiAT
Pseudomonadota,Cas
Pseudomonadota,Belisama
Pseudomonadota,GAPS2
Pseudomonadota,SanaTA
Pseudomonadota,McrBC
Pseudomonadota,dGTPase
Pseudomonadota,Aristaios
Pseudomonadota,Esos
Pseudomonadota,Nemetona
Bacillota,Other_Type_IV
Bacillota,RM_Type_I
Bacillota,VP1839
Pseudomonadota,Gao_RL
Pseudomonadota,DarTG
Pseudomonadota,Lamassu-Fam
Pseudomonadota,RM_Type_II
Bacillota,Ceres
Pseudomonadota,Lamassu-Fam
Pseudomonadota,Ceres
Pseudomonadota,RM_Type_IIG
Pseudomonadota,AbiE
Pseudomonadota,Aristaios
Pseudomonadota,ScoMcrA
Pseudomonadota,AbiE
Pseudomonadota,SoFIC
Pseudomonadota,SoFIC
Pseudomonadota,Ceres
Pseudomonadota,SoFIC
Pseudomonadota,dCTPdeaminase
Pseudomonadota,Wadjet
Pseudomonadota,SNIPE
Pseudomonadota,SoFIC
Pseudomonadota,AbiE
Pseudomonadota,AbiE
Pseudomonadota,HEC-09
Pseudomonadota,Sirona
Pseudomonadota,PfiAT
Pseudomonadota,RosmerTA
Pseudomonadota,dGTPase
Bacteroidota,AbiH
Bacteroidota,Ceres
Bacteroidota,PD-T4-1
Bacteroidota,RM_Type_II
Bacteroidota,RM_Type_I
Bacteroidota,Lamassu-Fam
Bacteroidota,Dag
Bacteroidota,RM_Type_II
Bacteroidota,Resolvase_Schlafen
Bacteroidota,Aristaios
Bacteroidota,gcu233
Gemmatimonadota,SoFIC
Gemmatimonadota,SoFIC
Pseudomonadota,RM_Type_I
Pseudomonadota,Cas
Pseudomonadota,Cas
Pseudomonadota,Cas
Pseudomonadota,SoFIC
Pseudomonadota,HEC-02
Pseudomonadota,Cas
Pseudomonadota,RM_Type_II
Pseudomonadota,Wadjet
Pseudomonadota,RM_Type_I
Pseudomonadota,AbiD
Pseudomonadota,RM_Type_I
Acidobacteriota,RosmerTA
Acidobacteriota,RM_Type_IIG
Acidobacteriota,McrBC
Acidobacteriota,RM_Type_IIG
Acidobacteriota,Septu
Acidobacteriota,Ceres
Acidobacteriota,RM_Type_II
Gemmatimonadota,Cas
Gemmatimonadota,Ceres
Acidobacteriota,RM_Type_IIG
Acidobacteriota,McrBC
Acidobacteriota,RM_Type_IIG
Acidobacteriota,Prometheus
Acidobacteriota,Septu
Acidobacteriota,MazEF
Chloroflexota,VP1840
Chloroflexota,MazEF
Chloroflexota,pAgo
Pseudomonadota,Belisama
Pseudomonadota,MazEF
Chloroflexota,RM_Type_IIG
Chloroflexota,Cas
Chloroflexota,pAgo
Chloroflexota,Cas
Chloroflexota,Ceres
Chloroflexota,Cas
Chloroflexota,Cas
Chloroflexota,Eleos
Chloroflexota,RM_Type_IIG
Chloroflexota,Cas
Chloroflexota,Azaca
Chloroflexota,Cas
Chloroflexota,Cas
Chloroflexota,Cas
Cyanobacteriota,Esos
Cyanobacteriota,Paris
Cyanobacteriota,Cas
Cyanobacteriota,Cas
Cyanobacteriota,RM_Type_II
Cyanobacteriota,Cas
Cyanobacteriota,Cas
Cyanobacteriota,Cas
Cyanobacteriota,RM_Type_II
Cyanobacteriota,pAgo
Cyanobacteriota,SoFIC
Cyanobacteriota,HEC-02
Cyanobacteriota,Cas
Cyanobacteriota,MazEF
Cyanobacteriota,HEC-05
Cyanobacteriota,Cas
Cyanobacteriota,Esos
Cyanobacteriota,Eleos
Cyanobacteriota,DS-6
Cyanobacteriota,RM_Type_IIG
Bacteroidota,SanaTA
Bacteroidota,Septu
Bacteroidota,Wadjet
Bacteroidota,CBASS
Bacteroidota,AbiE
Bacteroidota,RM_Type_II
Bacteroidota,Wadjet
Bacteroidota,AbiL
Bacteroidota,SoFIC
Bacteroidota,Mokosh
Bacteroidota,Cas
Bacteroidota,Ceres
Bacteroidota,Ceres
Bacteroidota,Cas
Bacteroidota,Gao_TerY
Pseudomonadota,Prometheus
Pseudomonadota,Ceres
Pseudomonadota,RM_Type_IIG
Pseudomonadota,McrBC
Chloroflexota,BREX
Chloroflexota,Cas
Chloroflexota,Cas
Chloroflexota,Cas
Chloroflexota,Eleos
Chloroflexota,pAgo
Chloroflexota,AbiU
Chloroflexota,RM_Type_IIG
Cyanobacteriota,MazEF
Chloroflexota,pAgo
Chloroflexota,RM_Type_IIG
Chloroflexota,Cas
Chloroflexota,RM_Type_II
Chloroflexota,HEC-07
Chloroflexota,Aristaios
Chloroflexota,RM_Type_II
Chloroflexota,Retron
Cyanobacteriota,RM_Type_II
Cyanobacteriota,DUF262_Shlafen
Cyanobacteriota,Cas
Cyanobacteriota,Eleos
Cyanobacteriota,Eleos
Cyanobacteriota,Cas
Cyanobacteriota,AbiU
Cyanobacteriota,Cas
Cyanobacteriota,Esos
Cyanobacteriota,Cas
Cyanobacteriota,RM_Type_II
Cyanobacteriota,Shango
Cyanobacteriota,RM_Type_II
Cyanobacteriota,RM_Type_I
Cyanobacteriota,Cas
Cyanobacteriota,Cas
Cyanobacteriota,Cas
Cyanobacteriota,Cas
Cyanobacteriota,CBASS
Cyanobacteriota,Cas
Cyanobacteriota,Cas
Cyanobacteriota,DRT-like_UG
Cyanobacteriota,RM_Type_I
Cyanobacteriota,RM_Type_IIG
Cyanobacteriota,Cas
Cyanobacteriota,Cas
Cyanobacteriota,RM_Type_II
Cyanobacteriota,Cas
Cyanobacteriota,McrBC
Cyanobacteriota,RM_Type_IIG
Cyanobacteriota,RM_Type_II
Cyanobacteriota,RM_Type_I
Cyanobacteriota,Dpd
Cyanobacteriota,McrBC
Cyanobacteriota,Cas
Cyanobacteriota,Cas
Cyanobacteriota,RM_Type_IIG
Cyanobacteriota,RM_Type_IIG
Cyanobacteriota,RM_Type_II
Cyanobacteriota,Shedu
Cyanobacteriota,RM_Type_II
Cyanobacteriota,Cas
Cyanobacteriota,Cas
Bacteroidota,Retron
Bacteroidota,RM_Type_I
Bacteroidota,AbiD
Bacteroidota,Aristaios
Bacteroidota,AbiAlpha
Bacteroidota,McrBC
Bacteroidota,RM_Type_II
Bacteroidota,RM_Type_I
Bacteroidota,RM_Type_II
Bacteroidota,RM_Type_II
Bacteroidota,PhiR12.1_MorcDcm
Bacteroidota,PhiR12.1_MorcDcm
Bacteroidota,RM_Type_I
Chlamydiota,SoFIC
Chlamydiota,SoFIC
Chlamydiota,SoFIC
Bacteroidota,Ceres
Bacteroidota,SoFIC
Pseudomonadota,SoFIC
Pseudomonadota,Wadjet
Cyanobacteriota,VP1851
Cyanobacteriota,Toutatis
Cyanobacteriota,RM_Type_II
Pseudomonadota,SoFIC
Pseudomonadota,PfiAT
Pseudomonadota,Cas
Pseudomonadota,RM_Type_IIG
Pseudomonadota,RM_Type_I
Pseudomonadota,PhiR5.1_HipAD
Pseudomonadota,DarTG
Pseudomonadota,RM_Type_I
Pseudomonadota,Cas
Pseudomonadota,AbiAlpha
Pseudomonadota,RM_Type_II
Pseudomonadota,PfiAT
Pseudomonadota,AbiE
Pseudomonadota,Paris
Pseudomonadota,Tiamat
Pseudomonadota,6A_MBL
Cyanobacteriota,Esos
Cyanobacteriota,TagI
Pseudomonadota,VcaM4I
Pseudomonadota,Wadjet
Bacteroidota,Ceres
Actinomycetota,AbiAlpha
Actinomycetota,Ceres
Actinomycetota,AbiAlpha
Pseudomonadota,Lugos
Gemmatimonadota,Ceres
Verrucomicrobiota,Gao_TerY
Bacteroidota,Ceres
Pseudomonadota,Ceres
Pseudomonadota,MazEF
Pseudomonadota,MazEF
Bacteroidota,SspBCDE
Bacteroidota,Retron
Bacteroidota,AbiD
Bacteroidota,McrBC
Bacteroidota,SoFIC
Bacteroidota,Ceres
Bacteroidota,SoFIC
Bacteroidota,Gasdermin
Pseudomonadota,Ceres
Pseudomonadota,Ceres
Pseudomonadota,AbiE
Bacteroidota,Ceres
Bacteroidota,Ceres
Bacteroidota,SoFIC
Bacteroidota,AbiE
Bacteroidota,SoFIC
Bacteroidota,SoFIC
Bacteroidota,RM_Type_II
Bacteroidota,Aristaios
Bacteroidota,Ceres
Bacteroidota,RM_Type_II
Bacteroidota,SanaTA
Bacteroidota,Cas
Bacteroidota,AbiD
Bacteroidota,RM_Type_I
Pseudomonadota,RM_Type_IIG
Pseudomonadota,BREX
Pseudomonadota,Ceres
Pseudomonadota,Wadjet
Pseudomonadota,McrBC
Pseudomonadota,McrBC
Pseudomonadota,Cas
Pseudomonadota,RM_Type_II
Pseudomonadota,RM_Type_I
Pseudomonadota,McrBC
Pseudomonadota,Cas
Pseudomonadota,Cas
Bacteroidota,MazEF
Pseudomonadota,Esos
Myxococcota,Ceres
Myxococcota,PhiR47_GevAT
Myxococcota,Cas
Myxococcota,Cas
Myxococcota,Septu
Myxococcota,Cas
Pseudomonadota,RM_Type_I
Pseudomonadota,Wadjet
Planctomycetota,DS-8
Planctomycetota,Prometheus
Planctomycetota,Druantia
Planctomycetota,RM_Type_I
Planctomycetota,Kiwa
Planctomycetota,Cas
Planctomycetota,Cas
Planctomycetota,PsyrTA
Planctomycetota,DS-17
Planctomycetota,SoFIC
Planctomycetota,CBASS
Planctomycetota,RM_Type_I
Planctomycetota,Thoeris
Planctomycetota,Prometheus
Planctomycetota,Cas
Bacteroidota,Ceres
Bacteroidota,MazEF
Bacteroidota,RM_Type_II
Bacteroidota,SoFIC
Bacteroidota,SoFIC
Bacteroidota,RM_Type_II
Bacteroidota,RM_Type_I
Bacteroidota,PrrC
Myxococcota,Menshen
Myxococcota,Cas
Myxococcota,Prithvi
Myxococcota,Cas
Myxococcota,dCTPdeaminase
Bacillota,AbiL
Bacillota,RM_Type_I
Chloroflexota,RM_Type_II
Chloroflexota,pAgo
Chloroflexota,Cas
Chloroflexota,RM_Type_IIG
Chloroflexota,RM_Type_IIG
Chloroflexota,Cas
Chloroflexota,Cas
Chloroflexota,Cas
Chloroflexota,RM_Type_II
Bacteroidota,RM_Type_II
Bacteroidota,RM_Type_IIG
Bacteroidota,Cas
Bacteroidota,RM_Type_II
Bacteroidota,Cas
Bacteroidota,McrBC
Bacteroidota,RM_Type_IIG
Bacteroidota,Retron
Bacteroidota,MazEF
Bacteroidota,RM_Type_II
Myxococcota,SoFIC
Myxococcota,Cas
Myxococcota,Toutatis
Myxococcota,Shedu
Myxococcota,Cas
Pseudomonadota,Prometheus
Actinomycetota,VP1851
Pseudomonadota,BREX
Pseudomonadota,pAgo
Pseudomonadota,PsyrTA
Pseudomonadota,Cas
Pseudomonadota,Cas
Pseudomonadota,MazEF
Pseudomonadota,HEC-01
Pseudomonadota,Hma
Pseudomonadota,Aristaios
Pseudomonadota,Sirona
Pseudomonadota,DS-24
Pseudomonadota,Cernunnos
Pseudomonadota,RM_Type_I
Pseudomonadota,Dag
Pseudomonadota,PD-Lambda-6
Pseudomonadota,MazEF
Verrucomicrobiota,Aristaios
Methylomirabilota,Dag
Actinomycetota,HEC-09
Actinomycetota,Esos
Actinomycetota,VP1851
Actinomycetota,Kiwa
Pseudomonadota,Prometheus
Pseudomonadota,RM_Type_I
Pseudomonadota,Gao_Iet
Pseudomonadota,Aristaios
Pseudomonadota,SanaTA
Pseudomonadota,Lugos
Actinomycetota,SoFIC
Actinomycetota,SNIPE
Chloroflexota,Shango
Gemmatimonadota,RM_Type_IIG
Cyanobacteriota,RM_Type_II
Cyanobacteriota,Cas
Cyanobacteriota,RM_Type_II
Cyanobacteriota,Esos
Cyanobacteriota,Cas
Actinomycetota,ShosTA
Actinomycetota,SoFIC
Actinomycetota,PsyrTA
Actinomycetota,Other_Type_IV
Gemmatimonadota,MazEF
Actinomycetota,AbiE
Chloroflexota,SoFIC
