Bacteria_ID,Bacteria_phylum,BiG-SCAPE class
11-B.bin.3,Actinomycetota,PKSI
11-B.bin.3,Actinomycetota,RiPPs
11-B.bin.3,Actinomycetota,PKSI
11-B.bin.3,Actinomycetota,PKSI
11-B.bin.3,Actinomycetota,RiPPs
11-B.bin.3,Actinomycetota,PKSI
11-B.bin.3,Actinomycetota,PKSother
11-B.bin.3,Actinomycetota,Others
11-B.bin.3,Actinomycetota,PKSI
11-B.bin.3,Actinomycetota,Terpene
11-B.bin.3,Actinomycetota,PKSI
11-B.bin.3,Actinomycetota,Terpene
11-B.bin.3,Actinomycetota,Terpene
11-B.bin.3,Actinomycetota,RiPPs
11-B.bin.3,Actinomycetota,PKSother
11-C.bin.7,Bacillota,Others
11-C.bin.7,Bacillota,Others
11-C.bin.7,Bacillota,RiPPs
13-b.bin.37,Actinomycetota,RiPPs
13-b.bin.37,Actinomycetota,RiPPs
13-b.bin.37,Actinomycetota,Others
13-b.bin.77,Chloroflexota,Terpene
13-C.bin.36,Gemmatimonadota,NRPS
13-C.bin.36,Gemmatimonadota,PKSI
13-d.bin.13,Pseudomonadota,Terpene
13-d.bin.31,Pseudomonadota,NRPS
13-d.bin.31,Pseudomonadota,Terpene
14-A.bin.53,Bacteroidota,Others
14-A.bin.53,Bacteroidota,Others
14-A.bin.53,Bacteroidota,NRPS
14-A.bin.53,Bacteroidota,RiPPs
14-B.bin.23,Fibrobacterota,PKSI
14-B.bin.23,Fibrobacterota,Terpene
16-A.bin.3,Actinomycetota,NRPS
16-A.bin.3,Actinomycetota,NRPS
16-A.bin.3,Actinomycetota,NRPS
17-A.bin.43,KSB1,NRPS
17-A.bin.43,KSB1,NRPS
17-A.bin.43,KSB1,NRPS
17-A.bin.43,KSB1,RiPPs
17-A.bin.43,KSB1,NRPS
17-A.bin.43,KSB1,NRPS
17-A.bin.43,KSB1,NRPS
17-A.bin.43,KSB1,NRPS
17-A.bin.43,KSB1,PKSI
17-A.bin.43,KSB1,NRPS
17-A.bin.5,Pseudomonadota,NRPS
17-A.bin.5,Pseudomonadota,PKS-NRP_Hybrids
17-A.bin.5,Pseudomonadota,NRPS
17-A.bin.5,Pseudomonadota,NRPS
17-A.bin.5,Pseudomonadota,resorcinol
17-A.bin.5,Pseudomonadota,RiPPs
17-A.bin.5,Pseudomonadota,arylpolyene
17-C.bin.185,Pseudomonadota,NRPS
17-C.bin.185,Pseudomonadota,arylpolyene
18-A.bin.16,Actinomycetota,Others
18-A.bin.16,Actinomycetota,PKSother
18-A.bin.16,Actinomycetota,NRPS
18-A.bin.29,Actinomycetota,Terpene
18-A.bin.29,Actinomycetota,NRPS
18-A.bin.85,Actinomycetota,PKSother
1-A.bin.12,Pseudomonadota,NRPS
1-A.bin.12,Pseudomonadota,NRPS
1-A.bin.12,Pseudomonadota,NRPS
1-A.bin.12,Pseudomonadota,NRPS
1-A.bin.12,Pseudomonadota,NRPS
1-A.bin.12,Pseudomonadota,Others
1-A.bin.12,Pseudomonadota,Others
1-A.bin.12,Pseudomonadota,Others
1-A.bin.12,Pseudomonadota,PKSI
1-A.bin.12,Pseudomonadota,RiPPs
1-A.bin.12,Pseudomonadota,NRPS
1-A.bin.12,Pseudomonadota,resorcinol
1-b.bin.29,Pseudomonadota,NRPS
1-b.bin.29,Pseudomonadota,RiPPs
1-b.bin.29,Pseudomonadota,NRPS
1-b.bin.29,Pseudomonadota,NRPS
1-b.bin.29,Pseudomonadota,PKSI
1-b.bin.29,Pseudomonadota,NRPS
1-b.bin.29,Pseudomonadota,Others
1-b.bin.29,Pseudomonadota,Others
1-b.bin.29,Pseudomonadota,Others
1-b.bin.29,Pseudomonadota,arylpolyene
1-b.bin.29,Pseudomonadota,arylpolyene
1-b.bin.30,Actinomycetota,NRPS
1-b.bin.30,Actinomycetota,NRPS
1-b.bin.30,Actinomycetota,PKSother
1-b.bin.6,Gemmatimonadota,PKSother
1-d.bin.22,Actinomycetota,PKSI
1-d.bin.22,Actinomycetota,RiPPs
1-d.bin.22,Actinomycetota,Others
1-d.bin.22,Actinomycetota,Others
1-d.bin.22,Actinomycetota,Others
1-d.bin.22,Actinomycetota,NRPS
1-d.bin.22,Actinomycetota,PKSother
1-d.bin.22,Actinomycetota,Terpene
1-d.bin.22,Actinomycetota,PKSI
1-d.bin.22,Actinomycetota,NRPS
1-d.bin.22,Actinomycetota,Others
1-d.bin.22,Actinomycetota,Others
1-d.bin.22,Actinomycetota,PKSI
2-b.bin.27,Actinomycetota,RiPPs
2-b.bin.27,Actinomycetota,Terpene
4-B.bin.27,Bacteroidota,NRPS
4-B.bin.27,Bacteroidota,Terpene
4-B.bin.27,Bacteroidota,RiPPs
4-B.bin.27,Bacteroidota,arylpolyene
4-B.bin.27,Bacteroidota,resorcinol
4-B.bin.27,Bacteroidota,arylpolyene
4-B.bin.27,Bacteroidota,arylpolyene
4-B.bin.27,Bacteroidota,Others
4-B.bin.27,Bacteroidota,Others
4-B.bin.27,Bacteroidota,RiPPs
4-B.bin.27,Bacteroidota,RiPPs
4-C.bin.25,Planctomycetota,Terpene
4-C.bin.25,Planctomycetota,Terpene
4-C.bin.25,Planctomycetota,PKSother
4-C.bin.25,Planctomycetota,RiPPs
4-D.bin.19,Acidobacteriota,Others
4-D.bin.19,Acidobacteriota,arylpolyene
4-D.bin.19,Acidobacteriota,NRPS
4-D.bin.19,Acidobacteriota,PKSI
4-D.bin.19,Acidobacteriota,RiPPs
4-D.bin.19,Acidobacteriota,PKSI
4-D.bin.19,Acidobacteriota,PKS-NRP_Hybrids
4-D.bin.19,Acidobacteriota,NRPS
4-D.bin.19,Acidobacteriota,RiPPs
4-D.bin.19,Acidobacteriota,PKSother
4-D.bin.19,Acidobacteriota,PKSI
4-D.bin.19,Acidobacteriota,NRPS
4-D.bin.19,Acidobacteriota,PKSI
4-D.bin.19,Acidobacteriota,PKSI
4-D.bin.3,Pseudomonadota,arylpolyene
4-D.bin.4,Bacteroidota,arylpolyene
4-D.bin.4,Bacteroidota,arylpolyene
4-D.bin.4,Bacteroidota,Terpene
5-B.bin.13,Bacteroidota,Others
5-B.bin.13,Bacteroidota,Others
5-B.bin.13,Bacteroidota,RiPPs
5-B.bin.13,Bacteroidota,NRPS
5-B.bin.13,Bacteroidota,RiPPs
5-B.bin.13,Bacteroidota,NRPS
5-B.bin.13,Bacteroidota,Terpene
5-B.bin.13,Bacteroidota,arylpolyene
5-B.bin.13,Bacteroidota,arylpolyene
5-B.bin.13,Bacteroidota,arylpolyene
5-B.bin.13,Bacteroidota,resorcinol
5-B.bin.13,Bacteroidota,RiPPs
5-C.bin.12,Pseudomonadota,NRPS
5-C.bin.40,Bacillota,PKSother
5-C.bin.40,Bacillota,Others
5-C.bin.40,Bacillota,Others
5-C.bin.40,Bacillota,RiPPs
5-C.bin.40,Bacillota,RiPPs
5-C.bin.40,Bacillota,Terpene
5-C.bin.40,Bacillota,RiPPs
5-C.bin.40,Bacillota,RiPPs
5-C.bin.44,Bacteroidota,PKSother
5-C.bin.44,Bacteroidota,Terpene
5-C.bin.53,KSB1,NRPS
5-C.bin.53,KSB1,NRPS
5-C.bin.53,KSB1,PKSI
5-C.bin.53,KSB1,NRPS
5-C.bin.53,KSB1,PKSother
5-C.bin.53,KSB1,NRPS
5-C.bin.53,KSB1,NRPS
5-C.bin.53,KSB1,NRPS
5-C.bin.53,KSB1,PKSother
5-C.bin.53,KSB1,NRPS
5-C.bin.53,KSB1,NRPS
5-C.bin.53,KSB1,NRPS
5-C.bin.53,KSB1,PKSI
5-C.bin.53,KSB1,PKSother
5-C.bin.53,KSB1,NRPS
5-C.bin.53,KSB1,PKSother
5-C.bin.53,KSB1,NRPS
5-C.bin.53,KSB1,PKSother
5-C.bin.53,KSB1,PKSother
5-C.bin.53,KSB1,PKSother
5-C.bin.53,KSB1,PKSother
5-C.bin.53,KSB1,NRPS
5-C.bin.53,KSB1,PKSother
5-C.bin.53,KSB1,NRPS
5-D.bin.45,Actinomycetota,NRPS
6-C.bin.42,Pseudomonadota,arylpolyene
6-C.bin.42,Pseudomonadota,NRPS
6-C.bin.42,Pseudomonadota,NRPS
7-B.bin.13,Pseudomonadota,Others
7-c.bin.59,Pseudomonadota,Terpene
7-c.bin.59,Pseudomonadota,Terpene
7-c.bin.59,Pseudomonadota,NRPS
7-c.bin.59,Pseudomonadota,PKSother
7-c.bin.59,Pseudomonadota,PKSother
7-c.bin.59,Pseudomonadota,PKSI
8-a.bin.3,Actinomycetota,Terpene
8-a.bin.3,Actinomycetota,Others
8-a.bin.3,Actinomycetota,Others
8-a.bin.3,Actinomycetota,NRPS
8-a.bin.3,Actinomycetota,PKSother
8-B.bin.11,Acidobacteriota,NRPS
8-B.bin.11,Acidobacteriota,NRPS
8-B.bin.11,Acidobacteriota,RiPPs
8-B.bin.11,Acidobacteriota,Others
8-B.bin.11,Acidobacteriota,RiPPs
8-B.bin.11,Acidobacteriota,NRPS
8-B.bin.11,Acidobacteriota,NRPS
8-B.bin.11,Acidobacteriota,RiPPs
8-B.bin.11,Acidobacteriota,RiPPs
8-B.bin.11,Acidobacteriota,NRPS
8-B.bin.11,Acidobacteriota,PKSother
8-B.bin.11,Acidobacteriota,PKSother
8-B.bin.11,Acidobacteriota,RiPPs
9-A.bin.24,Pseudomonadota,arylpolyene
9-A.bin.24,Pseudomonadota,resorcinol
9-A.bin.24,Pseudomonadota,NRPS
9-A.bin.24,Pseudomonadota,NRPS
9-A.bin.24,Pseudomonadota,NRPS
9-A.bin.24,Pseudomonadota,NRPS
9-A.bin.24,Pseudomonadota,arylpolyene
9-A.bin.59,Pseudomonadota,NRPS
9-A.bin.59,Pseudomonadota,Terpene
9-A.bin.59,Pseudomonadota,Terpene
9-A.bin.81,Bacteroidota,Terpene
9-A.bin.81,Bacteroidota,PKSother
9-C.bin.2,Pseudomonadota,arylpolyene
9-C.bin.2,Pseudomonadota,RiPPs
9-C.bin.2,Pseudomonadota,resorcinol
9-D.bin.15,Chloroflexota,NRPS
9-D.bin.15,Chloroflexota,Terpene
9-D.bin.15,Chloroflexota,Terpene
9-D.bin.29,Pseudomonadota,phosphonate
9-D.bin.29,Pseudomonadota,Terpene
9-D.bin.29,Pseudomonadota,Terpene
9-D.bin.34,Acidobacteriota,RiPPs
9-D.bin.34,Acidobacteriota,Others
9-D.bin.34,Acidobacteriota,NRPS
9-D.bin.34,Acidobacteriota,Terpene
9-D.bin.55,Gemmatimonadota,Terpene
9-D.bin.55,Gemmatimonadota,NRPS
9-D.bin.55,Gemmatimonadota,PKSI
9-D.bin.55,Gemmatimonadota,NRPS
9-D.bin.55,Gemmatimonadota,PKS-NRP_Hybrids
9-D.bin.55,Gemmatimonadota,NRPS
ERR13934205.bin.11,Desulfobacterota,Terpene
ERR13934205.bin.11,Desulfobacterota,PKSother
ERR13934205.bin.11,Desulfobacterota,PKSother
ERR13934205.bin.11,Desulfobacterota,Terpene
ERR13934205.bin.11,Desulfobacterota,NRPS
ERR13934205.bin.17,Desulfobacterota,PKSI
ERR13934205.bin.17,Desulfobacterota,PKSother
ERR13934205.bin.17,Desulfobacterota,NRPS
ERR13934205.bin.17,Desulfobacterota,PKSother
ERR13934205.bin.17,Desulfobacterota,PKSI
ERR13934205.bin.17,Desulfobacterota,RiPPs
ERR13934208.bin.4,Elusimicrobiota,Terpene
ERR13934208.bin.4,Elusimicrobiota,PKSother
ERR13934208.bin.4,Elusimicrobiota,PKSother
ERR13934208.bin.4,Elusimicrobiota,PKSI
ERR13934211.bin.2,Elusimicrobiota,Terpene
ERR13934211.bin.2,Elusimicrobiota,PKSI
ERR13934211.bin.26,Bacteroidota,RiPPs
ERR13934211.bin.26,Bacteroidota,Terpene
ERR5004944.bin.7,Chloroflexota,NRPS
ERR9527525.bin.22,Bacillota_A,RiPPs
ERR9527525.bin.22,Bacillota_A,RiPPs
ERR9527525.bin.37,Bacillota_D,RiPPs
ERR9527528.bin.13,Bacteroidota,PKS-NRP_Hybrids
ERR9527528.bin.13,Bacteroidota,NRPS
ERR9527528.bin.20,Bacillota_D,RiPPs
ERR9527528.bin.31,Bacteroidota,NRPS
ERR9527528.bin.31,Bacteroidota,Others
ERR9527528.bin.31,Bacteroidota,NRPS
ERR9527533.bin.33,Bacteroidota,Terpene
ERR9527535.bin.35,Desulfobacterota,RiPPs
ERR9527535.bin.35,Desulfobacterota,RiPPs
ERR9527537.bin.16,Acidobacteriota,Terpene
ERR9527537.bin.16,Acidobacteriota,PKSother
ERR9527537.bin.16,Acidobacteriota,Terpene
ERR9527537.bin.16,Acidobacteriota,NRPS
SRR16229776.bin.11,Pseudomonadota,PKSI
SRR16229776.bin.28,Pseudomonadota,NRPS
SRR16229776.bin.28,Pseudomonadota,PKSI
SRR16229776.bin.28,Pseudomonadota,PKSother
SRR16229776.bin.28,Pseudomonadota,NRPS
SRR16229776.bin.28,Pseudomonadota,arylpolyene
SRR16229776.bin.28,Pseudomonadota,arylpolyene
SRR16229779.bin.23,Acidobacteriota,PKSI
SRR16229779.bin.23,Acidobacteriota,PKSI
SRR16229779.bin.23,Acidobacteriota,NRPS
SRR16229779.bin.23,Acidobacteriota,NRPS
SRR16229779.bin.23,Acidobacteriota,NRPS
SRR16229779.bin.23,Acidobacteriota,NRPS
SRR16229779.bin.23,Acidobacteriota,NRPS
SRR16229779.bin.23,Acidobacteriota,NRPS
SRR16229779.bin.23,Acidobacteriota,PKSI
SRR16229779.bin.23,Acidobacteriota,NRPS
SRR16229779.bin.23,Acidobacteriota,RiPPs
SRR16229779.bin.23,Acidobacteriota,PKSI
SRR16229781.bin.1,Pseudomonadota,PKSother
SRR16229781.bin.1,Pseudomonadota,Others
SRR16229781.bin.1,Pseudomonadota,RiPPs
SRR16229781.bin.1,Pseudomonadota,Others
SRR16229781.bin.1,Pseudomonadota,arylpolyene
SRR16229781.bin.1,Pseudomonadota,arylpolyene
SRR16229781.bin.10,Gemmatimonadota,NRPS
SRR16229782.bin.19,Myxococcota,NRPS
SRR16229782.bin.19,Myxococcota,arylpolyene
SRR16229782.bin.19,Myxococcota,arylpolyene
SRR16229782.bin.19,Myxococcota,NRPS
SRR16229782.bin.19,Myxococcota,NRPS
SRR16229782.bin.19,Myxococcota,PKS-NRP_Hybrids
SRR16229785.bin.13,Pseudomonadota,PKSother
SRR16229785.bin.13,Pseudomonadota,Terpene
SRR16229787.bin.8,Myxococcota,NRPS
SRR16229787.bin.8,Myxococcota,Terpene
SRR16229787.bin.8,Myxococcota,RiPPs
SRR16229787.bin.8,Myxococcota,NRPS
SRR16229787.bin.8,Myxococcota,RiPPs
SRR16229787.bin.8,Myxococcota,NRPS
SRR16229787.bin.8,Myxococcota,RiPPs
SRR19594459.bin.41,Cyanobacteriota,Others
SRR19594459.bin.41,Cyanobacteriota,Others
SRR19594459.bin.41,Cyanobacteriota,Terpene
SRR19594459.bin.56,Pseudomonadota,PKSother
SRR19594459.bin.56,Pseudomonadota,Terpene
SRR19594459.bin.56,Pseudomonadota,Terpene
SRR19594459.bin.66,Pseudomonadota,NRPS
SRR19594459.bin.66,Pseudomonadota,RiPPs
SRR19594459.bin.66,Pseudomonadota,PKSI
SRR19594459.bin.66,Pseudomonadota,PKSI
SRR19594459.bin.66,Pseudomonadota,NRPS
SRR19594459.bin.66,Pseudomonadota,NRPS
SRR19594459.bin.66,Pseudomonadota,PKSother
SRR19594459.bin.66,Pseudomonadota,PKSother
SRR19594459.bin.66,Pseudomonadota,PKS-NRP_Hybrids
SRR19594459.bin.66,Pseudomonadota,NRPS
SRR19594460.bin.16,Nitrospirota,Terpene
SRR19594460.bin.16,Nitrospirota,phosphonate
SRR19594460.bin.16,Nitrospirota,RiPPs
SRR19594460.bin.16,Nitrospirota,arylpolyene
SRR19594460.bin.16,Nitrospirota,RiPPs
SRR19594460.bin.16,Nitrospirota,Terpene
SRR19594460.bin.16,Nitrospirota,NRPS
SRR19594464.bin.26,Gemmatimonadota,RiPPs
SRR19594464.bin.26,Gemmatimonadota,Terpene
SRR19594464.bin.26,Gemmatimonadota,RiPPs
SRR19594464.bin.26,Gemmatimonadota,RiPPs
SRR19594465.bin.18,Pseudomonadota,Terpene
SRR19594465.bin.18,Pseudomonadota,Terpene
SRR19594465.bin.18,Pseudomonadota,Terpene
SRR19594465.bin.43,Acidobacteriota,RiPPs
SRR19594465.bin.43,Acidobacteriota,NRPS
SRR19594465.bin.43,Acidobacteriota,PKSI
SRR19594465.bin.43,Acidobacteriota,NRPS
SRR19594465.bin.43,Acidobacteriota,RiPPs
SRR19594465.bin.43,Acidobacteriota,NRPS
SRR19594465.bin.43,Acidobacteriota,NRPS
SRR19594465.bin.43,Acidobacteriota,PKS-NRP_Hybrids
SRR19594465.bin.43,Acidobacteriota,NRPS
SRR19594465.bin.43,Acidobacteriota,NRPS
SRR19594465.bin.43,Acidobacteriota,NRPS
SRR19594465.bin.43,Acidobacteriota,NRPS
SRR19594465.bin.43,Acidobacteriota,PKSI
SRR19594465.bin.43,Acidobacteriota,PKSother
SRR19594465.bin.43,Acidobacteriota,NRPS
SRR19594465.bin.43,Acidobacteriota,NRPS
SRR19594465.bin.43,Acidobacteriota,PKS-NRP_Hybrids
SRR19594465.bin.43,Acidobacteriota,NRPS
SRR19594465.bin.43,Acidobacteriota,NRPS
SRR19594465.bin.43,Acidobacteriota,Terpene
SRR19594465.bin.43,Acidobacteriota,Others
SRR19594465.bin.43,Acidobacteriota,RiPPs
SRR19594465.bin.43,Acidobacteriota,NRPS
SRR19594465.bin.43,Acidobacteriota,NRPS
SRR19594465.bin.43,Acidobacteriota,NRPS
SRR19594465.bin.43,Acidobacteriota,PKSI
SRR19594465.bin.43,Acidobacteriota,NRPS
SRR19594465.bin.43,Acidobacteriota,NRPS
SRR19594465.bin.43,Acidobacteriota,NRPS
SRR19594465.bin.43,Acidobacteriota,NRPS
SRR19594465.bin.43,Acidobacteriota,NRPS
SRR19594465.bin.43,Acidobacteriota,RiPPs
SRR19594465.bin.43,Acidobacteriota,NRPS
SRR19594465.bin.43,Acidobacteriota,PKS-NRP_Hybrids
SRR19594465.bin.43,Acidobacteriota,NRPS
SRR19594465.bin.43,Acidobacteriota,PKS-NRP_Hybrids
SRR19594465.bin.43,Acidobacteriota,NRPS
SRR19594465.bin.43,Acidobacteriota,PKSI
SRR19594465.bin.43,Acidobacteriota,PKS-NRP_Hybrids
SRR19594465.bin.43,Acidobacteriota,PKSI
SRR19594465.bin.43,Acidobacteriota,NRPS
SRR19594465.bin.43,Acidobacteriota,NRPS
SRR19594465.bin.43,Acidobacteriota,NRPS
SRR19594465.bin.43,Acidobacteriota,NRPS
SRR19594465.bin.43,Acidobacteriota,NRPS
SRR19594465.bin.43,Acidobacteriota,NRPS
SRR19594465.bin.43,Acidobacteriota,NRPS
SRR19594466.bin.10,Acidobacteriota,RiPPs
SRR19594466.bin.10,Acidobacteriota,NRPS
SRR19594466.bin.10,Acidobacteriota,RiPPs
SRR19594466.bin.10,Acidobacteriota,RiPPs
SRR19594466.bin.10,Acidobacteriota,PKSI
SRR19594466.bin.10,Acidobacteriota,RiPPs
SRR19594466.bin.10,Acidobacteriota,RiPPs
SRR19594466.bin.10,Acidobacteriota,PKSother
SRR19594466.bin.10,Acidobacteriota,RiPPs
SRR19594466.bin.10,Acidobacteriota,Others
SRR19594466.bin.10,Acidobacteriota,RiPPs
SRR19594466.bin.10,Acidobacteriota,PKSother
SRR19594466.bin.10,Acidobacteriota,NRPS
SRR19594466.bin.10,Acidobacteriota,Terpene
SRR19594467.bin.56,Actinomycetota,Terpene
SRR19594467.bin.56,Actinomycetota,NRPS
SRR19594468.bin.46,Gemmatimonadota,PKSother
SRR19594468.bin.46,Gemmatimonadota,NRPS
SRR19594468.bin.46,Gemmatimonadota,NRPS
SRR19594468.bin.46,Gemmatimonadota,PKS-NRP_Hybrids
SRR19594468.bin.46,Gemmatimonadota,NRPS
SRR19594468.bin.46,Gemmatimonadota,NRPS
SRR19594468.bin.46,Gemmatimonadota,PKSI
SRR19594468.bin.46,Gemmatimonadota,RiPPs
SRR19594468.bin.46,Gemmatimonadota,RiPPs
SRR19594468.bin.46,Gemmatimonadota,PKSother
SRR19594468.bin.5,Desulfobacterota_E,PKSother
SRR19594468.bin.52,Pseudomonadota,NRPS
SRR19594468.bin.52,Pseudomonadota,NRPS
SRR19594468.bin.52,Pseudomonadota,NRPS
SRR19594468.bin.52,Pseudomonadota,Terpene
SRR19594468.bin.52,Pseudomonadota,Terpene
SRR19594468.bin.52,Pseudomonadota,RiPPs
SRR19594469.bin.35,Pseudomonadota,NRPS
SRR19594469.bin.38,Acidobacteriota,Others
SRR19594469.bin.38,Acidobacteriota,PKSother
SRR19594469.bin.38,Acidobacteriota,RiPPs
SRR19594469.bin.38,Acidobacteriota,Terpene
SRR19594469.bin.38,Acidobacteriota,NRPS
SRR19594469.bin.38,Acidobacteriota,RiPPs
SRR19594469.bin.38,Acidobacteriota,RiPPs
SRR19594469.bin.38,Acidobacteriota,RiPPs
SRR19594469.bin.38,Acidobacteriota,RiPPs
SRR19594469.bin.38,Acidobacteriota,NRPS
SRR19594469.bin.38,Acidobacteriota,NRPS
SRR19594469.bin.38,Acidobacteriota,NRPS
SRR19594469.bin.38,Acidobacteriota,PKSother
SRR19594469.bin.38,Acidobacteriota,RiPPs
SRR19594469.bin.38,Acidobacteriota,RiPPs
SRR19594469.bin.38,Acidobacteriota,NRPS
SRR19594469.bin.38,Acidobacteriota,PKS-NRP_Hybrids
SRR19594469.bin.38,Acidobacteriota,NRPS
SRR19594469.bin.38,Acidobacteriota,NRPS
SRR19594469.bin.38,Acidobacteriota,NRPS
SRR19594469.bin.38,Acidobacteriota,RiPPs
SRR19594469.bin.38,Acidobacteriota,NRPS
SRR19594469.bin.38,Acidobacteriota,NRPS
SRR19594469.bin.38,Acidobacteriota,NRPS
SRR19594469.bin.38,Acidobacteriota,NRPS
SRR19594469.bin.38,Acidobacteriota,NRPS
SRR19594469.bin.38,Acidobacteriota,NRPS
SRR19594469.bin.38,Acidobacteriota,NRPS
SRR19594469.bin.38,Acidobacteriota,NRPS
SRR19594469.bin.38,Acidobacteriota,NRPS
SRR19594469.bin.38,Acidobacteriota,NRPS
SRR19594469.bin.38,Acidobacteriota,NRPS
SRR19594469.bin.38,Acidobacteriota,NRPS
SRR19594469.bin.38,Acidobacteriota,NRPS
SRR19594469.bin.38,Acidobacteriota,NRPS
SRR19594469.bin.38,Acidobacteriota,NRPS
SRR19594469.bin.38,Acidobacteriota,NRPS
SRR21412969.bin.18,Pseudomonadota,NRPS
SRR21412969.bin.18,Pseudomonadota,arylpolyene
SRR21412969.bin.18,Pseudomonadota,arylpolyene
SRR21412969.bin.29,Actinomycetota,Others
SRR21412969.bin.29,Actinomycetota,NRPS
SRR21412969.bin.29,Actinomycetota,NRPS
SRR21412969.bin.29,Actinomycetota,NRPS
SRR21412969.bin.29,Actinomycetota,NRPS
SRR21412969.bin.29,Actinomycetota,Terpene
SRR21412969.bin.34,Pseudomonadota,arylpolyene
SRR21412972.bin.10,Bacteroidota,PKSother
SRR21412972.bin.4,Desulfobacterota,RiPPs
SRR21412975.bin.54,Bacteroidota,PKSother
SRR21412975.bin.54,Bacteroidota,Terpene
SRR21412975.bin.6,Nitrospinota,Terpene
SRR21412975.bin.6,Nitrospinota,Terpene
SRR21412975.bin.6,Nitrospinota,phosphonate
SRR21412976.bin.13,Actinomycetota,Terpene
SRR21412976.bin.13,Actinomycetota,Others
SRR21412976.bin.13,Actinomycetota,Others
SRR21412976.bin.13,Actinomycetota,Others
SRR21412976.bin.13,Actinomycetota,Terpene
SRR21412977.bin.21,Planctomycetota,PKSother
SRR21412977.bin.21,Planctomycetota,NRPS
SRR21412977.bin.21,Planctomycetota,PKS-NRP_Hybrids
SRR21412977.bin.21,Planctomycetota,NRPS
SRR21412977.bin.21,Planctomycetota,NRPS
SRR21412977.bin.21,Planctomycetota,Terpene
SRR21412977.bin.21,Planctomycetota,RiPPs
SRR21412977.bin.26,Actinomycetota,NRPS
SRR21412977.bin.26,Actinomycetota,NRPS
SRR21412977.bin.26,Actinomycetota,Others
SRR21412977.bin.26,Actinomycetota,Others
SRR21412977.bin.26,Actinomycetota,Others
SRR21412977.bin.26,Actinomycetota,NRPS
SRR21412977.bin.54,Pseudomonadota,PKSother
SRR21412977.bin.54,Pseudomonadota,RiPPs
SRR21412977.bin.54,Pseudomonadota,Others
SRR21412977.bin.54,Pseudomonadota,Others
SRR21412977.bin.54,Pseudomonadota,Others
SRR21412977.bin.68,Deinococcota,PKSother
SRR21412978.bin.14,Actinomycetota,Terpene
SRR21412980.bin.14,Actinomycetota,Terpene
SRR21412980.bin.15,Actinomycetota,Terpene
SRR21412981.bin.23,Myxococcota,NRPS
SRR21412981.bin.23,Myxococcota,NRPS
SRR21412981.bin.23,Myxococcota,NRPS
SRR21412981.bin.23,Myxococcota,RiPPs
SRR21412981.bin.23,Myxococcota,NRPS
SRR21412981.bin.23,Myxococcota,NRPS
SRR21412981.bin.23,Myxococcota,PKSI
SRR21412981.bin.23,Myxococcota,NRPS
SRR21412981.bin.23,Myxococcota,PKS-NRP_Hybrids
SRR21412981.bin.23,Myxococcota,NRPS
SRR21412981.bin.23,Myxococcota,NRPS
SRR21412981.bin.23,Myxococcota,NRPS
SRR21412981.bin.23,Myxococcota,NRPS
SRR21412981.bin.23,Myxococcota,RiPPs
SRR21412981.bin.23,Myxococcota,RiPPs
SRR21412981.bin.23,Myxococcota,NRPS
SRR21412981.bin.23,Myxococcota,NRPS
SRR21412981.bin.23,Myxococcota,NRPS
SRR21412981.bin.23,Myxococcota,NRPS
SRR21412981.bin.23,Myxococcota,NRPS
SRR21412981.bin.23,Myxococcota,NRPS
SRR21412981.bin.23,Myxococcota,PKSI
SRR21412981.bin.23,Myxococcota,PKSother
SRR21412981.bin.23,Myxococcota,PKS-NRP_Hybrids
SRR21412981.bin.23,Myxococcota,RiPPs
SRR21412981.bin.23,Myxococcota,PKS-NRP_Hybrids
SRR21412981.bin.23,Myxococcota,RiPPs
SRR21412981.bin.23,Myxococcota,RiPPs
SRR21412981.bin.23,Myxococcota,NRPS
SRR21412981.bin.23,Myxococcota,NRPS
SRR21412981.bin.23,Myxococcota,NRPS
SRR21412981.bin.23,Myxococcota,NRPS
SRR21412981.bin.23,Myxococcota,NRPS
SRR21412981.bin.23,Myxococcota,PKSother
SRR21412981.bin.23,Myxococcota,Others
SRR21412981.bin.23,Myxococcota,RiPPs
SRR21412983.bin.19,Actinomycetota,Terpene
SRR21412986.bin.18,Chloroflexota,PKSother
SRR21412988.bin.22,Actinomycetota,Terpene
SRR21412988.bin.22,Actinomycetota,PKS-NRP_Hybrids
SRR21412988.bin.8,Bacteroidota,PKSother
SRR21412988.bin.8,Bacteroidota,RiPPs
SRR21412991.bin.19,Pseudomonadota,NRPS
SRR21412993.bin.10,Actinomycetota,NRPS
SRR21412993.bin.10,Actinomycetota,NRPS
SRR21412993.bin.17,Bacillota,resorcinol
SRR21412993.bin.17,Bacillota,Terpene
SRR21412993.bin.17,Bacillota,NRPS
SRR21412993.bin.17,Bacillota,Terpene
SRR21412993.bin.17,Bacillota,PKSother
SRR21412994.bin.5,Pseudomonadota,arylpolyene
SRR21412994.bin.5,Pseudomonadota,arylpolyene
SRR21412994.bin.5,Pseudomonadota,NRPS
SRR21412995.bin.59,Bacteroidota,arylpolyene
SRR21412995.bin.59,Bacteroidota,PKSI
SRR21412995.bin.59,Bacteroidota,arylpolyene
SRR21412995.bin.59,Bacteroidota,arylpolyene
SRR21412995.bin.59,Bacteroidota,resorcinol
SRR21413000.bin.13,Pseudomonadota,arylpolyene
SRR21413000.bin.13,Pseudomonadota,arylpolyene
SRR21413000.bin.26,Pseudomonadota,Terpene
SRR21413000.bin.26,Pseudomonadota,PKSother
SRR21413001.bin.31,Actinomycetota,Others
SRR21413001.bin.31,Actinomycetota,Terpene
SRR21413001.bin.55,Actinomycetota,Terpene
SRR21413001.bin.55,Actinomycetota,NRPS
SRR21413004.bin.31,Actinomycetota,NRPS
SRR21413004.bin.31,Actinomycetota,NRPS
SRR21413004.bin.31,Actinomycetota,Terpene
SRR21413004.bin.31,Actinomycetota,NRPS
SRR21413004.bin.31,Actinomycetota,PKSother
SRR21413004.bin.31,Actinomycetota,NRPS
SRR21413004.bin.31,Actinomycetota,phosphonate
SRR21413005.bin.36,Actinomycetota,Terpene
SRR23851176.bin.26,Chloroflexota,PKSI
SRR23851176.bin.26,Chloroflexota,PKSother
SRR23851176.bin.48,Gemmatimonadota,Terpene
SRR23851177.bin.1,Gemmatimonadota,PKSother
SRR23851177.bin.56,Planctomycetota,RiPPs
SRR23851177.bin.56,Planctomycetota,Terpene
SRR23851177.bin.56,Planctomycetota,Terpene
SRR23851177.bin.56,Planctomycetota,RiPPs
SRR23851177.bin.56,Planctomycetota,PKSI
SRR23851177.bin.56,Planctomycetota,PKSI
SRR23851181.bin.18,Actinomycetota,Terpene
SRR23851186.bin.12,Acidobacteriota,RiPPs
SRR23851186.bin.12,Acidobacteriota,PKSI
SRR23851186.bin.12,Acidobacteriota,RiPPs
SRR23851186.bin.12,Acidobacteriota,RiPPs
SRR23851186.bin.12,Acidobacteriota,RiPPs
SRR23851186.bin.12,Acidobacteriota,NRPS
SRR23851186.bin.12,Acidobacteriota,Terpene
SRR23851186.bin.12,Acidobacteriota,PKSother
SRR23851186.bin.12,Acidobacteriota,PKSother
SRR23851186.bin.12,Acidobacteriota,NRPS
SRR23851186.bin.12,Acidobacteriota,Others
SRR23851186.bin.12,Acidobacteriota,RiPPs
SRR23851186.bin.12,Acidobacteriota,RiPPs
SRR23851186.bin.12,Acidobacteriota,RiPPs
SRR23851189.bin.1,Actinomycetota,NRPS
SRR23851189.bin.1,Actinomycetota,Others
SRR23851189.bin.11,Acidobacteriota,NRPS
SRR23851189.bin.11,Acidobacteriota,PKSother
SRR23851189.bin.11,Acidobacteriota,NRPS
SRR23851189.bin.11,Acidobacteriota,RiPPs
SRR23851189.bin.11,Acidobacteriota,NRPS
SRR23851189.bin.11,Acidobacteriota,arylpolyene
SRR23851189.bin.17,Gemmatimonadota,PKSother
SRR23851189.bin.17,Gemmatimonadota,PKSI
SRR23851189.bin.17,Gemmatimonadota,NRPS
SRR23851190.bin.33,Chloroflexota,Terpene
SRR23851190.bin.33,Chloroflexota,Terpene
SRR23851190.bin.37,Pseudomonadota,Others
SRR23851190.bin.37,Pseudomonadota,NRPS
SRR23851190.bin.37,Pseudomonadota,arylpolyene
SRR23851190.bin.37,Pseudomonadota,arylpolyene
SRR23851190.bin.37,Pseudomonadota,arylpolyene
SRR23851190.bin.37,Pseudomonadota,resorcinol
SRR23851191.bin.72,Pseudomonadota,NRPS
SRR23851191.bin.74,Acidobacteriota,NRPS
SRR23851191.bin.74,Acidobacteriota,NRPS
SRR23851191.bin.74,Acidobacteriota,NRPS
SRR23851191.bin.74,Acidobacteriota,NRPS
SRR23851191.bin.74,Acidobacteriota,PKS-NRP_Hybrids
SRR23851191.bin.74,Acidobacteriota,PKS-NRP_Hybrids
SRR23851191.bin.74,Acidobacteriota,NRPS
SRR23851191.bin.74,Acidobacteriota,NRPS
SRR23851191.bin.74,Acidobacteriota,RiPPs
SRR23851191.bin.74,Acidobacteriota,Others
SRR23851191.bin.74,Acidobacteriota,PKSI
SRR23851191.bin.74,Acidobacteriota,NRPS
SRR23851191.bin.74,Acidobacteriota,NRPS
SRR23851191.bin.74,Acidobacteriota,NRPS
SRR23851191.bin.74,Acidobacteriota,NRPS
SRR23851191.bin.74,Acidobacteriota,NRPS
SRR23851191.bin.74,Acidobacteriota,NRPS
SRR23851191.bin.74,Acidobacteriota,PKS-NRP_Hybrids
SRR23851191.bin.74,Acidobacteriota,RiPPs
SRR23851191.bin.74,Acidobacteriota,PKSI
SRR23851191.bin.74,Acidobacteriota,NRPS
SRR23851191.bin.74,Acidobacteriota,NRPS
SRR23851191.bin.74,Acidobacteriota,PKS-NRP_Hybrids
SRR23851191.bin.74,Acidobacteriota,Terpene
SRR23851191.bin.74,Acidobacteriota,RiPPs
SRR23851191.bin.74,Acidobacteriota,PKS-NRP_Hybrids
SRR23851191.bin.74,Acidobacteriota,PKSI
SRR23851191.bin.74,Acidobacteriota,PKSI
SRR23851191.bin.74,Acidobacteriota,PKS-NRP_Hybrids
SRR23851191.bin.74,Acidobacteriota,NRPS
SRR23851191.bin.74,Acidobacteriota,NRPS
SRR23851191.bin.74,Acidobacteriota,NRPS
SRR23851191.bin.74,Acidobacteriota,NRPS
SRR23851191.bin.74,Acidobacteriota,PKSI
SRR23851191.bin.74,Acidobacteriota,NRPS
SRR23851191.bin.74,Acidobacteriota,NRPS
SRR23851191.bin.74,Acidobacteriota,NRPS
SRR23851191.bin.74,Acidobacteriota,NRPS
SRR23851191.bin.74,Acidobacteriota,Others
SRR23851191.bin.74,Acidobacteriota,PKSI
SRR23851191.bin.74,Acidobacteriota,NRPS
SRR23851191.bin.74,Acidobacteriota,PKSI
SRR23851191.bin.74,Acidobacteriota,NRPS
SRR23851191.bin.74,Acidobacteriota,NRPS
SRR23851191.bin.74,Acidobacteriota,NRPS
SRR23851191.bin.74,Acidobacteriota,PKSother
SRR23851192.bin.2,Pseudomonadota,NRPS
SRR23851192.bin.2,Pseudomonadota,NRPS
SRR23851192.bin.2,Pseudomonadota,arylpolyene
SRR23851193.bin.42,Pseudomonadota,phosphonate
SRR23851193.bin.42,Pseudomonadota,Terpene
SRR23851193.bin.42,Pseudomonadota,Terpene
SRR23851194.bin.23,Desulfobacterota_D,PKSother
SRR23851195.bin.31,Planctomycetota,Terpene
SRR23851195.bin.31,Planctomycetota,Terpene
SRR23851195.bin.31,Planctomycetota,Terpene
SRR23851197.bin.8,Chloroflexota,NRPS
SRR23851197.bin.8,Chloroflexota,PKSI
SRR23851197.bin.8,Chloroflexota,PKS-NRP_Hybrids
SRR23851197.bin.8,Chloroflexota,NRPS
SRR23851197.bin.8,Chloroflexota,NRPS
SRR23851197.bin.8,Chloroflexota,NRPS
SRR23851197.bin.8,Chloroflexota,NRPS
SRR23851197.bin.8,Chloroflexota,PKSI
SRR23851197.bin.8,Chloroflexota,NRPS
SRR23851197.bin.8,Chloroflexota,NRPS
SRR23851197.bin.8,Chloroflexota,NRPS
SRR23851197.bin.8,Chloroflexota,PKSother
SRR23851197.bin.8,Chloroflexota,NRPS
SRR23851197.bin.8,Chloroflexota,NRPS
SRR23851197.bin.8,Chloroflexota,NRPS
SRR23851197.bin.8,Chloroflexota,NRPS
SRR23851197.bin.8,Chloroflexota,NRPS
SRR23851197.bin.8,Chloroflexota,NRPS
SRR23851197.bin.8,Chloroflexota,NRPS
SRR23851197.bin.8,Chloroflexota,RiPPs
SRR23851197.bin.8,Chloroflexota,RiPPs
SRR23851197.bin.8,Chloroflexota,Terpene
SRR23851197.bin.8,Chloroflexota,NRPS
SRR23851197.bin.8,Chloroflexota,PKSI
SRR23851197.bin.8,Chloroflexota,NRPS
SRR23851197.bin.8,Chloroflexota,NRPS
SRR23851197.bin.8,Chloroflexota,PKSI
SRR23851197.bin.8,Chloroflexota,PKSI
SRR23851201.bin.15,Pseudomonadota,NRPS
SRR23851203.bin.11,Actinomycetota,PKSother
SRR23851203.bin.11,Actinomycetota,Terpene
SRR23851203.bin.11,Actinomycetota,NRPS
SRR23851203.bin.11,Actinomycetota,RiPPs
SRR23851203.bin.5,Actinomycetota,resorcinol
SRR23851206.bin.22,Actinomycetota,Terpene
SRR23851206.bin.22,Actinomycetota,Others
SRR23851206.bin.22,Actinomycetota,Others
SRR23851206.bin.22,Actinomycetota,RiPPs
SRR23851207.bin.24,Actinomycetota,NRPS
SRR23851207.bin.24,Actinomycetota,NRPS
SRR23851207.bin.24,Actinomycetota,NRPS
SRR23851214.bin.11,Desulfobacterota,RiPPs
SRR23851214.bin.11,Desulfobacterota,RiPPs
SRR23851214.bin.11,Desulfobacterota,PKSother
SRR23929144.bin.17,Actinomycetota,PKSother
SRR23929144.bin.17,Actinomycetota,Others
SRR23929144.bin.17,Actinomycetota,NRPS
SRR23929179.bin.11,Pseudomonadota,NRPS
SRR23929179.bin.11,Pseudomonadota,NRPS
SRR23929179.bin.11,Pseudomonadota,PKSI
SRR23929179.bin.11,Pseudomonadota,arylpolyene
SRR23929179.bin.11,Pseudomonadota,arylpolyene
SRR23929179.bin.11,Pseudomonadota,RiPPs
SRR28842982.bin.107,Pseudomonadota,arylpolyene
SRR28842982.bin.107,Pseudomonadota,RiPPs
SRR28842982.bin.37,Acidobacteriota,NRPS
SRR28842982.bin.37,Acidobacteriota,NRPS
SRR28842982.bin.77,Pseudomonadota,Terpene
SRR28842982.bin.77,Pseudomonadota,Terpene
SRR28842982.bin.92,Pseudomonadota,Terpene
SRR28842982.bin.92,Pseudomonadota,RiPPs
SRR28842982.bin.92,Pseudomonadota,PKSother
SRR28842982.bin.92,Pseudomonadota,Terpene
SRR28842986.bin.24,Pseudomonadota,Terpene
SRR28842987.bin.35,Pseudomonadota,Terpene
SRR28842987.bin.77,Pseudomonadota,Terpene
SRR28842989.bin.27,Verrucomicrobiota,NRPS
SRR28842989.bin.27,Verrucomicrobiota,PKS-NRP_Hybrids
SRR28842989.bin.27,Verrucomicrobiota,NRPS
SRR28842989.bin.27,Verrucomicrobiota,NRPS
SRR28842989.bin.27,Verrucomicrobiota,NRPS
SRR28842989.bin.27,Verrucomicrobiota,PKSother
SRR28842989.bin.27,Verrucomicrobiota,Others
SRR28842989.bin.30,Pseudomonadota,Terpene
SRR28842989.bin.51,Pseudomonadota,PKSother
SRR28842989.bin.65,Pseudomonadota,RiPPs
SRR28842989.bin.65,Pseudomonadota,Terpene
SRR28842989.bin.65,Pseudomonadota,Terpene
SRR28842989.bin.83,Bdellovibrionota,Others
SRR28842989.bin.83,Bdellovibrionota,Others
SRR28842989.bin.83,Bdellovibrionota,Others
SRR28842989.bin.93,Pseudomonadota,Terpene
SRR28842989.bin.93,Pseudomonadota,Terpene
SRR28842992.bin.27,Actinomycetota,NRPS
SRR28842992.bin.27,Actinomycetota,PKSother
SRR29646150.bin.11,Actinomycetota,NRPS
SRR29646150.bin.60,Bacteroidota,Terpene
SRR29646150.bin.60,Bacteroidota,PKSother
SRR29646151.bin.39,Pseudomonadota,arylpolyene
SRR29646151.bin.39,Pseudomonadota,arylpolyene
SRR29646154.bin.37,Desulfobacterota_B,arylpolyene
SRR29646154.bin.46,Pseudomonadota,NRPS
SRR29646154.bin.51,Myxococcota,NRPS
SRR29646154.bin.51,Myxococcota,NRPS
SRR29646154.bin.51,Myxococcota,Terpene
SRR29646154.bin.51,Myxococcota,PKSI
SRR29646154.bin.51,Myxococcota,NRPS
SRR29646154.bin.51,Myxococcota,Terpene
SRR29646154.bin.51,Myxococcota,NRPS
SRR29646154.bin.51,Myxococcota,NRPS
SRR29646154.bin.51,Myxococcota,arylpolyene
SRR29646154.bin.51,Myxococcota,NRPS
SRR29646154.bin.51,Myxococcota,RiPPs
SRR29646154.bin.51,Myxococcota,Terpene
SRR29646154.bin.51,Myxococcota,NRPS
SRR29646155.bin.41,Pseudomonadota,arylpolyene
SRR29646155.bin.41,Pseudomonadota,Terpene
SRR29646155.bin.41,Pseudomonadota,Terpene
SRR29646157.bin.21,Gemmatimonadota,RiPPs
SRR29646157.bin.21,Gemmatimonadota,RiPPs
SRR29646157.bin.21,Gemmatimonadota,PKSother
SRR29646157.bin.21,Gemmatimonadota,RiPPs
SRR29646157.bin.21,Gemmatimonadota,Terpene
SRR29646157.bin.9,Pseudomonadota,NRPS
SRR29646157.bin.9,Pseudomonadota,NRPS
SRR29646157.bin.9,Pseudomonadota,Terpene
SRR29646157.bin.9,Pseudomonadota,Terpene
SRR29646157.bin.9,Pseudomonadota,PKSother
SRR29646157.bin.9,Pseudomonadota,PKSother
SRR29646157.bin.9,Pseudomonadota,arylpolyene
SRR29646157.bin.9,Pseudomonadota,arylpolyene
SRR29646157.bin.9,Pseudomonadota,PKSI
SRR29646157.bin.9,Pseudomonadota,Terpene
SRR29646157.bin.9,Pseudomonadota,NRPS
SRR29646157.bin.9,Pseudomonadota,NRPS
SRR29646157.bin.9,Pseudomonadota,NRPS
SRR29646157.bin.9,Pseudomonadota,NRPS
SRR29646158.bin.2,Bacteroidota,PKSother
SRR29646158.bin.25,Bacteroidota,PKSother
SRR29646158.bin.25,Bacteroidota,RiPPs
SRR29646158.bin.50,Pseudomonadota,Terpene
SRR29646158.bin.50,Pseudomonadota,Terpene
SRR29646158.bin.69,Bacteroidota,RiPPs
SRR29646158.bin.69,Bacteroidota,NRPS
SRR29646158.bin.7,Chloroflexota,Terpene
SRR29646159.bin.10,Bacteroidota,arylpolyene
SRR29646159.bin.10,Bacteroidota,arylpolyene
SRR29646159.bin.10,Bacteroidota,resorcinol
SRR29646159.bin.10,Bacteroidota,arylpolyene
SRR29646159.bin.10,Bacteroidota,Terpene
SRR29646159.bin.10,Bacteroidota,Terpene
SRR29646159.bin.10,Bacteroidota,arylpolyene
SRR29646159.bin.10,Bacteroidota,resorcinol
SRR29646160.bin.42,Pseudomonadota,Terpene
SRR29646160.bin.42,Pseudomonadota,Terpene
SRR29646160.bin.42,Pseudomonadota,NRPS
SRR29646161.bin.18,Acidobacteriota,PKSother
SRR29646161.bin.18,Acidobacteriota,NRPS
SRR29646161.bin.18,Acidobacteriota,PKS-NRP_Hybrids
SRR29646161.bin.18,Acidobacteriota,NRPS
SRR29646161.bin.18,Acidobacteriota,PKSI
SRR29646161.bin.18,Acidobacteriota,NRPS
SRR29646161.bin.18,Acidobacteriota,NRPS
SRR29646161.bin.18,Acidobacteriota,NRPS
SRR29646161.bin.18,Acidobacteriota,NRPS
SRR29646161.bin.18,Acidobacteriota,NRPS
SRR29646161.bin.18,Acidobacteriota,PKS-NRP_Hybrids
SRR29646161.bin.18,Acidobacteriota,PKSI
SRR29646161.bin.18,Acidobacteriota,PKSI
SRR29646161.bin.18,Acidobacteriota,PKS-NRP_Hybrids
SRR29646161.bin.18,Acidobacteriota,NRPS
SRR29646161.bin.18,Acidobacteriota,NRPS
SRR29646161.bin.18,Acidobacteriota,NRPS
SRR29646161.bin.18,Acidobacteriota,NRPS
SRR29646161.bin.18,Acidobacteriota,PKSI
SRR29646161.bin.18,Acidobacteriota,NRPS
SRR29646161.bin.18,Acidobacteriota,PKS-NRP_Hybrids
SRR29646161.bin.18,Acidobacteriota,NRPS
SRR29646161.bin.18,Acidobacteriota,NRPS
SRR29646161.bin.18,Acidobacteriota,NRPS
SRR29646161.bin.18,Acidobacteriota,NRPS
SRR29646161.bin.18,Acidobacteriota,NRPS
SRR29646161.bin.18,Acidobacteriota,NRPS
SRR29646161.bin.18,Acidobacteriota,NRPS
SRR29646161.bin.18,Acidobacteriota,NRPS
SRR29646161.bin.18,Acidobacteriota,NRPS
SRR29646161.bin.18,Acidobacteriota,NRPS
SRR29646161.bin.18,Acidobacteriota,NRPS
SRR29646161.bin.18,Acidobacteriota,NRPS
SRR29646161.bin.18,Acidobacteriota,NRPS
SRR29646161.bin.18,Acidobacteriota,NRPS
SRR29646161.bin.18,Acidobacteriota,NRPS
SRR29646161.bin.18,Acidobacteriota,PKSI
SRR29646161.bin.18,Acidobacteriota,NRPS
SRR29646161.bin.18,Acidobacteriota,NRPS
SRR29646161.bin.18,Acidobacteriota,NRPS
SRR29646161.bin.18,Acidobacteriota,NRPS
SRR29646161.bin.18,Acidobacteriota,NRPS
SRR29646161.bin.18,Acidobacteriota,NRPS
SRR29646161.bin.18,Acidobacteriota,PKSI
SRR29646161.bin.18,Acidobacteriota,NRPS
SRR29646161.bin.18,Acidobacteriota,PKSI
SRR29646161.bin.18,Acidobacteriota,NRPS
SRR29646161.bin.18,Acidobacteriota,Others
SRR29646161.bin.18,Acidobacteriota,NRPS
SRR29646161.bin.18,Acidobacteriota,NRPS
SRR29646161.bin.18,Acidobacteriota,NRPS
SRR29646161.bin.18,Acidobacteriota,NRPS
SRR29646161.bin.18,Acidobacteriota,NRPS
SRR29646161.bin.18,Acidobacteriota,NRPS
SRR29646161.bin.18,Acidobacteriota,NRPS
SRR29646161.bin.18,Acidobacteriota,NRPS
SRR29646161.bin.18,Acidobacteriota,NRPS
SRR29646161.bin.18,Acidobacteriota,PKS-NRP_Hybrids
SRR29646161.bin.18,Acidobacteriota,NRPS
SRR29646161.bin.18,Acidobacteriota,NRPS
SRR29646161.bin.18,Acidobacteriota,NRPS
SRR29646161.bin.18,Acidobacteriota,NRPS
SRR29646161.bin.18,Acidobacteriota,NRPS
SRR29646161.bin.18,Acidobacteriota,NRPS
SRR29646161.bin.18,Acidobacteriota,NRPS
SRR29646161.bin.18,Acidobacteriota,NRPS
SRR29646161.bin.18,Acidobacteriota,NRPS
SRR29646161.bin.18,Acidobacteriota,PKSI
SRR29646161.bin.18,Acidobacteriota,RiPPs
SRR29646161.bin.18,Acidobacteriota,NRPS
SRR29646161.bin.18,Acidobacteriota,NRPS
SRR29646161.bin.18,Acidobacteriota,NRPS
SRR29646161.bin.18,Acidobacteriota,NRPS
SRR29646161.bin.18,Acidobacteriota,NRPS
SRR29646161.bin.18,Acidobacteriota,NRPS
SRR29646161.bin.18,Acidobacteriota,NRPS
SRR29646161.bin.18,Acidobacteriota,PKS-NRP_Hybrids
SRR29646161.bin.18,Acidobacteriota,RiPPs
SRR29646161.bin.18,Acidobacteriota,NRPS
SRR29646161.bin.18,Acidobacteriota,NRPS
SRR29646161.bin.18,Acidobacteriota,NRPS
SRR29646161.bin.18,Acidobacteriota,NRPS
SRR29646161.bin.18,Acidobacteriota,NRPS
SRR29646161.bin.18,Acidobacteriota,NRPS
SRR29646161.bin.18,Acidobacteriota,NRPS
SRR29646161.bin.18,Acidobacteriota,NRPS
SRR29646161.bin.18,Acidobacteriota,NRPS
SRR29646161.bin.18,Acidobacteriota,NRPS
SRR29646161.bin.18,Acidobacteriota,NRPS
SRR29646161.bin.18,Acidobacteriota,NRPS
SRR29646161.bin.18,Acidobacteriota,NRPS
SRR29646161.bin.18,Acidobacteriota,NRPS
SRR29646161.bin.18,Acidobacteriota,NRPS
SRR29646161.bin.18,Acidobacteriota,NRPS
SRR29646161.bin.18,Acidobacteriota,NRPS
SRR29646161.bin.18,Acidobacteriota,PKSI
SRR29646161.bin.18,Acidobacteriota,NRPS
SRR29646161.bin.18,Acidobacteriota,NRPS
SRR29646161.bin.18,Acidobacteriota,NRPS
SRR29646161.bin.18,Acidobacteriota,NRPS
SRR29646161.bin.18,Acidobacteriota,NRPS
SRR29646161.bin.18,Acidobacteriota,NRPS
SRR29646161.bin.18,Acidobacteriota,NRPS
SRR29646161.bin.18,Acidobacteriota,NRPS
SRR29646161.bin.18,Acidobacteriota,NRPS
SRR29646161.bin.18,Acidobacteriota,NRPS
SRR29646161.bin.18,Acidobacteriota,NRPS
SRR29646161.bin.33,Pseudomonadota,NRPS
SRR29646161.bin.33,Pseudomonadota,arylpolyene
SRR29646161.bin.33,Pseudomonadota,NRPS
SRR29646161.bin.39,Acidobacteriota,RiPPs
SRR29646161.bin.39,Acidobacteriota,NRPS
SRR29646161.bin.39,Acidobacteriota,NRPS
SRR29646161.bin.39,Acidobacteriota,NRPS
SRR29646161.bin.39,Acidobacteriota,NRPS
SRR29646161.bin.39,Acidobacteriota,PKS-NRP_Hybrids
SRR29646161.bin.39,Acidobacteriota,RiPPs
SRR29646161.bin.39,Acidobacteriota,NRPS
SRR29646161.bin.39,Acidobacteriota,NRPS
SRR29646161.bin.39,Acidobacteriota,PKSI
SRR29646161.bin.39,Acidobacteriota,PKS-NRP_Hybrids
SRR29646161.bin.39,Acidobacteriota,NRPS
SRR29646161.bin.39,Acidobacteriota,NRPS
SRR29646161.bin.39,Acidobacteriota,NRPS
SRR29646161.bin.39,Acidobacteriota,NRPS
SRR29646161.bin.39,Acidobacteriota,PKSI
SRR29646161.bin.39,Acidobacteriota,PKSI
SRR29646161.bin.39,Acidobacteriota,PKS-NRP_Hybrids
SRR29646161.bin.39,Acidobacteriota,PKSother
SRR29646161.bin.39,Acidobacteriota,PKS-NRP_Hybrids
SRR29646161.bin.39,Acidobacteriota,NRPS
SRR29646161.bin.39,Acidobacteriota,NRPS
SRR29646161.bin.39,Acidobacteriota,NRPS
SRR29646161.bin.39,Acidobacteriota,NRPS
SRR29646161.bin.39,Acidobacteriota,NRPS
SRR29646161.bin.39,Acidobacteriota,NRPS
SRR29646161.bin.39,Acidobacteriota,PKS-NRP_Hybrids
SRR29646161.bin.39,Acidobacteriota,PKSI
SRR29646161.bin.39,Acidobacteriota,NRPS
SRR29646161.bin.39,Acidobacteriota,NRPS
SRR29646161.bin.39,Acidobacteriota,NRPS
SRR29646161.bin.39,Acidobacteriota,NRPS
SRR29646161.bin.39,Acidobacteriota,RiPPs
SRR29646161.bin.39,Acidobacteriota,arylpolyene
SRR29646161.bin.39,Acidobacteriota,NRPS
SRR29646161.bin.39,Acidobacteriota,NRPS
SRR29646161.bin.39,Acidobacteriota,Terpene
SRR29646161.bin.39,Acidobacteriota,Others
SRR29646161.bin.39,Acidobacteriota,NRPS
SRR29646161.bin.39,Acidobacteriota,PKS-NRP_Hybrids
SRR29646161.bin.51,Gemmatimonadota,NRPS
SRR29646161.bin.51,Gemmatimonadota,PKSI
SRR29646161.bin.51,Gemmatimonadota,PKSI
SRR29646161.bin.53,Pseudomonadota,RiPPs
SRR29646161.bin.53,Pseudomonadota,RiPPs
SRR29646161.bin.53,Pseudomonadota,PKSother
SRR29646161.bin.53,Pseudomonadota,RiPPs
SRR29689609.bin.68,Pseudomonadota,RiPPs
SRR29689609.bin.76,Pseudomonadota,RiPPs
SRR29689609.bin.76,Pseudomonadota,Others
SRR29689609.bin.76,Pseudomonadota,Others
SRR29689609.bin.82,Bacteroidota,Terpene
SRR29689609.bin.82,Bacteroidota,NRPS
SRR29689609.bin.82,Bacteroidota,PKSother
SRR29689611.bin.29,Pseudomonadota,RiPPs
SRR29792384.bin.9,Pseudomonadota,arylpolyene
SRR31572242.bin.11,Actinomycetota,Terpene
SRR31572242.bin.11,Actinomycetota,NRPS
SRR31572242.bin.11,Actinomycetota,PKSother
SRR31572242.bin.11,Actinomycetota,RiPPs
SRR31674855.bin.2,Bacteroidota,NRPS
SRR31674855.bin.2,Bacteroidota,PKSother
SRR31674855.bin.2,Bacteroidota,PKSI
SRR31674855.bin.2,Bacteroidota,NRPS
SRR31674855.bin.2,Bacteroidota,NRPS
SRR31674855.bin.3,Actinomycetota,Terpene
SRR31674855.bin.3,Actinomycetota,NRPS
SRR31674856.bin.20,Actinomycetota,resorcinol
SRR31674856.bin.20,Actinomycetota,phosphonate
SRR31674856.bin.23,Pseudomonadota,NRPS
SRR31674856.bin.23,Pseudomonadota,arylpolyene
SRR32147493.bin.14,Pseudomonadota,Others
SRR32147493.bin.14,Pseudomonadota,NRPS
SRR32147493.bin.14,Pseudomonadota,Terpene
SRR32147493.bin.14,Pseudomonadota,PKSother
SRR32147493.bin.34,Pseudomonadota,PKSother
SRR32147493.bin.45,Actinomycetota,RiPPs
SRR32147493.bin.45,Actinomycetota,Others
SRR32147493.bin.45,Actinomycetota,Others
SRR32147493.bin.45,Actinomycetota,Others
SRR32147493.bin.45,Actinomycetota,Others
SRR32147493.bin.45,Actinomycetota,Terpene
SRR32147493.bin.59,Actinomycetota,resorcinol
SRR32147493.bin.8,Chloroflexota,NRPS
SRR32147493.bin.8,Chloroflexota,resorcinol
SRR32147493.bin.8,Chloroflexota,NRPS
SRR32147493.bin.8,Chloroflexota,PKS-NRP_Hybrids
SRR32147493.bin.8,Chloroflexota,PKSI
SRR32147493.bin.81,Acidobacteriota,Terpene
SRR32147493.bin.81,Acidobacteriota,Terpene
SRR32147493.bin.81,Acidobacteriota,PKSother
SRR32147493.bin.81,Acidobacteriota,Others
SRR32147493.bin.81,Acidobacteriota,NRPS
SRR32147493.bin.81,Acidobacteriota,NRPS
SRR32147493.bin.81,Acidobacteriota,RiPPs
SRR32147494.bin.11,Acidobacteriota,NRPS
SRR32147494.bin.11,Acidobacteriota,NRPS
SRR32147494.bin.11,Acidobacteriota,NRPS
SRR32147494.bin.11,Acidobacteriota,RiPPs
SRR32147494.bin.11,Acidobacteriota,PKSI
SRR32147494.bin.11,Acidobacteriota,NRPS
SRR32147494.bin.11,Acidobacteriota,PKSI
SRR32147494.bin.24,Desulfobacterota_B,Terpene
SRR32147494.bin.24,Desulfobacterota_B,NRPS
SRR32147494.bin.24,Desulfobacterota_B,PKSother
SRR32147494.bin.54,Acidobacteriota,NRPS
SRR32147494.bin.54,Acidobacteriota,NRPS
SRR32147494.bin.54,Acidobacteriota,NRPS
SRR32147494.bin.54,Acidobacteriota,Others
SRR32147494.bin.54,Acidobacteriota,NRPS
SRR32147494.bin.54,Acidobacteriota,PKSother
SRR32147494.bin.54,Acidobacteriota,PKS-NRP_Hybrids
SRR32147494.bin.54,Acidobacteriota,Terpene
SRR32147494.bin.54,Acidobacteriota,NRPS
SRR32147494.bin.54,Acidobacteriota,NRPS
SRR32147494.bin.54,Acidobacteriota,PKSother
SRR32147494.bin.54,Acidobacteriota,RiPPs
SRR32147494.bin.54,Acidobacteriota,NRPS
SRR32147494.bin.54,Acidobacteriota,NRPS
SRR32147494.bin.54,Acidobacteriota,PKS-NRP_Hybrids
SRR32147494.bin.54,Acidobacteriota,NRPS
SRR32147494.bin.54,Acidobacteriota,PKS-NRP_Hybrids
SRR32147494.bin.54,Acidobacteriota,PKSI
SRR32147494.bin.54,Acidobacteriota,NRPS
SRR32147494.bin.54,Acidobacteriota,NRPS
SRR32147494.bin.54,Acidobacteriota,NRPS
SRR32147494.bin.54,Acidobacteriota,PKSI
SRR32147494.bin.54,Acidobacteriota,NRPS
SRR32147494.bin.54,Acidobacteriota,PKSI
SRR32147494.bin.6,Pseudomonadota,PKSother
SRR32147495.bin.17,Pseudomonadota,Terpene
SRR32147495.bin.17,Pseudomonadota,RiPPs
SRR32147495.bin.17,Pseudomonadota,PKSother
SRR32147495.bin.17,Pseudomonadota,NRPS
SRR32147495.bin.17,Pseudomonadota,RiPPs
SRR32147495.bin.66,Actinomycetota,Terpene
SRR32147495.bin.70,Desulfobacterota_B,NRPS
SRR32147495.bin.70,Desulfobacterota_B,NRPS
SRR32147495.bin.70,Desulfobacterota_B,NRPS
SRR32147495.bin.70,Desulfobacterota_B,PKS-NRP_Hybrids
SRR32147495.bin.70,Desulfobacterota_B,NRPS
SRR32147495.bin.70,Desulfobacterota_B,NRPS
SRR32147495.bin.70,Desulfobacterota_B,NRPS
SRR32147495.bin.70,Desulfobacterota_B,NRPS
SRR32147495.bin.70,Desulfobacterota_B,NRPS
SRR32147495.bin.70,Desulfobacterota_B,NRPS
SRR32147495.bin.70,Desulfobacterota_B,NRPS
SRR32147495.bin.70,Desulfobacterota_B,NRPS
SRR32147495.bin.70,Desulfobacterota_B,NRPS
SRR32147495.bin.70,Desulfobacterota_B,NRPS
SRR32147495.bin.70,Desulfobacterota_B,NRPS
SRR32147495.bin.70,Desulfobacterota_B,NRPS
SRR32147495.bin.70,Desulfobacterota_B,NRPS
SRR32147495.bin.70,Desulfobacterota_B,NRPS
SRR32147495.bin.70,Desulfobacterota_B,NRPS
SRR32147495.bin.76,Actinomycetota,NRPS
SRR32147495.bin.76,Actinomycetota,NRPS
SRR32147495.bin.76,Actinomycetota,NRPS
SRR32147498.bin.11,Actinomycetota,NRPS
SRR32147498.bin.11,Actinomycetota,PKSother
SRR32147499.bin.18,Pseudomonadota,Terpene
SRR32147499.bin.18,Pseudomonadota,PKSother
SRR32147499.bin.2,Pseudomonadota,PKSI
SRR32147499.bin.2,Pseudomonadota,NRPS
SRR32147499.bin.2,Pseudomonadota,NRPS
SRR32147499.bin.2,Pseudomonadota,Terpene
SRR32147499.bin.2,Pseudomonadota,Terpene
SRR32147499.bin.36,Planctomycetota,PKSother
SRR32147499.bin.37,Acidobacteriota,PKSother
SRR32147499.bin.37,Acidobacteriota,NRPS
SRR32147499.bin.37,Acidobacteriota,PKSI
SRR32147499.bin.37,Acidobacteriota,PKS-NRP_Hybrids
SRR32147499.bin.37,Acidobacteriota,RiPPs
SRR32147499.bin.37,Acidobacteriota,RiPPs
SRR32147499.bin.37,Acidobacteriota,NRPS
SRR32147499.bin.37,Acidobacteriota,RiPPs
SRR32147499.bin.37,Acidobacteriota,RiPPs
SRR32147499.bin.37,Acidobacteriota,PKSI
SRR32147499.bin.37,Acidobacteriota,NRPS
SRR32147499.bin.37,Acidobacteriota,RiPPs
SRR32147499.bin.37,Acidobacteriota,Terpene
SRR32147499.bin.37,Acidobacteriota,RiPPs
SRR32147499.bin.37,Acidobacteriota,NRPS
SRR32147499.bin.37,Acidobacteriota,PKSI
SRR32147499.bin.37,Acidobacteriota,NRPS
SRR32147499.bin.37,Acidobacteriota,NRPS
SRR32147499.bin.37,Acidobacteriota,NRPS
SRR32147499.bin.37,Acidobacteriota,PKS-NRP_Hybrids
SRR32147499.bin.37,Acidobacteriota,NRPS
SRR32147499.bin.37,Acidobacteriota,NRPS
SRR32147499.bin.37,Acidobacteriota,NRPS
SRR32147499.bin.37,Acidobacteriota,NRPS
SRR32147499.bin.37,Acidobacteriota,PKS-NRP_Hybrids
SRR32147499.bin.37,Acidobacteriota,NRPS
SRR32147499.bin.37,Acidobacteriota,RiPPs
SRR32147499.bin.37,Acidobacteriota,Others
SRR32147499.bin.37,Acidobacteriota,RiPPs
SRR32147499.bin.38,Pseudomonadota,NRPS
SRR32147499.bin.38,Pseudomonadota,NRPS
SRR32147499.bin.65,Planctomycetota,NRPS
SRR32147499.bin.65,Planctomycetota,Others
SRR32147499.bin.67,Gemmatimonadota,Terpene
SRR32147499.bin.67,Gemmatimonadota,phosphonate
SRR32147499.bin.67,Gemmatimonadota,RiPPs
SRR32147499.bin.68,Hydrogenedentota,PKSother
SRR32147499.bin.68,Hydrogenedentota,PKSother
SRR32147499.bin.68,Hydrogenedentota,RiPPs
SRR32147499.bin.68,Hydrogenedentota,NRPS
SRR32147499.bin.68,Hydrogenedentota,RiPPs
SRR32147499.bin.78,Planctomycetota,Terpene
SRR32147499.bin.78,Planctomycetota,Terpene
SRR32147499.bin.78,Planctomycetota,RiPPs
SRR32147499.bin.78,Planctomycetota,resorcinol
SRR32147499.bin.78,Planctomycetota,Terpene
SRR32147499.bin.78,Planctomycetota,Terpene
SRR32147508.bin.10,Planctomycetota,PKSother
SRR32147508.bin.10,Planctomycetota,PKSother
SRR32147508.bin.10,Planctomycetota,PKSother
SRR32147508.bin.102,Planctomycetota,PKSI
SRR32147508.bin.102,Planctomycetota,NRPS
SRR32147508.bin.102,Planctomycetota,Others
SRR32147508.bin.103,Planctomycetota,NRPS
SRR32147508.bin.103,Planctomycetota,PKSother
SRR32147508.bin.23,Planctomycetota,PKSI
SRR32147508.bin.23,Planctomycetota,PKSother
SRR32147508.bin.23,Planctomycetota,NRPS
SRR32147508.bin.23,Planctomycetota,arylpolyene
SRR32147508.bin.27,Cyanobacteriota,PKSI
SRR32147508.bin.27,Cyanobacteriota,NRPS
SRR32147508.bin.27,Cyanobacteriota,NRPS
SRR32147508.bin.36,Planctomycetota,PKSother
SRR32147508.bin.71,Pseudomonadota,NRPS
SRR32147508.bin.71,Pseudomonadota,Terpene
SRR32147508.bin.71,Pseudomonadota,NRPS
SRR32147508.bin.71,Pseudomonadota,RiPPs
SRR32147508.bin.71,Pseudomonadota,Terpene
SRR32147508.bin.73,Gemmatimonadota,RiPPs
SRR32147508.bin.73,Gemmatimonadota,RiPPs
SRR32147508.bin.73,Gemmatimonadota,NRPS
SRR32147508.bin.73,Gemmatimonadota,NRPS
SRR32147508.bin.90,Desulfobacterota_D,PKSother
SRR32147508.bin.91,Hydrogenedentota,RiPPs
SRR32147508.bin.91,Hydrogenedentota,PKSother
SRR32147508.bin.91,Hydrogenedentota,PKSother
SRR32147508.bin.91,Hydrogenedentota,NRPS
SRR32147508.bin.91,Hydrogenedentota,arylpolyene
SRR32147508.bin.91,Hydrogenedentota,PKSother
SRR32147508.bin.91,Hydrogenedentota,arylpolyene
SRR32147508.bin.91,Hydrogenedentota,arylpolyene
SRR32147508.bin.97,Gemmatimonadota,NRPS
SRR32147508.bin.97,Gemmatimonadota,NRPS
SRR32147508.bin.98,Planctomycetota,phosphonate
SRR32147508.bin.98,Planctomycetota,NRPS
SRR32147508.bin.98,Planctomycetota,RiPPs
SRR32147508.bin.98,Planctomycetota,Terpene
SRR32147508.bin.98,Planctomycetota,PKSI
SRR32147508.bin.98,Planctomycetota,Terpene
SRR32147508.bin.98,Planctomycetota,Terpene
SRR32147509.bin.104,Bacteroidota,Terpene
SRR32147509.bin.104,Bacteroidota,PKSother
SRR32147509.bin.110,Pseudomonadota,Terpene
SRR32147509.bin.110,Pseudomonadota,Terpene
SRR32147509.bin.110,Pseudomonadota,RiPPs
SRR32147509.bin.110,Pseudomonadota,NRPS
SRR32147509.bin.110,Pseudomonadota,phosphonate
SRR32147509.bin.39,Pseudomonadota,Terpene
SRR32147509.bin.55,Planctomycetota,NRPS
SRR32147509.bin.55,Planctomycetota,PKSI
SRR32147509.bin.55,Planctomycetota,Terpene
SRR32147509.bin.55,Planctomycetota,NRPS
SRR32147509.bin.60,Pseudomonadota,RiPPs
SRR32147509.bin.60,Pseudomonadota,NRPS
SRR32147509.bin.60,Pseudomonadota,Terpene
SRR32147509.bin.60,Pseudomonadota,Terpene
SRR32147509.bin.60,Pseudomonadota,Terpene
SRR32147509.bin.60,Pseudomonadota,NRPS
SRR32147509.bin.60,Pseudomonadota,NRPS
SRR32147509.bin.60,Pseudomonadota,NRPS
SRR32147509.bin.60,Pseudomonadota,NRPS
SRR32147509.bin.60,Pseudomonadota,NRPS
SRR32147509.bin.60,Pseudomonadota,Others
SRR32147509.bin.61,Pseudomonadota,arylpolyene
SRR32147509.bin.61,Pseudomonadota,arylpolyene
SRR32147509.bin.61,Pseudomonadota,Terpene
SRR32147509.bin.61,Pseudomonadota,Terpene
SRR32147509.bin.61,Pseudomonadota,RiPPs
SRR32774197.bin.13,Pseudomonadota,PKSother
SRR32774197.bin.13,Pseudomonadota,NRPS
SRR32774197.bin.13,Pseudomonadota,NRPS
SRR32774197.bin.13,Pseudomonadota,NRPS
SRR32774197.bin.13,Pseudomonadota,NRPS
SRR32774197.bin.13,Pseudomonadota,NRPS
SRR32774197.bin.14,Bacillota,Others
SRR32774197.bin.14,Bacillota,Others
SRR32774197.bin.14,Bacillota,phosphonate
SRR32774197.bin.14,Bacillota,PKSother
SRR32774197.bin.14,Bacillota,Terpene
SRR32774197.bin.22,Pseudomonadota,PKSother
SRR32774197.bin.22,Pseudomonadota,arylpolyene
SRR32774197.bin.22,Pseudomonadota,arylpolyene
SRR32774197.bin.22,Pseudomonadota,Others
SRR32774197.bin.22,Pseudomonadota,RiPPs
SRR32774197.bin.22,Pseudomonadota,Others
SRR32774197.bin.22,Pseudomonadota,Others
SRR32774197.bin.33,Pseudomonadota,RiPPs
SRR32774197.bin.33,Pseudomonadota,Others
SRR32774197.bin.33,Pseudomonadota,PKS-NRP_Hybrids
SRR32774197.bin.33,Pseudomonadota,NRPS
SRR32774197.bin.33,Pseudomonadota,NRPS
SRR32774197.bin.38,Pseudomonadota,arylpolyene
SRR32774197.bin.38,Pseudomonadota,arylpolyene
SRR32774197.bin.38,Pseudomonadota,RiPPs
SRR32774197.bin.38,Pseudomonadota,Others
SRR32774197.bin.38,Pseudomonadota,Others
SRR32774197.bin.38,Pseudomonadota,PKSother
SRR32774198.bin.12,Pseudomonadota,resorcinol
SRR32774198.bin.12,Pseudomonadota,Others
SRR32774198.bin.12,Pseudomonadota,Others
SRR32774198.bin.12,Pseudomonadota,RiPPs
SRR32774198.bin.12,Pseudomonadota,RiPPs
SRR32774198.bin.12,Pseudomonadota,RiPPs
SRR32774198.bin.18,Pseudomonadota,arylpolyene
SRR32774198.bin.18,Pseudomonadota,arylpolyene
SRR32774198.bin.18,Pseudomonadota,NRPS
SRR32774198.bin.18,Pseudomonadota,RiPPs
SRR32774199.bin.10,Bacillota,Terpene
SRR32774199.bin.10,Bacillota,Others
SRR32774199.bin.10,Bacillota,Others
SRR32774199.bin.10,Bacillota,PKSother
SRR32774199.bin.16,Pseudomonadota,arylpolyene
SRR32774199.bin.16,Pseudomonadota,arylpolyene
SRR32774199.bin.16,Pseudomonadota,NRPS
SRR32774199.bin.16,Pseudomonadota,RiPPs
SRR32774200.bin.20,Pseudomonadota,NRPS
SRR32774200.bin.20,Pseudomonadota,Others
SRR32774200.bin.20,Pseudomonadota,Others
SRR32774200.bin.20,Pseudomonadota,RiPPs
SRR32774200.bin.20,Pseudomonadota,NRPS
SRR32774200.bin.20,Pseudomonadota,NRPS
SRR32774201.bin.36,Bacillota,PKSother
SRR33545844.bin.1,Acidobacteriota,PKSother
SRR33545844.bin.1,Acidobacteriota,Others
SRR34563345.bin.2,Cyanobacteriota,NRPS
SRR34563345.bin.20,Pseudomonadota,arylpolyene
SRR34563345.bin.47,Bacteroidota,RiPPs
SRR34576098.bin.15,Desulfobacterota_D,PKSother
SRR34576098.bin.15,Desulfobacterota_D,NRPS
SRR34576099.bin.14,Pseudomonadota,PKSother
SRR34576099.bin.14,Pseudomonadota,PKSother
SRR34576099.bin.14,Pseudomonadota,phosphonate
SRR34576099.bin.14,Pseudomonadota,Terpene
SRR34576099.bin.14,Pseudomonadota,Terpene
SRR34576099.bin.31,Actinomycetota,PKSI
SRR34576099.bin.31,Actinomycetota,PKSother
SRR34576099.bin.31,Actinomycetota,Terpene
SRR34576099.bin.41,Pseudomonadota,phosphonate
SRR6056296.bin.12,Bacteroidota,arylpolyene
SRR6056296.bin.12,Bacteroidota,Terpene
SRR6056296.bin.12,Bacteroidota,PKSother
SRR9952631.bin.10,Pseudomonadota,Terpene
SRR9952631.bin.10,Pseudomonadota,RiPPs
SRR9952631.bin.10,Pseudomonadota,PKSother
SRR9952631.bin.10,Pseudomonadota,RiPPs
SRR9952631.bin.2,Actinomycetota,Terpene
SRR9952631.bin.2,Actinomycetota,PKSI
SRR9952631.bin.20,Actinomycetota,PKSI
SRR9952631.bin.20,Actinomycetota,NRPS
SRR9952631.bin.20,Actinomycetota,NRPS
SRR9952635.bin.35,Bacteroidota,PKSother
SRR9952635.bin.70,Actinomycetota,Terpene
SRR9952635.bin.70,Actinomycetota,NRPS
SRR9952635.bin.70,Actinomycetota,PKSother
11-A.bin.19,Actinomycetota,NRPS
11-A.bin.19,Actinomycetota,PKSI
11-A.bin.19,Actinomycetota,PKS-NRP_Hybrids
11-A.bin.19,Actinomycetota,PKSother
11-A.bin.19,Actinomycetota,PKSI
11-A.bin.19,Actinomycetota,PKSI
11-A.bin.19,Actinomycetota,PKSI
11-A.bin.19,Actinomycetota,PKSI
11-A.bin.19,Actinomycetota,NRPS
11-A.bin.19,Actinomycetota,Others
11-A.bin.19,Actinomycetota,Others
11-A.bin.19,Actinomycetota,Others
11-A.bin.19,Actinomycetota,PKSI
11-A.bin.19,Actinomycetota,PKSI
11-A.bin.19,Actinomycetota,PKSI
11-A.bin.19,Actinomycetota,PKSI
11-A.bin.19,Actinomycetota,PKSI
11-A.bin.19,Actinomycetota,PKSI
11-A.bin.19,Actinomycetota,PKSI
11-A.bin.19,Actinomycetota,PKSI
11-A.bin.19,Actinomycetota,PKSI
11-A.bin.19,Actinomycetota,PKSI
11-A.bin.19,Actinomycetota,PKSI
11-A.bin.19,Actinomycetota,Others
11-A.bin.19,Actinomycetota,NRPS
11-A.bin.19,Actinomycetota,PKSother
11-A.bin.19,Actinomycetota,PKSI
11-A.bin.19,Actinomycetota,PKSI
11-A.bin.19,Actinomycetota,PKSI
11-A.bin.19,Actinomycetota,PKSI
11-A.bin.19,Actinomycetota,NRPS
11-A.bin.19,Actinomycetota,PKSI
11-A.bin.19,Actinomycetota,PKSI
11-A.bin.5,Actinomycetota,PKSother
11-A.bin.6,Actinomycetota,NRPS
11-A.bin.6,Actinomycetota,Others
11-A.bin.6,Actinomycetota,PKSother
11-B.bin.15,Pseudomonadota,NRPS
11-B.bin.15,Pseudomonadota,RiPPs
11-B.bin.18,Pseudomonadota,Others
11-B.bin.18,Pseudomonadota,Others
11-B.bin.18,Pseudomonadota,Others
11-B.bin.18,Pseudomonadota,NRPS
11-B.bin.18,Pseudomonadota,PKSI
11-B.bin.18,Pseudomonadota,RiPPs
11-B.bin.9,Pseudomonadota,arylpolyene
11-B.bin.9,Pseudomonadota,arylpolyene
11-B.bin.9,Pseudomonadota,Others
11-B.bin.9,Pseudomonadota,Others
11-B.bin.9,Pseudomonadota,Others
11-B.bin.9,Pseudomonadota,NRPS
11-B.bin.9,Pseudomonadota,RiPPs
11-B.bin.9,Pseudomonadota,PKSI
11-B.bin.9,Pseudomonadota,NRPS
11-C.bin.18,Actinomycetota,Others
11-C.bin.20,Actinomycetota,Others
11-C.bin.23,Bacillota,PKSother
11-C.bin.23,Bacillota,Others
11-C.bin.23,Bacillota,Others
11-C.bin.23,Bacillota,NRPS
11-C.bin.23,Bacillota,NRPS
13-b.bin.16,JADJOY01,NRPS
13-b.bin.16,JADJOY01,Terpene
13-b.bin.16,JADJOY01,PKSI
13-b.bin.39,Actinomycetota,Others
13-b.bin.39,Actinomycetota,Others
13-b.bin.39,Actinomycetota,NRPS
13-b.bin.42,Acidobacteriota,NRPS
13-b.bin.42,Acidobacteriota,NRPS
13-b.bin.42,Acidobacteriota,NRPS
13-b.bin.42,Acidobacteriota,NRPS
13-b.bin.42,Acidobacteriota,PKSother
13-b.bin.42,Acidobacteriota,NRPS
13-b.bin.42,Acidobacteriota,NRPS
13-b.bin.42,Acidobacteriota,PKSI
13-b.bin.42,Acidobacteriota,PKSI
13-b.bin.42,Acidobacteriota,PKSI
13-b.bin.42,Acidobacteriota,NRPS
13-b.bin.42,Acidobacteriota,NRPS
13-b.bin.42,Acidobacteriota,Others
13-b.bin.42,Acidobacteriota,NRPS
13-b.bin.42,Acidobacteriota,NRPS
13-b.bin.42,Acidobacteriota,PKS-NRP_Hybrids
13-b.bin.42,Acidobacteriota,NRPS
13-b.bin.42,Acidobacteriota,NRPS
13-b.bin.42,Acidobacteriota,NRPS
13-b.bin.42,Acidobacteriota,NRPS
13-b.bin.42,Acidobacteriota,NRPS
13-b.bin.42,Acidobacteriota,PKS-NRP_Hybrids
13-b.bin.42,Acidobacteriota,RiPPs
13-b.bin.42,Acidobacteriota,NRPS
13-b.bin.42,Acidobacteriota,NRPS
13-b.bin.42,Acidobacteriota,PKSother
13-b.bin.45,Acidobacteriota,RiPPs
13-b.bin.45,Acidobacteriota,Others
13-b.bin.45,Acidobacteriota,RiPPs
13-b.bin.45,Acidobacteriota,PKSother
13-b.bin.45,Acidobacteriota,RiPPs
13-b.bin.45,Acidobacteriota,RiPPs
13-b.bin.45,Acidobacteriota,Terpene
13-b.bin.45,Acidobacteriota,RiPPs
13-b.bin.46,Pseudomonadota,NRPS
13-b.bin.46,Pseudomonadota,PKSother
13-b.bin.67,Pseudomonadota,RiPPs
13-b.bin.67,Pseudomonadota,NRPS
13-b.bin.67,Pseudomonadota,resorcinol
13-b.bin.67,Pseudomonadota,Others
13-b.bin.67,Pseudomonadota,Others
13-b.bin.67,Pseudomonadota,Others
13-b.bin.67,Pseudomonadota,Others
13-b.bin.67,Pseudomonadota,Others
13-C.bin.47,Gemmatimonadota,NRPS
13-C.bin.47,Gemmatimonadota,PKSI
13-C.bin.47,Gemmatimonadota,NRPS
13-C.bin.47,Gemmatimonadota,NRPS
13-C.bin.47,Gemmatimonadota,RiPPs
13-C.bin.56,Gemmatimonadota,PKSother
13-C.bin.60,Pseudomonadota,NRPS
13-C.bin.61,Nitrospirota,Terpene
13-C.bin.61,Nitrospirota,NRPS
13-d.bin.22,Pseudomonadota,NRPS
13-d.bin.22,Pseudomonadota,arylpolyene
13-d.bin.22,Pseudomonadota,NRPS
13-d.bin.23,Pseudomonadota,Terpene
13-d.bin.30,Pseudomonadota,NRPS
13-d.bin.30,Pseudomonadota,NRPS
13-d.bin.30,Pseudomonadota,NRPS
13-d.bin.30,Pseudomonadota,NRPS
13-d.bin.30,Pseudomonadota,NRPS
13-d.bin.30,Pseudomonadota,RiPPs
13-d.bin.30,Pseudomonadota,NRPS
13-d.bin.30,Pseudomonadota,NRPS
13-d.bin.30,Pseudomonadota,NRPS
13-d.bin.30,Pseudomonadota,NRPS
13-d.bin.30,Pseudomonadota,NRPS
13-d.bin.30,Pseudomonadota,NRPS
13-d.bin.30,Pseudomonadota,NRPS
13-d.bin.30,Pseudomonadota,NRPS
13-d.bin.30,Pseudomonadota,NRPS
13-d.bin.30,Pseudomonadota,NRPS
13-d.bin.30,Pseudomonadota,NRPS
13-d.bin.30,Pseudomonadota,arylpolyene
13-d.bin.30,Pseudomonadota,NRPS
13-d.bin.30,Pseudomonadota,NRPS
13-d.bin.41,Chloroflexota,Terpene
13-d.bin.59,Gemmatimonadota,phosphonate
13-d.bin.59,Gemmatimonadota,RiPPs
14-A.bin.24,Chloroflexota,Terpene
14-A.bin.32,Pseudomonadota,NRPS
14-A.bin.32,Pseudomonadota,phosphonate
14-B.bin.2,Pseudomonadota,Terpene
14-B.bin.2,Pseudomonadota,NRPS
14-B.bin.30,Nitrospinota,Terpene
14-B.bin.30,Nitrospinota,phosphonate
14-B.bin.30,Nitrospinota,Others
14-C.bin.7,Pseudomonadota,NRPS
14-C.bin.7,Pseudomonadota,NRPS
16-A.bin.6,Desulfobacterota_B,NRPS
16-A.bin.6,Desulfobacterota_B,Terpene
16-D.bin.11,Chloroflexota,Terpene
16-D.bin.12,Chloroflexota,PKSother
16-D.bin.12,Chloroflexota,NRPS
16-D.bin.12,Chloroflexota,NRPS
16-D.bin.12,Chloroflexota,Terpene
16-D.bin.12,Chloroflexota,Terpene
16-D.bin.15,Actinomycetota,NRPS
17-A.bin.11,Actinomycetota,Terpene
17-A.bin.11,Actinomycetota,NRPS
17-A.bin.25,Pseudomonadota,NRPS
17-A.bin.3,Actinomycetota,NRPS
17-A.bin.68,Gemmatimonadota,NRPS
17-A.bin.68,Gemmatimonadota,NRPS
17-A.bin.79,Pseudomonadota,NRPS
17-A.bin.98,Bacteroidota,PKSother
17-A.bin.98,Bacteroidota,phosphonate
17-B.bin.102,Pseudomonadota,NRPS
17-B.bin.102,Pseudomonadota,RiPPs
17-B.bin.102,Pseudomonadota,NRPS
17-B.bin.102,Pseudomonadota,arylpolyene
17-B.bin.103,JAGLTZ01,PKSother
17-B.bin.117,Chloroflexota,PKSI
17-B.bin.117,Chloroflexota,PKSI
17-B.bin.117,Chloroflexota,NRPS
17-B.bin.117,Chloroflexota,NRPS
17-B.bin.129,Bacteroidota,Terpene
17-B.bin.135,Pseudomonadota,RiPPs
17-B.bin.135,Pseudomonadota,phosphonate
17-B.bin.135,Pseudomonadota,NRPS
17-B.bin.135,Pseudomonadota,PKSother
17-B.bin.137,Myxococcota,PKSother
17-B.bin.137,Myxococcota,NRPS
17-B.bin.137,Myxococcota,Terpene
17-B.bin.137,Myxococcota,NRPS
17-B.bin.137,Myxococcota,NRPS
17-B.bin.137,Myxococcota,PKSI
17-B.bin.137,Myxococcota,NRPS
17-B.bin.137,Myxococcota,RiPPs
17-B.bin.149,Bacteroidota,Others
17-B.bin.149,Bacteroidota,NRPS
17-B.bin.149,Bacteroidota,NRPS
17-B.bin.171,Pseudomonadota,arylpolyene
17-B.bin.171,Pseudomonadota,arylpolyene
17-B.bin.178,Pseudomonadota,Others
17-B.bin.178,Pseudomonadota,Others
17-B.bin.178,Pseudomonadota,arylpolyene
17-B.bin.178,Pseudomonadota,arylpolyene
17-B.bin.29,Bacteroidota,Terpene
17-B.bin.29,Bacteroidota,PKSother
17-B.bin.29,Bacteroidota,RiPPs
17-B.bin.57,Bacteroidota,NRPS
17-B.bin.57,Bacteroidota,NRPS
17-B.bin.57,Bacteroidota,NRPS
17-B.bin.57,Bacteroidota,PKSother
17-B.bin.57,Bacteroidota,NRPS
17-B.bin.57,Bacteroidota,NRPS
17-B.bin.57,Bacteroidota,NRPS
17-B.bin.57,Bacteroidota,NRPS
17-B.bin.57,Bacteroidota,NRPS
17-B.bin.57,Bacteroidota,arylpolyene
17-B.bin.57,Bacteroidota,arylpolyene
17-B.bin.57,Bacteroidota,arylpolyene
17-B.bin.57,Bacteroidota,NRPS
17-B.bin.57,Bacteroidota,NRPS
17-B.bin.57,Bacteroidota,NRPS
17-B.bin.74,Bacteroidota,PKSother
17-B.bin.76,Actinomycetota,NRPS
17-B.bin.76,Actinomycetota,RiPPs
17-B.bin.76,Actinomycetota,RiPPs
17-C.bin.104,Pseudomonadota,PKSother
17-C.bin.109,Acidobacteriota,NRPS
17-C.bin.109,Acidobacteriota,NRPS
17-C.bin.109,Acidobacteriota,NRPS
17-C.bin.109,Acidobacteriota,NRPS
17-C.bin.109,Acidobacteriota,Others
17-C.bin.109,Acidobacteriota,NRPS
17-C.bin.109,Acidobacteriota,NRPS
17-C.bin.109,Acidobacteriota,PKSother
17-C.bin.109,Acidobacteriota,NRPS
17-C.bin.109,Acidobacteriota,NRPS
17-C.bin.109,Acidobacteriota,NRPS
17-C.bin.109,Acidobacteriota,NRPS
17-C.bin.122,Myxococcota,Terpene
17-C.bin.122,Myxococcota,Terpene
17-C.bin.122,Myxococcota,NRPS
17-C.bin.163,SAR324,PKSother
17-C.bin.163,SAR324,NRPS
17-C.bin.163,SAR324,PKSother
17-C.bin.165,Actinomycetota,Terpene
17-C.bin.17,Gemmatimonadota,RiPPs
17-C.bin.17,Gemmatimonadota,PKSI
17-C.bin.17,Gemmatimonadota,NRPS
17-C.bin.17,Gemmatimonadota,NRPS
17-C.bin.17,Gemmatimonadota,RiPPs
17-C.bin.29,Pseudomonadota,NRPS
17-C.bin.29,Pseudomonadota,Terpene
17-C.bin.29,Pseudomonadota,Terpene
17-C.bin.33,Bacteroidota,PKSother
17-C.bin.33,Bacteroidota,Terpene
17-C.bin.37,Pseudomonadota,Others
17-C.bin.37,Pseudomonadota,Others
17-C.bin.37,Pseudomonadota,arylpolyene
17-C.bin.46,Pseudomonadota,NRPS
17-C.bin.46,Pseudomonadota,Terpene
17-C.bin.46,Pseudomonadota,Terpene
17-C.bin.46,Pseudomonadota,RiPPs
17-C.bin.48,Pseudomonadota,RiPPs
17-C.bin.50,Gemmatimonadota,NRPS
17-C.bin.50,Gemmatimonadota,Terpene
17-C.bin.58,Gemmatimonadota,Terpene
17-C.bin.70,Pseudomonadota,Terpene
17-C.bin.86,Pseudomonadota,RiPPs
17-C.bin.86,Pseudomonadota,Others
17-C.bin.86,Pseudomonadota,RiPPs
17-C.bin.87,Pseudomonadota,Terpene
17-C.bin.87,Pseudomonadota,NRPS
18-A.bin.14,Chloroflexota,PKS-NRP_Hybrids
18-A.bin.14,Chloroflexota,PKSother
18-A.bin.14,Chloroflexota,Terpene
18-A.bin.14,Chloroflexota,Terpene
18-A.bin.17,Pseudomonadota,arylpolyene
18-A.bin.17,Pseudomonadota,NRPS
18-A.bin.17,Pseudomonadota,resorcinol
18-A.bin.17,Pseudomonadota,arylpolyene
18-A.bin.17,Pseudomonadota,arylpolyene
18-A.bin.19,Actinomycetota,NRPS
18-A.bin.19,Actinomycetota,PKSI
18-A.bin.19,Actinomycetota,PKSother
18-A.bin.19,Actinomycetota,PKSI
18-A.bin.19,Actinomycetota,RiPPs
18-A.bin.19,Actinomycetota,NRPS
18-A.bin.19,Actinomycetota,NRPS
18-A.bin.19,Actinomycetota,NRPS
18-A.bin.19,Actinomycetota,phosphonate
18-A.bin.19,Actinomycetota,PKSI
18-A.bin.19,Actinomycetota,NRPS
18-A.bin.19,Actinomycetota,NRPS
18-A.bin.19,Actinomycetota,PKSI
18-A.bin.19,Actinomycetota,PKSI
18-A.bin.19,Actinomycetota,PKSother
18-A.bin.19,Actinomycetota,PKSother
18-A.bin.19,Actinomycetota,NRPS
18-A.bin.19,Actinomycetota,NRPS
18-A.bin.19,Actinomycetota,PKSI
18-A.bin.19,Actinomycetota,PKSother
18-A.bin.19,Actinomycetota,Terpene
18-A.bin.19,Actinomycetota,NRPS
18-A.bin.19,Actinomycetota,RiPPs
18-A.bin.21,Pseudomonadota,NRPS
18-A.bin.31,Chloroflexota,NRPS
18-A.bin.31,Chloroflexota,NRPS
18-A.bin.32,Actinomycetota,RiPPs
18-A.bin.39,Desulfobacterota,RiPPs
18-A.bin.39,Desulfobacterota,RiPPs
18-A.bin.39,Desulfobacterota,arylpolyene
18-A.bin.39,Desulfobacterota,PKSother
18-A.bin.41,Pseudomonadota,NRPS
18-A.bin.41,Pseudomonadota,NRPS
18-A.bin.41,Pseudomonadota,PKSI
18-A.bin.41,Pseudomonadota,NRPS
18-A.bin.41,Pseudomonadota,NRPS
18-A.bin.41,Pseudomonadota,RiPPs
18-A.bin.41,Pseudomonadota,NRPS
18-A.bin.41,Pseudomonadota,NRPS
18-A.bin.41,Pseudomonadota,phosphonate
18-A.bin.41,Pseudomonadota,PKSI
18-A.bin.41,Pseudomonadota,NRPS
18-A.bin.49,Chloroflexota,Others
18-A.bin.57,Pseudomonadota,PKSother
18-A.bin.57,Pseudomonadota,PKSother
18-A.bin.57,Pseudomonadota,RiPPs
18-A.bin.57,Pseudomonadota,NRPS
18-A.bin.57,Pseudomonadota,PKSother
18-A.bin.57,Pseudomonadota,PKSother
18-A.bin.57,Pseudomonadota,PKSother
18-A.bin.57,Pseudomonadota,NRPS
18-A.bin.57,Pseudomonadota,PKSother
18-A.bin.57,Pseudomonadota,NRPS
18-A.bin.57,Pseudomonadota,NRPS
18-A.bin.57,Pseudomonadota,NRPS
18-A.bin.57,Pseudomonadota,PKSother
18-A.bin.57,Pseudomonadota,NRPS
18-A.bin.57,Pseudomonadota,NRPS
18-A.bin.57,Pseudomonadota,arylpolyene
18-A.bin.57,Pseudomonadota,PKSother
18-A.bin.57,Pseudomonadota,PKSI
18-A.bin.57,Pseudomonadota,PKSother
18-A.bin.57,Pseudomonadota,NRPS
18-A.bin.57,Pseudomonadota,Others
18-A.bin.57,Pseudomonadota,NRPS
18-A.bin.57,Pseudomonadota,NRPS
18-A.bin.57,Pseudomonadota,NRPS
18-A.bin.57,Pseudomonadota,arylpolyene
18-A.bin.57,Pseudomonadota,NRPS
18-A.bin.57,Pseudomonadota,NRPS
18-A.bin.57,Pseudomonadota,PKSI
18-A.bin.57,Pseudomonadota,NRPS
18-A.bin.78,Actinomycetota,NRPS
18-A.bin.78,Actinomycetota,NRPS
18-A.bin.78,Actinomycetota,NRPS
18-A.bin.78,Actinomycetota,Terpene
18-A.bin.83,Acidobacteriota,phosphonate
18-A.bin.83,Acidobacteriota,NRPS
18-A.bin.83,Acidobacteriota,NRPS
18-A.bin.83,Acidobacteriota,PKSother
18-A.bin.83,Acidobacteriota,NRPS
18-A.bin.88,Gemmatimonadota,PKSother
18-A.bin.88,Gemmatimonadota,RiPPs
18-A.bin.88,Gemmatimonadota,PKSother
18-A.bin.88,Gemmatimonadota,PKSI
18-A.bin.88,Gemmatimonadota,PKSI
18-A.bin.88,Gemmatimonadota,PKSI
18-A.bin.88,Gemmatimonadota,PKSI
18-A.bin.88,Gemmatimonadota,NRPS
18-A.bin.88,Gemmatimonadota,PKS-NRP_Hybrids
18-A.bin.88,Gemmatimonadota,NRPS
18-A.bin.88,Gemmatimonadota,NRPS
18-A.bin.88,Gemmatimonadota,PKSI
18-A.bin.88,Gemmatimonadota,NRPS
18-A.bin.88,Gemmatimonadota,PKSI
18-A.bin.88,Gemmatimonadota,PKSI
18-A.bin.88,Gemmatimonadota,RiPPs
18-A.bin.89,Desulfobacterota_B,PKSI
18-A.bin.89,Desulfobacterota_B,NRPS
18-A.bin.89,Desulfobacterota_B,Terpene
18-A.bin.89,Desulfobacterota_B,NRPS
18-A.bin.91,Chloroflexota,Others
18-A.bin.92,Actinomycetota,RiPPs
18-A.bin.92,Actinomycetota,RiPPs
18-A.bin.92,Actinomycetota,PKSother
18-A.bin.92,Actinomycetota,RiPPs
18-A.bin.92,Actinomycetota,Others
18-A.bin.92,Actinomycetota,RiPPs
18-A.bin.92,Actinomycetota,Others
18-A.bin.92,Actinomycetota,Others
18-A.bin.92,Actinomycetota,Terpene
18-A.bin.92,Actinomycetota,resorcinol
18-C.bin.13,Chloroflexota,NRPS
18-D.bin.26,Chloroflexota,NRPS
18-D.bin.31,Chloroflexota,PKS-NRP_Hybrids
18-D.bin.31,Chloroflexota,PKSother
18-D.bin.31,Chloroflexota,PKSother
18-D.bin.8,Actinomycetota,Terpene
18-D.bin.8,Actinomycetota,Terpene
18-D.bin.8,Actinomycetota,NRPS
18-D.bin.8,Actinomycetota,Terpene
18-D.bin.8,Actinomycetota,RiPPs
18-D.bin.8,Actinomycetota,PKSother
18-D.bin.8,Actinomycetota,Others
18-D.bin.8,Actinomycetota,NRPS
18-D.bin.8,Actinomycetota,PKSother
18-D.bin.8,Actinomycetota,NRPS
18-D.bin.8,Actinomycetota,Terpene
18-D.bin.8,Actinomycetota,RiPPs
18-D.bin.8,Actinomycetota,RiPPs
18-D.bin.8,Actinomycetota,Others
18-D.bin.8,Actinomycetota,Others
18-D.bin.8,Actinomycetota,NRPS
18-D.bin.8,Actinomycetota,NRPS
18-D.bin.8,Actinomycetota,Terpene
18-D.bin.8,Actinomycetota,PKSother
18-D.bin.8,Actinomycetota,NRPS
18-D.bin.8,Actinomycetota,Others
18-D.bin.8,Actinomycetota,Terpene
18-D.bin.8,Actinomycetota,RiPPs
18-D.bin.8,Actinomycetota,RiPPs
18-D.bin.8,Actinomycetota,PKSother
18-D.bin.8,Actinomycetota,NRPS
18-D.bin.8,Actinomycetota,NRPS
18-D.bin.8,Actinomycetota,Terpene
1-A.bin.22,Actinomycetota,NRPS
1-A.bin.24,Actinomycetota,NRPS
1-A.bin.24,Actinomycetota,NRPS
1-A.bin.24,Actinomycetota,RiPPs
1-A.bin.24,Actinomycetota,RiPPs
1-A.bin.24,Actinomycetota,NRPS
1-A.bin.24,Actinomycetota,PKSI
1-A.bin.24,Actinomycetota,Terpene
1-A.bin.24,Actinomycetota,PKSI
1-A.bin.24,Actinomycetota,NRPS
1-A.bin.24,Actinomycetota,NRPS
1-A.bin.24,Actinomycetota,PKSI
1-A.bin.24,Actinomycetota,NRPS
1-A.bin.24,Actinomycetota,NRPS
1-A.bin.24,Actinomycetota,PKSother
1-A.bin.24,Actinomycetota,NRPS
1-A.bin.26,Actinomycetota,PKSother
1-A.bin.26,Actinomycetota,PKSI
1-A.bin.26,Actinomycetota,PKSI
1-A.bin.26,Actinomycetota,PKS-NRP_Hybrids
1-A.bin.26,Actinomycetota,PKSI
1-A.bin.26,Actinomycetota,PKSother
1-A.bin.26,Actinomycetota,PKSother
1-A.bin.26,Actinomycetota,PKSI
1-A.bin.26,Actinomycetota,PKSI
1-A.bin.26,Actinomycetota,NRPS
1-A.bin.26,Actinomycetota,PKSI
1-A.bin.26,Actinomycetota,PKSother
1-A.bin.26,Actinomycetota,PKSI
1-A.bin.26,Actinomycetota,NRPS
1-A.bin.26,Actinomycetota,PKSI
1-A.bin.26,Actinomycetota,PKSI
1-A.bin.26,Actinomycetota,PKSI
1-A.bin.26,Actinomycetota,NRPS
1-A.bin.26,Actinomycetota,PKSother
1-A.bin.26,Actinomycetota,PKSI
1-A.bin.26,Actinomycetota,PKSI
1-A.bin.26,Actinomycetota,PKSI
1-A.bin.26,Actinomycetota,PKSI
1-A.bin.26,Actinomycetota,PKSI
1-A.bin.26,Actinomycetota,PKSI
1-A.bin.26,Actinomycetota,Others
1-A.bin.26,Actinomycetota,Others
1-A.bin.26,Actinomycetota,Others
1-A.bin.26,Actinomycetota,PKSI
1-A.bin.27,Actinomycetota,Others
1-A.bin.33,Pseudomonadota,NRPS
1-A.bin.33,Pseudomonadota,arylpolyene
1-A.bin.7,Actinomycetota,Others
1-A.bin.7,Actinomycetota,NRPS
1-A.bin.7,Actinomycetota,NRPS
1-A.bin.7,Actinomycetota,NRPS
1-A.bin.7,Actinomycetota,NRPS
1-A.bin.7,Actinomycetota,RiPPs
1-A.bin.7,Actinomycetota,RiPPs
1-b.bin.11,Pseudomonadota,NRPS
1-b.bin.11,Pseudomonadota,Others
1-b.bin.11,Pseudomonadota,Others
1-b.bin.11,Pseudomonadota,NRPS
1-b.bin.11,Pseudomonadota,NRPS
1-b.bin.11,Pseudomonadota,NRPS
1-b.bin.11,Pseudomonadota,NRPS
1-b.bin.11,Pseudomonadota,NRPS
1-b.bin.11,Pseudomonadota,NRPS
1-b.bin.11,Pseudomonadota,NRPS
1-b.bin.11,Pseudomonadota,NRPS
1-b.bin.16,Pseudomonadota,NRPS
1-b.bin.16,Pseudomonadota,RiPPs
1-b.bin.16,Pseudomonadota,NRPS
1-b.bin.20,Actinomycetota,Others
1-b.bin.20,Actinomycetota,PKSother
1-b.bin.20,Actinomycetota,NRPS
1-b.bin.5,Actinomycetota,PKSother
1-b.bin.5,Actinomycetota,Others
1-b.bin.5,Actinomycetota,NRPS
1-d.bin.1,Actinomycetota,Others
1-d.bin.1,Actinomycetota,PKSother
1-d.bin.2,Actinomycetota,Others
2-a.bin.29,Chloroflexota,NRPS
2-a.bin.7,Chloroflexota,Terpene
2-b.bin.12,Desulfobacterota_B,Terpene
2-b.bin.12,Desulfobacterota_B,NRPS
2-b.bin.12,Desulfobacterota_B,PKSI
2-b.bin.12,Desulfobacterota_B,PKSother
2-b.bin.26,Pseudomonadota,PKSI
2-b.bin.26,Pseudomonadota,RiPPs
2-b.bin.26,Pseudomonadota,Terpene
2-b.bin.7,Pseudomonadota,NRPS
2-b.bin.7,Pseudomonadota,Terpene
2-b.bin.7,Pseudomonadota,NRPS
2-b.bin.7,Pseudomonadota,Terpene
2-b.bin.7,Pseudomonadota,NRPS
2-c.bin.32,Pseudomonadota,RiPPs
2-c.bin.32,Pseudomonadota,Others
4-B.bin.24,Pseudomonadota,RiPPs
4-B.bin.24,Pseudomonadota,Others
4-C.bin.16,Pseudomonadota,NRPS
4-C.bin.16,Pseudomonadota,NRPS
4-C.bin.16,Pseudomonadota,PKSI
4-C.bin.16,Pseudomonadota,arylpolyene
4-C.bin.16,Pseudomonadota,arylpolyene
4-C.bin.16,Pseudomonadota,RiPPs
4-C.bin.16,Pseudomonadota,Others
4-C.bin.16,Pseudomonadota,Others
4-C.bin.16,Pseudomonadota,Others
4-C.bin.32,Pseudomonadota,RiPPs
4-C.bin.32,Pseudomonadota,Others
4-C.bin.7,Pseudomonadota,Terpene
4-C.bin.7,Pseudomonadota,Terpene
4-C.bin.7,Pseudomonadota,arylpolyene
4-C.bin.7,Pseudomonadota,RiPPs
4-C.bin.7,Pseudomonadota,arylpolyene
4-D.bin.11,Bacteroidota,PKSother
4-D.bin.11,Bacteroidota,Terpene
4-D.bin.11,Bacteroidota,RiPPs
4-D.bin.8,Gemmatimonadota,PKSother
5-B.bin.11,Pseudomonadota,RiPPs
5-B.bin.11,Pseudomonadota,RiPPs
5-B.bin.11,Pseudomonadota,Others
5-B.bin.11,Pseudomonadota,Others
5-B.bin.11,Pseudomonadota,arylpolyene
5-B.bin.11,Pseudomonadota,NRPS
5-B.bin.14,Actinomycetota,PKSI
5-B.bin.14,Actinomycetota,PKSI
5-B.bin.14,Actinomycetota,PKSI
5-B.bin.14,Actinomycetota,PKSI
5-B.bin.14,Actinomycetota,Terpene
5-B.bin.14,Actinomycetota,RiPPs
5-B.bin.14,Actinomycetota,PKSother
5-B.bin.14,Actinomycetota,NRPS
5-B.bin.14,Actinomycetota,PKSI
5-B.bin.14,Actinomycetota,PKSI
5-B.bin.14,Actinomycetota,NRPS
5-B.bin.14,Actinomycetota,NRPS
5-B.bin.14,Actinomycetota,Terpene
5-B.bin.14,Actinomycetota,RiPPs
5-B.bin.14,Actinomycetota,NRPS
5-B.bin.14,Actinomycetota,NRPS
5-B.bin.14,Actinomycetota,RiPPs
5-B.bin.14,Actinomycetota,RiPPs
5-B.bin.14,Actinomycetota,RiPPs
5-B.bin.14,Actinomycetota,PKSother
5-B.bin.14,Actinomycetota,PKSI
5-B.bin.14,Actinomycetota,NRPS
5-B.bin.14,Actinomycetota,RiPPs
5-B.bin.2,Pseudomonadota,RiPPs
5-B.bin.2,Pseudomonadota,Others
5-B.bin.2,Pseudomonadota,resorcinol
5-B.bin.2,Pseudomonadota,NRPS
5-B.bin.28,Pseudomonadota,arylpolyene
5-B.bin.28,Pseudomonadota,PKSother
5-B.bin.45,Pseudomonadota,PKSother
5-B.bin.45,Pseudomonadota,Terpene
5-B.bin.45,Pseudomonadota,NRPS
5-B.bin.7,Pseudomonadota,Terpene
5-B.bin.7,Pseudomonadota,PKSother
5-B.bin.7,Pseudomonadota,RiPPs
5-C.bin.16,Pseudomonadota,RiPPs
5-C.bin.16,Pseudomonadota,RiPPs
5-C.bin.16,Pseudomonadota,Terpene
5-C.bin.16,Pseudomonadota,Others
5-C.bin.16,Pseudomonadota,Others
5-C.bin.5,Pseudomonadota,NRPS
5-C.bin.9,Pseudomonadota,Terpene
5-C.bin.9,Pseudomonadota,PKSother
5-D.bin.3,Pseudomonadota,PKSother
5-D.bin.3,Pseudomonadota,Others
5-D.bin.3,Pseudomonadota,Others
5-D.bin.3,Pseudomonadota,arylpolyene
5-D.bin.31,Actinomycetota,NRPS
5-D.bin.31,Actinomycetota,NRPS
5-D.bin.31,Actinomycetota,NRPS
5-D.bin.31,Actinomycetota,PKSI
5-D.bin.31,Actinomycetota,Others
5-D.bin.31,Actinomycetota,Others
5-D.bin.31,Actinomycetota,RiPPs
5-D.bin.31,Actinomycetota,Terpene
5-D.bin.31,Actinomycetota,RiPPs
5-D.bin.31,Actinomycetota,Terpene
5-D.bin.31,Actinomycetota,PKSI
5-D.bin.31,Actinomycetota,PKSI
5-D.bin.31,Actinomycetota,PKSI
5-D.bin.31,Actinomycetota,PKSI
5-D.bin.31,Actinomycetota,PKSI
5-D.bin.31,Actinomycetota,RiPPs
5-D.bin.31,Actinomycetota,RiPPs
5-D.bin.34,Pseudomonadota,RiPPs
5-D.bin.48,Gemmatimonadota,Terpene
5-D.bin.6,Pseudomonadota,Others
5-D.bin.6,Pseudomonadota,Terpene
5-D.bin.6,Pseudomonadota,arylpolyene
5-D.bin.6,Pseudomonadota,PKSother
5-D.bin.6,Pseudomonadota,Terpene
5-D.bin.61,Pseudomonadota,NRPS
6-B.bin.15,Acidobacteriota,PKSother
6-B.bin.15,Acidobacteriota,PKSother
6-B.bin.15,Acidobacteriota,NRPS
6-B.bin.15,Acidobacteriota,Terpene
6-B.bin.15,Acidobacteriota,NRPS
6-B.bin.15,Acidobacteriota,PKSI
6-B.bin.15,Acidobacteriota,NRPS
6-B.bin.15,Acidobacteriota,PKSother
6-B.bin.15,Acidobacteriota,NRPS
6-B.bin.28,Pseudomonadota,NRPS
6-B.bin.28,Pseudomonadota,NRPS
6-B.bin.35,Actinomycetota,NRPS
6-B.bin.35,Actinomycetota,NRPS
6-B.bin.35,Actinomycetota,PKSI
6-B.bin.35,Actinomycetota,NRPS
6-B.bin.35,Actinomycetota,RiPPs
6-B.bin.35,Actinomycetota,Others
6-B.bin.35,Actinomycetota,Others
6-B.bin.35,Actinomycetota,Others
6-B.bin.35,Actinomycetota,NRPS
6-B.bin.35,Actinomycetota,PKSI
6-B.bin.35,Actinomycetota,PKSI
6-B.bin.35,Actinomycetota,Terpene
6-B.bin.50,Gemmatimonadota,PKSother
6-C.bin.13,Pseudomonadota,arylpolyene
6-C.bin.13,Pseudomonadota,NRPS
6-C.bin.13,Pseudomonadota,PKSI
6-C.bin.13,Pseudomonadota,arylpolyene
6-C.bin.13,Pseudomonadota,RiPPs
6-C.bin.13,Pseudomonadota,resorcinol
6-C.bin.13,Pseudomonadota,Others
6-C.bin.13,Pseudomonadota,Others
6-C.bin.13,Pseudomonadota,Others
6-C.bin.22,Actinomycetota,PKSother
6-C.bin.39,Actinomycetota,PKSI
6-C.bin.39,Actinomycetota,Others
6-C.bin.39,Actinomycetota,Others
6-C.bin.39,Actinomycetota,Others
6-C.bin.39,Actinomycetota,NRPS
6-C.bin.39,Actinomycetota,NRPS
6-C.bin.39,Actinomycetota,NRPS
6-C.bin.39,Actinomycetota,NRPS
6-C.bin.39,Actinomycetota,Others
6-C.bin.39,Actinomycetota,Others
6-C.bin.39,Actinomycetota,NRPS
6-C.bin.39,Actinomycetota,PKSother
6-C.bin.39,Actinomycetota,Others
6-C.bin.39,Actinomycetota,Others
6-C.bin.39,Actinomycetota,Others
6-C.bin.39,Actinomycetota,arylpolyene
6-C.bin.39,Actinomycetota,Others
6-C.bin.39,Actinomycetota,PKSother
6-C.bin.39,Actinomycetota,NRPS
6-C.bin.39,Actinomycetota,NRPS
6-C.bin.39,Actinomycetota,RiPPs
6-C.bin.46,Pseudomonadota,NRPS
6-C.bin.47,Pseudomonadota,NRPS
6-C.bin.47,Pseudomonadota,NRPS
6-C.bin.47,Pseudomonadota,NRPS
7-B.bin.8,Pseudomonadota,RiPPs
7-B.bin.8,Pseudomonadota,PKS-NRP_Hybrids
7-B.bin.8,Pseudomonadota,NRPS
7-B.bin.8,Pseudomonadota,RiPPs
7-B.bin.8,Pseudomonadota,RiPPs
7-B.bin.8,Pseudomonadota,Others
7-B.bin.8,Pseudomonadota,RiPPs
7-c.bin.5,Pseudomonadota,arylpolyene
7-c.bin.5,Pseudomonadota,NRPS
7-c.bin.5,Pseudomonadota,NRPS
7-c.bin.5,Pseudomonadota,NRPS
7-c.bin.5,Pseudomonadota,NRPS
7-c.bin.5,Pseudomonadota,NRPS
7-c.bin.9,Chloroflexota,PKSother
7-c.bin.9,Chloroflexota,Terpene
7-D.bin.13,Pseudomonadota,NRPS
7-D.bin.13,Pseudomonadota,Others
7-D.bin.13,Pseudomonadota,Others
7-D.bin.23,Desulfobacterota_B,Terpene
7-D.bin.27,Gemmatimonadota,RiPPs
7-D.bin.27,Gemmatimonadota,Others
7-D.bin.34,Actinomycetota,NRPS
7-D.bin.34,Actinomycetota,Others
7-D.bin.44,Pseudomonadota,NRPS
7-D.bin.44,Pseudomonadota,arylpolyene
7-D.bin.45,Actinomycetota,Terpene
7-D.bin.9,Pseudomonadota,RiPPs
8-a.bin.13,Actinomycetota,NRPS
8-a.bin.13,Actinomycetota,PKSother
8-a.bin.13,Actinomycetota,PKSI
8-a.bin.13,Actinomycetota,PKSI
8-a.bin.13,Actinomycetota,NRPS
8-a.bin.13,Actinomycetota,NRPS
8-a.bin.13,Actinomycetota,PKSother
8-a.bin.13,Actinomycetota,PKSI
8-a.bin.13,Actinomycetota,Others
8-a.bin.13,Actinomycetota,NRPS
8-a.bin.13,Actinomycetota,Others
8-a.bin.13,Actinomycetota,RiPPs
8-a.bin.13,Actinomycetota,PKS-NRP_Hybrids
8-a.bin.13,Actinomycetota,NRPS
8-a.bin.13,Actinomycetota,Terpene
8-a.bin.13,Actinomycetota,Others
8-a.bin.13,Actinomycetota,Terpene
8-a.bin.13,Actinomycetota,Terpene
8-a.bin.13,Actinomycetota,NRPS
8-a.bin.13,Actinomycetota,NRPS
8-a.bin.13,Actinomycetota,PKSI
8-a.bin.13,Actinomycetota,PKS-NRP_Hybrids
8-a.bin.13,Actinomycetota,NRPS
8-a.bin.13,Actinomycetota,PKSI
8-a.bin.13,Actinomycetota,PKSI
8-a.bin.13,Actinomycetota,NRPS
8-a.bin.13,Actinomycetota,Others
8-a.bin.13,Actinomycetota,Others
8-a.bin.13,Actinomycetota,PKSI
8-a.bin.13,Actinomycetota,PKS-NRP_Hybrids
8-a.bin.15,Actinomycetota,PKSI
8-a.bin.15,Actinomycetota,PKSI
8-a.bin.15,Actinomycetota,PKSI
8-a.bin.15,Actinomycetota,PKSI
8-a.bin.15,Actinomycetota,PKSI
8-a.bin.15,Actinomycetota,PKSother
8-a.bin.17,Actinomycetota,Others
8-a.bin.5,Actinomycetota,Others
8-a.bin.5,Actinomycetota,arylpolyene
8-a.bin.5,Actinomycetota,Others
8-a.bin.5,Actinomycetota,Terpene
8-a.bin.5,Actinomycetota,PKSother
8-a.bin.5,Actinomycetota,Others
8-a.bin.5,Actinomycetota,Others
8-a.bin.5,Actinomycetota,Others
8-a.bin.5,Actinomycetota,resorcinol
8-a.bin.8,Actinomycetota,Terpene
8-a.bin.8,Actinomycetota,NRPS
8-a.bin.8,Actinomycetota,NRPS
8-a.bin.8,Actinomycetota,NRPS
8-a.bin.8,Actinomycetota,NRPS
8-a.bin.8,Actinomycetota,NRPS
8-a.bin.8,Actinomycetota,Others
8-a.bin.8,Actinomycetota,NRPS
8-a.bin.8,Actinomycetota,NRPS
8-a.bin.8,Actinomycetota,NRPS
8-a.bin.8,Actinomycetota,NRPS
8-a.bin.8,Actinomycetota,Terpene
8-a.bin.8,Actinomycetota,NRPS
8-a.bin.8,Actinomycetota,PKSI
8-a.bin.8,Actinomycetota,PKSI
8-a.bin.8,Actinomycetota,PKSI
8-a.bin.8,Actinomycetota,Terpene
8-a.bin.8,Actinomycetota,RiPPs
8-a.bin.8,Actinomycetota,Terpene
8-a.bin.8,Actinomycetota,PKSI
8-a.bin.8,Actinomycetota,NRPS
8-a.bin.8,Actinomycetota,PKSI
8-a.bin.8,Actinomycetota,PKSI
8-a.bin.8,Actinomycetota,PKSI
8-a.bin.8,Actinomycetota,RiPPs
8-a.bin.8,Actinomycetota,PKSI
8-a.bin.8,Actinomycetota,NRPS
8-a.bin.8,Actinomycetota,NRPS
8-a.bin.8,Actinomycetota,NRPS
8-a.bin.8,Actinomycetota,NRPS
8-a.bin.8,Actinomycetota,NRPS
8-a.bin.8,Actinomycetota,PKSother
8-a.bin.8,Actinomycetota,PKSI
8-a.bin.8,Actinomycetota,RiPPs
8-a.bin.8,Actinomycetota,PKSI
8-a.bin.8,Actinomycetota,Terpene
8-a.bin.8,Actinomycetota,PKSI
8-a.bin.8,Actinomycetota,Others
8-a.bin.8,Actinomycetota,PKSother
8-a.bin.8,Actinomycetota,PKSI
8-a.bin.8,Actinomycetota,PKSI
8-a.bin.8,Actinomycetota,PKSI
8-a.bin.8,Actinomycetota,Others
8-a.bin.8,Actinomycetota,RiPPs
8-a.bin.8,Actinomycetota,NRPS
8-a.bin.8,Actinomycetota,PKSI
8-a.bin.8,Actinomycetota,PKSI
8-a.bin.8,Actinomycetota,Terpene
8-a.bin.8,Actinomycetota,NRPS
8-a.bin.8,Actinomycetota,NRPS
8-C.bin.6,Chloroflexota,PKSI
8-C.bin.6,Chloroflexota,Others
8-C.bin.6,Chloroflexota,NRPS
8-C.bin.6,Chloroflexota,NRPS
8-C.bin.6,Chloroflexota,NRPS
8-C.bin.6,Chloroflexota,NRPS
8-C.bin.6,Chloroflexota,NRPS
8-C.bin.6,Chloroflexota,NRPS
8-C.bin.6,Chloroflexota,PKSI
8-C.bin.6,Chloroflexota,NRPS
8-C.bin.6,Chloroflexota,PKSI
8-C.bin.6,Chloroflexota,NRPS
8-C.bin.6,Chloroflexota,PKSI
8-C.bin.6,Chloroflexota,NRPS
8-C.bin.6,Chloroflexota,NRPS
8-C.bin.6,Chloroflexota,NRPS
8-C.bin.6,Chloroflexota,RiPPs
8-C.bin.6,Chloroflexota,PKSI
8-C.bin.6,Chloroflexota,NRPS
8-C.bin.6,Chloroflexota,NRPS
8-C.bin.6,Chloroflexota,PKSI
8-C.bin.6,Chloroflexota,PKSI
8-C.bin.6,Chloroflexota,PKSI
8-C.bin.6,Chloroflexota,PKS-NRP_Hybrids
8-C.bin.6,Chloroflexota,NRPS
8-C.bin.6,Chloroflexota,NRPS
8-C.bin.6,Chloroflexota,RiPPs
8-C.bin.6,Chloroflexota,NRPS
8-C.bin.6,Chloroflexota,NRPS
8-C.bin.6,Chloroflexota,NRPS
8-C.bin.6,Chloroflexota,NRPS
8-C.bin.6,Chloroflexota,PKSI
8-C.bin.6,Chloroflexota,PKSI
8-C.bin.6,Chloroflexota,PKS-NRP_Hybrids
8-C.bin.6,Chloroflexota,PKSI
8-C.bin.6,Chloroflexota,NRPS
8-C.bin.6,Chloroflexota,NRPS
8-C.bin.6,Chloroflexota,PKSI
8-C.bin.6,Chloroflexota,NRPS
8-C.bin.6,Chloroflexota,NRPS
8-C.bin.6,Chloroflexota,NRPS
8-C.bin.6,Chloroflexota,NRPS
8-C.bin.6,Chloroflexota,NRPS
8-C.bin.6,Chloroflexota,PKS-NRP_Hybrids
8-C.bin.6,Chloroflexota,NRPS
8-C.bin.6,Chloroflexota,PKSother
8-C.bin.6,Chloroflexota,NRPS
8-C.bin.6,Chloroflexota,NRPS
8-C.bin.6,Chloroflexota,NRPS
8-C.bin.6,Chloroflexota,NRPS
8-C.bin.6,Chloroflexota,NRPS
8-C.bin.6,Chloroflexota,PKS-NRP_Hybrids
8-C.bin.6,Chloroflexota,NRPS
8-C.bin.6,Chloroflexota,RiPPs
8-C.bin.6,Chloroflexota,NRPS
8-C.bin.6,Chloroflexota,NRPS
8-C.bin.6,Chloroflexota,NRPS
8-C.bin.6,Chloroflexota,NRPS
8-C.bin.6,Chloroflexota,NRPS
8-C.bin.6,Chloroflexota,NRPS
8-C.bin.6,Chloroflexota,NRPS
8-C.bin.6,Chloroflexota,NRPS
8-C.bin.6,Chloroflexota,NRPS
8-C.bin.6,Chloroflexota,NRPS
8-C.bin.6,Chloroflexota,PKSI
8-C.bin.6,Chloroflexota,NRPS
8-C.bin.6,Chloroflexota,PKSother
8-C.bin.6,Chloroflexota,NRPS
8-C.bin.6,Chloroflexota,PKSI
8-C.bin.6,Chloroflexota,NRPS
8-C.bin.6,Chloroflexota,NRPS
8-C.bin.6,Chloroflexota,PKSI
8-C.bin.6,Chloroflexota,NRPS
8-C.bin.6,Chloroflexota,NRPS
8-C.bin.6,Chloroflexota,PKSI
8-C.bin.6,Chloroflexota,NRPS
8-C.bin.6,Chloroflexota,NRPS
8-C.bin.6,Chloroflexota,NRPS
8-C.bin.6,Chloroflexota,Others
8-C.bin.6,Chloroflexota,Others
8-C.bin.6,Chloroflexota,Others
8-C.bin.6,Chloroflexota,PKSI
8-C.bin.6,Chloroflexota,NRPS
8-C.bin.6,Chloroflexota,NRPS
8-C.bin.6,Chloroflexota,NRPS
8-C.bin.6,Chloroflexota,NRPS
8-C.bin.6,Chloroflexota,NRPS
8-C.bin.6,Chloroflexota,NRPS
8-C.bin.6,Chloroflexota,PKSI
8-C.bin.6,Chloroflexota,NRPS
8-C.bin.6,Chloroflexota,PKS-NRP_Hybrids
8-C.bin.6,Chloroflexota,NRPS
8-C.bin.6,Chloroflexota,NRPS
8-C.bin.6,Chloroflexota,NRPS
8-C.bin.6,Chloroflexota,PKS-NRP_Hybrids
8-C.bin.6,Chloroflexota,NRPS
8-C.bin.6,Chloroflexota,PKS-NRP_Hybrids
8-C.bin.6,Chloroflexota,NRPS
8-C.bin.6,Chloroflexota,NRPS
8-C.bin.6,Chloroflexota,NRPS
8-C.bin.6,Chloroflexota,NRPS
8-C.bin.6,Chloroflexota,PKS-NRP_Hybrids
8-C.bin.6,Chloroflexota,PKSI
8-C.bin.6,Chloroflexota,PKSI
8-C.bin.6,Chloroflexota,NRPS
8-C.bin.6,Chloroflexota,NRPS
8-C.bin.6,Chloroflexota,PKSI
8-C.bin.6,Chloroflexota,NRPS
8-C.bin.6,Chloroflexota,PKSI
8-C.bin.6,Chloroflexota,NRPS
9-A.bin.16,Chloroflexota,NRPS
9-A.bin.16,Chloroflexota,PKS-NRP_Hybrids
9-A.bin.18,Gemmatimonadota,Terpene
9-A.bin.18,Gemmatimonadota,PKSother
9-A.bin.19,Chloroflexota,NRPS
9-A.bin.19,Chloroflexota,Terpene
9-A.bin.33,Gemmatimonadota,PKSother
9-A.bin.33,Gemmatimonadota,RiPPs
9-A.bin.33,Gemmatimonadota,RiPPs
9-A.bin.33,Gemmatimonadota,RiPPs
9-A.bin.33,Gemmatimonadota,PKSother
9-A.bin.33,Gemmatimonadota,PKSother
9-A.bin.37,Nitrospirota,NRPS
9-A.bin.37,Nitrospirota,Terpene
9-A.bin.4,Pseudomonadota,NRPS
9-A.bin.4,Pseudomonadota,Terpene
9-A.bin.41,Pseudomonadota,Terpene
9-A.bin.41,Pseudomonadota,Terpene
9-A.bin.41,Pseudomonadota,RiPPs
9-A.bin.41,Pseudomonadota,NRPS
9-A.bin.44,Pseudomonadota,NRPS
9-A.bin.44,Pseudomonadota,Terpene
9-A.bin.5,Planctomycetota,Terpene
9-A.bin.5,Planctomycetota,NRPS
9-A.bin.5,Planctomycetota,NRPS
9-A.bin.5,Planctomycetota,NRPS
9-A.bin.5,Planctomycetota,PKS-NRP_Hybrids
9-A.bin.5,Planctomycetota,NRPS
9-A.bin.5,Planctomycetota,NRPS
9-A.bin.5,Planctomycetota,PKSI
9-A.bin.62,Pseudomonadota,NRPS
9-A.bin.80,Pseudomonadota,RiPPs
9-A.bin.80,Pseudomonadota,Others
9-A.bin.80,Pseudomonadota,Others
9-A.bin.80,Pseudomonadota,Others
9-A.bin.80,Pseudomonadota,NRPS
9-A.bin.80,Pseudomonadota,Terpene
9-A.bin.80,Pseudomonadota,RiPPs
9-A.bin.80,Pseudomonadota,resorcinol
ERR13934192.bin.19,Actinomycetota,PKSother
ERR13934192.bin.6,Verrucomicrobiota,Others
ERR13934192.bin.6,Verrucomicrobiota,NRPS
ERR13934192.bin.6,Verrucomicrobiota,Terpene
ERR13934192.bin.6,Verrucomicrobiota,phosphonate
ERR13934192.bin.6,Verrucomicrobiota,NRPS
ERR13934192.bin.6,Verrucomicrobiota,Others
ERR13934192.bin.6,Verrucomicrobiota,NRPS
ERR13934200.bin.15,Pseudomonadota,arylpolyene
ERR13934200.bin.15,Pseudomonadota,RiPPs
ERR13934200.bin.15,Pseudomonadota,NRPS
ERR13934200.bin.16,Desulfobacterota,PKSother
ERR13934200.bin.16,Desulfobacterota,PKSother
ERR13934200.bin.16,Desulfobacterota,PKSother
ERR13934200.bin.21,Bacteroidota,phosphonate
ERR13934200.bin.25,Verrucomicrobiota,NRPS
ERR13934200.bin.25,Verrucomicrobiota,Terpene
ERR13934200.bin.25,Verrucomicrobiota,Terpene
ERR13934200.bin.25,Verrucomicrobiota,NRPS
ERR13934200.bin.25,Verrucomicrobiota,NRPS
ERR13934200.bin.25,Verrucomicrobiota,Terpene
ERR13934202.bin.10,Bacteroidota,Terpene
ERR13934205.bin.13,Desulfobacterota,PKSother
ERR13934205.bin.13,Desulfobacterota,PKSother
ERR13934205.bin.13,Desulfobacterota,NRPS
ERR13934205.bin.36,Desulfobacterota,NRPS
ERR13934205.bin.36,Desulfobacterota,NRPS
ERR13934205.bin.36,Desulfobacterota,Terpene
ERR13934205.bin.36,Desulfobacterota,Others
ERR13934205.bin.37,Desulfobacterota,Terpene
ERR13934205.bin.37,Desulfobacterota,arylpolyene
ERR13934205.bin.37,Desulfobacterota,arylpolyene
ERR13934205.bin.37,Desulfobacterota,arylpolyene
ERR13934205.bin.37,Desulfobacterota,arylpolyene
ERR13934205.bin.37,Desulfobacterota,resorcinol
ERR13934205.bin.37,Desulfobacterota,PKSother
ERR13934205.bin.37,Desulfobacterota,PKSother
ERR13934205.bin.37,Desulfobacterota,PKSother
ERR13934205.bin.37,Desulfobacterota,NRPS
ERR13934205.bin.40,Bacillota_A,NRPS
ERR13934208.bin.12,Pseudomonadota,arylpolyene
ERR13934208.bin.12,Pseudomonadota,RiPPs
ERR13934208.bin.16,Desulfobacterota,arylpolyene
ERR13934208.bin.16,Desulfobacterota,resorcinol
ERR13934208.bin.16,Desulfobacterota,arylpolyene
ERR13934208.bin.16,Desulfobacterota,arylpolyene
ERR13934208.bin.16,Desulfobacterota,arylpolyene
ERR13934208.bin.16,Desulfobacterota,PKSI
ERR13934208.bin.16,Desulfobacterota,PKSother
ERR13934208.bin.16,Desulfobacterota,PKSother
ERR13934208.bin.28,Desulfobacterota,Others
ERR13934208.bin.28,Desulfobacterota,PKSother
ERR13934208.bin.28,Desulfobacterota,PKSother
ERR13934211.bin.14,Bacillota_B,PKSother
ERR13934211.bin.16,Desulfobacterota,Terpene
ERR13934211.bin.16,Desulfobacterota,NRPS
ERR13934211.bin.16,Desulfobacterota,PKSother
ERR13934211.bin.16,Desulfobacterota,PKSother
ERR13934211.bin.16,Desulfobacterota,PKSother
ERR13934211.bin.21,Bacillota_I,NRPS
ERR13934211.bin.28,Bacteroidota,Terpene
ERR13934211.bin.28,Bacteroidota,NRPS
ERR13934211.bin.28,Bacteroidota,PKSI
ERR13934211.bin.3,Bacillota_B,RiPPs
ERR13934211.bin.3,Bacillota_B,RiPPs
ERR13934211.bin.3,Bacillota_B,RiPPs
ERR13934211.bin.48,Desulfobacterota,resorcinol
ERR13934211.bin.48,Desulfobacterota,arylpolyene
ERR13934211.bin.48,Desulfobacterota,PKSother
ERR13934211.bin.48,Desulfobacterota,arylpolyene
ERR13934211.bin.48,Desulfobacterota,arylpolyene
ERR13934211.bin.48,Desulfobacterota,arylpolyene
ERR13934211.bin.48,Desulfobacterota,NRPS
ERR13934211.bin.48,Desulfobacterota,Terpene
ERR13934211.bin.48,Desulfobacterota,PKSother
ERR13934211.bin.48,Desulfobacterota,PKSother
ERR13934211.bin.9,Desulfobacterota,NRPS
ERR13934211.bin.9,Desulfobacterota,PKSother
ERR13934211.bin.9,Desulfobacterota,NRPS
ERR13934211.bin.9,Desulfobacterota,PKSother
ERR5004157.bin.17,Verrucomicrobiota,PKSother
ERR5004157.bin.17,Verrucomicrobiota,Others
ERR5004157.bin.17,Verrucomicrobiota,Terpene
ERR5004157.bin.17,Verrucomicrobiota,NRPS
ERR5004157.bin.17,Verrucomicrobiota,NRPS
ERR5004157.bin.17,Verrucomicrobiota,NRPS
ERR5004157.bin.9,Nitrospirota,NRPS
ERR5004157.bin.9,Nitrospirota,arylpolyene
ERR5004157.bin.9,Nitrospirota,Terpene
ERR5004157.bin.9,Nitrospirota,Terpene
ERR5004157.bin.9,Nitrospirota,resorcinol
ERR5004157.bin.9,Nitrospirota,RiPPs
ERR5004671.bin.3,Eremiobacterota,Others
ERR5004671.bin.3,Eremiobacterota,Terpene
ERR5004944.bin.8,Acidobacteriota,Others
ERR9527525.bin.11,Bacteroidota,Terpene
ERR9527525.bin.2,Bacillota_H,RiPPs
ERR9527525.bin.23,Bacillota_A,RiPPs
ERR9527525.bin.35,Bacillota_A,NRPS
ERR9527525.bin.44,Bacillota_H,RiPPs
ERR9527526.bin.20,Acidobacteriota,Terpene
ERR9527526.bin.20,Acidobacteriota,Terpene
ERR9527526.bin.20,Acidobacteriota,PKSI
ERR9527526.bin.37,Bacillota_E,PKSother
ERR9527526.bin.37,Bacillota_E,RiPPs
ERR9527526.bin.37,Bacillota_E,RiPPs
ERR9527526.bin.49,Bacteroidota,Terpene
ERR9527526.bin.49,Bacteroidota,NRPS
ERR9527526.bin.9,Pseudomonadota,RiPPs
ERR9527527.bin.11,Fibrobacterota,Terpene
ERR9527527.bin.22,Acidobacteriota,NRPS
ERR9527527.bin.22,Acidobacteriota,NRPS
ERR9527527.bin.22,Acidobacteriota,RiPPs
ERR9527527.bin.22,Acidobacteriota,Terpene
ERR9527527.bin.22,Acidobacteriota,RiPPs
ERR9527527.bin.22,Acidobacteriota,PKSother
ERR9527527.bin.3,Pseudomonadota,PKSother
ERR9527527.bin.37,Bacteroidota,Terpene
ERR9527527.bin.37,Bacteroidota,RiPPs
ERR9527527.bin.37,Bacteroidota,RiPPs
ERR9527528.bin.17,Bacteroidota,PKS-NRP_Hybrids
ERR9527528.bin.17,Bacteroidota,NRPS
ERR9527528.bin.27,Bacillota_H,RiPPs
ERR9527528.bin.29,Desulfobacterota,NRPS
ERR9527528.bin.29,Desulfobacterota,PKSother
ERR9527528.bin.29,Desulfobacterota,PKSother
ERR9527528.bin.29,Desulfobacterota,PKSother
ERR9527528.bin.30,Planctomycetota,NRPS
ERR9527528.bin.38,Bacillota_B,RiPPs
ERR9527528.bin.38,Bacillota_B,RiPPs
ERR9527528.bin.38,Bacillota_B,RiPPs
ERR9527528.bin.39,Desulfobacterota,PKSother
ERR9527528.bin.39,Desulfobacterota,Terpene
ERR9527528.bin.39,Desulfobacterota,PKSother
ERR9527528.bin.39,Desulfobacterota,PKSother
ERR9527528.bin.39,Desulfobacterota,Others
ERR9527529.bin.34,Desulfobacterota,PKSother
ERR9527529.bin.34,Desulfobacterota,NRPS
ERR9527529.bin.34,Desulfobacterota,PKSother
ERR9527529.bin.34,Desulfobacterota,PKSother
ERR9527529.bin.37,Bacteroidota,Terpene
ERR9527529.bin.37,Bacteroidota,PKSother
ERR9527530.bin.24,Desulfobacterota,Terpene
ERR9527530.bin.24,Desulfobacterota,RiPPs
ERR9527530.bin.24,Desulfobacterota,NRPS
ERR9527530.bin.24,Desulfobacterota,Others
ERR9527530.bin.24,Desulfobacterota,PKSother
ERR9527530.bin.24,Desulfobacterota,PKSother
ERR9527530.bin.24,Desulfobacterota,PKSother
ERR9527530.bin.24,Desulfobacterota,RiPPs
ERR9527530.bin.30,Bacillota_B,RiPPs
ERR9527530.bin.30,Bacillota_B,RiPPs
ERR9527531.bin.16,Pseudomonadota,NRPS
ERR9527531.bin.16,Pseudomonadota,RiPPs
ERR9527531.bin.2,Bacillota_I,PKSother
ERR9527531.bin.3,Chloroflexota,NRPS
ERR9527531.bin.3,Chloroflexota,Terpene
ERR9527531.bin.3,Chloroflexota,NRPS
ERR9527531.bin.3,Chloroflexota,NRPS
ERR9527531.bin.3,Chloroflexota,RiPPs
ERR9527531.bin.3,Chloroflexota,NRPS
ERR9527531.bin.3,Chloroflexota,PKSI
ERR9527531.bin.3,Chloroflexota,PKSI
ERR9527531.bin.3,Chloroflexota,NRPS
ERR9527531.bin.3,Chloroflexota,RiPPs
ERR9527531.bin.3,Chloroflexota,NRPS
ERR9527531.bin.3,Chloroflexota,NRPS
ERR9527531.bin.3,Chloroflexota,NRPS
ERR9527531.bin.3,Chloroflexota,PKSI
ERR9527531.bin.3,Chloroflexota,Terpene
ERR9527531.bin.3,Chloroflexota,RiPPs
ERR9527531.bin.3,Chloroflexota,NRPS
ERR9527531.bin.3,Chloroflexota,NRPS
ERR9527531.bin.3,Chloroflexota,PKSI
ERR9527531.bin.3,Chloroflexota,NRPS
ERR9527531.bin.3,Chloroflexota,NRPS
ERR9527531.bin.3,Chloroflexota,NRPS
ERR9527531.bin.3,Chloroflexota,NRPS
ERR9527531.bin.3,Chloroflexota,NRPS
ERR9527531.bin.3,Chloroflexota,NRPS
ERR9527531.bin.34,Desulfobacterota,PKSother
ERR9527531.bin.34,Desulfobacterota,PKSother
ERR9527531.bin.34,Desulfobacterota,NRPS
ERR9527531.bin.37,Actinomycetota,NRPS
ERR9527531.bin.37,Actinomycetota,NRPS
ERR9527531.bin.37,Actinomycetota,NRPS
ERR9527531.bin.37,Actinomycetota,NRPS
ERR9527531.bin.37,Actinomycetota,NRPS
ERR9527531.bin.37,Actinomycetota,NRPS
ERR9527531.bin.37,Actinomycetota,NRPS
ERR9527531.bin.37,Actinomycetota,NRPS
ERR9527531.bin.37,Actinomycetota,PKSI
ERR9527531.bin.37,Actinomycetota,PKSI
ERR9527531.bin.37,Actinomycetota,NRPS
ERR9527531.bin.37,Actinomycetota,NRPS
ERR9527531.bin.37,Actinomycetota,NRPS
ERR9527531.bin.37,Actinomycetota,PKSI
ERR9527531.bin.37,Actinomycetota,PKSI
ERR9527531.bin.37,Actinomycetota,NRPS
ERR9527531.bin.37,Actinomycetota,PKSother
ERR9527531.bin.37,Actinomycetota,PKSI
ERR9527531.bin.37,Actinomycetota,PKSI
ERR9527531.bin.37,Actinomycetota,PKSI
ERR9527531.bin.37,Actinomycetota,PKSother
ERR9527531.bin.37,Actinomycetota,NRPS
ERR9527531.bin.37,Actinomycetota,NRPS
ERR9527531.bin.37,Actinomycetota,NRPS
ERR9527531.bin.37,Actinomycetota,NRPS
ERR9527532.bin.20,Acidobacteriota,Terpene
ERR9527532.bin.20,Acidobacteriota,NRPS
ERR9527532.bin.20,Acidobacteriota,RiPPs
ERR9527532.bin.20,Acidobacteriota,RiPPs
ERR9527532.bin.20,Acidobacteriota,NRPS
ERR9527532.bin.23,Desulfobacterota,arylpolyene
ERR9527532.bin.23,Desulfobacterota,resorcinol
ERR9527533.bin.10,Pseudomonadota,NRPS
ERR9527533.bin.10,Pseudomonadota,RiPPs
ERR9527533.bin.16,Pseudomonadota,RiPPs
ERR9527533.bin.38,Bacillota_I,PKSother
ERR9527533.bin.39,Bacillota_A,RiPPs
ERR9527533.bin.44,Bacillota_D,RiPPs
ERR9527533.bin.45,Pseudomonadota,NRPS
ERR9527534.bin.28,Bacillota_A,RiPPs
ERR9527534.bin.30,Desulfobacterota,NRPS
ERR9527534.bin.30,Desulfobacterota,PKSother
ERR9527534.bin.30,Desulfobacterota,PKSother
ERR9527536.bin.17,Desulfobacterota,arylpolyene
ERR9527536.bin.17,Desulfobacterota,arylpolyene
ERR9527536.bin.17,Desulfobacterota,arylpolyene
ERR9527536.bin.17,Desulfobacterota,resorcinol
ERR9527536.bin.17,Desulfobacterota,arylpolyene
ERR9527536.bin.17,Desulfobacterota,PKSother
ERR9527536.bin.17,Desulfobacterota,PKSother
ERR9527536.bin.25,Bacteroidota,Terpene
ERR9527536.bin.31,Bacteroidota,RiPPs
ERR9527536.bin.32,Bacteroidota,NRPS
ERR9527536.bin.32,Bacteroidota,phosphonate
ERR9527536.bin.39,Bacteroidota,Terpene
ERR9527536.bin.39,Bacteroidota,Terpene
ERR9527537.bin.11,Pseudomonadota,arylpolyene
ERR9527537.bin.11,Pseudomonadota,arylpolyene
ERR9527537.bin.11,Pseudomonadota,arylpolyene
ERR9527537.bin.11,Pseudomonadota,resorcinol
ERR9527537.bin.11,Pseudomonadota,arylpolyene
ERR9527537.bin.13,Pseudomonadota,arylpolyene
ERR9527537.bin.13,Pseudomonadota,Terpene
ERR9527537.bin.13,Pseudomonadota,PKSI
ERR9527537.bin.13,Pseudomonadota,PKSother
ERR9527537.bin.13,Pseudomonadota,NRPS
ERR9527537.bin.14,Pseudomonadota,arylpolyene
ERR9527537.bin.14,Pseudomonadota,resorcinol
ERR9527537.bin.14,Pseudomonadota,arylpolyene
ERR9527537.bin.14,Pseudomonadota,arylpolyene
ERR9527537.bin.8,Bacillota_G,NRPS
SRR1164896.bin.11,Bacteroidota,PKSother
SRR1164896.bin.12,Pseudomonadota,Terpene
SRR1164896.bin.19,Pseudomonadota,arylpolyene
SRR1164896.bin.19,Pseudomonadota,arylpolyene
SRR1164896.bin.19,Pseudomonadota,Others
SRR1164896.bin.19,Pseudomonadota,Others
SRR1164896.bin.19,Pseudomonadota,Others
SRR1164896.bin.19,Pseudomonadota,PKSother
SRR1164896.bin.2,Pseudomonadota,Others
SRR1164896.bin.2,Pseudomonadota,arylpolyene
SRR1164896.bin.2,Pseudomonadota,arylpolyene
SRR1164896.bin.23,Actinomycetota,RiPPs
SRR1164896.bin.23,Actinomycetota,PKSother
SRR1164896.bin.23,Actinomycetota,PKSI
SRR1164896.bin.23,Actinomycetota,PKSother
SRR1164896.bin.24,Pseudomonadota,Terpene
SRR1164896.bin.27,Bacillota,NRPS
SRR1164896.bin.27,Bacillota,NRPS
SRR1164896.bin.27,Bacillota,PKS-NRP_Hybrids
SRR1164896.bin.27,Bacillota,PKSother
SRR1164896.bin.27,Bacillota,PKSother
SRR1164896.bin.27,Bacillota,NRPS
SRR1164896.bin.27,Bacillota,NRPS
SRR1164896.bin.27,Bacillota,NRPS
SRR1164896.bin.27,Bacillota,PKSother
SRR1164896.bin.27,Bacillota,PKSother
SRR1164896.bin.27,Bacillota,PKSother
SRR1164896.bin.27,Bacillota,PKSother
SRR1164896.bin.27,Bacillota,PKSother
SRR1164896.bin.27,Bacillota,Terpene
SRR1164896.bin.27,Bacillota,RiPPs
SRR1164896.bin.27,Bacillota,Others
SRR1164896.bin.27,Bacillota,PKSother
SRR1164896.bin.27,Bacillota,NRPS
SRR1164896.bin.27,Bacillota,PKSother
SRR1164896.bin.27,Bacillota,PKS-NRP_Hybrids
SRR1164896.bin.27,Bacillota,PKSother
SRR1164896.bin.27,Bacillota,PKSother
SRR1164896.bin.27,Bacillota,PKS-NRP_Hybrids
SRR1164896.bin.27,Bacillota,PKSother
SRR1164896.bin.27,Bacillota,NRPS
SRR1164896.bin.27,Bacillota,PKS-NRP_Hybrids
SRR1164896.bin.27,Bacillota,NRPS
SRR1164896.bin.27,Bacillota,NRPS
SRR1164896.bin.27,Bacillota,PKSother
SRR1164896.bin.27,Bacillota,PKSother
SRR1164896.bin.27,Bacillota,PKSother
SRR1164896.bin.27,Bacillota,PKSother
SRR1164896.bin.27,Bacillota,PKSother
SRR1164896.bin.27,Bacillota,PKSother
SRR1164896.bin.27,Bacillota,NRPS
SRR1164896.bin.27,Bacillota,NRPS
SRR1164896.bin.27,Bacillota,PKSother
SRR1164896.bin.30,Pseudomonadota,NRPS
SRR1164896.bin.30,Pseudomonadota,arylpolyene
SRR1164896.bin.30,Pseudomonadota,NRPS
SRR1164896.bin.4,Pseudomonadota,arylpolyene
SRR1164896.bin.4,Pseudomonadota,arylpolyene
SRR1164896.bin.4,Pseudomonadota,resorcinol
SRR1164896.bin.4,Pseudomonadota,arylpolyene
SRR1164896.bin.4,Pseudomonadota,arylpolyene
SRR14626313.bin.1,Pseudomonadota,Terpene
SRR14626313.bin.1,Pseudomonadota,NRPS
SRR14626313.bin.11,Desulfobacterota,RiPPs
SRR14626313.bin.11,Desulfobacterota,RiPPs
SRR14626313.bin.11,Desulfobacterota,NRPS
SRR14626313.bin.11,Desulfobacterota,RiPPs
SRR14626313.bin.24,Pseudomonadota,Terpene
SRR14626313.bin.24,Pseudomonadota,NRPS
SRR14626313.bin.6,Pseudomonadota,Terpene
SRR16229770.bin.19,Pseudomonadota,NRPS
SRR16229770.bin.19,Pseudomonadota,NRPS
SRR16229770.bin.4,Pseudomonadota,NRPS
SRR16229770.bin.4,Pseudomonadota,Others
SRR16229771.bin.10,Pseudomonadota,arylpolyene
SRR16229771.bin.10,Pseudomonadota,NRPS
SRR16229772.bin.3,Bacteroidota,PKSother
SRR16229772.bin.9,Actinomycetota,NRPS
SRR16229772.bin.9,Actinomycetota,Others
SRR16229774.bin.2,Pseudomonadota,arylpolyene
SRR16229774.bin.2,Pseudomonadota,arylpolyene
SRR16229775.bin.24,Pseudomonadota,NRPS
SRR16229776.bin.18,Chloroflexota,NRPS
SRR16229776.bin.23,Myxococcota,PKSother
SRR16229776.bin.23,Myxococcota,PKSother
SRR16229776.bin.23,Myxococcota,Others
SRR16229776.bin.23,Myxococcota,Terpene
SRR16229776.bin.23,Myxococcota,Terpene
SRR16229776.bin.23,Myxococcota,PKSI
SRR16229776.bin.23,Myxococcota,NRPS
SRR16229776.bin.23,Myxococcota,arylpolyene
SRR16229776.bin.23,Myxococcota,arylpolyene
SRR16229776.bin.23,Myxococcota,arylpolyene
SRR16229776.bin.23,Myxococcota,PKSother
SRR16229776.bin.23,Myxococcota,PKSother
SRR16229776.bin.7,Pseudomonadota,arylpolyene
SRR16229776.bin.7,Pseudomonadota,arylpolyene
SRR16229776.bin.7,Pseudomonadota,Others
SRR16229776.bin.9,Acidobacteriota,PKSother
SRR16229778.bin.24,Pseudomonadota,NRPS
SRR16229778.bin.24,Pseudomonadota,NRPS
SRR16229779.bin.10,Pseudomonadota,arylpolyene
SRR16229779.bin.8,Pseudomonadota,NRPS
SRR16229779.bin.8,Pseudomonadota,PKSother
SRR16229779.bin.8,Pseudomonadota,Terpene
SRR16229780.bin.7,Pseudomonadota,Terpene
SRR16229780.bin.7,Pseudomonadota,PKSother
SRR16229780.bin.8,Pseudomonadota,NRPS
SRR16229781.bin.9,Pseudomonadota,RiPPs
SRR16229781.bin.9,Pseudomonadota,NRPS
SRR16229781.bin.9,Pseudomonadota,NRPS
SRR16229781.bin.9,Pseudomonadota,arylpolyene
SRR16229781.bin.9,Pseudomonadota,arylpolyene
SRR16229782.bin.10,Pseudomonadota,NRPS
SRR16229784.bin.3,Pseudomonadota,NRPS
SRR16229784.bin.3,Pseudomonadota,NRPS
SRR16229784.bin.3,Pseudomonadota,Terpene
SRR16229784.bin.3,Pseudomonadota,PKSother
SRR16229784.bin.3,Pseudomonadota,RiPPs
SRR16229785.bin.20,Pseudomonadota,RiPPs
SRR16229785.bin.20,Pseudomonadota,NRPS
SRR16229785.bin.20,Pseudomonadota,PKSother
SRR16229787.bin.5,Pseudomonadota,NRPS
SRR16229787.bin.5,Pseudomonadota,arylpolyene
SRR16229787.bin.5,Pseudomonadota,RiPPs
SRR19594458.bin.15,Pseudomonadota,arylpolyene
SRR19594458.bin.15,Pseudomonadota,arylpolyene
SRR19594458.bin.15,Pseudomonadota,Terpene
SRR19594458.bin.4,Pseudomonadota,Terpene
SRR19594458.bin.4,Pseudomonadota,Terpene
SRR19594458.bin.4,Pseudomonadota,phosphonate
SRR19594458.bin.6,Chlamydiota,NRPS
SRR19594458.bin.6,Chlamydiota,PKSother
SRR19594458.bin.8,Pseudomonadota,NRPS
SRR19594458.bin.8,Pseudomonadota,RiPPs
SRR19594459.bin.1,Bacteroidota,arylpolyene
SRR19594459.bin.1,Bacteroidota,PKSother
SRR19594459.bin.18,Pseudomonadota,Terpene
SRR19594459.bin.18,Pseudomonadota,PKSother
SRR19594459.bin.20,Bacteroidota,PKSother
SRR19594459.bin.20,Bacteroidota,Terpene
SRR19594459.bin.21,Pseudomonadota,NRPS
SRR19594459.bin.21,Pseudomonadota,arylpolyene
SRR19594459.bin.21,Pseudomonadota,PKS-NRP_Hybrids
SRR19594459.bin.22,Pseudomonadota,Terpene
SRR19594459.bin.22,Pseudomonadota,arylpolyene
SRR19594459.bin.22,Pseudomonadota,RiPPs
SRR19594459.bin.23,Cyanobacteriota,Terpene
SRR19594459.bin.23,Cyanobacteriota,arylpolyene
SRR19594459.bin.23,Cyanobacteriota,NRPS
SRR19594459.bin.23,Cyanobacteriota,NRPS
SRR19594459.bin.23,Cyanobacteriota,Terpene
SRR19594459.bin.23,Cyanobacteriota,PKSI
SRR19594459.bin.23,Cyanobacteriota,PKSI
SRR19594459.bin.23,Cyanobacteriota,PKSI
SRR19594459.bin.23,Cyanobacteriota,PKSI
SRR19594459.bin.23,Cyanobacteriota,PKSI
SRR19594459.bin.23,Cyanobacteriota,Terpene
SRR19594459.bin.23,Cyanobacteriota,NRPS
SRR19594459.bin.23,Cyanobacteriota,PKSI
SRR19594459.bin.23,Cyanobacteriota,NRPS
SRR19594459.bin.23,Cyanobacteriota,NRPS
SRR19594459.bin.33,Pseudomonadota,NRPS
SRR19594459.bin.33,Pseudomonadota,Others
SRR19594459.bin.45,Bacteroidota,PKSother
SRR19594459.bin.45,Bacteroidota,arylpolyene
SRR19594459.bin.47,Bacteroidota,Terpene
SRR19594459.bin.47,Bacteroidota,arylpolyene
SRR19594459.bin.47,Bacteroidota,PKSother
SRR19594459.bin.47,Bacteroidota,arylpolyene
SRR19594459.bin.47,Bacteroidota,arylpolyene
SRR19594459.bin.47,Bacteroidota,PKSI
SRR19594459.bin.53,Gemmatimonadota,NRPS
SRR19594459.bin.53,Gemmatimonadota,PKSI
SRR19594459.bin.53,Gemmatimonadota,NRPS
SRR19594459.bin.53,Gemmatimonadota,NRPS
SRR19594459.bin.53,Gemmatimonadota,NRPS
SRR19594459.bin.53,Gemmatimonadota,NRPS
SRR19594459.bin.53,Gemmatimonadota,NRPS
SRR19594459.bin.53,Gemmatimonadota,PKSI
SRR19594459.bin.53,Gemmatimonadota,NRPS
SRR19594459.bin.53,Gemmatimonadota,PKSI
SRR19594459.bin.53,Gemmatimonadota,NRPS
SRR19594459.bin.53,Gemmatimonadota,NRPS
SRR19594459.bin.53,Gemmatimonadota,NRPS
SRR19594459.bin.53,Gemmatimonadota,NRPS
SRR19594459.bin.53,Gemmatimonadota,NRPS
SRR19594459.bin.53,Gemmatimonadota,NRPS
SRR19594459.bin.53,Gemmatimonadota,Terpene
SRR19594459.bin.53,Gemmatimonadota,NRPS
SRR19594459.bin.53,Gemmatimonadota,NRPS
SRR19594459.bin.53,Gemmatimonadota,NRPS
SRR19594459.bin.53,Gemmatimonadota,NRPS
SRR19594459.bin.53,Gemmatimonadota,NRPS
SRR19594459.bin.53,Gemmatimonadota,NRPS
SRR19594459.bin.53,Gemmatimonadota,NRPS
SRR19594459.bin.53,Gemmatimonadota,NRPS
SRR19594459.bin.53,Gemmatimonadota,NRPS
SRR19594459.bin.53,Gemmatimonadota,NRPS
SRR19594459.bin.53,Gemmatimonadota,NRPS
SRR19594459.bin.53,Gemmatimonadota,NRPS
SRR19594459.bin.53,Gemmatimonadota,NRPS
SRR19594459.bin.53,Gemmatimonadota,NRPS
SRR19594459.bin.53,Gemmatimonadota,RiPPs
SRR19594459.bin.54,Bacteroidota,PKSother
SRR19594459.bin.58,Bacteroidota,PKSother
SRR19594459.bin.58,Bacteroidota,Terpene
SRR19594459.bin.65,Bacteroidota,PKSother
SRR19594460.bin.19,Pseudomonadota,phosphonate
SRR19594460.bin.5,Acidobacteriota,NRPS
SRR19594460.bin.5,Acidobacteriota,NRPS
SRR19594460.bin.5,Acidobacteriota,NRPS
SRR19594460.bin.5,Acidobacteriota,NRPS
SRR19594460.bin.5,Acidobacteriota,NRPS
SRR19594460.bin.5,Acidobacteriota,PKS-NRP_Hybrids
SRR19594460.bin.5,Acidobacteriota,NRPS
SRR19594460.bin.5,Acidobacteriota,PKSother
SRR19594460.bin.5,Acidobacteriota,RiPPs
SRR19594460.bin.5,Acidobacteriota,PKSother
SRR19594460.bin.5,Acidobacteriota,NRPS
SRR19594460.bin.5,Acidobacteriota,PKS-NRP_Hybrids
SRR19594460.bin.5,Acidobacteriota,Terpene
SRR19594460.bin.5,Acidobacteriota,NRPS
SRR19594460.bin.5,Acidobacteriota,PKS-NRP_Hybrids
SRR19594460.bin.5,Acidobacteriota,NRPS
SRR19594460.bin.5,Acidobacteriota,RiPPs
SRR19594460.bin.5,Acidobacteriota,NRPS
SRR19594460.bin.5,Acidobacteriota,NRPS
SRR19594460.bin.5,Acidobacteriota,PKSI
SRR19594460.bin.5,Acidobacteriota,NRPS
SRR19594460.bin.5,Acidobacteriota,PKS-NRP_Hybrids
SRR19594460.bin.5,Acidobacteriota,NRPS
SRR19594460.bin.5,Acidobacteriota,PKSI
SRR19594460.bin.5,Acidobacteriota,NRPS
SRR19594460.bin.5,Acidobacteriota,RiPPs
SRR19594460.bin.5,Acidobacteriota,NRPS
SRR19594460.bin.5,Acidobacteriota,NRPS
SRR19594460.bin.5,Acidobacteriota,PKSI
SRR19594460.bin.5,Acidobacteriota,NRPS
SRR19594460.bin.5,Acidobacteriota,NRPS
SRR19594460.bin.5,Acidobacteriota,NRPS
SRR19594460.bin.5,Acidobacteriota,PKS-NRP_Hybrids
SRR19594460.bin.5,Acidobacteriota,PKS-NRP_Hybrids
SRR19594460.bin.5,Acidobacteriota,NRPS
SRR19594460.bin.5,Acidobacteriota,NRPS
SRR19594460.bin.5,Acidobacteriota,Terpene
SRR19594460.bin.5,Acidobacteriota,PKS-NRP_Hybrids
SRR19594460.bin.5,Acidobacteriota,NRPS
SRR19594460.bin.5,Acidobacteriota,NRPS
SRR19594460.bin.5,Acidobacteriota,NRPS
SRR19594460.bin.5,Acidobacteriota,NRPS
SRR19594460.bin.5,Acidobacteriota,NRPS
SRR19594460.bin.5,Acidobacteriota,NRPS
SRR19594460.bin.5,Acidobacteriota,NRPS
SRR19594460.bin.5,Acidobacteriota,NRPS
SRR19594460.bin.5,Acidobacteriota,NRPS
SRR19594460.bin.5,Acidobacteriota,RiPPs
SRR19594460.bin.5,Acidobacteriota,NRPS
SRR19594460.bin.5,Acidobacteriota,NRPS
SRR19594460.bin.5,Acidobacteriota,RiPPs
SRR19594460.bin.5,Acidobacteriota,NRPS
SRR19594460.bin.5,Acidobacteriota,NRPS
SRR19594460.bin.5,Acidobacteriota,PKS-NRP_Hybrids
SRR19594460.bin.5,Acidobacteriota,PKSI
SRR19594460.bin.5,Acidobacteriota,PKSI
SRR19594460.bin.5,Acidobacteriota,NRPS
SRR19594460.bin.5,Acidobacteriota,NRPS
SRR19594460.bin.5,Acidobacteriota,NRPS
SRR19594460.bin.5,Acidobacteriota,NRPS
SRR19594460.bin.5,Acidobacteriota,NRPS
SRR19594460.bin.5,Acidobacteriota,RiPPs
SRR19594460.bin.5,Acidobacteriota,NRPS
SRR19594461.bin.10,Bacteroidota,Terpene
SRR19594461.bin.10,Bacteroidota,PKSother
SRR19594461.bin.10,Bacteroidota,Terpene
SRR19594461.bin.31,Bacteroidota,Terpene
SRR19594461.bin.31,Bacteroidota,PKSother
SRR19594461.bin.33,Bacteroidota,Terpene
SRR19594461.bin.33,Bacteroidota,RiPPs
SRR19594461.bin.33,Bacteroidota,PKSother
SRR19594461.bin.36,Bacteroidota,arylpolyene
SRR19594461.bin.36,Bacteroidota,Terpene
SRR19594461.bin.36,Bacteroidota,PKSother
SRR19594461.bin.47,Bacteroidota,PKSother
SRR19594461.bin.47,Bacteroidota,Terpene
SRR19594461.bin.50,Pseudomonadota,NRPS
SRR19594461.bin.60,Bacteroidota,Terpene
SRR19594461.bin.60,Bacteroidota,Others
SRR19594461.bin.60,Bacteroidota,PKSother
SRR19594461.bin.62,Bacteroidota,PKSother
SRR19594461.bin.62,Bacteroidota,Terpene
SRR19594461.bin.63,Bacteroidota,Terpene
SRR19594461.bin.63,Bacteroidota,PKSother
SRR19594461.bin.65,Gemmatimonadota,PKSother
SRR19594461.bin.65,Gemmatimonadota,Terpene
SRR19594461.bin.66,Gemmatimonadota,Terpene
SRR19594461.bin.66,Gemmatimonadota,NRPS
SRR19594461.bin.68,Pseudomonadota,arylpolyene
SRR19594461.bin.68,Pseudomonadota,arylpolyene
SRR19594461.bin.70,Bacteroidota,Terpene
SRR19594461.bin.70,Bacteroidota,arylpolyene
SRR19594461.bin.70,Bacteroidota,arylpolyene
SRR19594461.bin.70,Bacteroidota,arylpolyene
SRR19594461.bin.70,Bacteroidota,PKSother
SRR19594461.bin.81,Gemmatimonadota,RiPPs
SRR19594461.bin.81,Gemmatimonadota,Terpene
SRR19594461.bin.83,Pseudomonadota,NRPS
SRR19594462.bin.17,Chloroflexota,arylpolyene
SRR19594462.bin.27,Acidobacteriota,NRPS
SRR19594462.bin.27,Acidobacteriota,RiPPs
SRR19594462.bin.27,Acidobacteriota,Terpene
SRR19594462.bin.27,Acidobacteriota,PKSother
SRR19594462.bin.27,Acidobacteriota,arylpolyene
SRR19594462.bin.29,Pseudomonadota,NRPS
SRR19594462.bin.31,Pseudomonadota,Terpene
SRR19594462.bin.31,Pseudomonadota,RiPPs
SRR19594462.bin.5,Gemmatimonadota,Others
SRR19594462.bin.5,Gemmatimonadota,Terpene
SRR19594462.bin.6,SAR324,PKSother
SRR19594462.bin.6,SAR324,NRPS
SRR19594462.bin.7,Acidobacteriota,phosphonate
SRR19594462.bin.7,Acidobacteriota,PKSother
SRR19594462.bin.7,Acidobacteriota,NRPS
SRR19594463.bin.1,Pseudomonadota,Terpene
SRR19594463.bin.1,Pseudomonadota,Terpene
SRR19594463.bin.1,Pseudomonadota,Terpene
SRR19594463.bin.27,Desulfobacterota,Others
SRR19594463.bin.27,Desulfobacterota,arylpolyene
SRR19594463.bin.27,Desulfobacterota,arylpolyene
SRR19594463.bin.27,Desulfobacterota,arylpolyene
SRR19594463.bin.27,Desulfobacterota,NRPS
SRR19594463.bin.27,Desulfobacterota,RiPPs
SRR19594463.bin.37,Desulfobacterota,PKSI
SRR19594463.bin.37,Desulfobacterota,NRPS
SRR19594463.bin.37,Desulfobacterota,PKSother
SRR19594464.bin.15,Pseudomonadota,phosphonate
SRR19594464.bin.18,Pseudomonadota,Terpene
SRR19594464.bin.18,Pseudomonadota,Terpene
SRR19594464.bin.18,Pseudomonadota,phosphonate
SRR19594464.bin.27,Chloroflexota,Others
SRR19594464.bin.27,Chloroflexota,Terpene
SRR19594464.bin.27,Chloroflexota,Others
SRR19594464.bin.31,Acidobacteriota,PKSother
SRR19594464.bin.31,Acidobacteriota,PKSother
SRR19594464.bin.31,Acidobacteriota,Terpene
SRR19594464.bin.31,Acidobacteriota,RiPPs
SRR19594464.bin.31,Acidobacteriota,NRPS
SRR19594465.bin.10,Pseudomonadota,NRPS
SRR19594465.bin.11,Acidobacteriota,PKSother
SRR19594465.bin.11,Acidobacteriota,PKSother
SRR19594465.bin.11,Acidobacteriota,Others
SRR19594465.bin.11,Acidobacteriota,PKSother
SRR19594465.bin.11,Acidobacteriota,NRPS
SRR19594465.bin.11,Acidobacteriota,NRPS
SRR19594465.bin.11,Acidobacteriota,RiPPs
SRR19594465.bin.20,Marinisomatota,PKSother
SRR19594465.bin.28,Pseudomonadota,NRPS
SRR19594465.bin.28,Pseudomonadota,NRPS
SRR19594465.bin.28,Pseudomonadota,Terpene
SRR19594465.bin.28,Pseudomonadota,PKSother
SRR19594465.bin.28,Pseudomonadota,NRPS
SRR19594465.bin.29,Bacteroidota,Terpene
SRR19594465.bin.29,Bacteroidota,PKSother
SRR19594465.bin.38,Pseudomonadota,Terpene
SRR19594465.bin.38,Pseudomonadota,Terpene
SRR19594465.bin.38,Pseudomonadota,Terpene
SRR19594465.bin.39,Acidobacteriota,PKSI
SRR19594465.bin.39,Acidobacteriota,NRPS
SRR19594465.bin.39,Acidobacteriota,PKSother
SRR19594465.bin.39,Acidobacteriota,NRPS
SRR19594465.bin.39,Acidobacteriota,NRPS
SRR19594465.bin.39,Acidobacteriota,NRPS
SRR19594465.bin.39,Acidobacteriota,NRPS
SRR19594465.bin.39,Acidobacteriota,NRPS
SRR19594465.bin.39,Acidobacteriota,NRPS
SRR19594465.bin.39,Acidobacteriota,PKSI
SRR19594465.bin.39,Acidobacteriota,NRPS
SRR19594465.bin.39,Acidobacteriota,Others
SRR19594465.bin.39,Acidobacteriota,NRPS
SRR19594465.bin.39,Acidobacteriota,NRPS
SRR19594465.bin.39,Acidobacteriota,NRPS
SRR19594465.bin.39,Acidobacteriota,NRPS
SRR19594465.bin.39,Acidobacteriota,NRPS
SRR19594465.bin.39,Acidobacteriota,PKSI
SRR19594465.bin.39,Acidobacteriota,NRPS
SRR19594465.bin.39,Acidobacteriota,NRPS
SRR19594465.bin.39,Acidobacteriota,NRPS
SRR19594465.bin.39,Acidobacteriota,NRPS
SRR19594465.bin.39,Acidobacteriota,NRPS
SRR19594465.bin.39,Acidobacteriota,PKSI
SRR19594465.bin.39,Acidobacteriota,NRPS
SRR19594465.bin.39,Acidobacteriota,NRPS
SRR19594465.bin.39,Acidobacteriota,NRPS
SRR19594465.bin.39,Acidobacteriota,NRPS
SRR19594465.bin.39,Acidobacteriota,NRPS
SRR19594465.bin.39,Acidobacteriota,NRPS
SRR19594465.bin.39,Acidobacteriota,NRPS
SRR19594465.bin.39,Acidobacteriota,NRPS
SRR19594465.bin.39,Acidobacteriota,NRPS
SRR19594465.bin.39,Acidobacteriota,NRPS
SRR19594465.bin.39,Acidobacteriota,NRPS
SRR19594465.bin.39,Acidobacteriota,NRPS
SRR19594465.bin.39,Acidobacteriota,NRPS
SRR19594465.bin.39,Acidobacteriota,NRPS
SRR19594465.bin.39,Acidobacteriota,NRPS
SRR19594465.bin.39,Acidobacteriota,NRPS
SRR19594465.bin.39,Acidobacteriota,NRPS
SRR19594465.bin.39,Acidobacteriota,PKSI
SRR19594465.bin.39,Acidobacteriota,NRPS
SRR19594465.bin.39,Acidobacteriota,NRPS
SRR19594465.bin.39,Acidobacteriota,NRPS
SRR19594465.bin.39,Acidobacteriota,NRPS
SRR19594465.bin.39,Acidobacteriota,NRPS
SRR19594465.bin.39,Acidobacteriota,NRPS
SRR19594465.bin.39,Acidobacteriota,RiPPs
SRR19594465.bin.39,Acidobacteriota,NRPS
SRR19594465.bin.39,Acidobacteriota,RiPPs
SRR19594465.bin.39,Acidobacteriota,NRPS
SRR19594465.bin.39,Acidobacteriota,NRPS
SRR19594465.bin.39,Acidobacteriota,NRPS
SRR19594465.bin.39,Acidobacteriota,NRPS
SRR19594465.bin.39,Acidobacteriota,NRPS
SRR19594465.bin.39,Acidobacteriota,NRPS
SRR19594465.bin.39,Acidobacteriota,RiPPs
SRR19594465.bin.39,Acidobacteriota,NRPS
SRR19594465.bin.39,Acidobacteriota,NRPS
SRR19594465.bin.39,Acidobacteriota,NRPS
SRR19594465.bin.39,Acidobacteriota,NRPS
SRR19594465.bin.39,Acidobacteriota,NRPS
SRR19594465.bin.39,Acidobacteriota,NRPS
SRR19594465.bin.39,Acidobacteriota,NRPS
SRR19594465.bin.39,Acidobacteriota,NRPS
SRR19594465.bin.39,Acidobacteriota,NRPS
SRR19594465.bin.44,Gemmatimonadota,NRPS
SRR19594465.bin.44,Gemmatimonadota,PKSI
SRR19594465.bin.45,Pseudomonadota,Terpene
SRR19594465.bin.45,Pseudomonadota,Terpene
SRR19594465.bin.45,Pseudomonadota,NRPS
SRR19594466.bin.26,Chloroflexota,Terpene
SRR19594466.bin.3,Pseudomonadota,arylpolyene
SRR19594466.bin.3,Pseudomonadota,arylpolyene
SRR19594466.bin.3,Pseudomonadota,Terpene
SRR19594466.bin.3,Pseudomonadota,Terpene
SRR19594466.bin.4,Acidobacteriota,NRPS
SRR19594466.bin.4,Acidobacteriota,PKSother
SRR19594466.bin.9,Acidobacteriota,PKSother
SRR19594466.bin.9,Acidobacteriota,PKSI
SRR19594467.bin.10,Pseudomonadota,NRPS
SRR19594467.bin.18,Gemmatimonadota,NRPS
SRR19594467.bin.18,Gemmatimonadota,NRPS
SRR19594467.bin.19,Verrucomicrobiota,NRPS
SRR19594467.bin.19,Verrucomicrobiota,PKS-NRP_Hybrids
SRR19594467.bin.19,Verrucomicrobiota,Terpene
SRR19594467.bin.19,Verrucomicrobiota,NRPS
SRR19594467.bin.19,Verrucomicrobiota,NRPS
SRR19594467.bin.19,Verrucomicrobiota,PKSother
SRR19594467.bin.25,Bacteroidota,NRPS
SRR19594467.bin.25,Bacteroidota,Terpene
SRR19594467.bin.25,Bacteroidota,PKSother
SRR19594467.bin.33,Bacteroidota,PKSother
SRR19594467.bin.45,Pseudomonadota,RiPPs
SRR19594467.bin.53,Pseudomonadota,PKSI
SRR19594467.bin.53,Pseudomonadota,NRPS
SRR19594467.bin.59,Bacteroidota,PKSother
SRR19594467.bin.61,Pseudomonadota,NRPS
SRR19594467.bin.63,Bacteroidota,PKSother
SRR19594467.bin.63,Bacteroidota,Terpene
SRR19594467.bin.69,Pseudomonadota,Others
SRR19594467.bin.69,Pseudomonadota,RiPPs
SRR19594467.bin.69,Pseudomonadota,PKSother
SRR19594467.bin.70,Bacteroidota,RiPPs
SRR19594467.bin.70,Bacteroidota,Terpene
SRR19594467.bin.70,Bacteroidota,PKSother
SRR19594468.bin.10,Myxococcota,Terpene
SRR19594468.bin.10,Myxococcota,PKSother
SRR19594468.bin.10,Myxococcota,arylpolyene
SRR19594468.bin.10,Myxococcota,NRPS
SRR19594468.bin.10,Myxococcota,NRPS
SRR19594468.bin.10,Myxococcota,NRPS
SRR19594468.bin.10,Myxococcota,NRPS
SRR19594468.bin.25,Chloroflexota,PKSother
SRR19594468.bin.25,Chloroflexota,Terpene
SRR19594468.bin.30,Chloroflexota,PKSI
SRR19594468.bin.30,Chloroflexota,NRPS
SRR19594468.bin.30,Chloroflexota,NRPS
SRR19594468.bin.30,Chloroflexota,PKS-NRP_Hybrids
SRR19594468.bin.30,Chloroflexota,PKSother
SRR19594468.bin.30,Chloroflexota,NRPS
SRR19594468.bin.30,Chloroflexota,NRPS
SRR19594468.bin.30,Chloroflexota,PKS-NRP_Hybrids
SRR19594468.bin.42,Gemmatimonadota,Terpene
SRR19594468.bin.42,Gemmatimonadota,RiPPs
SRR19594468.bin.42,Gemmatimonadota,RiPPs
SRR19594468.bin.42,Gemmatimonadota,Terpene
SRR19594468.bin.45,Gemmatimonadota,Terpene
SRR19594468.bin.48,Chloroflexota,PKSother
SRR19594468.bin.48,Chloroflexota,PKSother
SRR19594468.bin.50,Acidobacteriota,NRPS
SRR19594468.bin.50,Acidobacteriota,RiPPs
SRR19594468.bin.50,Acidobacteriota,PKSother
SRR19594468.bin.50,Acidobacteriota,PKSI
SRR19594468.bin.50,Acidobacteriota,PKSother
SRR19594468.bin.50,Acidobacteriota,RiPPs
SRR19594468.bin.50,Acidobacteriota,NRPS
SRR19594468.bin.50,Acidobacteriota,RiPPs
SRR19594468.bin.50,Acidobacteriota,Others
SRR19594468.bin.50,Acidobacteriota,Terpene
SRR19594468.bin.50,Acidobacteriota,RiPPs
SRR19594468.bin.50,Acidobacteriota,RiPPs
SRR19594468.bin.50,Acidobacteriota,RiPPs
SRR19594468.bin.51,Bacteroidota,PKSother
SRR19594468.bin.53,Pseudomonadota,Terpene
SRR19594468.bin.53,Pseudomonadota,Terpene
SRR19594468.bin.53,Pseudomonadota,phosphonate
SRR19594468.bin.59,Acidobacteriota,NRPS
SRR19594468.bin.59,Acidobacteriota,NRPS
SRR19594468.bin.59,Acidobacteriota,PKSother
SRR19594468.bin.6,Pseudomonadota,Terpene
SRR19594468.bin.60,Pseudomonadota,Terpene
SRR19594468.bin.66,Gemmatimonadota,Terpene
SRR19594468.bin.66,Gemmatimonadota,Terpene
SRR19594468.bin.66,Gemmatimonadota,Others
SRR19594468.bin.67,Pseudomonadota,NRPS
SRR19594468.bin.70,JADFOP01,NRPS
SRR19594468.bin.70,JADFOP01,RiPPs
SRR19594468.bin.70,JADFOP01,PKSother
SRR19594469.bin.25,Gemmatimonadota,Terpene
SRR19594469.bin.3,Desulfobacterota,PKSother
SRR19594469.bin.3,Desulfobacterota,NRPS
SRR19594469.bin.3,Desulfobacterota,PKSother
SRR19594469.bin.31,Electryoneota,PKSother
SRR19594469.bin.37,Bacteroidota,Terpene
SRR19594469.bin.37,Bacteroidota,PKSother
SRR21412968.bin.18,Actinomycetota,NRPS
SRR21412968.bin.18,Actinomycetota,Others
SRR21412968.bin.18,Actinomycetota,Terpene
SRR21412968.bin.18,Actinomycetota,PKSother
SRR21412968.bin.18,Actinomycetota,NRPS
SRR21412968.bin.18,Actinomycetota,NRPS
SRR21412968.bin.18,Actinomycetota,NRPS
SRR21412968.bin.18,Actinomycetota,PKSother
SRR21412968.bin.2,Bacteroidota,Terpene
SRR21412968.bin.2,Bacteroidota,PKSother
SRR21412968.bin.2,Bacteroidota,NRPS
SRR21412968.bin.2,Bacteroidota,NRPS
SRR21412968.bin.24,Bacteroidota,PKSother
SRR21412968.bin.5,Bacteroidota,Terpene
SRR21412968.bin.5,Bacteroidota,arylpolyene
SRR21412968.bin.5,Bacteroidota,PKSother
SRR21412969.bin.19,Actinomycetota,Terpene
SRR21412969.bin.19,Actinomycetota,RiPPs
SRR21412969.bin.22,Pseudomonadota,RiPPs
SRR21412969.bin.22,Pseudomonadota,arylpolyene
SRR21412969.bin.23,Pseudomonadota,arylpolyene
SRR21412969.bin.23,Pseudomonadota,resorcinol
SRR21412969.bin.23,Pseudomonadota,arylpolyene
SRR21412969.bin.31,Pseudomonadota,NRPS
SRR21412969.bin.31,Pseudomonadota,NRPS
SRR21412969.bin.31,Pseudomonadota,NRPS
SRR21412969.bin.31,Pseudomonadota,NRPS
SRR21412969.bin.31,Pseudomonadota,RiPPs
SRR21412969.bin.39,Gemmatimonadota,Terpene
SRR21412969.bin.41,Bacteroidota,Terpene
SRR21412969.bin.41,Bacteroidota,PKSother
SRR21412969.bin.50,Actinomycetota,PKSI
SRR21412969.bin.50,Actinomycetota,Terpene
SRR21412969.bin.50,Actinomycetota,Terpene
SRR21412969.bin.50,Actinomycetota,NRPS
SRR21412969.bin.50,Actinomycetota,PKSI
SRR21412969.bin.50,Actinomycetota,PKSother
SRR21412969.bin.50,Actinomycetota,RiPPs
SRR21412969.bin.50,Actinomycetota,NRPS
SRR21412969.bin.50,Actinomycetota,NRPS
SRR21412969.bin.50,Actinomycetota,NRPS
SRR21412969.bin.50,Actinomycetota,NRPS
SRR21412969.bin.50,Actinomycetota,RiPPs
SRR21412969.bin.50,Actinomycetota,PKSother
SRR21412969.bin.50,Actinomycetota,PKSI
SRR21412969.bin.50,Actinomycetota,PKSI
SRR21412969.bin.50,Actinomycetota,RiPPs
SRR21412969.bin.50,Actinomycetota,PKSother
SRR21412969.bin.50,Actinomycetota,RiPPs
SRR21412969.bin.50,Actinomycetota,PKSother
SRR21412969.bin.50,Actinomycetota,PKSother
SRR21412969.bin.50,Actinomycetota,PKSI
SRR21412969.bin.50,Actinomycetota,Others
SRR21412969.bin.50,Actinomycetota,RiPPs
SRR21412969.bin.50,Actinomycetota,PKSother
SRR21412969.bin.50,Actinomycetota,PKSI
SRR21412969.bin.50,Actinomycetota,RiPPs
SRR21412969.bin.50,Actinomycetota,NRPS
SRR21412969.bin.50,Actinomycetota,RiPPs
SRR21412969.bin.7,Gemmatimonadota,Terpene
SRR21412969.bin.7,Gemmatimonadota,NRPS
SRR21412970.bin.25,Actinomycetota,Terpene
SRR21412971.bin.24,Pseudomonadota,arylpolyene
SRR21412972.bin.12,Desulfobacterota,PKSother
SRR21412972.bin.12,Desulfobacterota,PKSother
SRR21412972.bin.12,Desulfobacterota,RiPPs
SRR21412972.bin.12,Desulfobacterota,RiPPs
SRR21412972.bin.12,Desulfobacterota,PKSI
SRR21412972.bin.12,Desulfobacterota,NRPS
SRR21412972.bin.24,Pseudomonadota,Terpene
SRR21412972.bin.24,Pseudomonadota,Terpene
SRR21412972.bin.24,Pseudomonadota,NRPS
SRR21412972.bin.24,Pseudomonadota,arylpolyene
SRR21412972.bin.27,Bacteroidota,Terpene
SRR21412972.bin.27,Bacteroidota,PKSother
SRR21412972.bin.31,Bacteroidota,PKSother
SRR21412972.bin.49,Bacteroidota,PKSother
SRR21412972.bin.49,Bacteroidota,Terpene
SRR21412972.bin.50,Gemmatimonadota,PKSother
SRR21412972.bin.57,Desulfobacterota,RiPPs
SRR21412972.bin.57,Desulfobacterota,arylpolyene
SRR21412972.bin.57,Desulfobacterota,arylpolyene
SRR21412972.bin.57,Desulfobacterota,RiPPs
SRR21412972.bin.57,Desulfobacterota,RiPPs
SRR21412972.bin.57,Desulfobacterota,resorcinol
SRR21412972.bin.59,Bacteroidota,PKSother
SRR21412972.bin.59,Bacteroidota,Terpene
SRR21412972.bin.69,Pseudomonadota,arylpolyene
SRR21412972.bin.69,Pseudomonadota,resorcinol
SRR21412972.bin.69,Pseudomonadota,arylpolyene
SRR21412972.bin.69,Pseudomonadota,Terpene
SRR21412972.bin.71,Pseudomonadota,arylpolyene
SRR21412972.bin.71,Pseudomonadota,resorcinol
SRR21412972.bin.71,Pseudomonadota,arylpolyene
SRR21412972.bin.71,Pseudomonadota,Terpene
SRR21412972.bin.9,Bacillota,PKSother
SRR21412974.bin.11,Actinomycetota,Terpene
SRR21412974.bin.11,Actinomycetota,Others
SRR21412975.bin.10,Hydrogenedentota,PKSother
SRR21412975.bin.10,Hydrogenedentota,PKSother
SRR21412975.bin.10,Hydrogenedentota,PKSother
SRR21412975.bin.11,Gemmatimonadota,NRPS
SRR21412975.bin.11,Gemmatimonadota,PKSother
SRR21412975.bin.11,Gemmatimonadota,NRPS
SRR21412975.bin.11,Gemmatimonadota,RiPPs
SRR21412975.bin.11,Gemmatimonadota,PKSother
SRR21412975.bin.11,Gemmatimonadota,PKSother
SRR21412975.bin.11,Gemmatimonadota,NRPS
SRR21412975.bin.11,Gemmatimonadota,RiPPs
SRR21412975.bin.11,Gemmatimonadota,NRPS
SRR21412975.bin.15,Bacteroidota,NRPS
SRR21412975.bin.16,Pseudomonadota,Terpene
SRR21412975.bin.16,Pseudomonadota,phosphonate
SRR21412975.bin.18,Chloroflexota,Terpene
SRR21412975.bin.30,Actinomycetota,Terpene
SRR21412975.bin.30,Actinomycetota,NRPS
SRR21412975.bin.30,Actinomycetota,Terpene
SRR21412975.bin.34,Verrucomicrobiota,arylpolyene
SRR21412975.bin.34,Verrucomicrobiota,PKSother
SRR21412975.bin.34,Verrucomicrobiota,RiPPs
SRR21412975.bin.4,Bacteroidota,PKSother
SRR21412975.bin.43,Pseudomonadota,Others
SRR21412975.bin.7,Verrucomicrobiota,NRPS
SRR21412975.bin.7,Verrucomicrobiota,PKSother
SRR21412976.bin.14,Bacteroidota,PKSother
SRR21412976.bin.21,Gemmatimonadota,NRPS
SRR21412976.bin.5,Bacteroidota,PKSother
SRR21412976.bin.8,Pseudomonadota,NRPS
SRR21412976.bin.8,Pseudomonadota,Terpene
SRR21412976.bin.8,Pseudomonadota,PKSother
SRR21412977.bin.10,Deinococcota,NRPS
SRR21412977.bin.10,Deinococcota,RiPPs
SRR21412977.bin.10,Deinococcota,PKSother
SRR21412977.bin.15,Gemmatimonadota,NRPS
SRR21412977.bin.15,Gemmatimonadota,NRPS
SRR21412977.bin.15,Gemmatimonadota,NRPS
SRR21412977.bin.15,Gemmatimonadota,NRPS
SRR21412977.bin.15,Gemmatimonadota,NRPS
SRR21412977.bin.15,Gemmatimonadota,PKSI
SRR21412977.bin.15,Gemmatimonadota,PKSI
SRR21412977.bin.15,Gemmatimonadota,NRPS
SRR21412977.bin.15,Gemmatimonadota,NRPS
SRR21412977.bin.15,Gemmatimonadota,NRPS
SRR21412977.bin.15,Gemmatimonadota,NRPS
SRR21412977.bin.15,Gemmatimonadota,NRPS
SRR21412977.bin.15,Gemmatimonadota,NRPS
SRR21412977.bin.15,Gemmatimonadota,NRPS
SRR21412977.bin.15,Gemmatimonadota,NRPS
SRR21412977.bin.15,Gemmatimonadota,NRPS
SRR21412977.bin.15,Gemmatimonadota,Terpene
SRR21412977.bin.15,Gemmatimonadota,NRPS
SRR21412977.bin.15,Gemmatimonadota,NRPS
SRR21412977.bin.15,Gemmatimonadota,NRPS
SRR21412977.bin.15,Gemmatimonadota,NRPS
SRR21412977.bin.15,Gemmatimonadota,NRPS
SRR21412977.bin.15,Gemmatimonadota,NRPS
SRR21412977.bin.15,Gemmatimonadota,NRPS
SRR21412977.bin.15,Gemmatimonadota,NRPS
SRR21412977.bin.15,Gemmatimonadota,NRPS
SRR21412977.bin.15,Gemmatimonadota,PKSI
SRR21412977.bin.15,Gemmatimonadota,NRPS
SRR21412977.bin.15,Gemmatimonadota,NRPS
SRR21412977.bin.15,Gemmatimonadota,NRPS
SRR21412977.bin.15,Gemmatimonadota,NRPS
SRR21412977.bin.15,Gemmatimonadota,NRPS
SRR21412977.bin.15,Gemmatimonadota,PKS-NRP_Hybrids
SRR21412977.bin.15,Gemmatimonadota,NRPS
SRR21412977.bin.15,Gemmatimonadota,PKSI
SRR21412977.bin.15,Gemmatimonadota,NRPS
SRR21412977.bin.15,Gemmatimonadota,NRPS
SRR21412977.bin.15,Gemmatimonadota,NRPS
SRR21412977.bin.15,Gemmatimonadota,PKSI
SRR21412977.bin.15,Gemmatimonadota,NRPS
SRR21412977.bin.15,Gemmatimonadota,NRPS
SRR21412977.bin.15,Gemmatimonadota,NRPS
SRR21412977.bin.15,Gemmatimonadota,NRPS
SRR21412977.bin.15,Gemmatimonadota,NRPS
SRR21412977.bin.15,Gemmatimonadota,NRPS
SRR21412977.bin.15,Gemmatimonadota,NRPS
SRR21412977.bin.15,Gemmatimonadota,NRPS
SRR21412977.bin.15,Gemmatimonadota,NRPS
SRR21412977.bin.15,Gemmatimonadota,PKSI
SRR21412977.bin.15,Gemmatimonadota,NRPS
SRR21412977.bin.15,Gemmatimonadota,NRPS
SRR21412977.bin.15,Gemmatimonadota,PKSI
SRR21412977.bin.15,Gemmatimonadota,NRPS
SRR21412977.bin.15,Gemmatimonadota,NRPS
SRR21412977.bin.15,Gemmatimonadota,NRPS
SRR21412977.bin.28,Bacteroidota,Terpene
SRR21412977.bin.28,Bacteroidota,NRPS
SRR21412977.bin.28,Bacteroidota,PKSother
SRR21412977.bin.29,Bacteroidota,RiPPs
SRR21412977.bin.29,Bacteroidota,PKSother
SRR21412977.bin.29,Bacteroidota,Terpene
SRR21412977.bin.32,Actinomycetota,Terpene
SRR21412977.bin.43,Actinomycetota,RiPPs
SRR21412977.bin.43,Actinomycetota,Terpene
SRR21412977.bin.43,Actinomycetota,Others
SRR21412977.bin.43,Actinomycetota,Others
SRR21412977.bin.43,Actinomycetota,Others
SRR21412977.bin.43,Actinomycetota,Terpene
SRR21412977.bin.43,Actinomycetota,NRPS
SRR21412977.bin.43,Actinomycetota,NRPS
SRR21412977.bin.44,Bacteroidota,PKSother
SRR21412977.bin.44,Bacteroidota,Terpene
SRR21412977.bin.45,Planctomycetota,NRPS
SRR21412977.bin.45,Planctomycetota,Terpene
SRR21412977.bin.45,Planctomycetota,Terpene
SRR21412977.bin.45,Planctomycetota,PKSother
SRR21412977.bin.5,Bacteroidota,PKSother
SRR21412977.bin.5,Bacteroidota,RiPPs
SRR21412977.bin.62,Bacteroidota,PKSother
SRR21412977.bin.64,Actinomycetota,NRPS
SRR21412977.bin.64,Actinomycetota,Terpene
SRR21412977.bin.64,Actinomycetota,Others
SRR21412977.bin.64,Actinomycetota,Others
SRR21412977.bin.66,Actinomycetota,Terpene
SRR21412977.bin.66,Actinomycetota,Terpene
SRR21412977.bin.76,Bacteroidota,NRPS
SRR21412977.bin.76,Bacteroidota,PKSother
SRR21412977.bin.78,Planctomycetota,Terpene
SRR21412977.bin.78,Planctomycetota,PKSother
SRR21412977.bin.81,Actinomycetota,Terpene
SRR21412978.bin.11,Pseudomonadota,arylpolyene
SRR21412978.bin.11,Pseudomonadota,Terpene
SRR21412978.bin.11,Pseudomonadota,RiPPs
SRR21412978.bin.11,Pseudomonadota,arylpolyene
SRR21412978.bin.11,Pseudomonadota,NRPS
SRR21412978.bin.16,Actinomycetota,Others
SRR21412978.bin.16,Actinomycetota,Others
SRR21412978.bin.19,Pseudomonadota,NRPS
SRR21412978.bin.19,Pseudomonadota,arylpolyene
SRR21412978.bin.19,Pseudomonadota,RiPPs
SRR21412978.bin.19,Pseudomonadota,Others
SRR21412978.bin.19,Pseudomonadota,Others
SRR21412978.bin.19,Pseudomonadota,arylpolyene
SRR21412978.bin.19,Pseudomonadota,arylpolyene
SRR21412978.bin.19,Pseudomonadota,arylpolyene
SRR21412978.bin.19,Pseudomonadota,NRPS
SRR21412979.bin.11,Actinomycetota,Others
SRR21412979.bin.11,Actinomycetota,Others
SRR21412979.bin.3,Actinomycetota,Terpene
SRR21412979.bin.3,Actinomycetota,Terpene
SRR21412979.bin.3,Actinomycetota,RiPPs
SRR21412979.bin.3,Actinomycetota,NRPS
SRR21412979.bin.8,Actinomycetota,phosphonate
SRR21412982.bin.11,Pseudomonadota,NRPS
SRR21412985.bin.21,Bacteroidota,Terpene
SRR21412985.bin.21,Bacteroidota,NRPS
SRR21412985.bin.21,Bacteroidota,PKSI
SRR21412985.bin.21,Bacteroidota,PKSother
SRR21412986.bin.100,Bacteroidota,PKS-NRP_Hybrids
SRR21412986.bin.19,Bacteroidota,Terpene
SRR21412986.bin.19,Bacteroidota,PKSother
SRR21412986.bin.19,Bacteroidota,Terpene
SRR21412986.bin.19,Bacteroidota,arylpolyene
SRR21412986.bin.22,Desulfobacterota,PKSother
SRR21412986.bin.22,Desulfobacterota,Others
SRR21412986.bin.22,Desulfobacterota,NRPS
SRR21412986.bin.22,Desulfobacterota,PKS-NRP_Hybrids
SRR21412986.bin.22,Desulfobacterota,RiPPs
SRR21412986.bin.22,Desulfobacterota,NRPS
SRR21412986.bin.22,Desulfobacterota,NRPS
SRR21412986.bin.22,Desulfobacterota,NRPS
SRR21412986.bin.37,Desulfobacterota,RiPPs
SRR21412986.bin.53,Desulfobacterota,RiPPs
SRR21412986.bin.55,Bacteroidota,RiPPs
SRR21412986.bin.57,Patescibacteria,RiPPs
SRR21412986.bin.6,Spirochaetota,NRPS
SRR21412986.bin.60,Desulfobacterota,NRPS
SRR21412986.bin.60,Desulfobacterota,PKSI
SRR21412986.bin.60,Desulfobacterota,RiPPs
SRR21412986.bin.60,Desulfobacterota,NRPS
SRR21412986.bin.60,Desulfobacterota,PKSother
SRR21412986.bin.61,Pseudomonadota,Terpene
SRR21412986.bin.61,Pseudomonadota,Terpene
SRR21412986.bin.61,Pseudomonadota,RiPPs
SRR21412986.bin.62,Bacteroidota,NRPS
SRR21412986.bin.71,Desulfobacterota,RiPPs
SRR21412986.bin.71,Desulfobacterota,arylpolyene
SRR21412986.bin.71,Desulfobacterota,RiPPs
SRR21412986.bin.71,Desulfobacterota,arylpolyene
SRR21412986.bin.86,Bacteroidota,Terpene
SRR21412986.bin.86,Bacteroidota,PKSother
SRR21412986.bin.87,Pseudomonadota,resorcinol
SRR21412986.bin.87,Pseudomonadota,arylpolyene
SRR21412986.bin.87,Pseudomonadota,PKSI
SRR21412986.bin.87,Pseudomonadota,NRPS
SRR21412986.bin.87,Pseudomonadota,arylpolyene
SRR21412986.bin.87,Pseudomonadota,arylpolyene
SRR21412986.bin.87,Pseudomonadota,PKSother
SRR21412986.bin.89,Pseudomonadota,RiPPs
SRR21412986.bin.93,Desulfobacterota,PKSI
SRR21412986.bin.93,Desulfobacterota,PKSother
SRR21412986.bin.93,Desulfobacterota,NRPS
SRR21412986.bin.96,Pseudomonadota,RiPPs
SRR21412986.bin.99,Pseudomonadota,RiPPs
SRR21412986.bin.99,Pseudomonadota,Others
SRR21412986.bin.99,Pseudomonadota,NRPS
SRR21412987.bin.1,Bacillota,Others
SRR21412987.bin.1,Bacillota,Others
SRR21412987.bin.1,Bacillota,Others
SRR21412987.bin.1,Bacillota,NRPS
SRR21412987.bin.1,Bacillota,PKSother
SRR21412987.bin.1,Bacillota,Others
SRR21412987.bin.1,Bacillota,Others
SRR21412989.bin.12,Pseudomonadota,Terpene
SRR21412989.bin.12,Pseudomonadota,NRPS
SRR21412989.bin.12,Pseudomonadota,RiPPs
SRR21412989.bin.12,Pseudomonadota,Terpene
SRR21412989.bin.6,Bacteroidota,PKSother
SRR21412990.bin.20,Actinomycetota,Terpene
SRR21412990.bin.4,Actinomycetota,Terpene
SRR21412990.bin.4,Actinomycetota,NRPS
SRR21412991.bin.11,Pseudomonadota,Terpene
SRR21412991.bin.11,Pseudomonadota,PKSother
SRR21412991.bin.11,Pseudomonadota,NRPS
SRR21412991.bin.13,Actinomycetota,PKSother
SRR21412991.bin.13,Actinomycetota,NRPS
SRR21412991.bin.15,Bacteroidota,Terpene
SRR21412991.bin.15,Bacteroidota,PKSother
SRR21412991.bin.15,Bacteroidota,NRPS
SRR21412991.bin.15,Bacteroidota,NRPS
SRR21412991.bin.15,Bacteroidota,NRPS
SRR21412991.bin.15,Bacteroidota,NRPS
SRR21412991.bin.2,Pseudomonadota,NRPS
SRR21412991.bin.2,Pseudomonadota,NRPS
SRR21412991.bin.2,Pseudomonadota,NRPS
SRR21412991.bin.2,Pseudomonadota,PKSother
SRR21412991.bin.2,Pseudomonadota,NRPS
SRR21412991.bin.2,Pseudomonadota,NRPS
SRR21412991.bin.2,Pseudomonadota,NRPS
SRR21412992.bin.15,Pseudomonadota,arylpolyene
SRR21412992.bin.15,Pseudomonadota,arylpolyene
SRR21412992.bin.18,Pseudomonadota,RiPPs
SRR21412992.bin.18,Pseudomonadota,arylpolyene
SRR21412992.bin.19,Pseudomonadota,arylpolyene
SRR21412993.bin.1,Pseudomonadota,PKSother
SRR21412993.bin.1,Pseudomonadota,NRPS
SRR21412993.bin.1,Pseudomonadota,Terpene
SRR21412993.bin.1,Pseudomonadota,NRPS
SRR21412993.bin.11,Pseudomonadota,NRPS
SRR21412993.bin.11,Pseudomonadota,NRPS
SRR21412993.bin.11,Pseudomonadota,NRPS
SRR21412993.bin.11,Pseudomonadota,NRPS
SRR21412993.bin.11,Pseudomonadota,NRPS
SRR21412993.bin.11,Pseudomonadota,NRPS
SRR21412993.bin.11,Pseudomonadota,RiPPs
SRR21412993.bin.11,Pseudomonadota,NRPS
SRR21412993.bin.11,Pseudomonadota,NRPS
SRR21412993.bin.11,Pseudomonadota,NRPS
SRR21412993.bin.11,Pseudomonadota,NRPS
SRR21412993.bin.18,Bacillota,Others
SRR21412993.bin.18,Bacillota,Others
SRR21412993.bin.18,Bacillota,PKSother
SRR21412993.bin.18,Bacillota,NRPS
SRR21412993.bin.6,Actinomycetota,Others
SRR21412993.bin.6,Actinomycetota,Terpene
SRR21412993.bin.6,Actinomycetota,NRPS
SRR21412993.bin.6,Actinomycetota,PKSI
SRR21412993.bin.7,Actinomycetota,PKSI
SRR21412994.bin.17,Bacteroidota,PKSother
SRR21412994.bin.17,Bacteroidota,RiPPs
SRR21412995.bin.11,T1Sed10-126,arylpolyene
SRR21412995.bin.16,Pseudomonadota,Terpene
SRR21412995.bin.16,Pseudomonadota,Terpene
SRR21412995.bin.22,Bacteroidota,arylpolyene
SRR21412995.bin.22,Bacteroidota,arylpolyene
SRR21412995.bin.22,Bacteroidota,arylpolyene
SRR21412995.bin.22,Bacteroidota,resorcinol
SRR21412995.bin.22,Bacteroidota,PKSI
SRR21412995.bin.28,Pseudomonadota,NRPS
SRR21412995.bin.43,Myxococcota,Terpene
SRR21412995.bin.43,Myxococcota,PKSI
SRR21412995.bin.43,Myxococcota,NRPS
SRR21412995.bin.43,Myxococcota,RiPPs
SRR21412995.bin.43,Myxococcota,Terpene
SRR21412995.bin.43,Myxococcota,Terpene
SRR21412995.bin.45,Pseudomonadota,NRPS
SRR21412995.bin.60,Myxococcota,PKSother
SRR21412995.bin.60,Myxococcota,NRPS
SRR21412995.bin.60,Myxococcota,PKSI
SRR21412995.bin.60,Myxococcota,NRPS
SRR21412995.bin.60,Myxococcota,PKSI
SRR21412995.bin.62,Bacteroidota,PKSI
SRR21412995.bin.7,Actinomycetota,phosphonate
SRR21412995.bin.7,Actinomycetota,NRPS
SRR21412996.bin.1,Bacteroidota,PKSother
SRR21412997.bin.2,Pseudomonadota,PKSI
SRR21412997.bin.2,Pseudomonadota,NRPS
SRR21412997.bin.2,Pseudomonadota,NRPS
SRR21412997.bin.2,Pseudomonadota,RiPPs
SRR21412997.bin.9,Bacteroidota,arylpolyene
SRR21412997.bin.9,Bacteroidota,arylpolyene
SRR21412997.bin.9,Bacteroidota,arylpolyene
SRR21412998.bin.2,Pseudomonadota,RiPPs
SRR21412998.bin.2,Pseudomonadota,NRPS
SRR21412998.bin.2,Pseudomonadota,NRPS
SRR21412998.bin.2,Pseudomonadota,NRPS
SRR21412998.bin.2,Pseudomonadota,NRPS
SRR21412998.bin.2,Pseudomonadota,NRPS
SRR21412998.bin.2,Pseudomonadota,NRPS
SRR21412998.bin.2,Pseudomonadota,PKSother
SRR21412998.bin.2,Pseudomonadota,NRPS
SRR21412998.bin.2,Pseudomonadota,NRPS
SRR21412998.bin.2,Pseudomonadota,NRPS
SRR21412998.bin.2,Pseudomonadota,NRPS
SRR21412998.bin.2,Pseudomonadota,NRPS
SRR21412998.bin.2,Pseudomonadota,NRPS
SRR21412998.bin.2,Pseudomonadota,NRPS
SRR21412998.bin.2,Pseudomonadota,NRPS
SRR21412998.bin.2,Pseudomonadota,NRPS
SRR21412998.bin.2,Pseudomonadota,NRPS
SRR21412998.bin.2,Pseudomonadota,NRPS
SRR21412998.bin.2,Pseudomonadota,NRPS
SRR21412998.bin.2,Pseudomonadota,NRPS
SRR21412998.bin.2,Pseudomonadota,NRPS
SRR21412998.bin.2,Pseudomonadota,NRPS
SRR21412998.bin.2,Pseudomonadota,NRPS
SRR21412998.bin.2,Pseudomonadota,NRPS
SRR21412998.bin.2,Pseudomonadota,NRPS
SRR21412998.bin.2,Pseudomonadota,NRPS
SRR21412998.bin.2,Pseudomonadota,Terpene
SRR21412998.bin.2,Pseudomonadota,NRPS
SRR21412998.bin.2,Pseudomonadota,NRPS
SRR21412998.bin.2,Pseudomonadota,NRPS
SRR21412998.bin.2,Pseudomonadota,NRPS
SRR21412998.bin.2,Pseudomonadota,NRPS
SRR21412998.bin.2,Pseudomonadota,PKSother
SRR21412998.bin.2,Pseudomonadota,NRPS
SRR21412998.bin.2,Pseudomonadota,NRPS
SRR21412998.bin.2,Pseudomonadota,NRPS
SRR21412998.bin.2,Pseudomonadota,NRPS
SRR21412998.bin.2,Pseudomonadota,NRPS
SRR21412998.bin.2,Pseudomonadota,NRPS
SRR21412998.bin.2,Pseudomonadota,NRPS
SRR21412998.bin.2,Pseudomonadota,NRPS
SRR21412998.bin.2,Pseudomonadota,PKSother
SRR21412998.bin.2,Pseudomonadota,NRPS
SRR21413000.bin.10,Myxococcota,NRPS
SRR21413000.bin.10,Myxococcota,NRPS
SRR21413000.bin.10,Myxococcota,PKSI
SRR21413000.bin.10,Myxococcota,NRPS
SRR21413000.bin.10,Myxococcota,PKSother
SRR21413000.bin.10,Myxococcota,Others
SRR21413000.bin.10,Myxococcota,Terpene
SRR21413000.bin.36,Pseudomonadota,arylpolyene
SRR21413001.bin.20,Pseudomonadota,Terpene
SRR21413001.bin.25,Actinomycetota,PKSother
SRR21413001.bin.3,Actinomycetota,Others
SRR21413001.bin.3,Actinomycetota,NRPS
SRR21413001.bin.3,Actinomycetota,NRPS
SRR21413001.bin.3,Actinomycetota,Terpene
SRR21413001.bin.3,Actinomycetota,NRPS
SRR21413001.bin.32,Actinomycetota,Terpene
SRR21413001.bin.32,Actinomycetota,Others
SRR21413001.bin.32,Actinomycetota,PKSother
SRR21413001.bin.39,Bacillota,PKSother
SRR21413001.bin.45,Actinomycetota,Terpene
SRR21413001.bin.45,Actinomycetota,Terpene
SRR21413001.bin.45,Actinomycetota,NRPS
SRR21413001.bin.45,Actinomycetota,NRPS
SRR21413001.bin.45,Actinomycetota,Others
SRR21413001.bin.45,Actinomycetota,NRPS
SRR21413001.bin.45,Actinomycetota,Terpene
SRR21413001.bin.45,Actinomycetota,PKSI
SRR21413001.bin.45,Actinomycetota,NRPS
SRR21413001.bin.45,Actinomycetota,NRPS
SRR21413001.bin.45,Actinomycetota,NRPS
SRR21413001.bin.45,Actinomycetota,RiPPs
SRR21413001.bin.45,Actinomycetota,NRPS
SRR21413001.bin.45,Actinomycetota,phosphonate
SRR21413001.bin.45,Actinomycetota,PKSI
SRR21413001.bin.5,Pseudomonadota,phosphonate
SRR21413001.bin.5,Pseudomonadota,arylpolyene
SRR21413001.bin.5,Pseudomonadota,arylpolyene
SRR21413001.bin.5,Pseudomonadota,arylpolyene
SRR21413001.bin.5,Pseudomonadota,resorcinol
SRR21413001.bin.51,Bacteroidota,PKSother
SRR21413001.bin.58,Actinomycetota,NRPS
SRR21413001.bin.58,Actinomycetota,NRPS
SRR21413001.bin.58,Actinomycetota,NRPS
SRR21413001.bin.58,Actinomycetota,PKSother
SRR21413001.bin.6,Pseudomonadota,PKSother
SRR21413001.bin.6,Pseudomonadota,PKSI
SRR21413002.bin.31,Pseudomonadota,resorcinol
SRR21413002.bin.31,Pseudomonadota,arylpolyene
SRR21413002.bin.4,Pseudomonadota,NRPS
SRR21413002.bin.4,Pseudomonadota,Terpene
SRR21413002.bin.4,Pseudomonadota,RiPPs
SRR21413002.bin.5,Actinomycetota,RiPPs
SRR21413002.bin.5,Actinomycetota,RiPPs
SRR21413002.bin.5,Actinomycetota,Saccharides
SRR21413002.bin.5,Actinomycetota,RiPPs
SRR21413002.bin.5,Actinomycetota,Terpene
SRR21413002.bin.5,Actinomycetota,NRPS
SRR21413002.bin.5,Actinomycetota,Terpene
SRR21413002.bin.5,Actinomycetota,Others
SRR21413002.bin.5,Actinomycetota,Others
SRR21413002.bin.5,Actinomycetota,RiPPs
SRR21413003.bin.17,Actinomycetota,PKSother
SRR21413003.bin.2,Gemmatimonadota,NRPS
SRR21413003.bin.20,Pseudomonadota,Others
SRR21413003.bin.20,Pseudomonadota,Others
SRR21413003.bin.21,Pseudomonadota,arylpolyene
SRR21413003.bin.21,Pseudomonadota,arylpolyene
SRR21413003.bin.21,Pseudomonadota,arylpolyene
SRR21413003.bin.21,Pseudomonadota,resorcinol
SRR21413003.bin.37,Pseudomonadota,arylpolyene
SRR21413003.bin.46,Pseudomonadota,PKSother
SRR21413003.bin.46,Pseudomonadota,NRPS
SRR21413003.bin.52,Bacteroidota,PKSother
SRR21413003.bin.52,Bacteroidota,arylpolyene
SRR21413003.bin.6,Actinomycetota,phosphonate
SRR21413004.bin.14,Gemmatimonadota,Terpene
SRR21413004.bin.14,Gemmatimonadota,NRPS
SRR21413004.bin.24,Bacteroidota,PKSother
SRR21413004.bin.3,Actinomycetota,NRPS
SRR21413004.bin.3,Actinomycetota,Terpene
SRR21413004.bin.39,Pseudomonadota,PKSother
SRR21413004.bin.39,Pseudomonadota,Terpene
SRR21413004.bin.41,Bacteroidota,PKSother
SRR21413004.bin.9,Bacteroidota,PKSother
SRR21413004.bin.9,Bacteroidota,NRPS
SRR21413004.bin.9,Bacteroidota,Terpene
SRR21413005.bin.1,Actinomycetota,Others
SRR21413005.bin.1,Actinomycetota,PKSother
SRR21413005.bin.10,Pseudomonadota,NRPS
SRR21413005.bin.10,Pseudomonadota,NRPS
SRR21413005.bin.10,Pseudomonadota,NRPS
SRR21413005.bin.10,Pseudomonadota,Others
SRR21413005.bin.10,Pseudomonadota,PKSother
SRR21413005.bin.10,Pseudomonadota,RiPPs
SRR21413005.bin.15,Bacteroidota,PKSother
SRR21413005.bin.15,Bacteroidota,arylpolyene
SRR21413005.bin.25,Actinomycetota,Others
SRR21413005.bin.25,Actinomycetota,Others
SRR21413005.bin.25,Actinomycetota,Terpene
SRR21413005.bin.25,Actinomycetota,PKSother
SRR21413005.bin.25,Actinomycetota,NRPS
SRR21413005.bin.6,Bacteroidota,PKSother
SRR21413006.bin.14,Bacteroidota,PKSother
SRR21413006.bin.19,Pseudomonadota,Terpene
SRR21413006.bin.2,Bacteroidota,Terpene
SRR21413006.bin.2,Bacteroidota,PKSother
SRR21413006.bin.2,Bacteroidota,PKSother
SRR21413006.bin.2,Bacteroidota,arylpolyene
SRR21413006.bin.2,Bacteroidota,arylpolyene
SRR21413006.bin.31,Actinomycetota,Terpene
SRR21413006.bin.31,Actinomycetota,PKSother
SRR21413006.bin.7,Actinomycetota,NRPS
SRR21413006.bin.7,Actinomycetota,PKSother
SRR21413007.bin.15,Bacteroidota,resorcinol
SRR21413007.bin.15,Bacteroidota,RiPPs
SRR21413007.bin.15,Bacteroidota,RiPPs
SRR21413007.bin.24,Bacillota_A,RiPPs
SRR21413007.bin.32,Bacteroidota,PKSother
SRR21413007.bin.32,Bacteroidota,arylpolyene
SRR21413007.bin.32,Bacteroidota,arylpolyene
SRR21413007.bin.32,Bacteroidota,Terpene
SRR21413008.bin.1,Acidobacteriota,NRPS
SRR21413008.bin.13,Pseudomonadota,NRPS
SRR21413008.bin.13,Pseudomonadota,resorcinol
SRR21413008.bin.3,Pseudomonadota,arylpolyene
SRR21413008.bin.7,Pseudomonadota,PKSother
SRR21413008.bin.7,Pseudomonadota,PKSother
SRR21413008.bin.7,Pseudomonadota,PKSother
SRR21413008.bin.7,Pseudomonadota,Terpene
SRR21413008.bin.7,Pseudomonadota,NRPS
SRR21413008.bin.7,Pseudomonadota,arylpolyene
SRR21413008.bin.7,Pseudomonadota,PKSother
SRR21413008.bin.7,Pseudomonadota,PKSother
SRR21413008.bin.7,Pseudomonadota,PKSother
SRR21413009.bin.1,Actinomycetota,NRPS
SRR23851168.bin.16,Chloroflexota,PKS-NRP_Hybrids
SRR23851170.bin.25,Pseudomonadota,NRPS
SRR23851170.bin.25,Pseudomonadota,arylpolyene
SRR23851171.bin.11,Actinomycetota,Terpene
SRR23851171.bin.11,Actinomycetota,NRPS
SRR23851171.bin.14,Gemmatimonadota,Terpene
SRR23851171.bin.17,Pseudomonadota,PKSother
SRR23851171.bin.18,Pseudomonadota,arylpolyene
SRR23851171.bin.22,Cyanobacteriota,Terpene
SRR23851171.bin.22,Cyanobacteriota,NRPS
SRR23851171.bin.22,Cyanobacteriota,NRPS
SRR23851171.bin.22,Cyanobacteriota,NRPS
SRR23851171.bin.22,Cyanobacteriota,NRPS
SRR23851171.bin.22,Cyanobacteriota,RiPPs
SRR23851171.bin.22,Cyanobacteriota,NRPS
SRR23851171.bin.22,Cyanobacteriota,NRPS
SRR23851171.bin.22,Cyanobacteriota,NRPS
SRR23851171.bin.3,Myxococcota,Others
SRR23851171.bin.3,Myxococcota,NRPS
SRR23851171.bin.3,Myxococcota,PKSother
SRR23851171.bin.3,Myxococcota,NRPS
SRR23851171.bin.3,Myxococcota,NRPS
SRR23851171.bin.3,Myxococcota,NRPS
SRR23851171.bin.3,Myxococcota,PKSI
SRR23851171.bin.3,Myxococcota,NRPS
SRR23851171.bin.3,Myxococcota,PKSI
SRR23851171.bin.3,Myxococcota,NRPS
SRR23851171.bin.3,Myxococcota,arylpolyene
SRR23851171.bin.3,Myxococcota,arylpolyene
SRR23851171.bin.3,Myxococcota,Terpene
SRR23851171.bin.3,Myxococcota,Terpene
SRR23851171.bin.3,Myxococcota,NRPS
SRR23851171.bin.3,Myxococcota,Terpene
SRR23851171.bin.3,Myxococcota,PKS-NRP_Hybrids
SRR23851171.bin.3,Myxococcota,PKS-NRP_Hybrids
SRR23851171.bin.3,Myxococcota,PKSI
SRR23851171.bin.3,Myxococcota,PKSI
SRR23851171.bin.3,Myxococcota,PKSI
SRR23851171.bin.3,Myxococcota,Others
SRR23851171.bin.3,Myxococcota,resorcinol
SRR23851171.bin.3,Myxococcota,Others
SRR23851172.bin.13,Acidobacteriota,NRPS
SRR23851172.bin.13,Acidobacteriota,PKSI
SRR23851172.bin.13,Acidobacteriota,PKSI
SRR23851172.bin.13,Acidobacteriota,NRPS
SRR23851172.bin.13,Acidobacteriota,NRPS
SRR23851172.bin.13,Acidobacteriota,NRPS
SRR23851172.bin.13,Acidobacteriota,NRPS
SRR23851172.bin.13,Acidobacteriota,NRPS
SRR23851172.bin.13,Acidobacteriota,NRPS
SRR23851172.bin.13,Acidobacteriota,NRPS
SRR23851172.bin.13,Acidobacteriota,RiPPs
SRR23851172.bin.13,Acidobacteriota,RiPPs
SRR23851172.bin.13,Acidobacteriota,RiPPs
SRR23851172.bin.13,Acidobacteriota,NRPS
SRR23851172.bin.13,Acidobacteriota,PKSI
SRR23851172.bin.13,Acidobacteriota,NRPS
SRR23851172.bin.13,Acidobacteriota,NRPS
SRR23851172.bin.13,Acidobacteriota,NRPS
SRR23851172.bin.13,Acidobacteriota,RiPPs
SRR23851172.bin.13,Acidobacteriota,NRPS
SRR23851172.bin.13,Acidobacteriota,NRPS
SRR23851172.bin.13,Acidobacteriota,NRPS
SRR23851172.bin.13,Acidobacteriota,PKSI
SRR23851172.bin.13,Acidobacteriota,NRPS
SRR23851172.bin.13,Acidobacteriota,NRPS
SRR23851172.bin.13,Acidobacteriota,NRPS
SRR23851172.bin.13,Acidobacteriota,NRPS
SRR23851172.bin.13,Acidobacteriota,NRPS
SRR23851172.bin.13,Acidobacteriota,NRPS
SRR23851172.bin.13,Acidobacteriota,PKS-NRP_Hybrids
SRR23851172.bin.13,Acidobacteriota,Others
SRR23851172.bin.13,Acidobacteriota,NRPS
SRR23851172.bin.13,Acidobacteriota,NRPS
SRR23851172.bin.13,Acidobacteriota,NRPS
SRR23851172.bin.13,Acidobacteriota,NRPS
SRR23851172.bin.13,Acidobacteriota,NRPS
SRR23851172.bin.13,Acidobacteriota,NRPS
SRR23851172.bin.13,Acidobacteriota,NRPS
SRR23851172.bin.13,Acidobacteriota,PKSI
SRR23851172.bin.13,Acidobacteriota,NRPS
SRR23851172.bin.13,Acidobacteriota,NRPS
SRR23851172.bin.13,Acidobacteriota,NRPS
SRR23851172.bin.13,Acidobacteriota,NRPS
SRR23851172.bin.13,Acidobacteriota,NRPS
SRR23851172.bin.13,Acidobacteriota,NRPS
SRR23851172.bin.13,Acidobacteriota,NRPS
SRR23851172.bin.13,Acidobacteriota,RiPPs
SRR23851172.bin.13,Acidobacteriota,NRPS
SRR23851172.bin.13,Acidobacteriota,NRPS
SRR23851172.bin.13,Acidobacteriota,RiPPs
SRR23851172.bin.13,Acidobacteriota,NRPS
SRR23851172.bin.13,Acidobacteriota,NRPS
SRR23851172.bin.13,Acidobacteriota,RiPPs
SRR23851172.bin.13,Acidobacteriota,NRPS
SRR23851172.bin.13,Acidobacteriota,NRPS
SRR23851172.bin.13,Acidobacteriota,RiPPs
SRR23851172.bin.13,Acidobacteriota,NRPS
SRR23851172.bin.13,Acidobacteriota,NRPS
SRR23851172.bin.13,Acidobacteriota,NRPS
SRR23851172.bin.13,Acidobacteriota,NRPS
SRR23851172.bin.13,Acidobacteriota,NRPS
SRR23851172.bin.13,Acidobacteriota,NRPS
SRR23851172.bin.13,Acidobacteriota,NRPS
SRR23851172.bin.13,Acidobacteriota,NRPS
SRR23851172.bin.13,Acidobacteriota,NRPS
SRR23851172.bin.13,Acidobacteriota,PKSI
SRR23851172.bin.13,Acidobacteriota,NRPS
SRR23851172.bin.13,Acidobacteriota,NRPS
SRR23851172.bin.13,Acidobacteriota,NRPS
SRR23851172.bin.13,Acidobacteriota,PKSother
SRR23851172.bin.13,Acidobacteriota,NRPS
SRR23851172.bin.13,Acidobacteriota,NRPS
SRR23851172.bin.13,Acidobacteriota,NRPS
SRR23851172.bin.13,Acidobacteriota,NRPS
SRR23851172.bin.13,Acidobacteriota,NRPS
SRR23851172.bin.13,Acidobacteriota,PKS-NRP_Hybrids
SRR23851172.bin.13,Acidobacteriota,NRPS
SRR23851172.bin.13,Acidobacteriota,NRPS
SRR23851172.bin.13,Acidobacteriota,NRPS
SRR23851172.bin.13,Acidobacteriota,NRPS
SRR23851172.bin.13,Acidobacteriota,NRPS
SRR23851172.bin.13,Acidobacteriota,NRPS
SRR23851172.bin.13,Acidobacteriota,NRPS
SRR23851172.bin.13,Acidobacteriota,RiPPs
SRR23851173.bin.10,Actinomycetota,RiPPs
SRR23851173.bin.10,Actinomycetota,RiPPs
SRR23851173.bin.10,Actinomycetota,PKSI
SRR23851173.bin.3,Actinomycetota,PKSother
SRR23851173.bin.6,Pseudomonadota,Others
SRR23851173.bin.6,Pseudomonadota,Others
SRR23851173.bin.6,Pseudomonadota,arylpolyene
SRR23851173.bin.6,Pseudomonadota,NRPS
SRR23851173.bin.6,Pseudomonadota,RiPPs
SRR23851173.bin.6,Pseudomonadota,RiPPs
SRR23851173.bin.6,Pseudomonadota,NRPS
SRR23851173.bin.6,Pseudomonadota,arylpolyene
SRR23851173.bin.6,Pseudomonadota,RiPPs
SRR23851174.bin.24,Acidobacteriota,PKSother
SRR23851174.bin.24,Acidobacteriota,Terpene
SRR23851174.bin.24,Acidobacteriota,NRPS
SRR23851175.bin.35,Bacteroidota,PKSother
SRR23851175.bin.37,Gemmatimonadota,RiPPs
SRR23851175.bin.6,Gemmatimonadota,RiPPs
SRR23851175.bin.6,Gemmatimonadota,Terpene
SRR23851175.bin.67,Chloroflexota,Terpene
SRR23851175.bin.67,Chloroflexota,PKSother
SRR23851176.bin.16,Pseudomonadota,NRPS
SRR23851176.bin.16,Pseudomonadota,resorcinol
SRR23851176.bin.16,Pseudomonadota,NRPS
SRR23851176.bin.16,Pseudomonadota,NRPS
SRR23851176.bin.16,Pseudomonadota,Others
SRR23851176.bin.16,Pseudomonadota,Others
SRR23851176.bin.2,Gemmatimonadota,Terpene
SRR23851176.bin.21,Pseudomonadota,NRPS
SRR23851176.bin.21,Pseudomonadota,NRPS
SRR23851176.bin.21,Pseudomonadota,NRPS
SRR23851176.bin.21,Pseudomonadota,NRPS
SRR23851176.bin.21,Pseudomonadota,NRPS
SRR23851176.bin.21,Pseudomonadota,PKSI
SRR23851176.bin.21,Pseudomonadota,NRPS
SRR23851176.bin.21,Pseudomonadota,RiPPs
SRR23851176.bin.21,Pseudomonadota,NRPS
SRR23851176.bin.21,Pseudomonadota,resorcinol
SRR23851176.bin.21,Pseudomonadota,NRPS
SRR23851176.bin.21,Pseudomonadota,NRPS
SRR23851176.bin.32,Chloroflexota,Others
SRR23851176.bin.32,Chloroflexota,Terpene
SRR23851176.bin.35,Actinomycetota,PKSother
SRR23851176.bin.35,Actinomycetota,PKSI
SRR23851176.bin.46,Chloroflexota,Terpene
SRR23851176.bin.46,Chloroflexota,NRPS
SRR23851176.bin.5,Actinomycetota,arylpolyene
SRR23851176.bin.5,Actinomycetota,RiPPs
SRR23851176.bin.5,Actinomycetota,PKSother
SRR23851176.bin.5,Actinomycetota,PKSI
SRR23851176.bin.5,Actinomycetota,NRPS
SRR23851176.bin.5,Actinomycetota,NRPS
SRR23851176.bin.5,Actinomycetota,PKSI
SRR23851176.bin.5,Actinomycetota,NRPS
SRR23851176.bin.5,Actinomycetota,NRPS
SRR23851176.bin.5,Actinomycetota,NRPS
SRR23851176.bin.5,Actinomycetota,NRPS
SRR23851176.bin.5,Actinomycetota,PKSI
SRR23851176.bin.5,Actinomycetota,NRPS
SRR23851176.bin.5,Actinomycetota,PKSother
SRR23851176.bin.5,Actinomycetota,RiPPs
SRR23851176.bin.5,Actinomycetota,RiPPs
SRR23851176.bin.5,Actinomycetota,PKSother
SRR23851176.bin.5,Actinomycetota,NRPS
SRR23851176.bin.5,Actinomycetota,PKSother
SRR23851176.bin.5,Actinomycetota,RiPPs
SRR23851176.bin.5,Actinomycetota,PKSI
SRR23851176.bin.5,Actinomycetota,PKS-NRP_Hybrids
SRR23851176.bin.5,Actinomycetota,NRPS
SRR23851176.bin.5,Actinomycetota,NRPS
SRR23851176.bin.56,Pseudomonadota,NRPS
SRR23851176.bin.56,Pseudomonadota,PKSother
SRR23851176.bin.56,Pseudomonadota,NRPS
SRR23851176.bin.56,Pseudomonadota,phosphonate
SRR23851176.bin.60,Pseudomonadota,arylpolyene
SRR23851176.bin.62,Chloroflexota,Terpene
SRR23851176.bin.62,Chloroflexota,NRPS
SRR23851177.bin.2,Gemmatimonadota,NRPS
SRR23851177.bin.2,Gemmatimonadota,NRPS
SRR23851177.bin.32,Pseudomonadota,RiPPs
SRR23851177.bin.32,Pseudomonadota,phosphonate
SRR23851177.bin.32,Pseudomonadota,Terpene
SRR23851177.bin.32,Pseudomonadota,Terpene
SRR23851177.bin.32,Pseudomonadota,NRPS
SRR23851177.bin.32,Pseudomonadota,PKSother
SRR23851177.bin.32,Pseudomonadota,Terpene
SRR23851177.bin.34,Actinomycetota,RiPPs
SRR23851177.bin.34,Actinomycetota,NRPS
SRR23851177.bin.34,Actinomycetota,Terpene
SRR23851177.bin.34,Actinomycetota,NRPS
SRR23851177.bin.34,Actinomycetota,PKSI
SRR23851177.bin.34,Actinomycetota,NRPS
SRR23851177.bin.34,Actinomycetota,RiPPs
SRR23851177.bin.34,Actinomycetota,RiPPs
SRR23851177.bin.34,Actinomycetota,NRPS
SRR23851177.bin.34,Actinomycetota,NRPS
SRR23851177.bin.34,Actinomycetota,NRPS
SRR23851177.bin.34,Actinomycetota,NRPS
SRR23851177.bin.34,Actinomycetota,NRPS
SRR23851177.bin.34,Actinomycetota,NRPS
SRR23851177.bin.34,Actinomycetota,PKSI
SRR23851177.bin.34,Actinomycetota,NRPS
SRR23851177.bin.34,Actinomycetota,NRPS
SRR23851177.bin.34,Actinomycetota,NRPS
SRR23851177.bin.34,Actinomycetota,NRPS
SRR23851177.bin.34,Actinomycetota,NRPS
SRR23851177.bin.38,Acidobacteriota,RiPPs
SRR23851177.bin.38,Acidobacteriota,arylpolyene
SRR23851177.bin.38,Acidobacteriota,NRPS
SRR23851177.bin.38,Acidobacteriota,Terpene
SRR23851177.bin.38,Acidobacteriota,PKSother
SRR23851177.bin.38,Acidobacteriota,NRPS
SRR23851177.bin.38,Acidobacteriota,arylpolyene
SRR23851177.bin.38,Acidobacteriota,NRPS
SRR23851178.bin.5,Actinomycetota,NRPS
SRR23851179.bin.14,Acidobacteriota,NRPS
SRR23851179.bin.14,Acidobacteriota,NRPS
SRR23851179.bin.14,Acidobacteriota,NRPS
SRR23851179.bin.14,Acidobacteriota,NRPS
SRR23851179.bin.14,Acidobacteriota,NRPS
SRR23851179.bin.14,Acidobacteriota,NRPS
SRR23851179.bin.14,Acidobacteriota,NRPS
SRR23851179.bin.14,Acidobacteriota,NRPS
SRR23851179.bin.14,Acidobacteriota,NRPS
SRR23851179.bin.14,Acidobacteriota,NRPS
SRR23851179.bin.14,Acidobacteriota,NRPS
SRR23851179.bin.14,Acidobacteriota,PKSI
SRR23851179.bin.14,Acidobacteriota,NRPS
SRR23851179.bin.14,Acidobacteriota,NRPS
SRR23851179.bin.14,Acidobacteriota,NRPS
SRR23851179.bin.14,Acidobacteriota,Others
SRR23851179.bin.14,Acidobacteriota,NRPS
SRR23851179.bin.14,Acidobacteriota,PKSI
SRR23851179.bin.14,Acidobacteriota,NRPS
SRR23851179.bin.14,Acidobacteriota,PKS-NRP_Hybrids
SRR23851179.bin.14,Acidobacteriota,NRPS
SRR23851179.bin.14,Acidobacteriota,NRPS
SRR23851179.bin.14,Acidobacteriota,PKS-NRP_Hybrids
SRR23851179.bin.14,Acidobacteriota,NRPS
SRR23851179.bin.14,Acidobacteriota,Terpene
SRR23851179.bin.14,Acidobacteriota,NRPS
SRR23851179.bin.14,Acidobacteriota,PKSI
SRR23851179.bin.14,Acidobacteriota,NRPS
SRR23851179.bin.14,Acidobacteriota,PKS-NRP_Hybrids
SRR23851179.bin.14,Acidobacteriota,NRPS
SRR23851179.bin.14,Acidobacteriota,PKSI
SRR23851179.bin.14,Acidobacteriota,NRPS
SRR23851179.bin.8,Pseudomonadota,NRPS
SRR23851179.bin.8,Pseudomonadota,PKSother
SRR23851179.bin.8,Pseudomonadota,RiPPs
SRR23851179.bin.8,Pseudomonadota,RiPPs
SRR23851181.bin.1,Bacteroidota,PKSother
SRR23851181.bin.11,Bacteroidota,PKSother
SRR23851182.bin.19,Pseudomonadota,Others
SRR23851183.bin.23,Myxococcota_A,PKSI
SRR23851183.bin.23,Myxococcota_A,arylpolyene
SRR23851183.bin.25,Bacteroidota,resorcinol
SRR23851183.bin.25,Bacteroidota,arylpolyene
SRR23851183.bin.25,Bacteroidota,PKSother
SRR23851183.bin.28,Acidobacteriota,RiPPs
SRR23851183.bin.28,Acidobacteriota,PKSother
SRR23851183.bin.28,Acidobacteriota,NRPS
SRR23851183.bin.28,Acidobacteriota,NRPS
SRR23851183.bin.28,Acidobacteriota,Terpene
SRR23851184.bin.7,Actinomycetota,PKSother
SRR23851184.bin.7,Actinomycetota,Terpene
SRR23851185.bin.10,Pseudomonadota,PKS-NRP_Hybrids
SRR23851185.bin.4,Pseudomonadota,arylpolyene
SRR23851185.bin.4,Pseudomonadota,RiPPs
SRR23851186.bin.1,Pseudomonadota,Terpene
SRR23851186.bin.1,Pseudomonadota,RiPPs
SRR23851186.bin.1,Pseudomonadota,PKSother
SRR23851186.bin.1,Pseudomonadota,NRPS
SRR23851186.bin.10,Acidobacteriota,NRPS
SRR23851186.bin.10,Acidobacteriota,PKSother
SRR23851186.bin.10,Acidobacteriota,NRPS
SRR23851186.bin.10,Acidobacteriota,NRPS
SRR23851186.bin.10,Acidobacteriota,NRPS
SRR23851186.bin.10,Acidobacteriota,RiPPs
SRR23851186.bin.10,Acidobacteriota,NRPS
SRR23851186.bin.10,Acidobacteriota,Others
SRR23851186.bin.10,Acidobacteriota,NRPS
SRR23851186.bin.10,Acidobacteriota,NRPS
SRR23851186.bin.10,Acidobacteriota,NRPS
SRR23851186.bin.10,Acidobacteriota,Terpene
SRR23851186.bin.10,Acidobacteriota,NRPS
SRR23851186.bin.10,Acidobacteriota,NRPS
SRR23851186.bin.10,Acidobacteriota,NRPS
SRR23851186.bin.10,Acidobacteriota,PKS-NRP_Hybrids
SRR23851186.bin.10,Acidobacteriota,NRPS
SRR23851186.bin.10,Acidobacteriota,NRPS
SRR23851186.bin.10,Acidobacteriota,NRPS
SRR23851186.bin.10,Acidobacteriota,NRPS
SRR23851186.bin.10,Acidobacteriota,NRPS
SRR23851186.bin.10,Acidobacteriota,NRPS
SRR23851186.bin.22,Actinomycetota,PKSother
SRR23851186.bin.3,Pseudomonadota,phosphonate
SRR23851186.bin.3,Pseudomonadota,NRPS
SRR23851186.bin.3,Pseudomonadota,Terpene
SRR23851186.bin.3,Pseudomonadota,Terpene
SRR23851186.bin.32,Gemmatimonadota,PKS-NRP_Hybrids
SRR23851186.bin.32,Gemmatimonadota,NRPS
SRR23851187.bin.14,Pseudomonadota,NRPS
SRR23851187.bin.14,Pseudomonadota,resorcinol
SRR23851187.bin.14,Pseudomonadota,arylpolyene
SRR23851187.bin.14,Pseudomonadota,arylpolyene
SRR23851188.bin.9,Chloroflexota,NRPS
SRR23851188.bin.9,Chloroflexota,NRPS
SRR23851188.bin.9,Chloroflexota,PKSother
SRR23851189.bin.14,Gemmatimonadota,Others
SRR23851189.bin.14,Gemmatimonadota,RiPPs
SRR23851189.bin.14,Gemmatimonadota,NRPS
SRR23851189.bin.14,Gemmatimonadota,NRPS
SRR23851189.bin.14,Gemmatimonadota,RiPPs
SRR23851189.bin.20,Chloroflexota,Terpene
SRR23851189.bin.20,Chloroflexota,Terpene
SRR23851189.bin.32,KSB1,NRPS
SRR23851189.bin.32,KSB1,PKSI
SRR23851189.bin.32,KSB1,RiPPs
SRR23851189.bin.32,KSB1,NRPS
SRR23851189.bin.32,KSB1,NRPS
SRR23851189.bin.32,KSB1,NRPS
SRR23851189.bin.32,KSB1,NRPS
SRR23851189.bin.32,KSB1,NRPS
SRR23851189.bin.32,KSB1,NRPS
SRR23851189.bin.36,Chloroflexota,PKSI
SRR23851189.bin.36,Chloroflexota,NRPS
SRR23851189.bin.36,Chloroflexota,PKSI
SRR23851189.bin.36,Chloroflexota,RiPPs
SRR23851189.bin.36,Chloroflexota,RiPPs
SRR23851189.bin.36,Chloroflexota,PKSI
SRR23851189.bin.36,Chloroflexota,PKSI
SRR23851189.bin.36,Chloroflexota,PKSI
SRR23851189.bin.36,Chloroflexota,PKSI
SRR23851189.bin.36,Chloroflexota,PKSI
SRR23851189.bin.36,Chloroflexota,PKSI
SRR23851189.bin.36,Chloroflexota,Terpene
SRR23851189.bin.46,Chloroflexota,PKSother
SRR23851189.bin.46,Chloroflexota,Terpene
SRR23851189.bin.62,Gemmatimonadota,PKSother
SRR23851189.bin.7,Calditrichota,PKSother
SRR23851190.bin.2,Pseudomonadota,NRPS
SRR23851190.bin.25,Pseudomonadota,Terpene
SRR23851190.bin.25,Pseudomonadota,NRPS
SRR23851190.bin.25,Pseudomonadota,NRPS
SRR23851190.bin.25,Pseudomonadota,Terpene
SRR23851190.bin.28,Bacteroidota,PKSother
SRR23851190.bin.29,Bacteroidota,PKSother
SRR23851190.bin.29,Bacteroidota,PKSother
SRR23851190.bin.31,Chloroflexota,NRPS
SRR23851190.bin.31,Chloroflexota,Terpene
SRR23851190.bin.31,Chloroflexota,NRPS
SRR23851190.bin.31,Chloroflexota,PKSother
SRR23851190.bin.31,Chloroflexota,NRPS
SRR23851190.bin.31,Chloroflexota,NRPS
SRR23851190.bin.31,Chloroflexota,NRPS
SRR23851190.bin.31,Chloroflexota,NRPS
SRR23851190.bin.39,Desulfobacterota,PKSother
SRR23851190.bin.39,Desulfobacterota,NRPS
SRR23851190.bin.39,Desulfobacterota,PKSother
SRR23851190.bin.39,Desulfobacterota,PKSother
SRR23851190.bin.40,Gemmatimonadota,PKSother
SRR23851190.bin.42,Bacteroidota,PKSother
SRR23851190.bin.47,Pseudomonadota,NRPS
SRR23851190.bin.47,Pseudomonadota,Terpene
SRR23851190.bin.47,Pseudomonadota,Terpene
SRR23851190.bin.47,Pseudomonadota,RiPPs
SRR23851190.bin.47,Pseudomonadota,phosphonate
SRR23851190.bin.50,Gemmatimonadota,PKSother
SRR23851190.bin.50,Gemmatimonadota,NRPS
SRR23851190.bin.52,Actinomycetota,NRPS
SRR23851190.bin.54,Bacteroidota,Terpene
SRR23851190.bin.54,Bacteroidota,PKSother
SRR23851190.bin.58,Pseudomonadota,Terpene
SRR23851190.bin.58,Pseudomonadota,PKSother
SRR23851190.bin.58,Pseudomonadota,RiPPs
SRR23851190.bin.58,Pseudomonadota,PKSother
SRR23851190.bin.58,Pseudomonadota,PKSother
SRR23851190.bin.58,Pseudomonadota,NRPS
SRR23851190.bin.58,Pseudomonadota,NRPS
SRR23851190.bin.59,Gemmatimonadota,PKSother
SRR23851190.bin.59,Gemmatimonadota,RiPPs
SRR23851190.bin.59,Gemmatimonadota,PKSother
SRR23851191.bin.14,Chloroflexota,Terpene
SRR23851191.bin.24,Pseudomonadota,RiPPs
SRR23851191.bin.24,Pseudomonadota,RiPPs
SRR23851191.bin.32,Chloroflexota,Terpene
SRR23851191.bin.32,Chloroflexota,Terpene
SRR23851192.bin.15,Actinomycetota,Terpene
SRR23851192.bin.15,Actinomycetota,NRPS
SRR23851192.bin.15,Actinomycetota,Terpene
SRR23851192.bin.15,Actinomycetota,Terpene
SRR23851192.bin.21,Pseudomonadota,NRPS
SRR23851192.bin.21,Pseudomonadota,Others
SRR23851192.bin.21,Pseudomonadota,RiPPs
SRR23851192.bin.26,Gemmatimonadota,NRPS
SRR23851193.bin.11,Pseudomonadota,RiPPs
SRR23851193.bin.11,Pseudomonadota,PKSother
SRR23851193.bin.11,Pseudomonadota,NRPS
SRR23851193.bin.18,Pseudomonadota,RiPPs
SRR23851193.bin.18,Pseudomonadota,PKS-NRP_Hybrids
SRR23851193.bin.18,Pseudomonadota,NRPS
SRR23851193.bin.18,Pseudomonadota,Others
SRR23851193.bin.3,Pseudomonadota,Terpene
SRR23851193.bin.33,Pseudomonadota,NRPS
SRR23851193.bin.33,Pseudomonadota,Terpene
SRR23851193.bin.33,Pseudomonadota,RiPPs
SRR23851193.bin.33,Pseudomonadota,RiPPs
SRR23851193.bin.35,Planctomycetota,Terpene
SRR23851193.bin.35,Planctomycetota,Terpene
SRR23851193.bin.35,Planctomycetota,NRPS
SRR23851193.bin.50,Bacteroidota,NRPS
SRR23851193.bin.50,Bacteroidota,NRPS
SRR23851193.bin.50,Bacteroidota,NRPS
SRR23851193.bin.50,Bacteroidota,NRPS
SRR23851193.bin.50,Bacteroidota,NRPS
SRR23851193.bin.50,Bacteroidota,PKSother
SRR23851193.bin.60,Acidobacteriota,PKSother
SRR23851193.bin.60,Acidobacteriota,PKS-NRP_Hybrids
SRR23851193.bin.60,Acidobacteriota,PKSI
SRR23851193.bin.60,Acidobacteriota,PKSI
SRR23851193.bin.60,Acidobacteriota,PKSI
SRR23851193.bin.60,Acidobacteriota,PKS-NRP_Hybrids
SRR23851193.bin.60,Acidobacteriota,NRPS
SRR23851193.bin.60,Acidobacteriota,PKSI
SRR23851193.bin.60,Acidobacteriota,NRPS
SRR23851193.bin.60,Acidobacteriota,NRPS
SRR23851193.bin.60,Acidobacteriota,NRPS
SRR23851193.bin.60,Acidobacteriota,PKSI
SRR23851193.bin.60,Acidobacteriota,NRPS
SRR23851193.bin.60,Acidobacteriota,NRPS
SRR23851193.bin.60,Acidobacteriota,Terpene
SRR23851193.bin.60,Acidobacteriota,NRPS
SRR23851193.bin.60,Acidobacteriota,NRPS
SRR23851193.bin.60,Acidobacteriota,NRPS
SRR23851193.bin.60,Acidobacteriota,PKS-NRP_Hybrids
SRR23851193.bin.60,Acidobacteriota,NRPS
SRR23851193.bin.60,Acidobacteriota,NRPS
SRR23851193.bin.60,Acidobacteriota,Others
SRR23851193.bin.60,Acidobacteriota,NRPS
SRR23851193.bin.60,Acidobacteriota,NRPS
SRR23851193.bin.60,Acidobacteriota,NRPS
SRR23851193.bin.60,Acidobacteriota,NRPS
SRR23851193.bin.60,Acidobacteriota,NRPS
SRR23851193.bin.60,Acidobacteriota,RiPPs
SRR23851193.bin.60,Acidobacteriota,NRPS
SRR23851193.bin.60,Acidobacteriota,NRPS
SRR23851193.bin.60,Acidobacteriota,NRPS
SRR23851193.bin.60,Acidobacteriota,NRPS
SRR23851194.bin.12,Bacteroidota,Terpene
SRR23851194.bin.12,Bacteroidota,PKSother
SRR23851194.bin.17,Chloroflexota,Terpene
SRR23851194.bin.17,Chloroflexota,NRPS
SRR23851194.bin.17,Chloroflexota,PKSI
SRR23851194.bin.17,Chloroflexota,NRPS
SRR23851194.bin.26,SAR324,NRPS
SRR23851194.bin.3,Gemmatimonadota,Terpene
SRR23851194.bin.38,Acidobacteriota,NRPS
SRR23851194.bin.38,Acidobacteriota,NRPS
SRR23851194.bin.38,Acidobacteriota,NRPS
SRR23851194.bin.38,Acidobacteriota,RiPPs
SRR23851194.bin.52,Desulfobacterota_D,PKSother
SRR23851194.bin.60,Chloroflexota,Terpene
SRR23851194.bin.67,Gemmatimonadota,NRPS
SRR23851194.bin.71,Planctomycetota,PKSother
SRR23851194.bin.71,Planctomycetota,phosphonate
SRR23851194.bin.71,Planctomycetota,Terpene
SRR23851194.bin.71,Planctomycetota,NRPS
SRR23851194.bin.71,Planctomycetota,NRPS
SRR23851194.bin.71,Planctomycetota,NRPS
SRR23851194.bin.71,Planctomycetota,Terpene
SRR23851194.bin.71,Planctomycetota,NRPS
SRR23851194.bin.71,Planctomycetota,Terpene
SRR23851194.bin.71,Planctomycetota,PKSI
SRR23851194.bin.71,Planctomycetota,NRPS
SRR23851195.bin.11,Nitrospirota,PKS-NRP_Hybrids
SRR23851195.bin.11,Nitrospirota,NRPS
SRR23851195.bin.11,Nitrospirota,Terpene
SRR23851195.bin.11,Nitrospirota,arylpolyene
SRR23851195.bin.11,Nitrospirota,RiPPs
SRR23851195.bin.11,Nitrospirota,Terpene
SRR23851195.bin.15,Acidobacteriota,NRPS
SRR23851195.bin.15,Acidobacteriota,NRPS
SRR23851195.bin.15,Acidobacteriota,NRPS
SRR23851195.bin.15,Acidobacteriota,NRPS
SRR23851195.bin.15,Acidobacteriota,NRPS
SRR23851195.bin.15,Acidobacteriota,NRPS
SRR23851195.bin.15,Acidobacteriota,NRPS
SRR23851195.bin.15,Acidobacteriota,PKS-NRP_Hybrids
SRR23851195.bin.15,Acidobacteriota,PKSI
SRR23851195.bin.15,Acidobacteriota,PKSI
SRR23851195.bin.15,Acidobacteriota,NRPS
SRR23851195.bin.15,Acidobacteriota,NRPS
SRR23851195.bin.15,Acidobacteriota,NRPS
SRR23851195.bin.15,Acidobacteriota,NRPS
SRR23851195.bin.15,Acidobacteriota,NRPS
SRR23851195.bin.15,Acidobacteriota,PKSI
SRR23851195.bin.15,Acidobacteriota,NRPS
SRR23851195.bin.15,Acidobacteriota,PKSother
SRR23851195.bin.15,Acidobacteriota,NRPS
SRR23851195.bin.15,Acidobacteriota,NRPS
SRR23851195.bin.15,Acidobacteriota,PKSI
SRR23851195.bin.15,Acidobacteriota,NRPS
SRR23851195.bin.15,Acidobacteriota,PKS-NRP_Hybrids
SRR23851195.bin.15,Acidobacteriota,NRPS
SRR23851195.bin.15,Acidobacteriota,NRPS
SRR23851195.bin.15,Acidobacteriota,NRPS
SRR23851195.bin.15,Acidobacteriota,NRPS
SRR23851195.bin.15,Acidobacteriota,PKS-NRP_Hybrids
SRR23851195.bin.15,Acidobacteriota,PKSI
SRR23851195.bin.15,Acidobacteriota,NRPS
SRR23851195.bin.15,Acidobacteriota,Terpene
SRR23851195.bin.15,Acidobacteriota,Terpene
SRR23851195.bin.15,Acidobacteriota,Others
SRR23851195.bin.15,Acidobacteriota,NRPS
SRR23851195.bin.15,Acidobacteriota,NRPS
SRR23851195.bin.15,Acidobacteriota,PKS-NRP_Hybrids
SRR23851195.bin.15,Acidobacteriota,PKS-NRP_Hybrids
SRR23851195.bin.15,Acidobacteriota,NRPS
SRR23851195.bin.15,Acidobacteriota,NRPS
SRR23851195.bin.15,Acidobacteriota,PKS-NRP_Hybrids
SRR23851195.bin.15,Acidobacteriota,PKS-NRP_Hybrids
SRR23851195.bin.15,Acidobacteriota,NRPS
SRR23851195.bin.15,Acidobacteriota,PKS-NRP_Hybrids
SRR23851195.bin.15,Acidobacteriota,NRPS
SRR23851195.bin.15,Acidobacteriota,NRPS
SRR23851195.bin.15,Acidobacteriota,NRPS
SRR23851195.bin.15,Acidobacteriota,NRPS
SRR23851195.bin.15,Acidobacteriota,NRPS
SRR23851195.bin.15,Acidobacteriota,NRPS
SRR23851195.bin.15,Acidobacteriota,NRPS
SRR23851195.bin.15,Acidobacteriota,NRPS
SRR23851195.bin.15,Acidobacteriota,NRPS
SRR23851195.bin.15,Acidobacteriota,NRPS
SRR23851195.bin.15,Acidobacteriota,PKS-NRP_Hybrids
SRR23851195.bin.15,Acidobacteriota,NRPS
SRR23851195.bin.15,Acidobacteriota,NRPS
SRR23851195.bin.15,Acidobacteriota,NRPS
SRR23851195.bin.15,Acidobacteriota,PKSI
SRR23851195.bin.15,Acidobacteriota,NRPS
SRR23851195.bin.15,Acidobacteriota,NRPS
SRR23851195.bin.15,Acidobacteriota,PKSI
SRR23851195.bin.15,Acidobacteriota,NRPS
SRR23851195.bin.15,Acidobacteriota,NRPS
SRR23851195.bin.15,Acidobacteriota,Terpene
SRR23851195.bin.15,Acidobacteriota,RiPPs
SRR23851195.bin.15,Acidobacteriota,NRPS
SRR23851195.bin.15,Acidobacteriota,NRPS
SRR23851195.bin.15,Acidobacteriota,NRPS
SRR23851195.bin.15,Acidobacteriota,NRPS
SRR23851195.bin.15,Acidobacteriota,PKSI
SRR23851195.bin.15,Acidobacteriota,PKS-NRP_Hybrids
SRR23851195.bin.15,Acidobacteriota,NRPS
SRR23851195.bin.15,Acidobacteriota,NRPS
SRR23851195.bin.15,Acidobacteriota,NRPS
SRR23851195.bin.15,Acidobacteriota,NRPS
SRR23851195.bin.15,Acidobacteriota,NRPS
SRR23851195.bin.15,Acidobacteriota,NRPS
SRR23851195.bin.15,Acidobacteriota,NRPS
SRR23851195.bin.15,Acidobacteriota,PKS-NRP_Hybrids
SRR23851195.bin.15,Acidobacteriota,NRPS
SRR23851195.bin.15,Acidobacteriota,RiPPs
SRR23851195.bin.15,Acidobacteriota,PKS-NRP_Hybrids
SRR23851195.bin.15,Acidobacteriota,NRPS
SRR23851195.bin.15,Acidobacteriota,PKS-NRP_Hybrids
SRR23851195.bin.15,Acidobacteriota,RiPPs
SRR23851195.bin.15,Acidobacteriota,PKS-NRP_Hybrids
SRR23851195.bin.15,Acidobacteriota,PKS-NRP_Hybrids
SRR23851195.bin.15,Acidobacteriota,PKSI
SRR23851195.bin.15,Acidobacteriota,PKSI
SRR23851195.bin.15,Acidobacteriota,PKS-NRP_Hybrids
SRR23851195.bin.15,Acidobacteriota,NRPS
SRR23851195.bin.15,Acidobacteriota,NRPS
SRR23851195.bin.15,Acidobacteriota,PKSI
SRR23851195.bin.15,Acidobacteriota,NRPS
SRR23851195.bin.15,Acidobacteriota,NRPS
SRR23851195.bin.15,Acidobacteriota,PKS-NRP_Hybrids
SRR23851195.bin.15,Acidobacteriota,PKS-NRP_Hybrids
SRR23851195.bin.15,Acidobacteriota,NRPS
SRR23851195.bin.15,Acidobacteriota,PKS-NRP_Hybrids
SRR23851195.bin.15,Acidobacteriota,NRPS
SRR23851195.bin.15,Acidobacteriota,PKS-NRP_Hybrids
SRR23851195.bin.15,Acidobacteriota,NRPS
SRR23851195.bin.15,Acidobacteriota,PKS-NRP_Hybrids
SRR23851195.bin.15,Acidobacteriota,PKS-NRP_Hybrids
SRR23851195.bin.15,Acidobacteriota,NRPS
SRR23851195.bin.15,Acidobacteriota,PKS-NRP_Hybrids
SRR23851195.bin.15,Acidobacteriota,PKS-NRP_Hybrids
SRR23851195.bin.15,Acidobacteriota,PKSI
SRR23851195.bin.15,Acidobacteriota,NRPS
SRR23851195.bin.15,Acidobacteriota,PKS-NRP_Hybrids
SRR23851195.bin.15,Acidobacteriota,NRPS
SRR23851195.bin.15,Acidobacteriota,NRPS
SRR23851195.bin.15,Acidobacteriota,NRPS
SRR23851195.bin.15,Acidobacteriota,PKSother
SRR23851195.bin.15,Acidobacteriota,NRPS
SRR23851195.bin.15,Acidobacteriota,NRPS
SRR23851195.bin.15,Acidobacteriota,PKS-NRP_Hybrids
SRR23851195.bin.15,Acidobacteriota,PKS-NRP_Hybrids
SRR23851195.bin.15,Acidobacteriota,NRPS
SRR23851195.bin.15,Acidobacteriota,NRPS
SRR23851195.bin.15,Acidobacteriota,NRPS
SRR23851195.bin.15,Acidobacteriota,NRPS
SRR23851195.bin.15,Acidobacteriota,NRPS
SRR23851195.bin.15,Acidobacteriota,NRPS
SRR23851195.bin.15,Acidobacteriota,NRPS
SRR23851195.bin.16,Desulfobacterota_B,NRPS
SRR23851195.bin.16,Desulfobacterota_B,NRPS
SRR23851195.bin.16,Desulfobacterota_B,NRPS
SRR23851195.bin.16,Desulfobacterota_B,NRPS
SRR23851195.bin.16,Desulfobacterota_B,NRPS
SRR23851195.bin.16,Desulfobacterota_B,NRPS
SRR23851195.bin.16,Desulfobacterota_B,phosphonate
SRR23851195.bin.23,Planctomycetota,NRPS
SRR23851195.bin.23,Planctomycetota,Terpene
SRR23851195.bin.23,Planctomycetota,PKSother
SRR23851195.bin.23,Planctomycetota,NRPS
SRR23851195.bin.23,Planctomycetota,Terpene
SRR23851195.bin.23,Planctomycetota,NRPS
SRR23851195.bin.30,Myxococcota_A,PKSI
SRR23851195.bin.30,Myxococcota_A,arylpolyene
SRR23851195.bin.30,Myxococcota_A,arylpolyene
SRR23851195.bin.30,Myxococcota_A,NRPS
SRR23851195.bin.30,Myxococcota_A,PKSI
SRR23851195.bin.44,Pseudomonadota,PKSother
SRR23851195.bin.44,Pseudomonadota,NRPS
SRR23851195.bin.44,Pseudomonadota,Terpene
SRR23851195.bin.44,Pseudomonadota,NRPS
SRR23851195.bin.55,Pseudomonadota,NRPS
SRR23851195.bin.55,Pseudomonadota,Others
SRR23851195.bin.55,Pseudomonadota,Others
SRR23851195.bin.55,Pseudomonadota,NRPS
SRR23851195.bin.57,Bacteroidota,PKSother
SRR23851195.bin.58,Methylomirabilota,Terpene
SRR23851195.bin.58,Methylomirabilota,Terpene
SRR23851195.bin.59,Pseudomonadota,Terpene
SRR23851195.bin.59,Pseudomonadota,phosphonate
SRR23851195.bin.59,Pseudomonadota,NRPS
SRR23851195.bin.59,Pseudomonadota,arylpolyene
SRR23851195.bin.59,Pseudomonadota,PKSother
SRR23851195.bin.59,Pseudomonadota,NRPS
SRR23851195.bin.59,Pseudomonadota,NRPS
SRR23851195.bin.7,Pseudomonadota,NRPS
SRR23851195.bin.7,Pseudomonadota,PKSI
SRR23851195.bin.7,Pseudomonadota,NRPS
SRR23851195.bin.7,Pseudomonadota,arylpolyene
SRR23851195.bin.7,Pseudomonadota,PKSI
SRR23851195.bin.7,Pseudomonadota,NRPS
SRR23851195.bin.7,Pseudomonadota,PKSI
SRR23851195.bin.7,Pseudomonadota,PKSI
SRR23851196.bin.29,Bacteroidota,PKSother
SRR23851196.bin.8,Pseudomonadota,NRPS
SRR23851196.bin.8,Pseudomonadota,arylpolyene
SRR23851196.bin.8,Pseudomonadota,PKSother
SRR23851196.bin.8,Pseudomonadota,RiPPs
SRR23851197.bin.22,Acidobacteriota,NRPS
SRR23851197.bin.22,Acidobacteriota,NRPS
SRR23851197.bin.22,Acidobacteriota,PKSI
SRR23851197.bin.22,Acidobacteriota,NRPS
SRR23851197.bin.22,Acidobacteriota,PKSother
SRR23851197.bin.22,Acidobacteriota,NRPS
SRR23851197.bin.22,Acidobacteriota,NRPS
SRR23851197.bin.22,Acidobacteriota,NRPS
SRR23851197.bin.22,Acidobacteriota,PKSI
SRR23851197.bin.22,Acidobacteriota,NRPS
SRR23851197.bin.22,Acidobacteriota,NRPS
SRR23851197.bin.22,Acidobacteriota,NRPS
SRR23851197.bin.22,Acidobacteriota,NRPS
SRR23851197.bin.22,Acidobacteriota,PKSI
SRR23851197.bin.22,Acidobacteriota,RiPPs
SRR23851197.bin.22,Acidobacteriota,PKSI
SRR23851197.bin.22,Acidobacteriota,NRPS
SRR23851197.bin.22,Acidobacteriota,NRPS
SRR23851197.bin.22,Acidobacteriota,PKSI
SRR23851197.bin.22,Acidobacteriota,NRPS
SRR23851197.bin.22,Acidobacteriota,NRPS
SRR23851197.bin.22,Acidobacteriota,NRPS
SRR23851197.bin.22,Acidobacteriota,NRPS
SRR23851197.bin.22,Acidobacteriota,PKSother
SRR23851197.bin.25,Chloroflexota,PKS-NRP_Hybrids
SRR23851198.bin.15,Actinomycetota,Terpene
SRR23851198.bin.15,Actinomycetota,RiPPs
SRR23851198.bin.15,Actinomycetota,Others
SRR23851198.bin.15,Actinomycetota,Others
SRR23851198.bin.15,Actinomycetota,Others
SRR23851198.bin.15,Actinomycetota,Others
SRR23851198.bin.15,Actinomycetota,PKSI
SRR23851198.bin.15,Actinomycetota,Terpene
SRR23851198.bin.15,Actinomycetota,PKSother
SRR23851198.bin.15,Actinomycetota,Others
SRR23851198.bin.15,Actinomycetota,NRPS
SRR23851198.bin.15,Actinomycetota,NRPS
SRR23851198.bin.15,Actinomycetota,NRPS
SRR23851198.bin.15,Actinomycetota,NRPS
SRR23851198.bin.15,Actinomycetota,NRPS
SRR23851198.bin.15,Actinomycetota,PKSI
SRR23851198.bin.15,Actinomycetota,PKSI
SRR23851198.bin.15,Actinomycetota,PKSI
SRR23851198.bin.15,Actinomycetota,PKSI
SRR23851198.bin.15,Actinomycetota,NRPS
SRR23851198.bin.15,Actinomycetota,Terpene
SRR23851198.bin.2,Acidobacteriota,NRPS
SRR23851198.bin.2,Acidobacteriota,NRPS
SRR23851198.bin.2,Acidobacteriota,NRPS
SRR23851198.bin.2,Acidobacteriota,NRPS
SRR23851198.bin.2,Acidobacteriota,NRPS
SRR23851198.bin.2,Acidobacteriota,NRPS
SRR23851198.bin.2,Acidobacteriota,NRPS
SRR23851198.bin.2,Acidobacteriota,NRPS
SRR23851198.bin.2,Acidobacteriota,NRPS
SRR23851198.bin.2,Acidobacteriota,NRPS
SRR23851198.bin.2,Acidobacteriota,NRPS
SRR23851198.bin.2,Acidobacteriota,NRPS
SRR23851198.bin.2,Acidobacteriota,NRPS
SRR23851198.bin.2,Acidobacteriota,RiPPs
SRR23851198.bin.2,Acidobacteriota,NRPS
SRR23851198.bin.2,Acidobacteriota,PKS-NRP_Hybrids
SRR23851198.bin.2,Acidobacteriota,NRPS
SRR23851198.bin.2,Acidobacteriota,NRPS
SRR23851198.bin.2,Acidobacteriota,NRPS
SRR23851198.bin.2,Acidobacteriota,NRPS
SRR23851198.bin.2,Acidobacteriota,NRPS
SRR23851198.bin.2,Acidobacteriota,NRPS
SRR23851198.bin.2,Acidobacteriota,PKSI
SRR23851198.bin.2,Acidobacteriota,Others
SRR23851198.bin.2,Acidobacteriota,NRPS
SRR23851198.bin.2,Acidobacteriota,NRPS
SRR23851198.bin.2,Acidobacteriota,NRPS
SRR23851198.bin.2,Acidobacteriota,NRPS
SRR23851198.bin.2,Acidobacteriota,PKS-NRP_Hybrids
SRR23851198.bin.2,Acidobacteriota,PKS-NRP_Hybrids
SRR23851198.bin.2,Acidobacteriota,NRPS
SRR23851198.bin.2,Acidobacteriota,NRPS
SRR23851198.bin.2,Acidobacteriota,Terpene
SRR23851198.bin.2,Acidobacteriota,NRPS
SRR23851198.bin.2,Acidobacteriota,PKS-NRP_Hybrids
SRR23851198.bin.2,Acidobacteriota,NRPS
SRR23851198.bin.2,Acidobacteriota,PKSI
SRR23851198.bin.2,Acidobacteriota,PKSother
SRR23851198.bin.2,Acidobacteriota,NRPS
SRR23851198.bin.2,Acidobacteriota,PKSI
SRR23851198.bin.2,Acidobacteriota,NRPS
SRR23851198.bin.2,Acidobacteriota,NRPS
SRR23851198.bin.2,Acidobacteriota,NRPS
SRR23851198.bin.2,Acidobacteriota,NRPS
SRR23851198.bin.2,Acidobacteriota,NRPS
SRR23851198.bin.2,Acidobacteriota,NRPS
SRR23851198.bin.2,Acidobacteriota,NRPS
SRR23851198.bin.21,Acidobacteriota,NRPS
SRR23851198.bin.21,Acidobacteriota,RiPPs
SRR23851198.bin.21,Acidobacteriota,NRPS
SRR23851198.bin.21,Acidobacteriota,PKSother
SRR23851198.bin.21,Acidobacteriota,PKSI
SRR23851198.bin.21,Acidobacteriota,arylpolyene
SRR23851198.bin.21,Acidobacteriota,RiPPs
SRR23851198.bin.21,Acidobacteriota,NRPS
SRR23851198.bin.21,Acidobacteriota,RiPPs
SRR23851198.bin.21,Acidobacteriota,NRPS
SRR23851198.bin.21,Acidobacteriota,PKSI
SRR23851198.bin.21,Acidobacteriota,NRPS
SRR23851198.bin.25,Acidobacteriota,PKS-NRP_Hybrids
SRR23851198.bin.25,Acidobacteriota,NRPS
SRR23851198.bin.25,Acidobacteriota,NRPS
SRR23851198.bin.25,Acidobacteriota,NRPS
SRR23851198.bin.25,Acidobacteriota,NRPS
SRR23851198.bin.25,Acidobacteriota,PKS-NRP_Hybrids
SRR23851198.bin.25,Acidobacteriota,NRPS
SRR23851198.bin.25,Acidobacteriota,NRPS
SRR23851198.bin.25,Acidobacteriota,NRPS
SRR23851198.bin.25,Acidobacteriota,NRPS
SRR23851198.bin.25,Acidobacteriota,NRPS
SRR23851198.bin.25,Acidobacteriota,NRPS
SRR23851198.bin.25,Acidobacteriota,NRPS
SRR23851198.bin.25,Acidobacteriota,NRPS
SRR23851198.bin.25,Acidobacteriota,PKSother
SRR23851198.bin.25,Acidobacteriota,PKSI
SRR23851198.bin.25,Acidobacteriota,NRPS
SRR23851198.bin.25,Acidobacteriota,NRPS
SRR23851198.bin.25,Acidobacteriota,NRPS
SRR23851198.bin.25,Acidobacteriota,NRPS
SRR23851198.bin.25,Acidobacteriota,NRPS
SRR23851198.bin.25,Acidobacteriota,NRPS
SRR23851198.bin.25,Acidobacteriota,NRPS
SRR23851198.bin.25,Acidobacteriota,PKS-NRP_Hybrids
SRR23851198.bin.25,Acidobacteriota,PKSI
SRR23851198.bin.25,Acidobacteriota,NRPS
SRR23851198.bin.25,Acidobacteriota,NRPS
SRR23851198.bin.25,Acidobacteriota,NRPS
SRR23851198.bin.25,Acidobacteriota,NRPS
SRR23851198.bin.25,Acidobacteriota,NRPS
SRR23851198.bin.25,Acidobacteriota,NRPS
SRR23851198.bin.25,Acidobacteriota,NRPS
SRR23851198.bin.25,Acidobacteriota,Terpene
SRR23851198.bin.25,Acidobacteriota,NRPS
SRR23851198.bin.25,Acidobacteriota,NRPS
SRR23851198.bin.25,Acidobacteriota,NRPS
SRR23851198.bin.25,Acidobacteriota,NRPS
SRR23851198.bin.25,Acidobacteriota,NRPS
SRR23851198.bin.25,Acidobacteriota,NRPS
SRR23851198.bin.25,Acidobacteriota,NRPS
SRR23851198.bin.25,Acidobacteriota,NRPS
SRR23851198.bin.25,Acidobacteriota,NRPS
SRR23851198.bin.25,Acidobacteriota,NRPS
SRR23851198.bin.25,Acidobacteriota,NRPS
SRR23851198.bin.25,Acidobacteriota,NRPS
SRR23851198.bin.25,Acidobacteriota,PKS-NRP_Hybrids
SRR23851198.bin.25,Acidobacteriota,NRPS
SRR23851198.bin.25,Acidobacteriota,NRPS
SRR23851198.bin.25,Acidobacteriota,NRPS
SRR23851198.bin.25,Acidobacteriota,NRPS
SRR23851198.bin.25,Acidobacteriota,NRPS
SRR23851198.bin.25,Acidobacteriota,NRPS
SRR23851198.bin.25,Acidobacteriota,RiPPs
SRR23851198.bin.25,Acidobacteriota,NRPS
SRR23851198.bin.25,Acidobacteriota,PKS-NRP_Hybrids
SRR23851198.bin.26,Gemmatimonadota,Terpene
SRR23851198.bin.28,Pseudomonadota,arylpolyene
SRR23851198.bin.28,Pseudomonadota,arylpolyene
SRR23851198.bin.28,Pseudomonadota,RiPPs
SRR23851198.bin.28,Pseudomonadota,Others
SRR23851198.bin.29,Actinomycetota,NRPS
SRR23851198.bin.29,Actinomycetota,NRPS
SRR23851198.bin.29,Actinomycetota,RiPPs
SRR23851198.bin.29,Actinomycetota,RiPPs
SRR23851198.bin.29,Actinomycetota,RiPPs
SRR23851198.bin.29,Actinomycetota,NRPS
SRR23851198.bin.29,Actinomycetota,arylpolyene
SRR23851198.bin.29,Actinomycetota,RiPPs
SRR23851198.bin.29,Actinomycetota,PKSother
SRR23851198.bin.29,Actinomycetota,NRPS
SRR23851198.bin.29,Actinomycetota,NRPS
SRR23851198.bin.29,Actinomycetota,RiPPs
SRR23851198.bin.29,Actinomycetota,RiPPs
SRR23851198.bin.29,Actinomycetota,Terpene
SRR23851198.bin.29,Actinomycetota,RiPPs
SRR23851198.bin.29,Actinomycetota,Others
SRR23851198.bin.29,Actinomycetota,PKSother
SRR23851198.bin.29,Actinomycetota,NRPS
SRR23851198.bin.29,Actinomycetota,PKSother
SRR23851198.bin.29,Actinomycetota,RiPPs
SRR23851198.bin.7,Acidobacteriota,NRPS
SRR23851198.bin.7,Acidobacteriota,NRPS
SRR23851198.bin.7,Acidobacteriota,PKSI
SRR23851198.bin.7,Acidobacteriota,NRPS
SRR23851198.bin.7,Acidobacteriota,NRPS
SRR23851198.bin.7,Acidobacteriota,NRPS
SRR23851198.bin.7,Acidobacteriota,NRPS
SRR23851198.bin.7,Acidobacteriota,NRPS
SRR23851198.bin.7,Acidobacteriota,NRPS
SRR23851198.bin.7,Acidobacteriota,NRPS
SRR23851198.bin.7,Acidobacteriota,RiPPs
SRR23851198.bin.7,Acidobacteriota,NRPS
SRR23851198.bin.7,Acidobacteriota,PKS-NRP_Hybrids
SRR23851198.bin.7,Acidobacteriota,NRPS
SRR23851198.bin.7,Acidobacteriota,NRPS
SRR23851198.bin.7,Acidobacteriota,NRPS
SRR23851198.bin.7,Acidobacteriota,PKS-NRP_Hybrids
SRR23851198.bin.7,Acidobacteriota,NRPS
SRR23851198.bin.7,Acidobacteriota,NRPS
SRR23851198.bin.7,Acidobacteriota,PKS-NRP_Hybrids
SRR23851198.bin.7,Acidobacteriota,PKS-NRP_Hybrids
SRR23851198.bin.7,Acidobacteriota,NRPS
SRR23851198.bin.7,Acidobacteriota,NRPS
SRR23851198.bin.7,Acidobacteriota,NRPS
SRR23851198.bin.7,Acidobacteriota,NRPS
SRR23851198.bin.7,Acidobacteriota,NRPS
SRR23851198.bin.7,Acidobacteriota,NRPS
SRR23851198.bin.7,Acidobacteriota,NRPS
SRR23851198.bin.7,Acidobacteriota,NRPS
SRR23851198.bin.7,Acidobacteriota,PKS-NRP_Hybrids
SRR23851198.bin.7,Acidobacteriota,NRPS
SRR23851198.bin.7,Acidobacteriota,NRPS
SRR23851198.bin.7,Acidobacteriota,NRPS
SRR23851198.bin.7,Acidobacteriota,NRPS
SRR23851198.bin.7,Acidobacteriota,NRPS
SRR23851198.bin.7,Acidobacteriota,NRPS
SRR23851198.bin.7,Acidobacteriota,NRPS
SRR23851198.bin.7,Acidobacteriota,PKSI
SRR23851198.bin.7,Acidobacteriota,NRPS
SRR23851198.bin.7,Acidobacteriota,PKS-NRP_Hybrids
SRR23851198.bin.7,Acidobacteriota,PKS-NRP_Hybrids
SRR23851198.bin.7,Acidobacteriota,NRPS
SRR23851198.bin.7,Acidobacteriota,NRPS
SRR23851198.bin.7,Acidobacteriota,RiPPs
SRR23851198.bin.7,Acidobacteriota,RiPPs
SRR23851198.bin.7,Acidobacteriota,NRPS
SRR23851198.bin.7,Acidobacteriota,NRPS
SRR23851198.bin.7,Acidobacteriota,NRPS
SRR23851198.bin.7,Acidobacteriota,NRPS
SRR23851198.bin.7,Acidobacteriota,NRPS
SRR23851198.bin.7,Acidobacteriota,NRPS
SRR23851198.bin.7,Acidobacteriota,PKSI
SRR23851198.bin.7,Acidobacteriota,PKS-NRP_Hybrids
SRR23851198.bin.7,Acidobacteriota,NRPS
SRR23851198.bin.7,Acidobacteriota,NRPS
SRR23851198.bin.7,Acidobacteriota,NRPS
SRR23851198.bin.7,Acidobacteriota,PKSother
SRR23851198.bin.7,Acidobacteriota,NRPS
SRR23851198.bin.7,Acidobacteriota,NRPS
SRR23851198.bin.7,Acidobacteriota,NRPS
SRR23851198.bin.7,Acidobacteriota,NRPS
SRR23851198.bin.7,Acidobacteriota,NRPS
SRR23851198.bin.7,Acidobacteriota,NRPS
SRR23851198.bin.7,Acidobacteriota,PKSI
SRR23851198.bin.7,Acidobacteriota,PKS-NRP_Hybrids
SRR23851198.bin.7,Acidobacteriota,NRPS
SRR23851198.bin.7,Acidobacteriota,NRPS
SRR23851198.bin.7,Acidobacteriota,NRPS
SRR23851198.bin.7,Acidobacteriota,NRPS
SRR23851198.bin.7,Acidobacteriota,NRPS
SRR23851198.bin.7,Acidobacteriota,NRPS
SRR23851198.bin.7,Acidobacteriota,NRPS
SRR23851198.bin.7,Acidobacteriota,NRPS
SRR23851198.bin.7,Acidobacteriota,NRPS
SRR23851198.bin.7,Acidobacteriota,NRPS
SRR23851198.bin.7,Acidobacteriota,NRPS
SRR23851198.bin.7,Acidobacteriota,NRPS
SRR23851198.bin.7,Acidobacteriota,NRPS
SRR23851198.bin.7,Acidobacteriota,PKSI
SRR23851198.bin.7,Acidobacteriota,NRPS
SRR23851198.bin.7,Acidobacteriota,NRPS
SRR23851198.bin.7,Acidobacteriota,PKSI
SRR23851198.bin.7,Acidobacteriota,PKSI
SRR23851198.bin.7,Acidobacteriota,PKSI
SRR23851198.bin.7,Acidobacteriota,NRPS
SRR23851198.bin.7,Acidobacteriota,NRPS
SRR23851198.bin.7,Acidobacteriota,NRPS
SRR23851198.bin.7,Acidobacteriota,NRPS
SRR23851198.bin.7,Acidobacteriota,NRPS
SRR23851198.bin.7,Acidobacteriota,NRPS
SRR23851198.bin.7,Acidobacteriota,NRPS
SRR23851198.bin.7,Acidobacteriota,PKS-NRP_Hybrids
SRR23851198.bin.7,Acidobacteriota,NRPS
SRR23851198.bin.7,Acidobacteriota,NRPS
SRR23851198.bin.7,Acidobacteriota,NRPS
SRR23851198.bin.7,Acidobacteriota,NRPS
SRR23851198.bin.7,Acidobacteriota,RiPPs
SRR23851198.bin.7,Acidobacteriota,NRPS
SRR23851198.bin.7,Acidobacteriota,NRPS
SRR23851198.bin.7,Acidobacteriota,NRPS
SRR23851198.bin.7,Acidobacteriota,NRPS
SRR23851198.bin.7,Acidobacteriota,PKSI
SRR23851198.bin.7,Acidobacteriota,PKS-NRP_Hybrids
SRR23851198.bin.7,Acidobacteriota,NRPS
SRR23851198.bin.7,Acidobacteriota,NRPS
SRR23851198.bin.7,Acidobacteriota,NRPS
SRR23851198.bin.7,Acidobacteriota,NRPS
SRR23851198.bin.7,Acidobacteriota,Terpene
SRR23851198.bin.7,Acidobacteriota,PKSI
SRR23851198.bin.7,Acidobacteriota,PKSI
SRR23851198.bin.7,Acidobacteriota,NRPS
SRR23851198.bin.7,Acidobacteriota,PKSI
SRR23851198.bin.7,Acidobacteriota,PKSI
SRR23851198.bin.7,Acidobacteriota,NRPS
SRR23851198.bin.7,Acidobacteriota,NRPS
SRR23851198.bin.7,Acidobacteriota,PKS-NRP_Hybrids
SRR23851198.bin.7,Acidobacteriota,NRPS
SRR23851198.bin.7,Acidobacteriota,NRPS
SRR23851198.bin.7,Acidobacteriota,PKSI
SRR23851198.bin.7,Acidobacteriota,NRPS
SRR23851198.bin.7,Acidobacteriota,PKSI
SRR23851198.bin.7,Acidobacteriota,RiPPs
SRR23851198.bin.7,Acidobacteriota,RiPPs
SRR23851198.bin.7,Acidobacteriota,PKSI
SRR23851198.bin.7,Acidobacteriota,NRPS
SRR23851198.bin.7,Acidobacteriota,NRPS
SRR23851198.bin.7,Acidobacteriota,NRPS
SRR23851198.bin.7,Acidobacteriota,PKSI
SRR23851198.bin.7,Acidobacteriota,NRPS
SRR23851198.bin.7,Acidobacteriota,PKS-NRP_Hybrids
SRR23851198.bin.7,Acidobacteriota,NRPS
SRR23851198.bin.7,Acidobacteriota,PKSI
SRR23851198.bin.7,Acidobacteriota,PKSI
SRR23851198.bin.7,Acidobacteriota,Others
SRR23851198.bin.7,Acidobacteriota,NRPS
SRR23851198.bin.7,Acidobacteriota,NRPS
SRR23851198.bin.7,Acidobacteriota,NRPS
SRR23851198.bin.7,Acidobacteriota,NRPS
SRR23851198.bin.7,Acidobacteriota,PKSother
SRR23851198.bin.7,Acidobacteriota,NRPS
SRR23851198.bin.7,Acidobacteriota,NRPS
SRR23851198.bin.7,Acidobacteriota,NRPS
SRR23851198.bin.7,Acidobacteriota,PKS-NRP_Hybrids
SRR23851198.bin.7,Acidobacteriota,NRPS
SRR23851198.bin.7,Acidobacteriota,NRPS
SRR23851198.bin.7,Acidobacteriota,NRPS
SRR23851198.bin.7,Acidobacteriota,NRPS
SRR23851198.bin.7,Acidobacteriota,Others
SRR23851198.bin.7,Acidobacteriota,Others
SRR23851198.bin.7,Acidobacteriota,NRPS
SRR23851198.bin.7,Acidobacteriota,NRPS
SRR23851198.bin.7,Acidobacteriota,PKSI
SRR23851198.bin.7,Acidobacteriota,NRPS
SRR23851198.bin.7,Acidobacteriota,PKS-NRP_Hybrids
SRR23851198.bin.7,Acidobacteriota,NRPS
SRR23851198.bin.7,Acidobacteriota,PKSother
SRR23851198.bin.7,Acidobacteriota,PKS-NRP_Hybrids
SRR23851199.bin.11,Chloroflexota,NRPS
SRR23851199.bin.30,Myxococcota,PKSother
SRR23851199.bin.30,Myxococcota,PKSI
SRR23851199.bin.30,Myxococcota,Others
SRR23851199.bin.30,Myxococcota,Terpene
SRR23851199.bin.30,Myxococcota,NRPS
SRR23851199.bin.30,Myxococcota,Others
SRR23851199.bin.30,Myxococcota,PKSother
SRR23851199.bin.30,Myxococcota,arylpolyene
SRR23851199.bin.30,Myxococcota,NRPS
SRR23851199.bin.30,Myxococcota,arylpolyene
SRR23851200.bin.39,Gemmatimonadota,Terpene
SRR23851201.bin.14,Desulfobacterota,arylpolyene
SRR23851201.bin.14,Desulfobacterota,arylpolyene
SRR23851201.bin.14,Desulfobacterota,resorcinol
SRR23851201.bin.14,Desulfobacterota,NRPS
SRR23851201.bin.14,Desulfobacterota,RiPPs
SRR23851201.bin.14,Desulfobacterota,NRPS
SRR23851201.bin.41,Pseudomonadota,RiPPs
SRR23851201.bin.41,Pseudomonadota,Others
SRR23851201.bin.41,Pseudomonadota,NRPS
SRR23851201.bin.41,Pseudomonadota,RiPPs
SRR23851201.bin.41,Pseudomonadota,PKSI
SRR23851202.bin.10,Pseudomonadota,phosphonate
SRR23851203.bin.19,Actinomycetota,NRPS
SRR23851203.bin.19,Actinomycetota,NRPS
SRR23851203.bin.19,Actinomycetota,RiPPs
SRR23851203.bin.19,Actinomycetota,Terpene
SRR23851205.bin.16,Myxococcota,NRPS
SRR23851205.bin.16,Myxococcota,arylpolyene
SRR23851205.bin.16,Myxococcota,PKSI
SRR23851205.bin.16,Myxococcota,NRPS
SRR23851205.bin.16,Myxococcota,NRPS
SRR23851205.bin.16,Myxococcota,PKSI
SRR23851205.bin.16,Myxococcota,RiPPs
SRR23851205.bin.16,Myxococcota,NRPS
SRR23851205.bin.16,Myxococcota,Terpene
SRR23851205.bin.16,Myxococcota,arylpolyene
SRR23851205.bin.16,Myxococcota,NRPS
SRR23851205.bin.16,Myxococcota,NRPS
SRR23851205.bin.16,Myxococcota,NRPS
SRR23851205.bin.16,Myxococcota,NRPS
SRR23851205.bin.16,Myxococcota,NRPS
SRR23851205.bin.16,Myxococcota,NRPS
SRR23851205.bin.16,Myxococcota,NRPS
SRR23851205.bin.16,Myxococcota,RiPPs
SRR23851205.bin.16,Myxococcota,PKSI
SRR23851205.bin.16,Myxococcota,RiPPs
SRR23851205.bin.16,Myxococcota,NRPS
SRR23851205.bin.16,Myxococcota,NRPS
SRR23851205.bin.16,Myxococcota,NRPS
SRR23851205.bin.16,Myxococcota,NRPS
SRR23851205.bin.16,Myxococcota,Others
SRR23851205.bin.16,Myxococcota,NRPS
SRR23851205.bin.16,Myxococcota,NRPS
SRR23851205.bin.16,Myxococcota,arylpolyene
SRR23851205.bin.16,Myxococcota,NRPS
SRR23851205.bin.16,Myxococcota,NRPS
SRR23851205.bin.16,Myxococcota,NRPS
SRR23851205.bin.16,Myxococcota,NRPS
SRR23851205.bin.16,Myxococcota,NRPS
SRR23851205.bin.16,Myxococcota,NRPS
SRR23851205.bin.19,Pseudomonadota,NRPS
SRR23851205.bin.19,Pseudomonadota,NRPS
SRR23851205.bin.19,Pseudomonadota,PKSI
SRR23851205.bin.19,Pseudomonadota,NRPS
SRR23851205.bin.19,Pseudomonadota,NRPS
SRR23851205.bin.2,Pseudomonadota,Terpene
SRR23851205.bin.2,Pseudomonadota,PKSI
SRR23851205.bin.2,Pseudomonadota,Terpene
SRR23851205.bin.2,Pseudomonadota,PKSother
SRR23851205.bin.24,Acidobacteriota,NRPS
SRR23851205.bin.24,Acidobacteriota,NRPS
SRR23851205.bin.24,Acidobacteriota,NRPS
SRR23851205.bin.24,Acidobacteriota,Others
SRR23851205.bin.24,Acidobacteriota,NRPS
SRR23851205.bin.24,Acidobacteriota,NRPS
SRR23851205.bin.24,Acidobacteriota,NRPS
SRR23851205.bin.24,Acidobacteriota,NRPS
SRR23851205.bin.24,Acidobacteriota,NRPS
SRR23851205.bin.24,Acidobacteriota,PKS-NRP_Hybrids
SRR23851205.bin.24,Acidobacteriota,NRPS
SRR23851205.bin.24,Acidobacteriota,NRPS
SRR23851205.bin.24,Acidobacteriota,NRPS
SRR23851205.bin.24,Acidobacteriota,NRPS
SRR23851205.bin.24,Acidobacteriota,NRPS
SRR23851205.bin.24,Acidobacteriota,PKSother
SRR23851205.bin.24,Acidobacteriota,NRPS
SRR23851205.bin.24,Acidobacteriota,NRPS
SRR23851205.bin.24,Acidobacteriota,RiPPs
SRR23851205.bin.24,Acidobacteriota,RiPPs
SRR23851205.bin.24,Acidobacteriota,NRPS
SRR23851205.bin.24,Acidobacteriota,NRPS
SRR23851205.bin.24,Acidobacteriota,NRPS
SRR23851205.bin.28,Desulfobacterota,arylpolyene
SRR23851205.bin.28,Desulfobacterota,PKSother
SRR23851205.bin.28,Desulfobacterota,arylpolyene
SRR23851205.bin.40,Pseudomonadota,Terpene
SRR23851205.bin.40,Pseudomonadota,Terpene
SRR23851205.bin.7,Gemmatimonadota,Terpene
SRR23851206.bin.12,Actinomycetota,RiPPs
SRR23851206.bin.12,Actinomycetota,NRPS
SRR23851206.bin.12,Actinomycetota,NRPS
SRR23851206.bin.12,Actinomycetota,NRPS
SRR23851206.bin.12,Actinomycetota,PKSI
SRR23851206.bin.19,Cyanobacteriota,RiPPs
SRR23851206.bin.19,Cyanobacteriota,NRPS
SRR23851206.bin.19,Cyanobacteriota,NRPS
SRR23851206.bin.19,Cyanobacteriota,Terpene
SRR23851206.bin.19,Cyanobacteriota,RiPPs
SRR23851206.bin.19,Cyanobacteriota,resorcinol
SRR23851206.bin.19,Cyanobacteriota,RiPPs
SRR23851206.bin.19,Cyanobacteriota,PKSI
SRR23851206.bin.9,Actinomycetota,Others
SRR23851208.bin.15,Pseudomonadota,NRPS
SRR23851208.bin.15,Pseudomonadota,NRPS
SRR23851208.bin.15,Pseudomonadota,RiPPs
SRR23851208.bin.15,Pseudomonadota,RiPPs
SRR23851209.bin.9,Chloroflexota,NRPS
SRR23851210.bin.19,Cyanobacteriota,Others
SRR23851210.bin.19,Cyanobacteriota,Others
SRR23851210.bin.19,Cyanobacteriota,Others
SRR23851210.bin.19,Cyanobacteriota,NRPS
SRR23851210.bin.19,Cyanobacteriota,NRPS
SRR23851210.bin.9,Pseudomonadota,RiPPs
SRR23851210.bin.9,Pseudomonadota,arylpolyene
SRR23851211.bin.1,Actinomycetota,NRPS
SRR23851211.bin.1,Actinomycetota,PKSother
SRR23851212.bin.12,Pseudomonadota,NRPS
SRR23851212.bin.14,Pseudomonadota,arylpolyene
SRR23851213.bin.13,Gemmatimonadota,PKSother
SRR23851213.bin.13,Gemmatimonadota,RiPPs
SRR23851213.bin.13,Gemmatimonadota,Terpene
SRR23851213.bin.13,Gemmatimonadota,PKSother
SRR23851213.bin.13,Gemmatimonadota,PKSother
SRR23851213.bin.19,Pseudomonadota,NRPS
SRR23851213.bin.19,Pseudomonadota,phosphonate
SRR23851213.bin.19,Pseudomonadota,NRPS
SRR23851213.bin.19,Pseudomonadota,Terpene
SRR23851213.bin.9,Pseudomonadota,NRPS
SRR23851213.bin.9,Pseudomonadota,NRPS
SRR23851213.bin.9,Pseudomonadota,arylpolyene
SRR23851214.bin.22,Gemmatimonadota,RiPPs
SRR23851214.bin.22,Gemmatimonadota,RiPPs
SRR23851214.bin.22,Gemmatimonadota,NRPS
SRR23851214.bin.22,Gemmatimonadota,PKSother
SRR23851214.bin.22,Gemmatimonadota,RiPPs
SRR23851215.bin.17,Pseudomonadota,Terpene
SRR23851215.bin.17,Pseudomonadota,PKSI
SRR23851215.bin.29,Pseudomonadota,PKSother
SRR23851215.bin.29,Pseudomonadota,RiPPs
SRR23851215.bin.29,Pseudomonadota,Others
SRR23851215.bin.29,Pseudomonadota,PKSI
SRR23851215.bin.29,Pseudomonadota,NRPS
SRR23851215.bin.29,Pseudomonadota,Terpene
SRR23851216.bin.3,Pseudomonadota,NRPS
SRR23851216.bin.3,Pseudomonadota,NRPS
SRR23851216.bin.3,Pseudomonadota,arylpolyene
SRR23851216.bin.3,Pseudomonadota,arylpolyene
SRR23851216.bin.3,Pseudomonadota,RiPPs
SRR23851216.bin.3,Pseudomonadota,Terpene
SRR23851216.bin.4,Pseudomonadota,RiPPs
SRR23851216.bin.4,Pseudomonadota,NRPS
SRR23851216.bin.4,Pseudomonadota,NRPS
SRR23851217.bin.12,Myxococcota,PKSI
SRR23851217.bin.12,Myxococcota,Terpene
SRR23851217.bin.17,Actinomycetota,phosphonate
SRR23851217.bin.17,Actinomycetota,PKSother
SRR23851217.bin.17,Actinomycetota,RiPPs
SRR23851217.bin.17,Actinomycetota,NRPS
SRR23851217.bin.17,Actinomycetota,RiPPs
SRR23851217.bin.17,Actinomycetota,NRPS
SRR23851217.bin.17,Actinomycetota,NRPS
SRR23851217.bin.17,Actinomycetota,RiPPs
SRR23851217.bin.17,Actinomycetota,NRPS
SRR23851217.bin.17,Actinomycetota,NRPS
SRR23851217.bin.17,Actinomycetota,PKSI
SRR23851217.bin.17,Actinomycetota,NRPS
SRR23851217.bin.17,Actinomycetota,NRPS
SRR23851217.bin.17,Actinomycetota,NRPS
SRR23851217.bin.17,Actinomycetota,NRPS
SRR23851217.bin.17,Actinomycetota,NRPS
SRR23851217.bin.17,Actinomycetota,NRPS
SRR23851217.bin.17,Actinomycetota,NRPS
SRR23851217.bin.17,Actinomycetota,NRPS
SRR23851217.bin.17,Actinomycetota,NRPS
SRR23851217.bin.17,Actinomycetota,NRPS
SRR23851217.bin.17,Actinomycetota,RiPPs
SRR23851217.bin.17,Actinomycetota,NRPS
SRR23851217.bin.17,Actinomycetota,NRPS
SRR23851217.bin.17,Actinomycetota,NRPS
SRR23851217.bin.17,Actinomycetota,RiPPs
SRR23851217.bin.17,Actinomycetota,NRPS
SRR23851217.bin.17,Actinomycetota,NRPS
SRR23851217.bin.17,Actinomycetota,NRPS
SRR23851217.bin.17,Actinomycetota,NRPS
SRR23851217.bin.17,Actinomycetota,RiPPs
SRR23851217.bin.17,Actinomycetota,PKSother
SRR23851217.bin.17,Actinomycetota,PKSother
SRR23851217.bin.17,Actinomycetota,PKSother
SRR23851217.bin.17,Actinomycetota,NRPS
SRR23851217.bin.17,Actinomycetota,NRPS
SRR23851217.bin.17,Actinomycetota,RiPPs
SRR23851217.bin.17,Actinomycetota,arylpolyene
SRR23851217.bin.17,Actinomycetota,PKSI
SRR23851217.bin.17,Actinomycetota,NRPS
SRR23851217.bin.17,Actinomycetota,NRPS
SRR23851217.bin.17,Actinomycetota,NRPS
SRR23851217.bin.17,Actinomycetota,PKSI
SRR23851217.bin.17,Actinomycetota,PKSI
SRR23851217.bin.17,Actinomycetota,PKSI
SRR23851217.bin.17,Actinomycetota,NRPS
SRR23851217.bin.17,Actinomycetota,PKSI
SRR23851217.bin.17,Actinomycetota,NRPS
SRR23851217.bin.17,Actinomycetota,NRPS
SRR23851217.bin.17,Actinomycetota,RiPPs
SRR23851217.bin.27,Pseudomonadota,PKSI
SRR23851217.bin.27,Pseudomonadota,PKSother
SRR23851217.bin.27,Pseudomonadota,Others
SRR23851217.bin.27,Pseudomonadota,Others
SRR23851217.bin.27,Pseudomonadota,RiPPs
SRR23851217.bin.27,Pseudomonadota,NRPS
SRR23851217.bin.27,Pseudomonadota,NRPS
SRR23851217.bin.27,Pseudomonadota,RiPPs
SRR23851217.bin.27,Pseudomonadota,RiPPs
SRR23851217.bin.27,Pseudomonadota,NRPS
SRR23851217.bin.33,Pseudomonadota,NRPS
SRR23851217.bin.4,Pseudomonadota,arylpolyene
SRR23851217.bin.4,Pseudomonadota,arylpolyene
SRR23851217.bin.8,Pseudomonadota,Others
SRR23851217.bin.8,Pseudomonadota,RiPPs
SRR23851217.bin.8,Pseudomonadota,resorcinol
SRR23851217.bin.8,Pseudomonadota,Others
SRR23851217.bin.8,Pseudomonadota,RiPPs
SRR23851217.bin.8,Pseudomonadota,RiPPs
SRR23929137.bin.7,Actinomycetota,PKSI
SRR23929137.bin.7,Actinomycetota,PKSother
SRR23929137.bin.7,Actinomycetota,NRPS
SRR23929137.bin.7,Actinomycetota,NRPS
SRR23929137.bin.7,Actinomycetota,NRPS
SRR23929137.bin.7,Actinomycetota,NRPS
SRR23929137.bin.7,Actinomycetota,NRPS
SRR23929137.bin.7,Actinomycetota,PKSI
SRR23929137.bin.7,Actinomycetota,NRPS
SRR23929137.bin.7,Actinomycetota,NRPS
SRR23929137.bin.7,Actinomycetota,PKSI
SRR23929137.bin.7,Actinomycetota,NRPS
SRR23929137.bin.7,Actinomycetota,PKSother
SRR23929137.bin.7,Actinomycetota,PKSI
SRR23929137.bin.7,Actinomycetota,PKSI
SRR23929137.bin.7,Actinomycetota,RiPPs
SRR23929139.bin.23,Pseudomonadota,arylpolyene
SRR23929140.bin.19,Actinomycetota,PKSother
SRR23929140.bin.19,Actinomycetota,NRPS
SRR23929144.bin.12,Actinomycetota,NRPS
SRR23929144.bin.12,Actinomycetota,Others
SRR23929144.bin.12,Actinomycetota,PKSother
SRR23929144.bin.12,Actinomycetota,NRPS
SRR23929150.bin.12,Actinomycetota,PKSother
SRR23929150.bin.12,Actinomycetota,NRPS
SRR23929150.bin.4,Actinomycetota,PKSI
SRR23929150.bin.4,Actinomycetota,PKSI
SRR23929150.bin.4,Actinomycetota,NRPS
SRR23929150.bin.4,Actinomycetota,PKSI
SRR23929150.bin.4,Actinomycetota,NRPS
SRR23929150.bin.4,Actinomycetota,Terpene
SRR23929150.bin.4,Actinomycetota,PKSI
SRR23929150.bin.4,Actinomycetota,NRPS
SRR23929150.bin.4,Actinomycetota,NRPS
SRR23929150.bin.4,Actinomycetota,NRPS
SRR23929150.bin.4,Actinomycetota,NRPS
SRR23929150.bin.4,Actinomycetota,NRPS
SRR23929150.bin.4,Actinomycetota,NRPS
SRR23929155.bin.2,Pseudomonadota,NRPS
SRR23929155.bin.2,Pseudomonadota,NRPS
SRR23929155.bin.2,Pseudomonadota,RiPPs
SRR23929155.bin.2,Pseudomonadota,NRPS
SRR23929155.bin.2,Pseudomonadota,NRPS
SRR23929155.bin.2,Pseudomonadota,NRPS
SRR23929155.bin.2,Pseudomonadota,NRPS
SRR23929155.bin.2,Pseudomonadota,RiPPs
SRR23929166.bin.15,Actinomycetota,NRPS
SRR23929166.bin.15,Actinomycetota,NRPS
SRR23929166.bin.15,Actinomycetota,PKSI
SRR23929166.bin.15,Actinomycetota,NRPS
SRR23929166.bin.15,Actinomycetota,NRPS
SRR23929166.bin.15,Actinomycetota,PKSI
SRR23929166.bin.15,Actinomycetota,NRPS
SRR23929166.bin.15,Actinomycetota,NRPS
SRR23929166.bin.15,Actinomycetota,PKSI
SRR23929166.bin.15,Actinomycetota,PKSI
SRR23929166.bin.15,Actinomycetota,NRPS
SRR23929166.bin.15,Actinomycetota,NRPS
SRR23929166.bin.15,Actinomycetota,Terpene
SRR23929166.bin.15,Actinomycetota,arylpolyene
SRR23929179.bin.1,Actinomycetota,NRPS
SRR23929179.bin.1,Actinomycetota,NRPS
SRR23929179.bin.1,Actinomycetota,NRPS
SRR23929179.bin.1,Actinomycetota,NRPS
SRR23929179.bin.1,Actinomycetota,NRPS
SRR23929179.bin.1,Actinomycetota,NRPS
SRR23929179.bin.1,Actinomycetota,PKSother
SRR23929179.bin.1,Actinomycetota,Terpene
SRR23929179.bin.1,Actinomycetota,NRPS
SRR23929179.bin.1,Actinomycetota,NRPS
SRR23929179.bin.1,Actinomycetota,NRPS
SRR23929179.bin.1,Actinomycetota,NRPS
SRR23929179.bin.1,Actinomycetota,Others
SRR23929179.bin.1,Actinomycetota,PKSI
SRR23929179.bin.1,Actinomycetota,Terpene
SRR23929179.bin.1,Actinomycetota,NRPS
SRR23929179.bin.1,Actinomycetota,NRPS
SRR23929179.bin.1,Actinomycetota,NRPS
SRR23929179.bin.1,Actinomycetota,NRPS
SRR23929179.bin.1,Actinomycetota,NRPS
SRR23929179.bin.1,Actinomycetota,NRPS
SRR23929179.bin.1,Actinomycetota,NRPS
SRR23929179.bin.1,Actinomycetota,NRPS
SRR23929179.bin.1,Actinomycetota,NRPS
SRR23929179.bin.1,Actinomycetota,NRPS
SRR23929179.bin.1,Actinomycetota,NRPS
SRR23929179.bin.1,Actinomycetota,NRPS
SRR23929179.bin.1,Actinomycetota,PKSI
SRR23929179.bin.1,Actinomycetota,NRPS
SRR23929180.bin.14,Actinomycetota,NRPS
SRR23929180.bin.14,Actinomycetota,NRPS
SRR23929180.bin.14,Actinomycetota,Others
SRR23929180.bin.14,Actinomycetota,PKSother
SRR23929180.bin.14,Actinomycetota,NRPS
SRR23929180.bin.14,Actinomycetota,Others
SRR23929181.bin.8,Pseudomonadota,arylpolyene
SRR23929181.bin.8,Pseudomonadota,arylpolyene
SRR23929181.bin.8,Pseudomonadota,NRPS
SRR23929181.bin.8,Pseudomonadota,NRPS
SRR23929181.bin.8,Pseudomonadota,NRPS
SRR23929181.bin.8,Pseudomonadota,NRPS
SRR23929181.bin.8,Pseudomonadota,NRPS
SRR23929181.bin.8,Pseudomonadota,Others
SRR23929181.bin.8,Pseudomonadota,NRPS
SRR23929181.bin.8,Pseudomonadota,NRPS
SRR23929181.bin.8,Pseudomonadota,NRPS
SRR23929181.bin.8,Pseudomonadota,NRPS
SRR23929181.bin.8,Pseudomonadota,Others
SRR23929181.bin.8,Pseudomonadota,NRPS
SRR23929181.bin.8,Pseudomonadota,PKSother
SRR23929181.bin.8,Pseudomonadota,RiPPs
SRR23929181.bin.8,Pseudomonadota,NRPS
SRR23929181.bin.8,Pseudomonadota,NRPS
SRR23929181.bin.8,Pseudomonadota,NRPS
SRR23929181.bin.8,Pseudomonadota,Others
SRR23929181.bin.8,Pseudomonadota,NRPS
SRR23929182.bin.1,Chloroflexota,Others
SRR23929191.bin.7,Chloroflexota,PKSI
SRR28842982.bin.102,Pseudomonadota,PKSother
SRR28842982.bin.102,Pseudomonadota,PKSother
SRR28842982.bin.112,Pseudomonadota,arylpolyene
SRR28842982.bin.115,Pseudomonadota,PKSother
SRR28842982.bin.115,Pseudomonadota,PKSI
SRR28842982.bin.115,Pseudomonadota,PKSother
SRR28842982.bin.115,Pseudomonadota,PKSother
SRR28842982.bin.117,Gemmatimonadota,RiPPs
SRR28842982.bin.119,Pseudomonadota,RiPPs
SRR28842982.bin.119,Pseudomonadota,arylpolyene
SRR28842982.bin.119,Pseudomonadota,PKSI
SRR28842982.bin.120,Pseudomonadota,Terpene
SRR28842982.bin.121,Actinomycetota,PKSother
SRR28842982.bin.122,Pseudomonadota,RiPPs
SRR28842982.bin.126,Pseudomonadota,RiPPs
SRR28842982.bin.129,Myxococcota,PKSother
SRR28842982.bin.129,Myxococcota,NRPS
SRR28842982.bin.17,Actinomycetota,NRPS
SRR28842982.bin.17,Actinomycetota,PKSI
SRR28842982.bin.17,Actinomycetota,NRPS
SRR28842982.bin.17,Actinomycetota,PKSI
SRR28842982.bin.17,Actinomycetota,NRPS
SRR28842982.bin.20,Pseudomonadota,PKSI
SRR28842982.bin.20,Pseudomonadota,RiPPs
SRR28842982.bin.20,Pseudomonadota,arylpolyene
SRR28842982.bin.21,Pseudomonadota,NRPS
SRR28842982.bin.21,Pseudomonadota,NRPS
SRR28842982.bin.21,Pseudomonadota,NRPS
SRR28842982.bin.21,Pseudomonadota,PKS-NRP_Hybrids
SRR28842982.bin.21,Pseudomonadota,NRPS
SRR28842982.bin.32,Pseudomonadota,PKS-NRP_Hybrids
SRR28842982.bin.32,Pseudomonadota,Others
SRR28842982.bin.32,Pseudomonadota,Others
SRR28842982.bin.39,Pseudomonadota,arylpolyene
SRR28842982.bin.41,Pseudomonadota,NRPS
SRR28842982.bin.43,Pseudomonadota,arylpolyene
SRR28842982.bin.44,Pseudomonadota,Terpene
SRR28842982.bin.44,Pseudomonadota,arylpolyene
SRR28842982.bin.58,Pseudomonadota,Others
SRR28842982.bin.58,Pseudomonadota,arylpolyene
SRR28842982.bin.58,Pseudomonadota,resorcinol
SRR28842982.bin.58,Pseudomonadota,arylpolyene
SRR28842982.bin.6,Pseudomonadota,PKSother
SRR28842982.bin.6,Pseudomonadota,PKSother
SRR28842982.bin.6,Pseudomonadota,Others
SRR28842982.bin.6,Pseudomonadota,NRPS
SRR28842982.bin.6,Pseudomonadota,NRPS
SRR28842982.bin.6,Pseudomonadota,PKS-NRP_Hybrids
SRR28842982.bin.6,Pseudomonadota,NRPS
SRR28842982.bin.6,Pseudomonadota,NRPS
SRR28842982.bin.6,Pseudomonadota,NRPS
SRR28842982.bin.6,Pseudomonadota,PKSI
SRR28842982.bin.6,Pseudomonadota,PKSI
SRR28842982.bin.64,Gemmatimonadota,phosphonate
SRR28842982.bin.70,Pseudomonadota,Terpene
SRR28842982.bin.8,Actinomycetota,Others
SRR28842982.bin.8,Actinomycetota,Terpene
SRR28842982.bin.8,Actinomycetota,Terpene
SRR28842982.bin.86,Pseudomonadota,arylpolyene
SRR28842982.bin.86,Pseudomonadota,NRPS
SRR28842982.bin.90,Pseudomonadota,Terpene
SRR28842986.bin.14,Actinomycetota,PKSother
SRR28842986.bin.16,Pseudomonadota,Others
SRR28842986.bin.16,Pseudomonadota,PKSother
SRR28842986.bin.16,Pseudomonadota,NRPS
SRR28842986.bin.16,Pseudomonadota,Others
SRR28842986.bin.18,Pseudomonadota,RiPPs
SRR28842986.bin.18,Pseudomonadota,Terpene
SRR28842986.bin.2,Pseudomonadota,NRPS
SRR28842986.bin.2,Pseudomonadota,NRPS
SRR28842986.bin.2,Pseudomonadota,RiPPs
SRR28842986.bin.34,Actinomycetota,PKSother
SRR28842986.bin.46,Actinomycetota,Others
SRR28842986.bin.56,Pseudomonadota,NRPS
SRR28842986.bin.56,Pseudomonadota,PKSI
SRR28842986.bin.56,Pseudomonadota,arylpolyene
SRR28842986.bin.56,Pseudomonadota,RiPPs
SRR28842986.bin.56,Pseudomonadota,PKS-NRP_Hybrids
SRR28842986.bin.58,Actinomycetota,NRPS
SRR28842986.bin.58,Actinomycetota,PKSI
SRR28842986.bin.58,Actinomycetota,Others
SRR28842986.bin.66,Pseudomonadota,arylpolyene
SRR28842987.bin.103,Desulfobacterota,RiPPs
SRR28842987.bin.103,Desulfobacterota,RiPPs
SRR28842987.bin.103,Desulfobacterota,NRPS
SRR28842987.bin.106,Pseudomonadota,NRPS
SRR28842987.bin.108,Pseudomonadota,RiPPs
SRR28842987.bin.108,Pseudomonadota,PKSI
SRR28842987.bin.22,Pseudomonadota,PKSI
SRR28842987.bin.22,Pseudomonadota,Terpene
SRR28842987.bin.22,Pseudomonadota,NRPS
SRR28842987.bin.42,Actinomycetota,Terpene
SRR28842987.bin.43,Pseudomonadota,PKSother
SRR28842987.bin.43,Pseudomonadota,PKSother
SRR28842987.bin.47,Pseudomonadota,NRPS
SRR28842987.bin.48,Pseudomonadota,RiPPs
SRR28842987.bin.48,Pseudomonadota,NRPS
SRR28842987.bin.50,Acidobacteriota,RiPPs
SRR28842987.bin.55,Pseudomonadota,RiPPs
SRR28842987.bin.55,Pseudomonadota,RiPPs
SRR28842987.bin.55,Pseudomonadota,Terpene
SRR28842987.bin.59,Pseudomonadota,RiPPs
SRR28842987.bin.59,Pseudomonadota,Terpene
SRR28842987.bin.61,Pseudomonadota,RiPPs
SRR28842987.bin.62,Elusimicrobiota,PKSI
SRR28842987.bin.62,Elusimicrobiota,PKSother
SRR28842987.bin.62,Elusimicrobiota,PKSother
SRR28842987.bin.62,Elusimicrobiota,Terpene
SRR28842987.bin.66,Pseudomonadota,NRPS
SRR28842987.bin.66,Pseudomonadota,NRPS
SRR28842987.bin.68,Gemmatimonadota,PKSI
SRR28842987.bin.68,Gemmatimonadota,PKSother
SRR28842987.bin.68,Gemmatimonadota,PKSI
SRR28842987.bin.84,Pseudomonadota,RiPPs
SRR28842987.bin.85,Pseudomonadota,Terpene
SRR28842987.bin.85,Pseudomonadota,PKSother
SRR28842987.bin.87,Pseudomonadota,Terpene
SRR28842987.bin.87,Pseudomonadota,Terpene
SRR28842987.bin.90,Chloroflexota,NRPS
SRR28842987.bin.90,Chloroflexota,resorcinol
SRR28842987.bin.94,Actinomycetota,NRPS
SRR28842988.bin.100,Pseudomonadota,PKSother
SRR28842988.bin.102,Pseudomonadota,Terpene
SRR28842988.bin.102,Pseudomonadota,NRPS
SRR28842988.bin.113,Pseudomonadota,NRPS
SRR28842988.bin.113,Pseudomonadota,NRPS
SRR28842988.bin.113,Pseudomonadota,PKS-NRP_Hybrids
SRR28842988.bin.118,Pseudomonadota,arylpolyene
SRR28842988.bin.118,Pseudomonadota,NRPS
SRR28842988.bin.118,Pseudomonadota,Saccharides
SRR28842988.bin.118,Pseudomonadota,PKSother
SRR28842988.bin.12,Pseudomonadota,PKSI
SRR28842988.bin.12,Pseudomonadota,PKSI
SRR28842988.bin.12,Pseudomonadota,PKSother
SRR28842988.bin.12,Pseudomonadota,NRPS
SRR28842988.bin.12,Pseudomonadota,NRPS
SRR28842988.bin.120,Myxococcota,PKSother
SRR28842988.bin.120,Myxococcota,RiPPs
SRR28842988.bin.120,Myxococcota,RiPPs
SRR28842988.bin.120,Myxococcota,Terpene
SRR28842988.bin.120,Myxococcota,NRPS
SRR28842988.bin.122,Nitrospirota,RiPPs
SRR28842988.bin.122,Nitrospirota,NRPS
SRR28842988.bin.122,Nitrospirota,PKSI
SRR28842988.bin.122,Nitrospirota,NRPS
SRR28842988.bin.122,Nitrospirota,Terpene
SRR28842988.bin.122,Nitrospirota,phosphonate
SRR28842988.bin.124,Actinomycetota,Others
SRR28842988.bin.124,Actinomycetota,Others
SRR28842988.bin.124,Actinomycetota,NRPS
SRR28842988.bin.124,Actinomycetota,NRPS
SRR28842988.bin.124,Actinomycetota,Terpene
SRR28842988.bin.130,Pseudomonadota,PKSother
SRR28842988.bin.130,Pseudomonadota,PKSother
SRR28842988.bin.136,Pseudomonadota,arylpolyene
SRR28842988.bin.136,Pseudomonadota,arylpolyene
SRR28842988.bin.139,Pseudomonadota,Others
SRR28842988.bin.139,Pseudomonadota,PKS-NRP_Hybrids
SRR28842988.bin.139,Pseudomonadota,NRPS
SRR28842988.bin.139,Pseudomonadota,Terpene
SRR28842988.bin.139,Pseudomonadota,arylpolyene
SRR28842988.bin.139,Pseudomonadota,NRPS
SRR28842988.bin.139,Pseudomonadota,NRPS
SRR28842988.bin.139,Pseudomonadota,Terpene
SRR28842988.bin.139,Pseudomonadota,phosphonate
SRR28842988.bin.139,Pseudomonadota,PKSI
SRR28842988.bin.139,Pseudomonadota,NRPS
SRR28842988.bin.139,Pseudomonadota,NRPS
SRR28842988.bin.139,Pseudomonadota,Terpene
SRR28842988.bin.139,Pseudomonadota,Terpene
SRR28842988.bin.139,Pseudomonadota,Terpene
SRR28842988.bin.139,Pseudomonadota,NRPS
SRR28842988.bin.139,Pseudomonadota,NRPS
SRR28842988.bin.147,Pseudomonadota,Terpene
SRR28842988.bin.16,Actinomycetota,Others
SRR28842988.bin.16,Actinomycetota,Others
SRR28842988.bin.16,Actinomycetota,NRPS
SRR28842988.bin.3,Pseudomonadota,Others
SRR28842988.bin.3,Pseudomonadota,Others
SRR28842988.bin.30,Nitrospirota,phosphonate
SRR28842988.bin.30,Nitrospirota,NRPS
SRR28842988.bin.30,Nitrospirota,arylpolyene
SRR28842988.bin.30,Nitrospirota,Terpene
SRR28842988.bin.30,Nitrospirota,NRPS
SRR28842988.bin.34,Pseudomonadota,PKSI
SRR28842988.bin.34,Pseudomonadota,NRPS
SRR28842988.bin.34,Pseudomonadota,NRPS
SRR28842988.bin.34,Pseudomonadota,NRPS
SRR28842988.bin.34,Pseudomonadota,PKSI
SRR28842988.bin.34,Pseudomonadota,NRPS
SRR28842988.bin.34,Pseudomonadota,NRPS
SRR28842988.bin.34,Pseudomonadota,PKSI
SRR28842988.bin.34,Pseudomonadota,arylpolyene
SRR28842988.bin.36,Pseudomonadota,NRPS
SRR28842988.bin.36,Pseudomonadota,NRPS
SRR28842988.bin.36,Pseudomonadota,arylpolyene
SRR28842988.bin.36,Pseudomonadota,NRPS
SRR28842988.bin.36,Pseudomonadota,NRPS
SRR28842988.bin.36,Pseudomonadota,Terpene
SRR28842988.bin.36,Pseudomonadota,NRPS
SRR28842988.bin.36,Pseudomonadota,NRPS
SRR28842988.bin.4,Gemmatimonadota,RiPPs
SRR28842988.bin.56,Pseudomonadota,arylpolyene
SRR28842988.bin.74,Bacteroidota,NRPS
SRR28842988.bin.74,Bacteroidota,Terpene
SRR28842988.bin.74,Bacteroidota,PKSI
SRR28842988.bin.74,Bacteroidota,PKSI
SRR28842988.bin.74,Bacteroidota,PKSI
SRR28842988.bin.74,Bacteroidota,NRPS
SRR28842988.bin.74,Bacteroidota,PKSother
SRR28842988.bin.74,Bacteroidota,Terpene
SRR28842988.bin.77,Pseudomonadota,resorcinol
SRR28842988.bin.81,Pseudomonadota,PKSother
SRR28842988.bin.83,Pseudomonadota,Terpene
SRR28842988.bin.83,Pseudomonadota,Terpene
SRR28842988.bin.83,Pseudomonadota,PKSother
SRR28842988.bin.84,Acidobacteriota,NRPS
SRR28842988.bin.84,Acidobacteriota,PKSother
SRR28842988.bin.84,Acidobacteriota,PKSother
SRR28842988.bin.84,Acidobacteriota,PKSother
SRR28842988.bin.84,Acidobacteriota,PKSother
SRR28842988.bin.84,Acidobacteriota,PKSother
SRR28842988.bin.84,Acidobacteriota,NRPS
SRR28842988.bin.84,Acidobacteriota,RiPPs
SRR28842988.bin.84,Acidobacteriota,NRPS
SRR28842988.bin.84,Acidobacteriota,NRPS
SRR28842988.bin.84,Acidobacteriota,PKSother
SRR28842988.bin.84,Acidobacteriota,PKSother
SRR28842988.bin.84,Acidobacteriota,PKSother
SRR28842988.bin.84,Acidobacteriota,PKSI
SRR28842988.bin.84,Acidobacteriota,NRPS
SRR28842988.bin.84,Acidobacteriota,NRPS
SRR28842988.bin.84,Acidobacteriota,arylpolyene
SRR28842988.bin.84,Acidobacteriota,NRPS
SRR28842988.bin.84,Acidobacteriota,NRPS
SRR28842988.bin.84,Acidobacteriota,NRPS
SRR28842988.bin.84,Acidobacteriota,NRPS
SRR28842988.bin.84,Acidobacteriota,NRPS
SRR28842988.bin.84,Acidobacteriota,NRPS
SRR28842988.bin.85,Planctomycetota,Terpene
SRR28842988.bin.85,Planctomycetota,PKSother
SRR28842988.bin.85,Planctomycetota,NRPS
SRR28842988.bin.85,Planctomycetota,PKSother
SRR28842988.bin.85,Planctomycetota,PKSother
SRR28842988.bin.90,Myxococcota,NRPS
SRR28842988.bin.90,Myxococcota,RiPPs
SRR28842988.bin.90,Myxococcota,PKSother
SRR28842988.bin.90,Myxococcota,NRPS
SRR28842988.bin.90,Myxococcota,NRPS
SRR28842988.bin.93,Pseudomonadota,arylpolyene
SRR28842988.bin.94,Chloroflexota,RiPPs
SRR28842988.bin.94,Chloroflexota,RiPPs
SRR28842989.bin.1,Pseudomonadota,resorcinol
SRR28842989.bin.13,Pseudomonadota,PKSother
SRR28842989.bin.13,Pseudomonadota,PKSI
SRR28842989.bin.13,Pseudomonadota,Terpene
SRR28842989.bin.18,Pseudomonadota,NRPS
SRR28842989.bin.24,Pseudomonadota,Terpene
SRR28842989.bin.42,Myxococcota,PKSother
SRR28842989.bin.42,Myxococcota,PKSI
SRR28842989.bin.42,Myxococcota,Terpene
SRR28842989.bin.43,Pseudomonadota,Others
SRR28842989.bin.43,Pseudomonadota,Others
SRR28842989.bin.49,Pseudomonadota,RiPPs
SRR28842989.bin.49,Pseudomonadota,NRPS
SRR28842989.bin.5,Pseudomonadota,NRPS
SRR28842989.bin.75,Bdellovibrionota,PKSother
SRR28842989.bin.75,Bdellovibrionota,Others
SRR28842989.bin.8,Verrucomicrobiota,Terpene
SRR28842989.bin.8,Verrucomicrobiota,NRPS
SRR28842989.bin.8,Verrucomicrobiota,NRPS
SRR28842989.bin.8,Verrucomicrobiota,Terpene
SRR28842992.bin.11,Pseudomonadota,PKSI
SRR28842992.bin.11,Pseudomonadota,Others
SRR28842992.bin.12,Planctomycetota,Terpene
SRR28842992.bin.12,Planctomycetota,PKSother
SRR28842992.bin.12,Planctomycetota,NRPS
SRR28842992.bin.12,Planctomycetota,NRPS
SRR28842992.bin.12,Planctomycetota,NRPS
SRR28842992.bin.12,Planctomycetota,NRPS
SRR28842992.bin.13,Pseudomonadota,PKS-NRP_Hybrids
SRR28842992.bin.13,Pseudomonadota,PKS-NRP_Hybrids
SRR28842992.bin.13,Pseudomonadota,NRPS
SRR28842992.bin.15,Pseudomonadota,NRPS
SRR28842992.bin.15,Pseudomonadota,NRPS
SRR28842992.bin.15,Pseudomonadota,RiPPs
SRR28842992.bin.29,Verrucomicrobiota,NRPS
SRR28842992.bin.29,Verrucomicrobiota,NRPS
SRR28842992.bin.29,Verrucomicrobiota,NRPS
SRR28842992.bin.29,Verrucomicrobiota,NRPS
SRR28842992.bin.29,Verrucomicrobiota,NRPS
SRR28842992.bin.29,Verrucomicrobiota,Terpene
SRR28842992.bin.7,Pseudomonadota,Terpene
SRR28842992.bin.7,Pseudomonadota,RiPPs
SRR28842992.bin.7,Pseudomonadota,PKSI
SRR28842992.bin.7,Pseudomonadota,NRPS
SRR28842992.bin.7,Pseudomonadota,RiPPs
SRR29646150.bin.17,Pseudomonadota,Others
SRR29646150.bin.17,Pseudomonadota,Others
SRR29646150.bin.22,Bacteroidota,arylpolyene
SRR29646150.bin.22,Bacteroidota,resorcinol
SRR29646150.bin.22,Bacteroidota,arylpolyene
SRR29646150.bin.22,Bacteroidota,arylpolyene
SRR29646150.bin.22,Bacteroidota,arylpolyene
SRR29646150.bin.29,Pseudomonadota,RiPPs
SRR29646150.bin.29,Pseudomonadota,PKSI
SRR29646150.bin.29,Pseudomonadota,Others
SRR29646150.bin.29,Pseudomonadota,Others
SRR29646150.bin.29,Pseudomonadota,RiPPs
SRR29646150.bin.29,Pseudomonadota,NRPS
SRR29646150.bin.29,Pseudomonadota,RiPPs
SRR29646150.bin.29,Pseudomonadota,PKSother
SRR29646150.bin.43,Pseudomonadota,NRPS
SRR29646150.bin.43,Pseudomonadota,NRPS
SRR29646150.bin.43,Pseudomonadota,NRPS
SRR29646150.bin.43,Pseudomonadota,PKSI
SRR29646150.bin.48,Pseudomonadota,Terpene
SRR29646150.bin.5,Acidobacteriota,NRPS
SRR29646150.bin.5,Acidobacteriota,NRPS
SRR29646151.bin.27,Bacteroidota,PKSI
SRR29646151.bin.30,Pseudomonadota,NRPS
SRR29646151.bin.34,Planctomycetota,PKSother
SRR29646151.bin.40,Myxococcota,NRPS
SRR29646151.bin.40,Myxococcota,NRPS
SRR29646151.bin.40,Myxococcota,NRPS
SRR29646151.bin.40,Myxococcota,NRPS
SRR29646151.bin.40,Myxococcota,Terpene
SRR29646151.bin.40,Myxococcota,resorcinol
SRR29646151.bin.40,Myxococcota,Others
SRR29646151.bin.40,Myxococcota,PKSother
SRR29646151.bin.40,Myxococcota,NRPS
SRR29646151.bin.40,Myxococcota,NRPS
SRR29646151.bin.40,Myxococcota,PKS-NRP_Hybrids
SRR29646151.bin.40,Myxococcota,NRPS
SRR29646151.bin.40,Myxococcota,NRPS
SRR29646151.bin.40,Myxococcota,NRPS
SRR29646151.bin.40,Myxococcota,arylpolyene
SRR29646152.bin.12,Chlamydiota,PKSother
SRR29646152.bin.27,Planctomycetota,PKSother
SRR29646152.bin.3,Pseudomonadota,RiPPs
SRR29646152.bin.5,Pseudomonadota,arylpolyene
SRR29646152.bin.5,Pseudomonadota,arylpolyene
SRR29646152.bin.5,Pseudomonadota,NRPS
SRR29646152.bin.5,Pseudomonadota,Terpene
SRR29646152.bin.5,Pseudomonadota,Terpene
SRR29646154.bin.1,Actinomycetota,PKSother
SRR29646154.bin.11,Gemmatimonadota,RiPPs
SRR29646154.bin.12,Acidobacteriota,PKSI
SRR29646154.bin.12,Acidobacteriota,PKSother
SRR29646154.bin.12,Acidobacteriota,arylpolyene
SRR29646154.bin.12,Acidobacteriota,NRPS
SRR29646154.bin.13,Bacteroidota,PKSother
SRR29646154.bin.13,Bacteroidota,phosphonate
SRR29646154.bin.13,Bacteroidota,arylpolyene
SRR29646154.bin.13,Bacteroidota,arylpolyene
SRR29646154.bin.13,Bacteroidota,arylpolyene
SRR29646154.bin.15,Gemmatimonadota,Terpene
SRR29646154.bin.19,Pseudomonadota,arylpolyene
SRR29646154.bin.19,Pseudomonadota,arylpolyene
SRR29646154.bin.19,Pseudomonadota,NRPS
SRR29646154.bin.19,Pseudomonadota,resorcinol
SRR29646154.bin.2,Myxococcota,NRPS
SRR29646154.bin.2,Myxococcota,NRPS
SRR29646154.bin.2,Myxococcota,NRPS
SRR29646154.bin.2,Myxococcota,NRPS
SRR29646154.bin.2,Myxococcota,NRPS
SRR29646154.bin.2,Myxococcota,RiPPs
SRR29646154.bin.2,Myxococcota,NRPS
SRR29646154.bin.2,Myxococcota,NRPS
SRR29646154.bin.2,Myxococcota,PKSI
SRR29646154.bin.2,Myxococcota,PKSI
SRR29646154.bin.2,Myxococcota,NRPS
SRR29646154.bin.2,Myxococcota,NRPS
SRR29646154.bin.2,Myxococcota,PKSI
SRR29646154.bin.2,Myxococcota,PKSI
SRR29646154.bin.2,Myxococcota,NRPS
SRR29646154.bin.2,Myxococcota,NRPS
SRR29646154.bin.2,Myxococcota,RiPPs
SRR29646154.bin.2,Myxococcota,PKSI
SRR29646154.bin.2,Myxococcota,NRPS
SRR29646154.bin.2,Myxococcota,NRPS
SRR29646154.bin.2,Myxococcota,PKSI
SRR29646154.bin.2,Myxococcota,PKSI
SRR29646154.bin.2,Myxococcota,PKSI
SRR29646154.bin.2,Myxococcota,PKSI
SRR29646154.bin.2,Myxococcota,NRPS
SRR29646154.bin.2,Myxococcota,NRPS
SRR29646154.bin.2,Myxococcota,NRPS
SRR29646154.bin.2,Myxococcota,PKSother
SRR29646154.bin.2,Myxococcota,NRPS
SRR29646154.bin.2,Myxococcota,NRPS
SRR29646154.bin.2,Myxococcota,NRPS
SRR29646154.bin.2,Myxococcota,NRPS
SRR29646154.bin.2,Myxococcota,Others
SRR29646154.bin.30,Bacteroidota,PKSother
SRR29646154.bin.30,Bacteroidota,arylpolyene
SRR29646154.bin.30,Bacteroidota,arylpolyene
SRR29646154.bin.30,Bacteroidota,arylpolyene
SRR29646154.bin.30,Bacteroidota,arylpolyene
SRR29646154.bin.30,Bacteroidota,resorcinol
SRR29646154.bin.30,Bacteroidota,phosphonate
SRR29646154.bin.34,Pseudomonadota,Terpene
SRR29646154.bin.36,Bacteroidota,PKSother
SRR29646154.bin.36,Bacteroidota,Terpene
SRR29646154.bin.4,Bacteroidota,Terpene
SRR29646154.bin.43,Acidobacteriota,NRPS
SRR29646154.bin.43,Acidobacteriota,NRPS
SRR29646154.bin.48,Acidobacteriota,NRPS
SRR29646154.bin.48,Acidobacteriota,NRPS
SRR29646154.bin.48,Acidobacteriota,NRPS
SRR29646154.bin.48,Acidobacteriota,NRPS
SRR29646154.bin.48,Acidobacteriota,NRPS
SRR29646154.bin.48,Acidobacteriota,NRPS
SRR29646154.bin.48,Acidobacteriota,NRPS
SRR29646154.bin.48,Acidobacteriota,NRPS
SRR29646154.bin.48,Acidobacteriota,NRPS
SRR29646154.bin.48,Acidobacteriota,RiPPs
SRR29646154.bin.48,Acidobacteriota,NRPS
SRR29646154.bin.48,Acidobacteriota,NRPS
SRR29646154.bin.48,Acidobacteriota,PKSother
SRR29646154.bin.48,Acidobacteriota,NRPS
SRR29646154.bin.48,Acidobacteriota,PKSI
SRR29646154.bin.48,Acidobacteriota,NRPS
SRR29646154.bin.48,Acidobacteriota,NRPS
SRR29646154.bin.48,Acidobacteriota,NRPS
SRR29646154.bin.48,Acidobacteriota,NRPS
SRR29646154.bin.48,Acidobacteriota,NRPS
SRR29646154.bin.48,Acidobacteriota,NRPS
SRR29646154.bin.48,Acidobacteriota,NRPS
SRR29646154.bin.48,Acidobacteriota,NRPS
SRR29646154.bin.48,Acidobacteriota,NRPS
SRR29646154.bin.48,Acidobacteriota,PKSI
SRR29646154.bin.48,Acidobacteriota,NRPS
SRR29646154.bin.48,Acidobacteriota,NRPS
SRR29646154.bin.48,Acidobacteriota,NRPS
SRR29646154.bin.48,Acidobacteriota,NRPS
SRR29646154.bin.48,Acidobacteriota,NRPS
SRR29646154.bin.48,Acidobacteriota,NRPS
SRR29646154.bin.48,Acidobacteriota,NRPS
SRR29646154.bin.48,Acidobacteriota,NRPS
SRR29646154.bin.48,Acidobacteriota,NRPS
SRR29646154.bin.48,Acidobacteriota,NRPS
SRR29646154.bin.48,Acidobacteriota,NRPS
SRR29646154.bin.48,Acidobacteriota,NRPS
SRR29646154.bin.48,Acidobacteriota,NRPS
SRR29646154.bin.48,Acidobacteriota,NRPS
SRR29646154.bin.48,Acidobacteriota,NRPS
SRR29646154.bin.48,Acidobacteriota,NRPS
SRR29646154.bin.48,Acidobacteriota,NRPS
SRR29646154.bin.48,Acidobacteriota,NRPS
SRR29646154.bin.48,Acidobacteriota,NRPS
SRR29646154.bin.48,Acidobacteriota,NRPS
SRR29646154.bin.48,Acidobacteriota,NRPS
SRR29646154.bin.6,Myxococcota,Terpene
SRR29646154.bin.6,Myxococcota,Terpene
SRR29646154.bin.6,Myxococcota,arylpolyene
SRR29646154.bin.6,Myxococcota,Terpene
SRR29646154.bin.6,Myxococcota,Others
SRR29646154.bin.6,Myxococcota,NRPS
SRR29646154.bin.6,Myxococcota,NRPS
SRR29646154.bin.6,Myxococcota,PKSother
SRR29646154.bin.6,Myxococcota,Others
SRR29646154.bin.6,Myxococcota,RiPPs
SRR29646154.bin.6,Myxococcota,Others
SRR29646154.bin.6,Myxococcota,NRPS
SRR29646155.bin.13,Acidobacteriota,PKSother
SRR29646155.bin.13,Acidobacteriota,RiPPs
SRR29646155.bin.13,Acidobacteriota,RiPPs
SRR29646155.bin.15,Chloroflexota,Terpene
SRR29646155.bin.15,Chloroflexota,PKSother
SRR29646155.bin.21,Bacteroidota,PKSother
SRR29646155.bin.25,Pseudomonadota,arylpolyene
SRR29646155.bin.28,Bacteroidota,PKSother
SRR29646155.bin.28,Bacteroidota,arylpolyene
SRR29646155.bin.30,Acidobacteriota,PKSother
SRR29646155.bin.30,Acidobacteriota,RiPPs
SRR29646155.bin.30,Acidobacteriota,RiPPs
SRR29646155.bin.43,Pseudomonadota,arylpolyene
SRR29646155.bin.47,Gemmatimonadota,Terpene
SRR29646156.bin.16,Pseudomonadota,NRPS
SRR29646156.bin.21,Pseudomonadota,NRPS
SRR29646156.bin.22,Pseudomonadota,Terpene
SRR29646156.bin.23,Pseudomonadota,NRPS
SRR29646156.bin.23,Pseudomonadota,NRPS
SRR29646156.bin.23,Pseudomonadota,NRPS
SRR29646156.bin.28,Pseudomonadota,NRPS
SRR29646156.bin.28,Pseudomonadota,NRPS
SRR29646156.bin.28,Pseudomonadota,NRPS
SRR29646156.bin.28,Pseudomonadota,NRPS
SRR29646156.bin.28,Pseudomonadota,NRPS
SRR29646156.bin.28,Pseudomonadota,PKS-NRP_Hybrids
SRR29646156.bin.28,Pseudomonadota,NRPS
SRR29646156.bin.28,Pseudomonadota,PKSI
SRR29646156.bin.28,Pseudomonadota,NRPS
SRR29646156.bin.28,Pseudomonadota,PKSI
SRR29646156.bin.28,Pseudomonadota,PKS-NRP_Hybrids
SRR29646156.bin.28,Pseudomonadota,NRPS
SRR29646156.bin.28,Pseudomonadota,NRPS
SRR29646156.bin.28,Pseudomonadota,NRPS
SRR29646156.bin.28,Pseudomonadota,NRPS
SRR29646156.bin.28,Pseudomonadota,PKSI
SRR29646156.bin.28,Pseudomonadota,NRPS
SRR29646156.bin.28,Pseudomonadota,NRPS
SRR29646156.bin.28,Pseudomonadota,NRPS
SRR29646156.bin.28,Pseudomonadota,NRPS
SRR29646156.bin.28,Pseudomonadota,NRPS
SRR29646156.bin.32,Gemmatimonadota,PKSother
SRR29646156.bin.39,Pseudomonadota,Others
SRR29646156.bin.39,Pseudomonadota,Others
SRR29646156.bin.39,Pseudomonadota,RiPPs
SRR29646156.bin.39,Pseudomonadota,arylpolyene
SRR29646156.bin.43,Pseudomonadota,Others
SRR29646156.bin.43,Pseudomonadota,RiPPs
SRR29646157.bin.1,Pseudomonadota,PKSI
SRR29646157.bin.1,Pseudomonadota,PKSother
SRR29646157.bin.13,Pseudomonadota,PKSother
SRR29646157.bin.14,Bacteroidota,Terpene
SRR29646157.bin.2,Verrucomicrobiota,Others
SRR29646157.bin.2,Verrucomicrobiota,Terpene
SRR29646157.bin.20,Chloroflexota,PKS-NRP_Hybrids
SRR29646157.bin.20,Chloroflexota,NRPS
SRR29646157.bin.30,Desulfobacterota,PKSI
SRR29646157.bin.30,Desulfobacterota,PKSI
SRR29646157.bin.30,Desulfobacterota,PKSother
SRR29646157.bin.36,Planctomycetota,PKSI
SRR29646157.bin.37,Pseudomonadota,Terpene
SRR29646157.bin.37,Pseudomonadota,Terpene
SRR29646157.bin.37,Pseudomonadota,phosphonate
SRR29646157.bin.37,Pseudomonadota,NRPS
SRR29646157.bin.37,Pseudomonadota,Others
SRR29646157.bin.37,Pseudomonadota,Others
SRR29646157.bin.39,Pseudomonadota,RiPPs
SRR29646157.bin.44,Desulfobacterota,PKSother
SRR29646158.bin.23,Pseudomonadota,RiPPs
SRR29646158.bin.23,Pseudomonadota,NRPS
SRR29646158.bin.23,Pseudomonadota,PKSother
SRR29646158.bin.23,Pseudomonadota,NRPS
SRR29646158.bin.28,Bacteroidota,Terpene
SRR29646158.bin.31,Acidobacteriota,NRPS
SRR29646158.bin.31,Acidobacteriota,NRPS
SRR29646158.bin.31,Acidobacteriota,NRPS
SRR29646158.bin.31,Acidobacteriota,NRPS
SRR29646158.bin.31,Acidobacteriota,PKS-NRP_Hybrids
SRR29646158.bin.32,Acidobacteriota,NRPS
SRR29646158.bin.32,Acidobacteriota,PKSI
SRR29646158.bin.32,Acidobacteriota,RiPPs
SRR29646158.bin.38,Pseudomonadota,NRPS
SRR29646158.bin.38,Pseudomonadota,arylpolyene
SRR29646158.bin.38,Pseudomonadota,arylpolyene
SRR29646158.bin.38,Pseudomonadota,NRPS
SRR29646158.bin.38,Pseudomonadota,PKS-NRP_Hybrids
SRR29646158.bin.38,Pseudomonadota,NRPS
SRR29646158.bin.39,Bacteroidota,NRPS
SRR29646158.bin.39,Bacteroidota,NRPS
SRR29646158.bin.39,Bacteroidota,NRPS
SRR29646158.bin.39,Bacteroidota,NRPS
SRR29646158.bin.39,Bacteroidota,NRPS
SRR29646158.bin.39,Bacteroidota,NRPS
SRR29646158.bin.39,Bacteroidota,NRPS
SRR29646158.bin.39,Bacteroidota,NRPS
SRR29646158.bin.39,Bacteroidota,PKSother
SRR29646158.bin.39,Bacteroidota,PKSI
SRR29646158.bin.39,Bacteroidota,PKSI
SRR29646158.bin.39,Bacteroidota,NRPS
SRR29646158.bin.39,Bacteroidota,NRPS
SRR29646158.bin.39,Bacteroidota,NRPS
SRR29646158.bin.39,Bacteroidota,PKS-NRP_Hybrids
SRR29646158.bin.39,Bacteroidota,NRPS
SRR29646158.bin.39,Bacteroidota,NRPS
SRR29646158.bin.39,Bacteroidota,PKS-NRP_Hybrids
SRR29646158.bin.39,Bacteroidota,NRPS
SRR29646158.bin.39,Bacteroidota,NRPS
SRR29646158.bin.39,Bacteroidota,NRPS
SRR29646158.bin.39,Bacteroidota,NRPS
SRR29646158.bin.39,Bacteroidota,NRPS
SRR29646158.bin.39,Bacteroidota,NRPS
SRR29646158.bin.39,Bacteroidota,NRPS
SRR29646158.bin.39,Bacteroidota,PKS-NRP_Hybrids
SRR29646158.bin.39,Bacteroidota,NRPS
SRR29646158.bin.39,Bacteroidota,PKSother
SRR29646158.bin.39,Bacteroidota,NRPS
SRR29646158.bin.43,Chloroflexota,PKSI
SRR29646158.bin.43,Chloroflexota,NRPS
SRR29646158.bin.57,Bacteroidota,RiPPs
SRR29646158.bin.60,Bacteroidota,Terpene
SRR29646158.bin.60,Bacteroidota,RiPPs
SRR29646158.bin.63,Actinomycetota,Others
SRR29646158.bin.63,Actinomycetota,NRPS
SRR29646158.bin.63,Actinomycetota,NRPS
SRR29646158.bin.63,Actinomycetota,NRPS
SRR29646158.bin.63,Actinomycetota,Terpene
SRR29646158.bin.63,Actinomycetota,NRPS
SRR29646158.bin.63,Actinomycetota,PKS-NRP_Hybrids
SRR29646158.bin.63,Actinomycetota,NRPS
SRR29646158.bin.63,Actinomycetota,NRPS
SRR29646158.bin.63,Actinomycetota,RiPPs
SRR29646158.bin.63,Actinomycetota,NRPS
SRR29646158.bin.63,Actinomycetota,PKSother
SRR29646158.bin.63,Actinomycetota,Terpene
SRR29646158.bin.82,Chloroflexota,PKSother
SRR29646158.bin.86,Bacteroidota,PKSother
SRR29646158.bin.86,Bacteroidota,phosphonate
SRR29646158.bin.9,Myxococcota,NRPS
SRR29646158.bin.9,Myxococcota,PKS-NRP_Hybrids
SRR29646158.bin.9,Myxococcota,NRPS
SRR29646158.bin.9,Myxococcota,Terpene
SRR29646158.bin.9,Myxococcota,Terpene
SRR29646158.bin.9,Myxococcota,Terpene
SRR29646158.bin.9,Myxococcota,NRPS
SRR29646159.bin.12,Bacteroidota,RiPPs
SRR29646159.bin.12,Bacteroidota,Terpene
SRR29646159.bin.14,Pseudomonadota,arylpolyene
SRR29646159.bin.14,Pseudomonadota,arylpolyene
SRR29646159.bin.14,Pseudomonadota,resorcinol
SRR29646159.bin.14,Pseudomonadota,arylpolyene
SRR29646159.bin.14,Pseudomonadota,RiPPs
SRR29646159.bin.14,Pseudomonadota,NRPS
SRR29646159.bin.14,Pseudomonadota,Others
SRR29646159.bin.14,Pseudomonadota,NRPS
SRR29646159.bin.14,Pseudomonadota,NRPS
SRR29646159.bin.17,Bacteroidota,NRPS
SRR29646159.bin.17,Bacteroidota,NRPS
SRR29646159.bin.17,Bacteroidota,NRPS
SRR29646159.bin.17,Bacteroidota,RiPPs
SRR29646159.bin.17,Bacteroidota,arylpolyene
SRR29646159.bin.17,Bacteroidota,resorcinol
SRR29646159.bin.17,Bacteroidota,NRPS
SRR29646159.bin.17,Bacteroidota,Terpene
SRR29646159.bin.17,Bacteroidota,NRPS
SRR29646159.bin.17,Bacteroidota,NRPS
SRR29646159.bin.17,Bacteroidota,NRPS
SRR29646159.bin.17,Bacteroidota,PKSI
SRR29646159.bin.17,Bacteroidota,NRPS
SRR29646159.bin.17,Bacteroidota,NRPS
SRR29646159.bin.17,Bacteroidota,NRPS
SRR29646159.bin.17,Bacteroidota,NRPS
SRR29646159.bin.17,Bacteroidota,PKS-NRP_Hybrids
SRR29646159.bin.17,Bacteroidota,NRPS
SRR29646159.bin.17,Bacteroidota,Terpene
SRR29646159.bin.17,Bacteroidota,RiPPs
SRR29646159.bin.17,Bacteroidota,Terpene
SRR29646159.bin.17,Bacteroidota,RiPPs
SRR29646159.bin.17,Bacteroidota,PKSI
SRR29646159.bin.17,Bacteroidota,PKSother
SRR29646159.bin.17,Bacteroidota,Others
SRR29646159.bin.17,Bacteroidota,Others
SRR29646159.bin.17,Bacteroidota,Terpene
SRR29646159.bin.17,Bacteroidota,RiPPs
SRR29646159.bin.17,Bacteroidota,NRPS
SRR29646159.bin.17,Bacteroidota,NRPS
SRR29646159.bin.17,Bacteroidota,PKS-NRP_Hybrids
SRR29646159.bin.17,Bacteroidota,NRPS
SRR29646159.bin.17,Bacteroidota,NRPS
SRR29646159.bin.17,Bacteroidota,arylpolyene
SRR29646159.bin.17,Bacteroidota,arylpolyene
SRR29646159.bin.17,Bacteroidota,arylpolyene
SRR29646159.bin.2,Pseudomonadota,RiPPs
SRR29646159.bin.2,Pseudomonadota,RiPPs
SRR29646159.bin.2,Pseudomonadota,Others
SRR29646159.bin.2,Pseudomonadota,PKSI
SRR29646159.bin.22,Pseudomonadota,Others
SRR29646159.bin.22,Pseudomonadota,PKS-NRP_Hybrids
SRR29646159.bin.22,Pseudomonadota,resorcinol
SRR29646159.bin.22,Pseudomonadota,NRPS
SRR29646159.bin.22,Pseudomonadota,arylpolyene
SRR29646159.bin.22,Pseudomonadota,arylpolyene
SRR29646159.bin.23,Pseudomonadota,PKSI
SRR29646159.bin.23,Pseudomonadota,NRPS
SRR29646159.bin.23,Pseudomonadota,PKSI
SRR29646159.bin.23,Pseudomonadota,NRPS
SRR29646159.bin.23,Pseudomonadota,PKSI
SRR29646159.bin.23,Pseudomonadota,PKSI
SRR29646159.bin.23,Pseudomonadota,PKS-NRP_Hybrids
SRR29646159.bin.23,Pseudomonadota,arylpolyene
SRR29646159.bin.23,Pseudomonadota,Terpene
SRR29646159.bin.23,Pseudomonadota,PKSI
SRR29646159.bin.5,Bacteroidota,resorcinol
SRR29646159.bin.5,Bacteroidota,arylpolyene
SRR29646159.bin.5,Bacteroidota,Others
SRR29646159.bin.5,Bacteroidota,arylpolyene
SRR29646159.bin.5,Bacteroidota,arylpolyene
SRR29646159.bin.5,Bacteroidota,arylpolyene
SRR29646159.bin.5,Bacteroidota,PKSI
SRR29646159.bin.5,Bacteroidota,RiPPs
SRR29646159.bin.5,Bacteroidota,PKSother
SRR29646159.bin.7,Bacteroidota,arylpolyene
SRR29646159.bin.7,Bacteroidota,arylpolyene
SRR29646159.bin.7,Bacteroidota,arylpolyene
SRR29646160.bin.13,Acidobacteriota,RiPPs
SRR29646160.bin.13,Acidobacteriota,RiPPs
SRR29646160.bin.13,Acidobacteriota,NRPS
SRR29646160.bin.13,Acidobacteriota,Others
SRR29646160.bin.13,Acidobacteriota,PKSother
SRR29646160.bin.13,Acidobacteriota,PKSI
SRR29646160.bin.13,Acidobacteriota,Others
SRR29646160.bin.13,Acidobacteriota,RiPPs
SRR29646160.bin.13,Acidobacteriota,PKSother
SRR29646160.bin.13,Acidobacteriota,RiPPs
SRR29646160.bin.13,Acidobacteriota,Terpene
SRR29646160.bin.16,Myxococcota,RiPPs
SRR29646160.bin.16,Myxococcota,PKS-NRP_Hybrids
SRR29646160.bin.16,Myxococcota,NRPS
SRR29646160.bin.16,Myxococcota,PKSI
SRR29646160.bin.16,Myxococcota,arylpolyene
SRR29646160.bin.16,Myxococcota,PKSother
SRR29646160.bin.16,Myxococcota,Terpene
SRR29646160.bin.16,Myxococcota,NRPS
SRR29646160.bin.16,Myxococcota,RiPPs
SRR29646160.bin.16,Myxococcota,NRPS
SRR29646160.bin.16,Myxococcota,Terpene
SRR29646160.bin.16,Myxococcota,RiPPs
SRR29646160.bin.16,Myxococcota,PKSI
SRR29646160.bin.17,Acidobacteriota,Terpene
SRR29646160.bin.17,Acidobacteriota,PKSother
SRR29646160.bin.17,Acidobacteriota,PKSI
SRR29646160.bin.17,Acidobacteriota,RiPPs
SRR29646160.bin.21,Bacteroidota,PKSother
SRR29646160.bin.22,Pseudomonadota,Terpene
SRR29646160.bin.22,Pseudomonadota,Terpene
SRR29646160.bin.22,Pseudomonadota,PKSI
SRR29646160.bin.22,Pseudomonadota,NRPS
SRR29646160.bin.22,Pseudomonadota,PKSI
SRR29646160.bin.22,Pseudomonadota,PKSI
SRR29646160.bin.22,Pseudomonadota,NRPS
SRR29646160.bin.22,Pseudomonadota,NRPS
SRR29646160.bin.22,Pseudomonadota,arylpolyene
SRR29646160.bin.22,Pseudomonadota,NRPS
SRR29646160.bin.22,Pseudomonadota,PKSI
SRR29646160.bin.22,Pseudomonadota,PKSI
SRR29646160.bin.22,Pseudomonadota,arylpolyene
SRR29646160.bin.23,Pseudomonadota,NRPS
SRR29646160.bin.23,Pseudomonadota,NRPS
SRR29646160.bin.23,Pseudomonadota,NRPS
SRR29646160.bin.27,Bacteroidota,PKSother
SRR29646160.bin.3,Pseudomonadota,PKSother
SRR29646160.bin.35,Bacteroidota,NRPS
SRR29646160.bin.35,Bacteroidota,NRPS
SRR29646160.bin.35,Bacteroidota,NRPS
SRR29646160.bin.35,Bacteroidota,arylpolyene
SRR29646160.bin.35,Bacteroidota,arylpolyene
SRR29646160.bin.35,Bacteroidota,arylpolyene
SRR29646160.bin.35,Bacteroidota,RiPPs
SRR29646160.bin.40,Actinomycetota,PKSother
SRR29646160.bin.40,Actinomycetota,PKS-NRP_Hybrids
SRR29646160.bin.40,Actinomycetota,PKSI
SRR29646160.bin.40,Actinomycetota,PKSI
SRR29646160.bin.40,Actinomycetota,PKSI
SRR29646160.bin.40,Actinomycetota,Terpene
SRR29646160.bin.40,Actinomycetota,PKSother
SRR29646160.bin.40,Actinomycetota,NRPS
SRR29646160.bin.40,Actinomycetota,PKSI
SRR29646160.bin.40,Actinomycetota,NRPS
SRR29646160.bin.40,Actinomycetota,Terpene
SRR29646160.bin.40,Actinomycetota,Others
SRR29646160.bin.40,Actinomycetota,Others
SRR29646160.bin.40,Actinomycetota,RiPPs
SRR29646160.bin.40,Actinomycetota,PKSI
SRR29646160.bin.40,Actinomycetota,NRPS
SRR29646160.bin.40,Actinomycetota,PKSI
SRR29646160.bin.40,Actinomycetota,PKSI
SRR29646160.bin.40,Actinomycetota,Terpene
SRR29646160.bin.40,Actinomycetota,NRPS
SRR29646160.bin.40,Actinomycetota,NRPS
SRR29646160.bin.41,Gemmatimonadota,NRPS
SRR29646160.bin.8,Pseudomonadota,Terpene
SRR29646160.bin.8,Pseudomonadota,PKSI
SRR29646161.bin.28,Pseudomonadota,RiPPs
SRR29646161.bin.28,Pseudomonadota,PKSother
SRR29646161.bin.28,Pseudomonadota,Terpene
SRR29646161.bin.37,Pseudomonadota,RiPPs
SRR29646161.bin.37,Pseudomonadota,NRPS
SRR29646161.bin.37,Pseudomonadota,NRPS
SRR29646161.bin.37,Pseudomonadota,NRPS
SRR29646161.bin.37,Pseudomonadota,NRPS
SRR29646161.bin.37,Pseudomonadota,PKSI
SRR29646161.bin.37,Pseudomonadota,NRPS
SRR29646161.bin.37,Pseudomonadota,phosphonate
SRR29646161.bin.40,Pseudomonadota,PKSother
SRR29646161.bin.45,Bacteroidota,PKSother
SRR29646161.bin.45,Bacteroidota,NRPS
SRR29646161.bin.45,Bacteroidota,NRPS
SRR29646161.bin.45,Bacteroidota,RiPPs
SRR29646161.bin.45,Bacteroidota,Terpene
SRR29689609.bin.11,Pseudomonadota,NRPS
SRR29689609.bin.11,Pseudomonadota,arylpolyene
SRR29689609.bin.11,Pseudomonadota,arylpolyene
SRR29689609.bin.2,Bacteroidota,Terpene
SRR29689609.bin.2,Bacteroidota,PKSother
SRR29689609.bin.2,Bacteroidota,phosphonate
SRR29689609.bin.32,Pseudomonadota,RiPPs
SRR29689609.bin.34,Actinomycetota,NRPS
SRR29689609.bin.34,Actinomycetota,Others
SRR29689609.bin.34,Actinomycetota,NRPS
SRR29689609.bin.57,Bacteroidota,PKSother
SRR29689609.bin.57,Bacteroidota,arylpolyene
SRR29689609.bin.59,Pseudomonadota,Others
SRR29689609.bin.59,Pseudomonadota,RiPPs
SRR29689609.bin.59,Pseudomonadota,Others
SRR29689609.bin.59,Pseudomonadota,NRPS
SRR29689609.bin.6,Pseudomonadota,arylpolyene
SRR29689609.bin.6,Pseudomonadota,RiPPs
SRR29689609.bin.6,Pseudomonadota,NRPS
SRR29689609.bin.67,Pseudomonadota,NRPS
SRR29689609.bin.67,Pseudomonadota,NRPS
SRR29689609.bin.67,Pseudomonadota,NRPS
SRR29689609.bin.67,Pseudomonadota,NRPS
SRR29689609.bin.67,Pseudomonadota,Others
SRR29689609.bin.67,Pseudomonadota,NRPS
SRR29689609.bin.67,Pseudomonadota,Terpene
SRR29689609.bin.67,Pseudomonadota,arylpolyene
SRR29689609.bin.67,Pseudomonadota,arylpolyene
SRR29689609.bin.67,Pseudomonadota,RiPPs
SRR29689609.bin.78,Pseudomonadota,NRPS
SRR29689609.bin.78,Pseudomonadota,arylpolyene
SRR29689609.bin.78,Pseudomonadota,arylpolyene
SRR29689609.bin.78,Pseudomonadota,NRPS
SRR29689609.bin.8,Bacteroidota,arylpolyene
SRR29689609.bin.8,Bacteroidota,arylpolyene
SRR29689609.bin.8,Bacteroidota,arylpolyene
SRR29689609.bin.8,Bacteroidota,PKSother
SRR29689609.bin.83,Pseudomonadota,Others
SRR29689609.bin.83,Pseudomonadota,Others
SRR29689609.bin.83,Pseudomonadota,Others
SRR29689609.bin.83,Pseudomonadota,RiPPs
SRR29689609.bin.83,Pseudomonadota,arylpolyene
SRR29689609.bin.83,Pseudomonadota,arylpolyene
SRR29689609.bin.83,Pseudomonadota,PKSI
SRR29689609.bin.84,Bacteroidota,NRPS
SRR29689609.bin.84,Bacteroidota,NRPS
SRR29689609.bin.84,Bacteroidota,NRPS
SRR29689609.bin.84,Bacteroidota,NRPS
SRR29689609.bin.84,Bacteroidota,NRPS
SRR29689609.bin.84,Bacteroidota,NRPS
SRR29689609.bin.84,Bacteroidota,NRPS
SRR29689609.bin.84,Bacteroidota,NRPS
SRR29689609.bin.84,Bacteroidota,NRPS
SRR29689609.bin.84,Bacteroidota,NRPS
SRR29689609.bin.84,Bacteroidota,NRPS
SRR29689609.bin.84,Bacteroidota,NRPS
SRR29689609.bin.84,Bacteroidota,NRPS
SRR29689609.bin.84,Bacteroidota,resorcinol
SRR29689609.bin.84,Bacteroidota,arylpolyene
SRR29689609.bin.84,Bacteroidota,arylpolyene
SRR29689609.bin.84,Bacteroidota,Others
SRR29689609.bin.84,Bacteroidota,NRPS
SRR29689609.bin.84,Bacteroidota,PKSother
SRR29689609.bin.84,Bacteroidota,NRPS
SRR29689609.bin.93,Pseudomonadota,arylpolyene
SRR29689609.bin.93,Pseudomonadota,arylpolyene
SRR29689609.bin.93,Pseudomonadota,RiPPs
SRR29689609.bin.93,Pseudomonadota,RiPPs
SRR29689609.bin.99,Myxococcota,NRPS
SRR29689609.bin.99,Myxococcota,NRPS
SRR29689609.bin.99,Myxococcota,Terpene
SRR29689610.bin.15,Pseudomonadota,RiPPs
SRR29689610.bin.20,Verrucomicrobiota,PKSother
SRR29689610.bin.20,Verrucomicrobiota,PKS-NRP_Hybrids
SRR29689610.bin.20,Verrucomicrobiota,NRPS
SRR29689610.bin.29,Pseudomonadota,Others
SRR29689610.bin.29,Pseudomonadota,Others
SRR29689610.bin.29,Pseudomonadota,Others
SRR29689610.bin.29,Pseudomonadota,Others
SRR29689610.bin.50,Pseudomonadota,RiPPs
SRR29689610.bin.50,Pseudomonadota,arylpolyene
SRR29689610.bin.50,Pseudomonadota,arylpolyene
SRR29689610.bin.58,Bacteroidota,RiPPs
SRR29689610.bin.59,Myxococcota,NRPS
SRR29689610.bin.59,Myxococcota,NRPS
SRR29689610.bin.59,Myxococcota,NRPS
SRR29689610.bin.59,Myxococcota,NRPS
SRR29689610.bin.59,Myxococcota,NRPS
SRR29689610.bin.59,Myxococcota,NRPS
SRR29689610.bin.59,Myxococcota,RiPPs
SRR29689610.bin.59,Myxococcota,NRPS
SRR29689610.bin.59,Myxococcota,NRPS
SRR29689610.bin.59,Myxococcota,NRPS
SRR29689610.bin.59,Myxococcota,NRPS
SRR29689610.bin.59,Myxococcota,Others
SRR29689610.bin.59,Myxococcota,RiPPs
SRR29689610.bin.59,Myxococcota,PKS-NRP_Hybrids
SRR29689610.bin.59,Myxococcota,Others
SRR29689610.bin.59,Myxococcota,NRPS
SRR29689610.bin.59,Myxococcota,NRPS
SRR29689610.bin.59,Myxococcota,NRPS
SRR29689610.bin.59,Myxococcota,NRPS
SRR29689610.bin.59,Myxococcota,RiPPs
SRR29689610.bin.59,Myxococcota,RiPPs
SRR29689610.bin.59,Myxococcota,PKSother
SRR29689610.bin.59,Myxococcota,NRPS
SRR29689610.bin.59,Myxococcota,NRPS
SRR29689610.bin.59,Myxococcota,PKS-NRP_Hybrids
SRR29689610.bin.59,Myxococcota,NRPS
SRR29689610.bin.59,Myxococcota,RiPPs
SRR29689610.bin.59,Myxococcota,PKSother
SRR29689610.bin.59,Myxococcota,NRPS
SRR29689610.bin.59,Myxococcota,NRPS
SRR29689610.bin.59,Myxococcota,NRPS
SRR29689610.bin.59,Myxococcota,NRPS
SRR29689610.bin.59,Myxococcota,RiPPs
SRR29689610.bin.59,Myxococcota,NRPS
SRR29689610.bin.59,Myxococcota,NRPS
SRR29689610.bin.59,Myxococcota,Others
SRR29689610.bin.59,Myxococcota,NRPS
SRR29689610.bin.59,Myxococcota,NRPS
SRR29689610.bin.59,Myxococcota,NRPS
SRR29689610.bin.59,Myxococcota,NRPS
SRR29689610.bin.59,Myxococcota,RiPPs
SRR29689610.bin.59,Myxococcota,NRPS
SRR29689610.bin.59,Myxococcota,NRPS
SRR29689610.bin.59,Myxococcota,Terpene
SRR29689610.bin.73,Fibrobacterota,Terpene
SRR29689610.bin.73,Fibrobacterota,Terpene
SRR29689610.bin.73,Fibrobacterota,PKSother
SRR29689610.bin.76,Pseudomonadota,arylpolyene
SRR29689610.bin.76,Pseudomonadota,arylpolyene
SRR29689610.bin.76,Pseudomonadota,NRPS
SRR29689610.bin.76,Pseudomonadota,NRPS
SRR29689610.bin.79,Pseudomonadota,NRPS
SRR29689610.bin.79,Pseudomonadota,NRPS
SRR29689610.bin.79,Pseudomonadota,RiPPs
SRR29689610.bin.79,Pseudomonadota,RiPPs
SRR29689610.bin.79,Pseudomonadota,NRPS
SRR29689610.bin.79,Pseudomonadota,NRPS
SRR29689610.bin.79,Pseudomonadota,resorcinol
SRR29689610.bin.86,Planctomycetota,Terpene
SRR29689611.bin.10,Pseudomonadota,Others
SRR29689611.bin.10,Pseudomonadota,Others
SRR29689611.bin.10,Pseudomonadota,resorcinol
SRR29689611.bin.10,Pseudomonadota,arylpolyene
SRR29689611.bin.2,Verrucomicrobiota,NRPS
SRR29689611.bin.2,Verrucomicrobiota,PKSI
SRR29689611.bin.2,Verrucomicrobiota,arylpolyene
SRR29689611.bin.26,Pseudomonadota,RiPPs
SRR29689611.bin.26,Pseudomonadota,arylpolyene
SRR29689611.bin.26,Pseudomonadota,arylpolyene
SRR29689611.bin.28,Bacteroidota,Terpene
SRR29689611.bin.4,Pseudomonadota,arylpolyene
SRR29689611.bin.4,Pseudomonadota,Others
SRR29689611.bin.4,Pseudomonadota,Others
SRR29689611.bin.44,Pseudomonadota,NRPS
SRR29689611.bin.44,Pseudomonadota,NRPS
SRR29689611.bin.44,Pseudomonadota,PKSI
SRR29689611.bin.44,Pseudomonadota,RiPPs
SRR29689611.bin.48,Pseudomonadota,NRPS
SRR29689611.bin.48,Pseudomonadota,NRPS
SRR29689611.bin.48,Pseudomonadota,NRPS
SRR29689611.bin.48,Pseudomonadota,PKS-NRP_Hybrids
SRR29689611.bin.48,Pseudomonadota,arylpolyene
SRR29689611.bin.48,Pseudomonadota,arylpolyene
SRR29689611.bin.6,Bacteroidota,Terpene
SRR29689611.bin.65,Verrucomicrobiota,PKSI
SRR29689611.bin.65,Verrucomicrobiota,arylpolyene
SRR29689611.bin.69,Pseudomonadota,NRPS
SRR29689611.bin.69,Pseudomonadota,NRPS
SRR29689611.bin.69,Pseudomonadota,NRPS
SRR29689611.bin.69,Pseudomonadota,NRPS
SRR29689611.bin.69,Pseudomonadota,NRPS
SRR29689611.bin.69,Pseudomonadota,NRPS
SRR29689611.bin.69,Pseudomonadota,NRPS
SRR29689611.bin.69,Pseudomonadota,resorcinol
SRR29689611.bin.69,Pseudomonadota,NRPS
SRR29689611.bin.75,Bacillota,Terpene
SRR29689611.bin.75,Bacillota,Others
SRR29689611.bin.75,Bacillota,Others
SRR29689611.bin.75,Bacillota,RiPPs
SRR29689611.bin.75,Bacillota,RiPPs
SRR29689611.bin.78,Myxococcota,NRPS
SRR29689611.bin.78,Myxococcota,Others
SRR29689611.bin.78,Myxococcota,Others
SRR29689611.bin.78,Myxococcota,Terpene
SRR29689611.bin.78,Myxococcota,PKS-NRP_Hybrids
SRR29689611.bin.78,Myxococcota,NRPS
SRR29689611.bin.78,Myxococcota,arylpolyene
SRR29689611.bin.78,Myxococcota,PKSother
SRR29689611.bin.78,Myxococcota,PKSI
SRR29689611.bin.78,Myxococcota,NRPS
SRR29689611.bin.78,Myxococcota,NRPS
SRR29689611.bin.78,Myxococcota,NRPS
SRR29689611.bin.78,Myxococcota,NRPS
SRR29689611.bin.78,Myxococcota,NRPS
SRR29689611.bin.78,Myxococcota,PKSI
SRR29689611.bin.78,Myxococcota,NRPS
SRR29689611.bin.78,Myxococcota,Others
SRR29689611.bin.90,Myxococcota,NRPS
SRR29689611.bin.90,Myxococcota,PKSI
SRR29689611.bin.90,Myxococcota,arylpolyene
SRR29689611.bin.90,Myxococcota,Others
SRR29689611.bin.90,Myxococcota,Others
SRR29689611.bin.90,Myxococcota,arylpolyene
SRR29689611.bin.90,Myxococcota,NRPS
SRR29689611.bin.90,Myxococcota,Terpene
SRR29689611.bin.90,Myxococcota,Terpene
SRR29689611.bin.90,Myxococcota,Terpene
SRR29689611.bin.90,Myxococcota,RiPPs
SRR29689611.bin.90,Myxococcota,PKS-NRP_Hybrids
SRR29792380.bin.3,Gemmatimonadota,RiPPs
SRR29792381.bin.4,Pseudomonadota,Others
SRR29792381.bin.4,Pseudomonadota,NRPS
SRR31572239.bin.5,Bdellovibrionota,PKSother
SRR31572239.bin.5,Bdellovibrionota,RiPPs
SRR31572239.bin.5,Bdellovibrionota,Others
SRR31572239.bin.5,Bdellovibrionota,Others
SRR31572239.bin.6,Pseudomonadota,resorcinol
SRR31572239.bin.6,Pseudomonadota,Others
SRR31572239.bin.6,Pseudomonadota,Others
SRR31572239.bin.6,Pseudomonadota,NRPS
SRR31572239.bin.6,Pseudomonadota,RiPPs
SRR31572241.bin.1,Pseudomonadota,Terpene
SRR31572241.bin.15,Pseudomonadota,NRPS
SRR31572241.bin.15,Pseudomonadota,arylpolyene
SRR31572241.bin.15,Pseudomonadota,arylpolyene
SRR31572241.bin.15,Pseudomonadota,Terpene
SRR31572241.bin.15,Pseudomonadota,NRPS
SRR31572241.bin.18,Bacteroidota,PKSother
SRR31572241.bin.18,Bacteroidota,Terpene
SRR31572241.bin.18,Bacteroidota,resorcinol
SRR31572241.bin.18,Bacteroidota,arylpolyene
SRR31572241.bin.18,Bacteroidota,arylpolyene
SRR31572241.bin.18,Bacteroidota,arylpolyene
SRR31572241.bin.20,Pseudomonadota,arylpolyene
SRR31572241.bin.27,Pseudomonadota,NRPS
SRR31572241.bin.27,Pseudomonadota,NRPS
SRR31572241.bin.27,Pseudomonadota,NRPS
SRR31572241.bin.27,Pseudomonadota,NRPS
SRR31572241.bin.27,Pseudomonadota,arylpolyene
SRR31572241.bin.27,Pseudomonadota,arylpolyene
SRR31572241.bin.27,Pseudomonadota,NRPS
SRR31572241.bin.27,Pseudomonadota,NRPS
SRR31572241.bin.27,Pseudomonadota,RiPPs
SRR31572241.bin.32,Pseudomonadota,NRPS
SRR31572241.bin.32,Pseudomonadota,NRPS
SRR31572241.bin.32,Pseudomonadota,NRPS
SRR31572241.bin.32,Pseudomonadota,NRPS
SRR31572241.bin.32,Pseudomonadota,NRPS
SRR31572241.bin.32,Pseudomonadota,NRPS
SRR31572241.bin.32,Pseudomonadota,RiPPs
SRR31572241.bin.32,Pseudomonadota,RiPPs
SRR31572241.bin.32,Pseudomonadota,NRPS
SRR31572241.bin.32,Pseudomonadota,Others
SRR31572241.bin.32,Pseudomonadota,NRPS
SRR31572241.bin.32,Pseudomonadota,NRPS
SRR31572241.bin.32,Pseudomonadota,PKSI
SRR31572241.bin.32,Pseudomonadota,NRPS
SRR31572242.bin.1,Actinomycetota,RiPPs
SRR31572242.bin.1,Actinomycetota,NRPS
SRR31572242.bin.1,Actinomycetota,NRPS
SRR31572242.bin.1,Actinomycetota,NRPS
SRR31572242.bin.1,Actinomycetota,NRPS
SRR31572242.bin.1,Actinomycetota,NRPS
SRR31572242.bin.1,Actinomycetota,NRPS
SRR31572242.bin.1,Actinomycetota,Terpene
SRR31572242.bin.1,Actinomycetota,NRPS
SRR31572242.bin.1,Actinomycetota,NRPS
SRR31572242.bin.1,Actinomycetota,PKSI
SRR31572242.bin.21,Pseudomonadota,RiPPs
SRR31572242.bin.21,Pseudomonadota,RiPPs
SRR31572242.bin.21,Pseudomonadota,PKSI
SRR31572242.bin.29,Pseudomonadota,NRPS
SRR31572242.bin.3,Bacillota_A,NRPS
SRR31572242.bin.3,Bacillota_A,RiPPs
SRR31572242.bin.3,Bacillota_A,NRPS
SRR31572242.bin.4,Pseudomonadota,arylpolyene
SRR31572242.bin.4,Pseudomonadota,arylpolyene
SRR31572242.bin.4,Pseudomonadota,Others
SRR31572242.bin.4,Pseudomonadota,RiPPs
SRR31572242.bin.4,Pseudomonadota,NRPS
SRR31572242.bin.4,Pseudomonadota,PKS-NRP_Hybrids
SRR31572242.bin.5,Pseudomonadota,RiPPs
SRR31572242.bin.7,Pseudomonadota,NRPS
SRR31572242.bin.7,Pseudomonadota,NRPS
SRR31572242.bin.7,Pseudomonadota,Terpene
SRR31572242.bin.7,Pseudomonadota,arylpolyene
SRR31572242.bin.7,Pseudomonadota,arylpolyene
SRR31572242.bin.7,Pseudomonadota,RiPPs
SRR31572242.bin.7,Pseudomonadota,arylpolyene
SRR31572242.bin.7,Pseudomonadota,arylpolyene
SRR31572243.bin.1,Bacillota_A,RiPPs
SRR31572243.bin.12,Pseudomonadota,NRPS
SRR31572243.bin.16,Actinomycetota,NRPS
SRR31572243.bin.16,Actinomycetota,NRPS
SRR31572243.bin.16,Actinomycetota,NRPS
SRR31572243.bin.16,Actinomycetota,NRPS
SRR31572243.bin.16,Actinomycetota,Terpene
SRR31572243.bin.16,Actinomycetota,NRPS
SRR31572243.bin.16,Actinomycetota,PKSother
SRR31572243.bin.16,Actinomycetota,PKSother
SRR31572243.bin.16,Actinomycetota,PKSI
SRR31572243.bin.16,Actinomycetota,NRPS
SRR31572243.bin.16,Actinomycetota,NRPS
SRR31572243.bin.16,Actinomycetota,NRPS
SRR31572243.bin.2,Pseudomonadota,NRPS
SRR31572243.bin.2,Pseudomonadota,NRPS
SRR31572243.bin.2,Pseudomonadota,NRPS
SRR31572243.bin.2,Pseudomonadota,NRPS
SRR31572243.bin.2,Pseudomonadota,NRPS
SRR31572243.bin.2,Pseudomonadota,NRPS
SRR31572243.bin.2,Pseudomonadota,NRPS
SRR31572243.bin.2,Pseudomonadota,NRPS
SRR31572243.bin.2,Pseudomonadota,NRPS
SRR31572243.bin.2,Pseudomonadota,NRPS
SRR31572243.bin.2,Pseudomonadota,NRPS
SRR31572243.bin.2,Pseudomonadota,NRPS
SRR31572243.bin.2,Pseudomonadota,NRPS
SRR31572243.bin.2,Pseudomonadota,NRPS
SRR31572243.bin.2,Pseudomonadota,NRPS
SRR31572243.bin.2,Pseudomonadota,NRPS
SRR31572243.bin.2,Pseudomonadota,NRPS
SRR31572243.bin.2,Pseudomonadota,arylpolyene
SRR31572243.bin.2,Pseudomonadota,arylpolyene
SRR31572243.bin.2,Pseudomonadota,NRPS
SRR31572243.bin.2,Pseudomonadota,NRPS
SRR31572243.bin.2,Pseudomonadota,NRPS
SRR31572243.bin.2,Pseudomonadota,NRPS
SRR31572243.bin.2,Pseudomonadota,NRPS
SRR31572243.bin.2,Pseudomonadota,NRPS
SRR31572243.bin.2,Pseudomonadota,NRPS
SRR31572243.bin.2,Pseudomonadota,NRPS
SRR31572243.bin.2,Pseudomonadota,NRPS
SRR31572243.bin.2,Pseudomonadota,NRPS
SRR31572243.bin.22,Pseudomonadota,NRPS
SRR31572243.bin.22,Pseudomonadota,NRPS
SRR31572243.bin.22,Pseudomonadota,NRPS
SRR31572243.bin.22,Pseudomonadota,NRPS
SRR31572243.bin.22,Pseudomonadota,PKSI
SRR31572243.bin.22,Pseudomonadota,NRPS
SRR31572243.bin.22,Pseudomonadota,NRPS
SRR31572243.bin.22,Pseudomonadota,resorcinol
SRR31572243.bin.22,Pseudomonadota,RiPPs
SRR31572243.bin.22,Pseudomonadota,PKS-NRP_Hybrids
SRR31572243.bin.22,Pseudomonadota,resorcinol
SRR31572243.bin.22,Pseudomonadota,arylpolyene
SRR31572243.bin.26,Actinomycetota,Others
SRR31572243.bin.26,Actinomycetota,Others
SRR31572243.bin.26,Actinomycetota,Terpene
SRR31572243.bin.26,Actinomycetota,Terpene
SRR31572243.bin.26,Actinomycetota,NRPS
SRR31572243.bin.26,Actinomycetota,PKSother
SRR31572243.bin.26,Actinomycetota,NRPS
SRR31572243.bin.32,Pseudomonadota,Terpene
SRR31572243.bin.32,Pseudomonadota,PKSother
SRR31572243.bin.33,Pseudomonadota,Terpene
SRR31572243.bin.33,Pseudomonadota,NRPS
SRR31572243.bin.33,Pseudomonadota,RiPPs
SRR31572244.bin.11,Bacteroidota,NRPS
SRR31572244.bin.11,Bacteroidota,NRPS
SRR31572244.bin.11,Bacteroidota,PKSother
SRR31572244.bin.11,Bacteroidota,NRPS
SRR31572244.bin.11,Bacteroidota,NRPS
SRR31572244.bin.11,Bacteroidota,NRPS
SRR31572244.bin.11,Bacteroidota,NRPS
SRR31572244.bin.11,Bacteroidota,NRPS
SRR31572244.bin.11,Bacteroidota,NRPS
SRR31572244.bin.12,Pseudomonadota,arylpolyene
SRR31572244.bin.12,Pseudomonadota,arylpolyene
SRR31572244.bin.12,Pseudomonadota,RiPPs
SRR31572244.bin.12,Pseudomonadota,NRPS
SRR31572244.bin.12,Pseudomonadota,Others
SRR31572244.bin.12,Pseudomonadota,Others
SRR31572244.bin.13,Pseudomonadota,arylpolyene
SRR31572244.bin.13,Pseudomonadota,NRPS
SRR31572244.bin.13,Pseudomonadota,NRPS
SRR31572244.bin.13,Pseudomonadota,Others
SRR31572244.bin.13,Pseudomonadota,NRPS
SRR31572244.bin.13,Pseudomonadota,NRPS
SRR31572244.bin.13,Pseudomonadota,PKS-NRP_Hybrids
SRR31572244.bin.13,Pseudomonadota,NRPS
SRR31572244.bin.13,Pseudomonadota,resorcinol
SRR31572244.bin.13,Pseudomonadota,NRPS
SRR31572244.bin.15,Pseudomonadota,Terpene
SRR31572244.bin.18,Bacillota_A,NRPS
SRR31572244.bin.21,Bacillota_A,RiPPs
SRR31572244.bin.21,Bacillota_A,NRPS
SRR31572244.bin.21,Bacillota_A,RiPPs
SRR31572244.bin.5,Actinomycetota,NRPS
SRR31572244.bin.5,Actinomycetota,NRPS
SRR31572244.bin.5,Actinomycetota,NRPS
SRR31572244.bin.5,Actinomycetota,RiPPs
SRR31572244.bin.5,Actinomycetota,RiPPs
SRR31572244.bin.5,Actinomycetota,Others
SRR31572244.bin.5,Actinomycetota,Others
SRR31572244.bin.5,Actinomycetota,NRPS
SRR31572244.bin.5,Actinomycetota,Others
SRR31572244.bin.5,Actinomycetota,PKSI
SRR31572244.bin.5,Actinomycetota,PKSI
SRR31572244.bin.5,Actinomycetota,NRPS
SRR31572244.bin.5,Actinomycetota,NRPS
SRR31572244.bin.5,Actinomycetota,NRPS
SRR31572244.bin.5,Actinomycetota,RiPPs
SRR31572244.bin.5,Actinomycetota,RiPPs
SRR31572244.bin.5,Actinomycetota,NRPS
SRR31572244.bin.5,Actinomycetota,NRPS
SRR31572244.bin.5,Actinomycetota,NRPS
SRR31572244.bin.5,Actinomycetota,NRPS
SRR31572244.bin.5,Actinomycetota,RiPPs
SRR31572244.bin.5,Actinomycetota,NRPS
SRR31572244.bin.5,Actinomycetota,PKSother
SRR31572244.bin.5,Actinomycetota,Terpene
SRR31572244.bin.5,Actinomycetota,Terpene
SRR31572244.bin.5,Actinomycetota,RiPPs
SRR31572244.bin.5,Actinomycetota,Others
SRR31572244.bin.5,Actinomycetota,Others
SRR31572244.bin.5,Actinomycetota,RiPPs
SRR31572244.bin.5,Actinomycetota,RiPPs
SRR31572244.bin.5,Actinomycetota,Terpene
SRR31572244.bin.5,Actinomycetota,PKSother
SRR31572244.bin.5,Actinomycetota,Terpene
SRR31572244.bin.5,Actinomycetota,Others
SRR31572244.bin.5,Actinomycetota,Others
SRR31572244.bin.5,Actinomycetota,RiPPs
SRR31572244.bin.5,Actinomycetota,PKSI
SRR31572244.bin.5,Actinomycetota,NRPS
SRR31572244.bin.5,Actinomycetota,PKSI
SRR31674855.bin.18,Acidobacteriota,PKSI
SRR31674855.bin.18,Acidobacteriota,PKSI
SRR31674855.bin.18,Acidobacteriota,NRPS
SRR31674855.bin.18,Acidobacteriota,NRPS
SRR31674855.bin.18,Acidobacteriota,NRPS
SRR31674855.bin.18,Acidobacteriota,NRPS
SRR31674855.bin.18,Acidobacteriota,NRPS
SRR31674855.bin.18,Acidobacteriota,NRPS
SRR31674855.bin.18,Acidobacteriota,PKSI
SRR31674855.bin.18,Acidobacteriota,NRPS
SRR31674855.bin.18,Acidobacteriota,NRPS
SRR31674855.bin.18,Acidobacteriota,NRPS
SRR31674855.bin.18,Acidobacteriota,NRPS
SRR31674855.bin.18,Acidobacteriota,PKSother
SRR31674855.bin.18,Acidobacteriota,NRPS
SRR31674855.bin.18,Acidobacteriota,NRPS
SRR31674855.bin.18,Acidobacteriota,NRPS
SRR31674855.bin.18,Acidobacteriota,NRPS
SRR31674855.bin.18,Acidobacteriota,NRPS
SRR31674855.bin.18,Acidobacteriota,NRPS
SRR31674855.bin.18,Acidobacteriota,NRPS
SRR31674855.bin.18,Acidobacteriota,PKSI
SRR31674855.bin.18,Acidobacteriota,NRPS
SRR31674855.bin.18,Acidobacteriota,NRPS
SRR31674855.bin.18,Acidobacteriota,NRPS
SRR31674855.bin.18,Acidobacteriota,NRPS
SRR31674855.bin.18,Acidobacteriota,RiPPs
SRR31674855.bin.18,Acidobacteriota,NRPS
SRR31674855.bin.18,Acidobacteriota,NRPS
SRR31674855.bin.18,Acidobacteriota,NRPS
SRR31674855.bin.18,Acidobacteriota,PKSI
SRR31674855.bin.18,Acidobacteriota,NRPS
SRR31674855.bin.18,Acidobacteriota,NRPS
SRR31674855.bin.18,Acidobacteriota,NRPS
SRR31674855.bin.18,Acidobacteriota,NRPS
SRR31674855.bin.18,Acidobacteriota,NRPS
SRR31674855.bin.18,Acidobacteriota,NRPS
SRR31674855.bin.4,Actinomycetota,phosphonate
SRR31674855.bin.4,Actinomycetota,PKSother
SRR31674855.bin.4,Actinomycetota,RiPPs
SRR31674855.bin.7,Pseudomonadota,arylpolyene
SRR31674856.bin.10,Pseudomonadota,NRPS
SRR31674856.bin.15,Actinomycetota,NRPS
SRR31674856.bin.19,Methylomirabilota,Terpene
SRR31674856.bin.19,Methylomirabilota,phosphonate
SRR31674856.bin.19,Methylomirabilota,NRPS
SRR31674856.bin.19,Methylomirabilota,Terpene
SRR31674856.bin.19,Methylomirabilota,Others
SRR31674856.bin.28,Acidobacteriota,NRPS
SRR31674856.bin.28,Acidobacteriota,NRPS
SRR31674856.bin.28,Acidobacteriota,NRPS
SRR31674856.bin.28,Acidobacteriota,NRPS
SRR31674856.bin.28,Acidobacteriota,NRPS
SRR31674856.bin.28,Acidobacteriota,NRPS
SRR31674856.bin.28,Acidobacteriota,NRPS
SRR31674856.bin.28,Acidobacteriota,NRPS
SRR31674856.bin.28,Acidobacteriota,NRPS
SRR31674856.bin.28,Acidobacteriota,NRPS
SRR31674856.bin.28,Acidobacteriota,NRPS
SRR31674856.bin.28,Acidobacteriota,PKS-NRP_Hybrids
SRR31674856.bin.28,Acidobacteriota,NRPS
SRR31674856.bin.28,Acidobacteriota,NRPS
SRR31674856.bin.28,Acidobacteriota,NRPS
SRR31674856.bin.28,Acidobacteriota,NRPS
SRR31674856.bin.28,Acidobacteriota,NRPS
SRR31674856.bin.28,Acidobacteriota,NRPS
SRR31674856.bin.28,Acidobacteriota,NRPS
SRR31674856.bin.28,Acidobacteriota,NRPS
SRR31674856.bin.28,Acidobacteriota,NRPS
SRR31674856.bin.28,Acidobacteriota,NRPS
SRR31674856.bin.28,Acidobacteriota,Others
SRR31674856.bin.28,Acidobacteriota,PKSI
SRR31674856.bin.28,Acidobacteriota,NRPS
SRR31674856.bin.28,Acidobacteriota,PKS-NRP_Hybrids
SRR31674856.bin.28,Acidobacteriota,PKSother
SRR31674856.bin.28,Acidobacteriota,NRPS
SRR31674856.bin.28,Acidobacteriota,NRPS
SRR31674856.bin.28,Acidobacteriota,PKSI
SRR31674856.bin.28,Acidobacteriota,NRPS
SRR31674856.bin.28,Acidobacteriota,NRPS
SRR31674856.bin.28,Acidobacteriota,NRPS
SRR31674856.bin.28,Acidobacteriota,NRPS
SRR31674856.bin.28,Acidobacteriota,PKSI
SRR31674856.bin.28,Acidobacteriota,NRPS
SRR31674856.bin.28,Acidobacteriota,NRPS
SRR31674856.bin.28,Acidobacteriota,NRPS
SRR31674856.bin.28,Acidobacteriota,NRPS
SRR31674856.bin.28,Acidobacteriota,NRPS
SRR31674856.bin.28,Acidobacteriota,NRPS
SRR31674856.bin.28,Acidobacteriota,NRPS
SRR31674856.bin.28,Acidobacteriota,PKS-NRP_Hybrids
SRR31674856.bin.28,Acidobacteriota,NRPS
SRR31674856.bin.28,Acidobacteriota,NRPS
SRR31674856.bin.28,Acidobacteriota,RiPPs
SRR31674856.bin.28,Acidobacteriota,NRPS
SRR31674856.bin.28,Acidobacteriota,PKS-NRP_Hybrids
SRR31674856.bin.28,Acidobacteriota,NRPS
SRR31674856.bin.28,Acidobacteriota,NRPS
SRR31674856.bin.32,Actinomycetota,Terpene
SRR31674856.bin.32,Actinomycetota,Terpene
SRR31674856.bin.32,Actinomycetota,Terpene
SRR31674856.bin.32,Actinomycetota,Others
SRR31674856.bin.32,Actinomycetota,PKSI
SRR31674856.bin.32,Actinomycetota,PKSother
SRR31674856.bin.4,Acidobacteriota,NRPS
SRR31674856.bin.4,Acidobacteriota,NRPS
SRR31674856.bin.4,Acidobacteriota,PKSother
SRR32147493.bin.27,Acidobacteriota,RiPPs
SRR32147493.bin.27,Acidobacteriota,RiPPs
SRR32147493.bin.27,Acidobacteriota,NRPS
SRR32147493.bin.28,Chloroflexota,arylpolyene
SRR32147493.bin.32,Eisenbacteria,PKSother
SRR32147493.bin.4,Chloroflexota,NRPS
SRR32147493.bin.42,Pseudomonadota,arylpolyene
SRR32147493.bin.42,Pseudomonadota,RiPPs
SRR32147493.bin.42,Pseudomonadota,resorcinol
SRR32147493.bin.51,Actinomycetota,NRPS
SRR32147493.bin.51,Actinomycetota,NRPS
SRR32147493.bin.60,Actinomycetota,Others
SRR32147493.bin.60,Actinomycetota,NRPS
SRR32147493.bin.60,Actinomycetota,NRPS
SRR32147493.bin.68,Pseudomonadota,arylpolyene
SRR32147493.bin.68,Pseudomonadota,NRPS
SRR32147493.bin.68,Pseudomonadota,NRPS
SRR32147493.bin.74,Planctomycetota,PKSI
SRR32147493.bin.74,Planctomycetota,PKSother
SRR32147493.bin.74,Planctomycetota,RiPPs
SRR32147493.bin.74,Planctomycetota,NRPS
SRR32147493.bin.74,Planctomycetota,PKSI
SRR32147493.bin.74,Planctomycetota,arylpolyene
SRR32147493.bin.74,Planctomycetota,PKSother
SRR32147493.bin.74,Planctomycetota,NRPS
SRR32147493.bin.74,Planctomycetota,arylpolyene
SRR32147493.bin.77,Chloroflexota,PKSI
SRR32147493.bin.77,Chloroflexota,PKSother
SRR32147493.bin.77,Chloroflexota,PKSother
SRR32147493.bin.80,Acidobacteriota,NRPS
SRR32147493.bin.80,Acidobacteriota,NRPS
SRR32147493.bin.80,Acidobacteriota,NRPS
SRR32147493.bin.80,Acidobacteriota,PKSI
SRR32147493.bin.80,Acidobacteriota,PKSI
SRR32147493.bin.80,Acidobacteriota,NRPS
SRR32147493.bin.80,Acidobacteriota,Terpene
SRR32147493.bin.80,Acidobacteriota,NRPS
SRR32147493.bin.80,Acidobacteriota,NRPS
SRR32147493.bin.80,Acidobacteriota,RiPPs
SRR32147493.bin.80,Acidobacteriota,PKS-NRP_Hybrids
SRR32147493.bin.80,Acidobacteriota,NRPS
SRR32147493.bin.80,Acidobacteriota,NRPS
SRR32147494.bin.13,Bacteroidota,Terpene
SRR32147494.bin.15,Pseudomonadota,NRPS
SRR32147494.bin.15,Pseudomonadota,NRPS
SRR32147494.bin.15,Pseudomonadota,NRPS
SRR32147494.bin.15,Pseudomonadota,NRPS
SRR32147494.bin.15,Pseudomonadota,NRPS
SRR32147494.bin.15,Pseudomonadota,RiPPs
SRR32147494.bin.16,Verrucomicrobiota,Terpene
SRR32147494.bin.16,Verrucomicrobiota,PKSother
SRR32147494.bin.16,Verrucomicrobiota,phosphonate
SRR32147494.bin.16,Verrucomicrobiota,NRPS
SRR32147494.bin.26,Pseudomonadota,Terpene
SRR32147494.bin.26,Pseudomonadota,NRPS
SRR32147494.bin.26,Pseudomonadota,RiPPs
SRR32147494.bin.26,Pseudomonadota,NRPS
SRR32147494.bin.31,Acidobacteriota,NRPS
SRR32147494.bin.31,Acidobacteriota,Others
SRR32147494.bin.31,Acidobacteriota,NRPS
SRR32147494.bin.31,Acidobacteriota,NRPS
SRR32147494.bin.31,Acidobacteriota,PKSI
SRR32147494.bin.31,Acidobacteriota,NRPS
SRR32147494.bin.31,Acidobacteriota,NRPS
SRR32147494.bin.31,Acidobacteriota,NRPS
SRR32147494.bin.31,Acidobacteriota,NRPS
SRR32147494.bin.31,Acidobacteriota,RiPPs
SRR32147494.bin.31,Acidobacteriota,NRPS
SRR32147494.bin.31,Acidobacteriota,NRPS
SRR32147494.bin.31,Acidobacteriota,NRPS
SRR32147494.bin.31,Acidobacteriota,NRPS
SRR32147494.bin.31,Acidobacteriota,NRPS
SRR32147494.bin.31,Acidobacteriota,PKSother
SRR32147494.bin.31,Acidobacteriota,Terpene
SRR32147494.bin.31,Acidobacteriota,NRPS
SRR32147494.bin.31,Acidobacteriota,PKSI
SRR32147494.bin.31,Acidobacteriota,NRPS
SRR32147494.bin.31,Acidobacteriota,NRPS
SRR32147494.bin.31,Acidobacteriota,PKSI
SRR32147494.bin.31,Acidobacteriota,NRPS
SRR32147494.bin.31,Acidobacteriota,NRPS
SRR32147494.bin.31,Acidobacteriota,NRPS
SRR32147494.bin.31,Acidobacteriota,NRPS
SRR32147494.bin.31,Acidobacteriota,PKSI
SRR32147494.bin.31,Acidobacteriota,NRPS
SRR32147494.bin.31,Acidobacteriota,NRPS
SRR32147494.bin.31,Acidobacteriota,PKSI
SRR32147494.bin.31,Acidobacteriota,PKSI
SRR32147494.bin.31,Acidobacteriota,PKSI
SRR32147494.bin.31,Acidobacteriota,NRPS
SRR32147494.bin.31,Acidobacteriota,NRPS
SRR32147494.bin.39,Pseudomonadota,Terpene
SRR32147494.bin.39,Pseudomonadota,NRPS
SRR32147494.bin.39,Pseudomonadota,RiPPs
SRR32147494.bin.39,Pseudomonadota,RiPPs
SRR32147494.bin.5,Actinomycetota,PKSother
SRR32147494.bin.52,Gemmatimonadota,Terpene
SRR32147494.bin.52,Gemmatimonadota,Terpene
SRR32147494.bin.52,Gemmatimonadota,RiPPs
SRR32147494.bin.53,Pseudomonadota,Terpene
SRR32147494.bin.53,Pseudomonadota,PKSI
SRR32147494.bin.56,Gemmatimonadota,PKSother
SRR32147494.bin.59,Planctomycetota,PKSother
SRR32147494.bin.59,Planctomycetota,NRPS
SRR32147494.bin.59,Planctomycetota,Terpene
SRR32147494.bin.60,Pseudomonadota,NRPS
SRR32147494.bin.60,Pseudomonadota,arylpolyene
SRR32147494.bin.64,Hydrogenedentota,NRPS
SRR32147494.bin.64,Hydrogenedentota,PKSother
SRR32147494.bin.64,Hydrogenedentota,PKSother
SRR32147494.bin.64,Hydrogenedentota,PKSother
SRR32147494.bin.64,Hydrogenedentota,RiPPs
SRR32147494.bin.68,Nitrospirota,NRPS
SRR32147494.bin.68,Nitrospirota,phosphonate
SRR32147494.bin.68,Nitrospirota,Terpene
SRR32147494.bin.68,Nitrospirota,NRPS
SRR32147494.bin.68,Nitrospirota,Terpene
SRR32147494.bin.68,Nitrospirota,NRPS
SRR32147494.bin.68,Nitrospirota,NRPS
SRR32147494.bin.69,Actinomycetota,NRPS
SRR32147494.bin.69,Actinomycetota,Terpene
SRR32147494.bin.74,Actinomycetota,NRPS
SRR32147494.bin.74,Actinomycetota,PKSother
SRR32147494.bin.77,Planctomycetota,PKSI
SRR32147494.bin.77,Planctomycetota,NRPS
SRR32147494.bin.77,Planctomycetota,NRPS
SRR32147494.bin.77,Planctomycetota,Terpene
SRR32147494.bin.77,Planctomycetota,arylpolyene
SRR32147494.bin.77,Planctomycetota,PKSother
SRR32147494.bin.77,Planctomycetota,Terpene
SRR32147494.bin.77,Planctomycetota,NRPS
SRR32147494.bin.77,Planctomycetota,NRPS
SRR32147494.bin.77,Planctomycetota,NRPS
SRR32147494.bin.77,Planctomycetota,NRPS
SRR32147494.bin.77,Planctomycetota,NRPS
SRR32147494.bin.77,Planctomycetota,NRPS
SRR32147494.bin.77,Planctomycetota,NRPS
SRR32147494.bin.77,Planctomycetota,NRPS
SRR32147494.bin.77,Planctomycetota,PKSother
SRR32147494.bin.77,Planctomycetota,NRPS
SRR32147494.bin.77,Planctomycetota,NRPS
SRR32147494.bin.77,Planctomycetota,RiPPs
SRR32147494.bin.77,Planctomycetota,NRPS
SRR32147494.bin.77,Planctomycetota,NRPS
SRR32147494.bin.77,Planctomycetota,NRPS
SRR32147494.bin.77,Planctomycetota,NRPS
SRR32147494.bin.77,Planctomycetota,NRPS
SRR32147494.bin.77,Planctomycetota,NRPS
SRR32147494.bin.77,Planctomycetota,arylpolyene
SRR32147494.bin.77,Planctomycetota,PKS-NRP_Hybrids
SRR32147494.bin.77,Planctomycetota,NRPS
SRR32147494.bin.77,Planctomycetota,NRPS
SRR32147494.bin.77,Planctomycetota,NRPS
SRR32147494.bin.77,Planctomycetota,NRPS
SRR32147494.bin.77,Planctomycetota,NRPS
SRR32147495.bin.14,Pseudomonadota,Terpene
SRR32147495.bin.14,Pseudomonadota,arylpolyene
SRR32147495.bin.14,Pseudomonadota,PKSother
SRR32147495.bin.14,Pseudomonadota,Others
SRR32147495.bin.26,Pseudomonadota,Terpene
SRR32147495.bin.26,Pseudomonadota,resorcinol
SRR32147495.bin.26,Pseudomonadota,PKSother
SRR32147495.bin.32,Gemmatimonadota,RiPPs
SRR32147495.bin.36,Chloroflexota,NRPS
SRR32147495.bin.36,Chloroflexota,Others
SRR32147495.bin.37,Actinomycetota,resorcinol
SRR32147495.bin.44,Actinomycetota,Terpene
SRR32147495.bin.44,Actinomycetota,Terpene
SRR32147495.bin.44,Actinomycetota,NRPS
SRR32147495.bin.44,Actinomycetota,Others
SRR32147495.bin.44,Actinomycetota,NRPS
SRR32147495.bin.47,Pseudomonadota,PKSI
SRR32147495.bin.47,Pseudomonadota,PKSI
SRR32147495.bin.47,Pseudomonadota,PKSI
SRR32147495.bin.47,Pseudomonadota,PKSI
SRR32147495.bin.47,Pseudomonadota,PKSI
SRR32147495.bin.47,Pseudomonadota,arylpolyene
SRR32147495.bin.47,Pseudomonadota,RiPPs
SRR32147495.bin.47,Pseudomonadota,Terpene
SRR32147495.bin.47,Pseudomonadota,Others
SRR32147495.bin.47,Pseudomonadota,Others
SRR32147495.bin.47,Pseudomonadota,NRPS
SRR32147495.bin.47,Pseudomonadota,PKSI
SRR32147495.bin.47,Pseudomonadota,NRPS
SRR32147495.bin.47,Pseudomonadota,Terpene
SRR32147495.bin.47,Pseudomonadota,PKSother
SRR32147495.bin.47,Pseudomonadota,RiPPs
SRR32147495.bin.51,Gemmatimonadota,Others
SRR32147495.bin.51,Gemmatimonadota,Terpene
SRR32147495.bin.69,Planctomycetota,NRPS
SRR32147495.bin.69,Planctomycetota,PKSI
SRR32147495.bin.69,Planctomycetota,PKSI
SRR32147495.bin.69,Planctomycetota,Terpene
SRR32147495.bin.69,Planctomycetota,NRPS
SRR32147495.bin.69,Planctomycetota,NRPS
SRR32147495.bin.69,Planctomycetota,NRPS
SRR32147495.bin.91,Acidobacteriota,NRPS
SRR32147495.bin.91,Acidobacteriota,NRPS
SRR32147496.bin.10,Actinomycetota,PKSother
SRR32147496.bin.10,Actinomycetota,NRPS
SRR32147496.bin.10,Actinomycetota,NRPS
SRR32147496.bin.10,Actinomycetota,Terpene
SRR32147497.bin.17,Actinomycetota,NRPS
SRR32147498.bin.22,Nitrospirota,Terpene
SRR32147498.bin.22,Nitrospirota,Terpene
SRR32147498.bin.22,Nitrospirota,RiPPs
SRR32147498.bin.22,Nitrospirota,arylpolyene
SRR32147498.bin.22,Nitrospirota,phosphonate
SRR32147498.bin.6,Actinomycetota,PKSother
SRR32147499.bin.10,Pseudomonadota,NRPS
SRR32147499.bin.10,Pseudomonadota,NRPS
SRR32147499.bin.10,Pseudomonadota,NRPS
SRR32147499.bin.10,Pseudomonadota,NRPS
SRR32147499.bin.16,Acidobacteriota,NRPS
SRR32147499.bin.16,Acidobacteriota,NRPS
SRR32147499.bin.16,Acidobacteriota,NRPS
SRR32147499.bin.16,Acidobacteriota,NRPS
SRR32147499.bin.16,Acidobacteriota,NRPS
SRR32147499.bin.16,Acidobacteriota,NRPS
SRR32147499.bin.16,Acidobacteriota,Others
SRR32147499.bin.16,Acidobacteriota,Others
SRR32147499.bin.16,Acidobacteriota,PKSother
SRR32147499.bin.16,Acidobacteriota,Others
SRR32147499.bin.16,Acidobacteriota,RiPPs
SRR32147499.bin.16,Acidobacteriota,Terpene
SRR32147499.bin.16,Acidobacteriota,Terpene
SRR32147499.bin.26,Pseudomonadota,PKSother
SRR32147499.bin.3,Pseudomonadota,NRPS
SRR32147499.bin.3,Pseudomonadota,arylpolyene
SRR32147499.bin.3,Pseudomonadota,arylpolyene
SRR32147499.bin.3,Pseudomonadota,Terpene
SRR32147499.bin.44,Pseudomonadota,NRPS
SRR32147499.bin.44,Pseudomonadota,PKSI
SRR32147499.bin.44,Pseudomonadota,NRPS
SRR32147499.bin.44,Pseudomonadota,NRPS
SRR32147499.bin.44,Pseudomonadota,NRPS
SRR32147499.bin.44,Pseudomonadota,PKSI
SRR32147499.bin.44,Pseudomonadota,NRPS
SRR32147499.bin.44,Pseudomonadota,arylpolyene
SRR32147499.bin.55,Myxococcota_A,RiPPs
SRR32147499.bin.55,Myxococcota_A,NRPS
SRR32147499.bin.55,Myxococcota_A,PKSother
SRR32147499.bin.60,Pseudomonadota,Terpene
SRR32147499.bin.62,Myxococcota_A,Others
SRR32147499.bin.62,Myxococcota_A,phosphonate
SRR32147499.bin.62,Myxococcota_A,Terpene
SRR32147499.bin.64,Planctomycetota,Terpene
SRR32147499.bin.64,Planctomycetota,Terpene
SRR32147499.bin.64,Planctomycetota,NRPS
SRR32147499.bin.64,Planctomycetota,PKSI
SRR32147499.bin.64,Planctomycetota,NRPS
SRR32147499.bin.69,Gemmatimonadota,PKSother
SRR32147499.bin.8,Gemmatimonadota,RiPPs
SRR32147499.bin.8,Gemmatimonadota,PKSother
SRR32147499.bin.8,Gemmatimonadota,PKSother
SRR32147499.bin.8,Gemmatimonadota,Terpene
SRR32147499.bin.89,Bacteroidota,PKSother
SRR32147508.bin.100,Pseudomonadota,PKSother
SRR32147508.bin.100,Pseudomonadota,PKSother
SRR32147508.bin.100,Pseudomonadota,PKSother
SRR32147508.bin.100,Pseudomonadota,PKSother
SRR32147508.bin.100,Pseudomonadota,PKSother
SRR32147508.bin.100,Pseudomonadota,PKSother
SRR32147508.bin.100,Pseudomonadota,NRPS
SRR32147508.bin.100,Pseudomonadota,PKS-NRP_Hybrids
SRR32147508.bin.100,Pseudomonadota,NRPS
SRR32147508.bin.100,Pseudomonadota,NRPS
SRR32147508.bin.100,Pseudomonadota,NRPS
SRR32147508.bin.100,Pseudomonadota,NRPS
SRR32147508.bin.100,Pseudomonadota,NRPS
SRR32147508.bin.100,Pseudomonadota,NRPS
SRR32147508.bin.100,Pseudomonadota,NRPS
SRR32147508.bin.100,Pseudomonadota,RiPPs
SRR32147508.bin.100,Pseudomonadota,NRPS
SRR32147508.bin.100,Pseudomonadota,PKSother
SRR32147508.bin.100,Pseudomonadota,PKSother
SRR32147508.bin.100,Pseudomonadota,NRPS
SRR32147508.bin.100,Pseudomonadota,NRPS
SRR32147508.bin.100,Pseudomonadota,NRPS
SRR32147508.bin.100,Pseudomonadota,NRPS
SRR32147508.bin.100,Pseudomonadota,PKSother
SRR32147508.bin.100,Pseudomonadota,arylpolyene
SRR32147508.bin.100,Pseudomonadota,NRPS
SRR32147508.bin.100,Pseudomonadota,NRPS
SRR32147508.bin.100,Pseudomonadota,NRPS
SRR32147508.bin.100,Pseudomonadota,NRPS
SRR32147508.bin.100,Pseudomonadota,PKSI
SRR32147508.bin.100,Pseudomonadota,NRPS
SRR32147508.bin.100,Pseudomonadota,RiPPs
SRR32147508.bin.100,Pseudomonadota,RiPPs
SRR32147508.bin.100,Pseudomonadota,PKSother
SRR32147508.bin.100,Pseudomonadota,PKSother
SRR32147508.bin.101,Planctomycetota,Terpene
SRR32147508.bin.101,Planctomycetota,NRPS
SRR32147508.bin.101,Planctomycetota,NRPS
SRR32147508.bin.101,Planctomycetota,PKSI
SRR32147508.bin.101,Planctomycetota,Terpene
SRR32147508.bin.101,Planctomycetota,Terpene
SRR32147508.bin.101,Planctomycetota,Terpene
SRR32147508.bin.105,Pseudomonadota,NRPS
SRR32147508.bin.105,Pseudomonadota,PKSother
SRR32147508.bin.105,Pseudomonadota,phosphonate
SRR32147508.bin.105,Pseudomonadota,Terpene
SRR32147508.bin.105,Pseudomonadota,NRPS
SRR32147508.bin.112,Pseudomonadota,Terpene
SRR32147508.bin.112,Pseudomonadota,RiPPs
SRR32147508.bin.14,Planctomycetota,PKSother
SRR32147508.bin.14,Planctomycetota,Terpene
SRR32147508.bin.14,Planctomycetota,RiPPs
SRR32147508.bin.14,Planctomycetota,Terpene
SRR32147508.bin.19,Planctomycetota,PKSI
SRR32147508.bin.19,Planctomycetota,NRPS
SRR32147508.bin.19,Planctomycetota,NRPS
SRR32147508.bin.19,Planctomycetota,Terpene
SRR32147508.bin.19,Planctomycetota,NRPS
SRR32147508.bin.24,Planctomycetota,Terpene
SRR32147508.bin.24,Planctomycetota,Terpene
SRR32147508.bin.24,Planctomycetota,Terpene
SRR32147508.bin.3,Pseudomonadota,RiPPs
SRR32147508.bin.3,Pseudomonadota,NRPS
SRR32147508.bin.3,Pseudomonadota,NRPS
SRR32147508.bin.3,Pseudomonadota,NRPS
SRR32147508.bin.37,Planctomycetota,Terpene
SRR32147508.bin.37,Planctomycetota,PKSother
SRR32147508.bin.37,Planctomycetota,Terpene
SRR32147508.bin.43,Planctomycetota,NRPS
SRR32147508.bin.43,Planctomycetota,PKSother
SRR32147508.bin.43,Planctomycetota,Terpene
SRR32147508.bin.43,Planctomycetota,Terpene
SRR32147508.bin.47,Pseudomonadota,Terpene
SRR32147508.bin.47,Pseudomonadota,PKSI
SRR32147508.bin.54,Pseudomonadota,PKSother
SRR32147508.bin.54,Pseudomonadota,Terpene
SRR32147508.bin.54,Pseudomonadota,Terpene
SRR32147508.bin.61,Pseudomonadota,arylpolyene
SRR32147508.bin.61,Pseudomonadota,Terpene
SRR32147508.bin.61,Pseudomonadota,RiPPs
SRR32147508.bin.69,Gemmatimonadota,PKSother
SRR32147508.bin.69,Gemmatimonadota,Terpene
SRR32147508.bin.69,Gemmatimonadota,RiPPs
SRR32147508.bin.69,Gemmatimonadota,PKSother
SRR32147508.bin.70,Pseudomonadota,NRPS
SRR32147508.bin.70,Pseudomonadota,RiPPs
SRR32147508.bin.72,Pseudomonadota,RiPPs
SRR32147508.bin.72,Pseudomonadota,Terpene
SRR32147508.bin.76,Tectomicrobia,NRPS
SRR32147508.bin.76,Tectomicrobia,RiPPs
SRR32147508.bin.76,Tectomicrobia,RiPPs
SRR32147508.bin.76,Tectomicrobia,NRPS
SRR32147508.bin.76,Tectomicrobia,NRPS
SRR32147508.bin.76,Tectomicrobia,PKSI
SRR32147508.bin.76,Tectomicrobia,NRPS
SRR32147508.bin.76,Tectomicrobia,PKSI
SRR32147508.bin.76,Tectomicrobia,RiPPs
SRR32147508.bin.76,Tectomicrobia,NRPS
SRR32147508.bin.76,Tectomicrobia,PKS-NRP_Hybrids
SRR32147508.bin.76,Tectomicrobia,PKSI
SRR32147508.bin.76,Tectomicrobia,NRPS
SRR32147508.bin.76,Tectomicrobia,PKS-NRP_Hybrids
SRR32147508.bin.76,Tectomicrobia,Terpene
SRR32147508.bin.76,Tectomicrobia,NRPS
SRR32147508.bin.76,Tectomicrobia,NRPS
SRR32147508.bin.76,Tectomicrobia,NRPS
SRR32147508.bin.76,Tectomicrobia,PKSI
SRR32147508.bin.76,Tectomicrobia,PKS-NRP_Hybrids
SRR32147508.bin.76,Tectomicrobia,PKSI
SRR32147508.bin.76,Tectomicrobia,NRPS
SRR32147508.bin.76,Tectomicrobia,NRPS
SRR32147508.bin.76,Tectomicrobia,NRPS
SRR32147508.bin.76,Tectomicrobia,Terpene
SRR32147508.bin.76,Tectomicrobia,Others
SRR32147508.bin.76,Tectomicrobia,arylpolyene
SRR32147508.bin.76,Tectomicrobia,Others
SRR32147508.bin.76,Tectomicrobia,NRPS
SRR32147508.bin.76,Tectomicrobia,NRPS
SRR32147508.bin.76,Tectomicrobia,NRPS
SRR32147508.bin.76,Tectomicrobia,PKS-NRP_Hybrids
SRR32147508.bin.76,Tectomicrobia,PKSother
SRR32147508.bin.76,Tectomicrobia,NRPS
SRR32147508.bin.82,Desulfobacterota_B,PKSI
SRR32147508.bin.82,Desulfobacterota_B,NRPS
SRR32147508.bin.82,Desulfobacterota_B,NRPS
SRR32147508.bin.82,Desulfobacterota_B,NRPS
SRR32147508.bin.82,Desulfobacterota_B,PKSI
SRR32147508.bin.82,Desulfobacterota_B,NRPS
SRR32147508.bin.82,Desulfobacterota_B,PKSI
SRR32147508.bin.82,Desulfobacterota_B,NRPS
SRR32147508.bin.82,Desulfobacterota_B,NRPS
SRR32147508.bin.82,Desulfobacterota_B,Terpene
SRR32147508.bin.82,Desulfobacterota_B,Terpene
SRR32147508.bin.82,Desulfobacterota_B,PKS-NRP_Hybrids
SRR32147508.bin.82,Desulfobacterota_B,NRPS
SRR32147508.bin.82,Desulfobacterota_B,NRPS
SRR32147508.bin.82,Desulfobacterota_B,PKSI
SRR32147508.bin.82,Desulfobacterota_B,NRPS
SRR32147508.bin.82,Desulfobacterota_B,PKSother
SRR32147508.bin.82,Desulfobacterota_B,PKSI
SRR32147508.bin.82,Desulfobacterota_B,PKSother
SRR32147508.bin.82,Desulfobacterota_B,PKSI
SRR32147508.bin.82,Desulfobacterota_B,NRPS
SRR32147508.bin.93,Pseudomonadota,Terpene
SRR32147508.bin.93,Pseudomonadota,Terpene
SRR32147508.bin.93,Pseudomonadota,phosphonate
SRR32147508.bin.93,Pseudomonadota,NRPS
SRR32147508.bin.93,Pseudomonadota,PKSI
SRR32147508.bin.93,Pseudomonadota,NRPS
SRR32147508.bin.93,Pseudomonadota,NRPS
SRR32147508.bin.95,Gemmatimonadota,RiPPs
SRR32147508.bin.95,Gemmatimonadota,RiPPs
SRR32147508.bin.95,Gemmatimonadota,PKSother
SRR32147508.bin.96,Pseudomonadota,Terpene
SRR32147508.bin.96,Pseudomonadota,Terpene
SRR32147508.bin.96,Pseudomonadota,Terpene
SRR32147508.bin.96,Pseudomonadota,NRPS
SRR32147509.bin.1,Myxococcota_A,arylpolyene
SRR32147509.bin.1,Myxococcota_A,arylpolyene
SRR32147509.bin.1,Myxococcota_A,PKSother
SRR32147509.bin.107,Pseudomonadota,arylpolyene
SRR32147509.bin.107,Pseudomonadota,resorcinol
SRR32147509.bin.107,Pseudomonadota,arylpolyene
SRR32147509.bin.107,Pseudomonadota,Others
SRR32147509.bin.108,Actinomycetota,Terpene
SRR32147509.bin.111,Bacteroidota,Terpene
SRR32147509.bin.111,Bacteroidota,PKSother
SRR32147509.bin.111,Bacteroidota,Terpene
SRR32147509.bin.111,Bacteroidota,Terpene
SRR32147509.bin.111,Bacteroidota,NRPS
SRR32147509.bin.113,Pseudomonadota,NRPS
SRR32147509.bin.113,Pseudomonadota,Terpene
SRR32147509.bin.113,Pseudomonadota,PKSother
SRR32147509.bin.113,Pseudomonadota,RiPPs
SRR32147509.bin.113,Pseudomonadota,NRPS
SRR32147509.bin.114,Planctomycetota,NRPS
SRR32147509.bin.114,Planctomycetota,Terpene
SRR32147509.bin.114,Planctomycetota,resorcinol
SRR32147509.bin.114,Planctomycetota,Terpene
SRR32147509.bin.13,Pseudomonadota,Terpene
SRR32147509.bin.14,Planctomycetota,Terpene
SRR32147509.bin.14,Planctomycetota,NRPS
SRR32147509.bin.14,Planctomycetota,PKSother
SRR32147509.bin.14,Planctomycetota,Terpene
SRR32147509.bin.14,Planctomycetota,PKSI
SRR32147509.bin.17,Actinomycetota,PKSother
SRR32147509.bin.20,Planctomycetota,Terpene
SRR32147509.bin.20,Planctomycetota,Terpene
SRR32147509.bin.20,Planctomycetota,PKSI
SRR32147509.bin.20,Planctomycetota,NRPS
SRR32147509.bin.20,Planctomycetota,Terpene
SRR32147509.bin.20,Planctomycetota,PKSother
SRR32147509.bin.27,Actinomycetota,PKSI
SRR32147509.bin.27,Actinomycetota,NRPS
SRR32147509.bin.27,Actinomycetota,Others
SRR32147509.bin.27,Actinomycetota,arylpolyene
SRR32147509.bin.27,Actinomycetota,PKSI
SRR32147509.bin.27,Actinomycetota,RiPPs
SRR32147509.bin.27,Actinomycetota,PKSI
SRR32147509.bin.27,Actinomycetota,PKSI
SRR32147509.bin.27,Actinomycetota,NRPS
SRR32147509.bin.27,Actinomycetota,NRPS
SRR32147509.bin.27,Actinomycetota,PKSI
SRR32147509.bin.27,Actinomycetota,PKSI
SRR32147509.bin.27,Actinomycetota,PKSI
SRR32147509.bin.27,Actinomycetota,Terpene
SRR32147509.bin.27,Actinomycetota,PKSI
SRR32147509.bin.27,Actinomycetota,NRPS
SRR32147509.bin.27,Actinomycetota,PKSI
SRR32147509.bin.27,Actinomycetota,NRPS
SRR32147509.bin.27,Actinomycetota,NRPS
SRR32147509.bin.27,Actinomycetota,PKSI
SRR32147509.bin.27,Actinomycetota,PKSI
SRR32147509.bin.27,Actinomycetota,PKS-NRP_Hybrids
SRR32147509.bin.27,Actinomycetota,PKSI
SRR32147509.bin.27,Actinomycetota,PKSI
SRR32147509.bin.27,Actinomycetota,NRPS
SRR32147509.bin.27,Actinomycetota,PKSI
SRR32147509.bin.27,Actinomycetota,NRPS
SRR32147509.bin.27,Actinomycetota,PKSI
SRR32147509.bin.27,Actinomycetota,NRPS
SRR32147509.bin.27,Actinomycetota,NRPS
SRR32147509.bin.27,Actinomycetota,NRPS
SRR32147509.bin.27,Actinomycetota,PKSI
SRR32147509.bin.27,Actinomycetota,PKSI
SRR32147509.bin.27,Actinomycetota,NRPS
SRR32147509.bin.27,Actinomycetota,NRPS
SRR32147509.bin.27,Actinomycetota,NRPS
SRR32147509.bin.27,Actinomycetota,PKSI
SRR32147509.bin.27,Actinomycetota,PKSI
SRR32147509.bin.27,Actinomycetota,PKSI
SRR32147509.bin.27,Actinomycetota,NRPS
SRR32147509.bin.27,Actinomycetota,PKSI
SRR32147509.bin.27,Actinomycetota,NRPS
SRR32147509.bin.27,Actinomycetota,NRPS
SRR32147509.bin.27,Actinomycetota,NRPS
SRR32147509.bin.27,Actinomycetota,Others
SRR32147509.bin.27,Actinomycetota,NRPS
SRR32147509.bin.27,Actinomycetota,PKSI
SRR32147509.bin.27,Actinomycetota,Others
SRR32147509.bin.27,Actinomycetota,PKSI
SRR32147509.bin.27,Actinomycetota,PKSI
SRR32147509.bin.27,Actinomycetota,PKSI
SRR32147509.bin.27,Actinomycetota,NRPS
SRR32147509.bin.27,Actinomycetota,PKSI
SRR32147509.bin.27,Actinomycetota,PKSother
SRR32147509.bin.27,Actinomycetota,NRPS
SRR32147509.bin.27,Actinomycetota,NRPS
SRR32147509.bin.27,Actinomycetota,PKSI
SRR32147509.bin.27,Actinomycetota,NRPS
SRR32147509.bin.27,Actinomycetota,PKSI
SRR32147509.bin.27,Actinomycetota,NRPS
SRR32147509.bin.27,Actinomycetota,NRPS
SRR32147509.bin.27,Actinomycetota,PKSI
SRR32147509.bin.27,Actinomycetota,PKSI
SRR32147509.bin.27,Actinomycetota,NRPS
SRR32147509.bin.27,Actinomycetota,NRPS
SRR32147509.bin.27,Actinomycetota,NRPS
SRR32147509.bin.27,Actinomycetota,NRPS
SRR32147509.bin.31,Pseudomonadota,NRPS
SRR32147509.bin.31,Pseudomonadota,Terpene
SRR32147509.bin.31,Pseudomonadota,PKSother
SRR32147509.bin.36,Planctomycetota,resorcinol
SRR32147509.bin.36,Planctomycetota,PKSI
SRR32147509.bin.36,Planctomycetota,NRPS
SRR32147509.bin.36,Planctomycetota,NRPS
SRR32147509.bin.36,Planctomycetota,NRPS
SRR32147509.bin.36,Planctomycetota,NRPS
SRR32147509.bin.36,Planctomycetota,NRPS
SRR32147509.bin.36,Planctomycetota,NRPS
SRR32147509.bin.43,Pseudomonadota,NRPS
SRR32147509.bin.43,Pseudomonadota,RiPPs
SRR32147509.bin.43,Pseudomonadota,PKSother
SRR32147509.bin.44,Pseudomonadota,Terpene
SRR32147509.bin.44,Pseudomonadota,Others
SRR32147509.bin.44,Pseudomonadota,phosphonate
SRR32147509.bin.49,Planctomycetota,Terpene
SRR32147509.bin.49,Planctomycetota,Terpene
SRR32147509.bin.49,Planctomycetota,resorcinol
SRR32147509.bin.49,Planctomycetota,Terpene
SRR32147509.bin.49,Planctomycetota,NRPS
SRR32147509.bin.58,Gemmatimonadota,Terpene
SRR32147509.bin.67,Gemmatimonadota,PKSother
SRR32147509.bin.69,Pseudomonadota,arylpolyene
SRR32147509.bin.69,Pseudomonadota,arylpolyene
SRR32147509.bin.69,Pseudomonadota,Terpene
SRR32147509.bin.69,Pseudomonadota,NRPS
SRR32147509.bin.69,Pseudomonadota,Terpene
SRR32147509.bin.69,Pseudomonadota,Terpene
SRR32147509.bin.69,Pseudomonadota,PKSother
SRR32147509.bin.70,Planctomycetota,Terpene
SRR32147509.bin.70,Planctomycetota,NRPS
SRR32147509.bin.70,Planctomycetota,NRPS
SRR32147509.bin.71,Pseudomonadota,NRPS
SRR32147509.bin.71,Pseudomonadota,NRPS
SRR32147509.bin.71,Pseudomonadota,NRPS
SRR32147509.bin.71,Pseudomonadota,Terpene
SRR32147509.bin.79,Sumerlaeota,PKSother
SRR32147509.bin.79,Sumerlaeota,PKSI
SRR32147509.bin.79,Sumerlaeota,NRPS
SRR32147509.bin.81,Planctomycetota,NRPS
SRR32147509.bin.81,Planctomycetota,Terpene
SRR32147509.bin.81,Planctomycetota,Terpene
SRR32147509.bin.81,Planctomycetota,PKSother
SRR32147509.bin.81,Planctomycetota,Terpene
SRR32147509.bin.81,Planctomycetota,PKSI
SRR32147509.bin.81,Planctomycetota,NRPS
SRR32147509.bin.81,Planctomycetota,PKSother
SRR32147509.bin.81,Planctomycetota,Terpene
SRR32147509.bin.81,Planctomycetota,Terpene
SRR32147509.bin.81,Planctomycetota,PKSother
SRR32147509.bin.84,Planctomycetota,PKSother
SRR32147509.bin.84,Planctomycetota,PKSother
SRR32147509.bin.87,Pseudomonadota,NRPS
SRR32147509.bin.89,Pseudomonadota,RiPPs
SRR32147509.bin.89,Pseudomonadota,NRPS
SRR32147509.bin.89,Pseudomonadota,Terpene
SRR32147509.bin.89,Pseudomonadota,RiPPs
SRR32147509.bin.9,Hydrogenedentota,PKSother
SRR32147509.bin.9,Hydrogenedentota,PKSother
SRR32147509.bin.9,Hydrogenedentota,PKSother
SRR32147509.bin.9,Hydrogenedentota,arylpolyene
SRR32147509.bin.9,Hydrogenedentota,arylpolyene
SRR32147509.bin.9,Hydrogenedentota,arylpolyene
SRR32147509.bin.9,Hydrogenedentota,arylpolyene
SRR32147509.bin.94,Chloroflexota,Terpene
SRR32147509.bin.94,Chloroflexota,PKSother
SRR32147509.bin.96,Pseudomonadota,NRPS
SRR32774196.bin.13,Pseudomonadota,NRPS
SRR32774196.bin.13,Pseudomonadota,RiPPs
SRR32774196.bin.13,Pseudomonadota,Others
SRR32774196.bin.15,Bacillota,RiPPs
SRR32774196.bin.15,Bacillota,NRPS
SRR32774196.bin.15,Bacillota,PKSother
SRR32774196.bin.15,Bacillota,RiPPs
SRR32774196.bin.16,Pseudomonadota,arylpolyene
SRR32774196.bin.16,Pseudomonadota,arylpolyene
SRR32774196.bin.16,Pseudomonadota,Others
SRR32774196.bin.16,Pseudomonadota,Others
SRR32774196.bin.16,Pseudomonadota,Others
SRR32774196.bin.16,Pseudomonadota,PKSother
SRR32774196.bin.18,Pseudomonadota,arylpolyene
SRR32774196.bin.18,Pseudomonadota,Others
SRR32774196.bin.18,Pseudomonadota,arylpolyene
SRR32774196.bin.18,Pseudomonadota,PKSI
SRR32774196.bin.3,Pseudomonadota,NRPS
SRR32774196.bin.3,Pseudomonadota,NRPS
SRR32774196.bin.3,Pseudomonadota,RiPPs
SRR32774196.bin.3,Pseudomonadota,Others
SRR32774196.bin.3,Pseudomonadota,NRPS
SRR32774196.bin.3,Pseudomonadota,NRPS
SRR32774196.bin.3,Pseudomonadota,Others
SRR32774197.bin.12,Actinomycetota,NRPS
SRR32774197.bin.12,Actinomycetota,Saccharides
SRR32774197.bin.12,Actinomycetota,PKSother
SRR32774197.bin.12,Actinomycetota,NRPS
SRR32774197.bin.12,Actinomycetota,Others
SRR32774197.bin.20,Actinomycetota,NRPS
SRR32774197.bin.20,Actinomycetota,NRPS
SRR32774197.bin.21,Pseudomonadota,arylpolyene
SRR32774197.bin.21,Pseudomonadota,arylpolyene
SRR32774197.bin.21,Pseudomonadota,RiPPs
SRR32774197.bin.21,Pseudomonadota,resorcinol
SRR32774197.bin.26,Pseudomonadota,PKSother
SRR32774197.bin.26,Pseudomonadota,arylpolyene
SRR32774197.bin.26,Pseudomonadota,arylpolyene
SRR32774197.bin.26,Pseudomonadota,RiPPs
SRR32774197.bin.26,Pseudomonadota,NRPS
SRR32774197.bin.26,Pseudomonadota,NRPS
SRR32774197.bin.26,Pseudomonadota,NRPS
SRR32774197.bin.26,Pseudomonadota,NRPS
SRR32774197.bin.26,Pseudomonadota,NRPS
SRR32774197.bin.26,Pseudomonadota,NRPS
SRR32774197.bin.26,Pseudomonadota,Others
SRR32774197.bin.26,Pseudomonadota,NRPS
SRR32774197.bin.26,Pseudomonadota,NRPS
SRR32774197.bin.26,Pseudomonadota,NRPS
SRR32774197.bin.26,Pseudomonadota,NRPS
SRR32774197.bin.26,Pseudomonadota,NRPS
SRR32774197.bin.26,Pseudomonadota,RiPPs
SRR32774197.bin.26,Pseudomonadota,NRPS
SRR32774197.bin.26,Pseudomonadota,NRPS
SRR32774197.bin.26,Pseudomonadota,Others
SRR32774197.bin.26,Pseudomonadota,Others
SRR32774197.bin.26,Pseudomonadota,Others
SRR32774197.bin.26,Pseudomonadota,NRPS
SRR32774197.bin.27,Pseudomonadota,Others
SRR32774197.bin.27,Pseudomonadota,NRPS
SRR32774197.bin.27,Pseudomonadota,Others
SRR32774197.bin.27,Pseudomonadota,arylpolyene
SRR32774197.bin.27,Pseudomonadota,arylpolyene
SRR32774197.bin.29,Pseudomonadota,RiPPs
SRR32774197.bin.29,Pseudomonadota,RiPPs
SRR32774197.bin.29,Pseudomonadota,Others
SRR32774197.bin.29,Pseudomonadota,Others
SRR32774197.bin.29,Pseudomonadota,PKSI
SRR32774197.bin.29,Pseudomonadota,RiPPs
SRR32774197.bin.29,Pseudomonadota,PKSI
SRR32774197.bin.29,Pseudomonadota,PKSother
SRR32774197.bin.31,Pseudomonadota,RiPPs
SRR32774197.bin.31,Pseudomonadota,Others
SRR32774197.bin.31,Pseudomonadota,Others
SRR32774197.bin.31,Pseudomonadota,Others
SRR32774197.bin.31,Pseudomonadota,NRPS
SRR32774197.bin.31,Pseudomonadota,arylpolyene
SRR32774197.bin.31,Pseudomonadota,arylpolyene
SRR32774197.bin.32,Bacillota,Others
SRR32774197.bin.32,Bacillota,Others
SRR32774197.bin.32,Bacillota,PKSother
SRR32774197.bin.32,Bacillota,Terpene
SRR32774197.bin.34,Pseudomonadota,Others
SRR32774197.bin.37,Bacillota,PKSother
SRR32774197.bin.6,Actinomycetota,PKSother
SRR32774197.bin.6,Actinomycetota,Others
SRR32774197.bin.6,Actinomycetota,NRPS
SRR32774198.bin.11,Pseudomonadota,arylpolyene
SRR32774198.bin.11,Pseudomonadota,arylpolyene
SRR32774198.bin.11,Pseudomonadota,resorcinol
SRR32774198.bin.11,Pseudomonadota,arylpolyene
SRR32774198.bin.11,Pseudomonadota,NRPS
SRR32774198.bin.11,Pseudomonadota,NRPS
SRR32774198.bin.22,Pseudomonadota,Others
SRR32774198.bin.22,Pseudomonadota,arylpolyene
SRR32774198.bin.22,Pseudomonadota,RiPPs
SRR32774198.bin.22,Pseudomonadota,Others
SRR32774198.bin.22,Pseudomonadota,RiPPs
SRR32774198.bin.22,Pseudomonadota,arylpolyene
SRR32774198.bin.22,Pseudomonadota,arylpolyene
SRR32774198.bin.24,Pseudomonadota,arylpolyene
SRR32774198.bin.24,Pseudomonadota,arylpolyene
SRR32774198.bin.24,Pseudomonadota,NRPS
SRR32774198.bin.24,Pseudomonadota,NRPS
SRR32774198.bin.24,Pseudomonadota,NRPS
SRR32774198.bin.24,Pseudomonadota,NRPS
SRR32774198.bin.24,Pseudomonadota,RiPPs
SRR32774198.bin.29,Pseudomonadota,RiPPs
SRR32774198.bin.29,Pseudomonadota,arylpolyene
SRR32774198.bin.29,Pseudomonadota,arylpolyene
SRR32774198.bin.29,Pseudomonadota,resorcinol
SRR32774198.bin.29,Pseudomonadota,arylpolyene
SRR32774198.bin.7,Pseudomonadota,arylpolyene
SRR32774198.bin.7,Pseudomonadota,arylpolyene
SRR32774198.bin.7,Pseudomonadota,Others
SRR32774198.bin.7,Pseudomonadota,Others
SRR32774198.bin.9,Bacillota,PKSother
SRR32774199.bin.1,Actinomycetota,NRPS
SRR32774199.bin.1,Actinomycetota,NRPS
SRR32774199.bin.1,Actinomycetota,PKSother
SRR32774199.bin.1,Actinomycetota,Others
SRR32774199.bin.12,Actinomycetota,PKSother
SRR32774199.bin.12,Actinomycetota,Others
SRR32774199.bin.12,Actinomycetota,NRPS
SRR32774199.bin.12,Actinomycetota,NRPS
SRR32774199.bin.12,Actinomycetota,NRPS
SRR32774199.bin.12,Actinomycetota,NRPS
SRR32774199.bin.12,Actinomycetota,PKSother
SRR32774199.bin.12,Actinomycetota,NRPS
SRR32774199.bin.19,Pseudomonadota,arylpolyene
SRR32774199.bin.19,Pseudomonadota,arylpolyene
SRR32774199.bin.19,Pseudomonadota,RiPPs
SRR32774199.bin.19,Pseudomonadota,NRPS
SRR32774199.bin.23,Pseudomonadota,arylpolyene
SRR32774199.bin.27,Pseudomonadota,NRPS
SRR32774199.bin.27,Pseudomonadota,NRPS
SRR32774200.bin.1,Pseudomonadota,RiPPs
SRR32774200.bin.1,Pseudomonadota,RiPPs
SRR32774200.bin.11,Bacillota,PKSother
SRR32774200.bin.11,Bacillota,Others
SRR32774200.bin.11,Bacillota,Terpene
SRR32774200.bin.11,Bacillota,Others
SRR32774200.bin.13,Pseudomonadota,Others
SRR32774200.bin.13,Pseudomonadota,RiPPs
SRR32774200.bin.13,Pseudomonadota,arylpolyene
SRR32774200.bin.15,Pseudomonadota,RiPPs
SRR32774200.bin.33,Pseudomonadota,Others
SRR32774200.bin.33,Pseudomonadota,Others
SRR32774200.bin.33,Pseudomonadota,arylpolyene
SRR32774200.bin.33,Pseudomonadota,arylpolyene
SRR32774200.bin.7,Pseudomonadota,NRPS
SRR32774200.bin.7,Pseudomonadota,NRPS
SRR32774200.bin.7,Pseudomonadota,arylpolyene
SRR32774200.bin.7,Pseudomonadota,arylpolyene
SRR32774200.bin.7,Pseudomonadota,RiPPs
SRR32774200.bin.7,Pseudomonadota,NRPS
SRR32774200.bin.7,Pseudomonadota,NRPS
SRR32774200.bin.7,Pseudomonadota,RiPPs
SRR32774201.bin.16,Pseudomonadota,NRPS
SRR32774201.bin.16,Pseudomonadota,PKSI
SRR32774201.bin.24,Pseudomonadota,RiPPs
SRR32774201.bin.28,Bacillota,PKSother
SRR32774201.bin.28,Bacillota,PKSother
SRR32774201.bin.29,Pseudomonadota,Others
SRR32774201.bin.29,Pseudomonadota,PKSother
SRR32774201.bin.29,Pseudomonadota,RiPPs
SRR32774201.bin.29,Pseudomonadota,PKSother
SRR32774201.bin.29,Pseudomonadota,arylpolyene
SRR32774201.bin.29,Pseudomonadota,arylpolyene
SRR32774201.bin.30,Pseudomonadota,Others
SRR32774201.bin.30,Pseudomonadota,Others
SRR32774201.bin.30,Pseudomonadota,Others
SRR32774201.bin.30,Pseudomonadota,PKSI
SRR32774201.bin.37,Pseudomonadota,Others
SRR32774201.bin.37,Pseudomonadota,arylpolyene
SRR32774201.bin.37,Pseudomonadota,arylpolyene
SRR32774201.bin.37,Pseudomonadota,RiPPs
SRR32774201.bin.37,Pseudomonadota,PKSother
SRR32774201.bin.40,Bacillota,RiPPs
SRR32774201.bin.40,Bacillota,PKSother
SRR32774201.bin.40,Bacillota,RiPPs
SRR32774201.bin.40,Bacillota,RiPPs
SRR32774201.bin.41,Pseudomonadota,arylpolyene
SRR32774201.bin.44,Pseudomonadota,Others
SRR32774201.bin.44,Pseudomonadota,Others
SRR32774201.bin.48,Pseudomonadota,NRPS
SRR32774201.bin.48,Pseudomonadota,NRPS
SRR32774201.bin.50,Pseudomonadota,Terpene
SRR32774201.bin.53,Bacillota,PKSother
SRR33545835.bin.10,Pseudomonadota,Terpene
SRR33545835.bin.10,Pseudomonadota,Terpene
SRR33545835.bin.10,Pseudomonadota,PKSI
SRR33545835.bin.10,Pseudomonadota,PKSother
SRR33545835.bin.6,Pseudomonadota,NRPS
SRR33545835.bin.6,Pseudomonadota,Others
SRR33545835.bin.6,Pseudomonadota,NRPS
SRR33545835.bin.6,Pseudomonadota,NRPS
SRR33545835.bin.6,Pseudomonadota,NRPS
SRR33545835.bin.6,Pseudomonadota,NRPS
SRR33545835.bin.6,Pseudomonadota,Others
SRR33545835.bin.6,Pseudomonadota,Others
SRR33545835.bin.6,Pseudomonadota,NRPS
SRR33545835.bin.6,Pseudomonadota,arylpolyene
SRR33545835.bin.6,Pseudomonadota,arylpolyene
SRR33545835.bin.6,Pseudomonadota,NRPS
SRR33545835.bin.6,Pseudomonadota,NRPS
SRR33545835.bin.6,Pseudomonadota,Others
SRR33545836.bin.15,Pseudomonadota,RiPPs
SRR33545836.bin.15,Pseudomonadota,arylpolyene
SRR33545836.bin.15,Pseudomonadota,arylpolyene
SRR33545837.bin.1,Actinomycetota,NRPS
SRR33545837.bin.1,Actinomycetota,NRPS
SRR33545837.bin.1,Actinomycetota,NRPS
SRR33545837.bin.1,Actinomycetota,NRPS
SRR33545837.bin.16,Gemmatimonadota,RiPPs
SRR33545837.bin.19,Pseudomonadota,Terpene
SRR33545837.bin.19,Pseudomonadota,NRPS
SRR33545837.bin.19,Pseudomonadota,NRPS
SRR33545837.bin.19,Pseudomonadota,NRPS
SRR33545837.bin.19,Pseudomonadota,PKSI
SRR33545837.bin.19,Pseudomonadota,NRPS
SRR33545837.bin.19,Pseudomonadota,Terpene
SRR33545837.bin.19,Pseudomonadota,NRPS
SRR33545837.bin.20,Pseudomonadota,Terpene
SRR33545837.bin.24,Acidobacteriota,NRPS
SRR33545837.bin.24,Acidobacteriota,NRPS
SRR33545837.bin.24,Acidobacteriota,NRPS
SRR33545837.bin.24,Acidobacteriota,NRPS
SRR33545837.bin.24,Acidobacteriota,NRPS
SRR33545837.bin.24,Acidobacteriota,NRPS
SRR33545837.bin.24,Acidobacteriota,NRPS
SRR33545837.bin.24,Acidobacteriota,NRPS
SRR33545837.bin.24,Acidobacteriota,NRPS
SRR33545837.bin.24,Acidobacteriota,NRPS
SRR33545837.bin.24,Acidobacteriota,PKSI
SRR33545837.bin.24,Acidobacteriota,NRPS
SRR33545837.bin.24,Acidobacteriota,NRPS
SRR33545837.bin.24,Acidobacteriota,NRPS
SRR33545837.bin.24,Acidobacteriota,NRPS
SRR33545837.bin.24,Acidobacteriota,Others
SRR33545837.bin.24,Acidobacteriota,NRPS
SRR33545837.bin.24,Acidobacteriota,NRPS
SRR33545837.bin.24,Acidobacteriota,NRPS
SRR33545837.bin.24,Acidobacteriota,PKSI
SRR33545837.bin.24,Acidobacteriota,Terpene
SRR33545837.bin.24,Acidobacteriota,NRPS
SRR33545837.bin.24,Acidobacteriota,NRPS
SRR33545837.bin.24,Acidobacteriota,NRPS
SRR33545837.bin.24,Acidobacteriota,NRPS
SRR33545837.bin.24,Acidobacteriota,NRPS
SRR33545837.bin.24,Acidobacteriota,NRPS
SRR33545837.bin.24,Acidobacteriota,RiPPs
SRR33545837.bin.24,Acidobacteriota,NRPS
SRR33545837.bin.24,Acidobacteriota,PKSI
SRR33545837.bin.24,Acidobacteriota,NRPS
SRR33545837.bin.24,Acidobacteriota,NRPS
SRR33545837.bin.24,Acidobacteriota,Others
SRR33545837.bin.24,Acidobacteriota,NRPS
SRR33545837.bin.24,Acidobacteriota,NRPS
SRR33545837.bin.24,Acidobacteriota,NRPS
SRR33545837.bin.24,Acidobacteriota,NRPS
SRR33545837.bin.24,Acidobacteriota,PKSI
SRR33545837.bin.24,Acidobacteriota,NRPS
SRR33545837.bin.24,Acidobacteriota,NRPS
SRR33545837.bin.24,Acidobacteriota,NRPS
SRR33545837.bin.24,Acidobacteriota,NRPS
SRR33545837.bin.24,Acidobacteriota,NRPS
SRR33545837.bin.24,Acidobacteriota,NRPS
SRR33545837.bin.24,Acidobacteriota,NRPS
SRR33545837.bin.24,Acidobacteriota,NRPS
SRR33545837.bin.24,Acidobacteriota,NRPS
SRR33545837.bin.24,Acidobacteriota,NRPS
SRR33545837.bin.24,Acidobacteriota,PKSI
SRR33545837.bin.24,Acidobacteriota,NRPS
SRR33545837.bin.24,Acidobacteriota,NRPS
SRR33545837.bin.24,Acidobacteriota,NRPS
SRR33545837.bin.24,Acidobacteriota,NRPS
SRR33545837.bin.24,Acidobacteriota,NRPS
SRR33545837.bin.24,Acidobacteriota,NRPS
SRR33545837.bin.24,Acidobacteriota,NRPS
SRR33545837.bin.24,Acidobacteriota,NRPS
SRR33545837.bin.24,Acidobacteriota,NRPS
SRR33545837.bin.24,Acidobacteriota,NRPS
SRR33545837.bin.24,Acidobacteriota,NRPS
SRR33545837.bin.24,Acidobacteriota,NRPS
SRR33545837.bin.24,Acidobacteriota,NRPS
SRR33545837.bin.24,Acidobacteriota,NRPS
SRR33545838.bin.15,Actinomycetota,NRPS
SRR33545838.bin.6,Gemmatimonadota,PKSI
SRR33545838.bin.6,Gemmatimonadota,NRPS
SRR33545838.bin.6,Gemmatimonadota,PKSI
SRR33545838.bin.6,Gemmatimonadota,NRPS
SRR33545838.bin.6,Gemmatimonadota,NRPS
SRR33545843.bin.11,Acidobacteriota,NRPS
SRR33545843.bin.11,Acidobacteriota,NRPS
SRR33545843.bin.11,Acidobacteriota,NRPS
SRR33545843.bin.11,Acidobacteriota,NRPS
SRR33545843.bin.11,Acidobacteriota,NRPS
SRR33545843.bin.11,Acidobacteriota,NRPS
SRR33545843.bin.11,Acidobacteriota,RiPPs
SRR33545843.bin.11,Acidobacteriota,NRPS
SRR33545843.bin.11,Acidobacteriota,NRPS
SRR33545843.bin.11,Acidobacteriota,PKSI
SRR33545843.bin.11,Acidobacteriota,NRPS
SRR33545843.bin.11,Acidobacteriota,arylpolyene
SRR33545843.bin.11,Acidobacteriota,NRPS
SRR33545843.bin.11,Acidobacteriota,NRPS
SRR33545843.bin.11,Acidobacteriota,NRPS
SRR33545843.bin.11,Acidobacteriota,NRPS
SRR33545843.bin.11,Acidobacteriota,NRPS
SRR33545843.bin.11,Acidobacteriota,NRPS
SRR33545843.bin.11,Acidobacteriota,NRPS
SRR33545843.bin.11,Acidobacteriota,NRPS
SRR33545843.bin.11,Acidobacteriota,NRPS
SRR33545843.bin.11,Acidobacteriota,NRPS
SRR33545843.bin.11,Acidobacteriota,PKS-NRP_Hybrids
SRR33545843.bin.11,Acidobacteriota,PKS-NRP_Hybrids
SRR33545843.bin.11,Acidobacteriota,PKSI
SRR33545843.bin.11,Acidobacteriota,PKSI
SRR33545843.bin.11,Acidobacteriota,NRPS
SRR33545843.bin.11,Acidobacteriota,NRPS
SRR33545843.bin.11,Acidobacteriota,PKSI
SRR33545843.bin.11,Acidobacteriota,NRPS
SRR33545843.bin.11,Acidobacteriota,NRPS
SRR33545843.bin.11,Acidobacteriota,NRPS
SRR33545843.bin.11,Acidobacteriota,NRPS
SRR33545843.bin.11,Acidobacteriota,NRPS
SRR33545843.bin.11,Acidobacteriota,NRPS
SRR33545843.bin.11,Acidobacteriota,NRPS
SRR33545843.bin.11,Acidobacteriota,NRPS
SRR33545843.bin.11,Acidobacteriota,NRPS
SRR33545843.bin.11,Acidobacteriota,NRPS
SRR33545843.bin.11,Acidobacteriota,NRPS
SRR33545843.bin.11,Acidobacteriota,NRPS
SRR33545843.bin.11,Acidobacteriota,NRPS
SRR33545843.bin.11,Acidobacteriota,NRPS
SRR33545843.bin.11,Acidobacteriota,NRPS
SRR33545843.bin.11,Acidobacteriota,NRPS
SRR33545843.bin.11,Acidobacteriota,NRPS
SRR33545843.bin.11,Acidobacteriota,PKSother
SRR33545843.bin.11,Acidobacteriota,NRPS
SRR33545843.bin.11,Acidobacteriota,Others
SRR33545844.bin.7,Chloroflexota,Terpene
SRR33545844.bin.7,Chloroflexota,Terpene
SRR33545844.bin.7,Chloroflexota,Terpene
SRR33545845.bin.2,Pseudomonadota,NRPS
SRR33545845.bin.2,Pseudomonadota,Terpene
SRR33545845.bin.2,Pseudomonadota,NRPS
SRR33545845.bin.2,Pseudomonadota,PKSI
SRR33545845.bin.2,Pseudomonadota,NRPS
SRR33545845.bin.2,Pseudomonadota,Terpene
SRR33545845.bin.2,Pseudomonadota,NRPS
SRR33545845.bin.2,Pseudomonadota,NRPS
SRR34563345.bin.1,Cyanobacteriota,Terpene
SRR34563345.bin.1,Cyanobacteriota,PKSI
SRR34563345.bin.1,Cyanobacteriota,PKSother
SRR34563345.bin.1,Cyanobacteriota,PKSI
SRR34563345.bin.1,Cyanobacteriota,PKSI
SRR34563345.bin.1,Cyanobacteriota,NRPS
SRR34563345.bin.16,Chloroflexota,PKSother
SRR34563345.bin.16,Chloroflexota,RiPPs
SRR34563345.bin.16,Chloroflexota,Terpene
SRR34563345.bin.16,Chloroflexota,RiPPs
SRR34563345.bin.16,Chloroflexota,RiPPs
SRR34563345.bin.16,Chloroflexota,RiPPs
SRR34563345.bin.16,Chloroflexota,RiPPs
SRR34563345.bin.16,Chloroflexota,Terpene
SRR34563345.bin.19,Cyanobacteriota,Terpene
SRR34563345.bin.23,Bacteroidota,RiPPs
SRR34563345.bin.28,Bacteroidota,Terpene
SRR34563345.bin.28,Bacteroidota,PKSother
SRR34563345.bin.31,Bacteroidota,PKSother
SRR34563345.bin.33,Pseudomonadota,NRPS
SRR34563345.bin.33,Pseudomonadota,NRPS
SRR34563345.bin.33,Pseudomonadota,PKSother
SRR34563345.bin.33,Pseudomonadota,Terpene
SRR34563345.bin.33,Pseudomonadota,Terpene
SRR34563345.bin.33,Pseudomonadota,NRPS
SRR34563345.bin.33,Pseudomonadota,RiPPs
SRR34563345.bin.33,Pseudomonadota,Terpene
SRR34563345.bin.33,Pseudomonadota,NRPS
SRR34563345.bin.33,Pseudomonadota,NRPS
SRR34563345.bin.33,Pseudomonadota,NRPS
SRR34563345.bin.33,Pseudomonadota,NRPS
SRR34563345.bin.37,Chloroflexota,NRPS
SRR34563345.bin.37,Chloroflexota,Terpene
SRR34563345.bin.37,Chloroflexota,Terpene
SRR34563345.bin.39,Cyanobacteriota,Others
SRR34563345.bin.39,Cyanobacteriota,Others
SRR34563345.bin.39,Cyanobacteriota,Others
SRR34563345.bin.39,Cyanobacteriota,Terpene
SRR34563345.bin.49,Cyanobacteriota,PKSI
SRR34563345.bin.49,Cyanobacteriota,NRPS
SRR34563345.bin.49,Cyanobacteriota,NRPS
SRR34563345.bin.49,Cyanobacteriota,PKSI
SRR34563345.bin.49,Cyanobacteriota,Terpene
SRR34563345.bin.49,Cyanobacteriota,RiPPs
SRR34563345.bin.49,Cyanobacteriota,RiPPs
SRR34563345.bin.49,Cyanobacteriota,PKSother
SRR34563345.bin.5,Bacteroidota,PKSother
SRR34563345.bin.53,Cyanobacteriota,NRPS
SRR34563345.bin.53,Cyanobacteriota,PKSI
SRR34563345.bin.53,Cyanobacteriota,NRPS
SRR34563345.bin.53,Cyanobacteriota,NRPS
SRR34563345.bin.53,Cyanobacteriota,NRPS
SRR34563345.bin.53,Cyanobacteriota,NRPS
SRR34563345.bin.53,Cyanobacteriota,NRPS
SRR34563345.bin.53,Cyanobacteriota,NRPS
SRR34563345.bin.53,Cyanobacteriota,NRPS
SRR34563345.bin.53,Cyanobacteriota,NRPS
SRR34563345.bin.53,Cyanobacteriota,NRPS
SRR34563345.bin.53,Cyanobacteriota,PKSI
SRR34563345.bin.53,Cyanobacteriota,NRPS
SRR34563345.bin.53,Cyanobacteriota,PKSI
SRR34576098.bin.12,Chlamydiota,PKSother
SRR34576098.bin.12,Chlamydiota,NRPS
SRR34576098.bin.14,Pseudomonadota,phosphonate
SRR34576098.bin.14,Pseudomonadota,Terpene
SRR34576099.bin.3,Pseudomonadota,NRPS
SRR34576099.bin.4,Pseudomonadota,NRPS
SRR34576099.bin.4,Pseudomonadota,arylpolyene
SRR34576099.bin.42,Pseudomonadota,RiPPs
SRR34576099.bin.42,Pseudomonadota,Terpene
SRR34576099.bin.42,Pseudomonadota,RiPPs
SRR34576099.bin.42,Pseudomonadota,RiPPs
SRR34576099.bin.42,Pseudomonadota,Others
SRR34576099.bin.42,Pseudomonadota,PKSI
SRR34576099.bin.47,Cyanobacteriota,NRPS
SRR34576099.bin.47,Cyanobacteriota,Terpene
SRR34576099.bin.51,Cyanobacteriota,NRPS
SRR34576099.bin.51,Cyanobacteriota,NRPS
SRR34576099.bin.51,Cyanobacteriota,Terpene
SRR34576099.bin.55,Pseudomonadota,RiPPs
SRR34576099.bin.55,Pseudomonadota,PKSI
SRR34576099.bin.55,Pseudomonadota,RiPPs
SRR34576099.bin.55,Pseudomonadota,PKSother
SRR34576099.bin.55,Pseudomonadota,arylpolyene
SRR34576099.bin.55,Pseudomonadota,arylpolyene
SRR34576099.bin.55,Pseudomonadota,RiPPs
SRR34576099.bin.55,Pseudomonadota,RiPPs
SRR34576099.bin.57,Bacteroidota,NRPS
SRR34576099.bin.57,Bacteroidota,Terpene
SRR34576099.bin.57,Bacteroidota,PKSother
SRR34576099.bin.67,Pseudomonadota,Others
SRR34576099.bin.67,Pseudomonadota,NRPS
SRR34576099.bin.7,Pseudomonadota,Terpene
SRR34576099.bin.7,Pseudomonadota,RiPPs
SRR34576099.bin.72,Gemmatimonadota,PKSother
SRR34576099.bin.72,Gemmatimonadota,Terpene
SRR34576099.bin.76,Verrucomicrobiota,NRPS
SRR34576099.bin.76,Verrucomicrobiota,Terpene
SRR34576099.bin.76,Verrucomicrobiota,Terpene
SRR34576099.bin.76,Verrucomicrobiota,Terpene
SRR34576099.bin.76,Verrucomicrobiota,Others
SRR34576099.bin.76,Verrucomicrobiota,phosphonate
SRR34576099.bin.85,Bacteroidota,Terpene
SRR34576099.bin.89,Pseudomonadota,Terpene
SRR34576099.bin.93,Gemmatimonadota,Terpene
SRR34576099.bin.93,Gemmatimonadota,Terpene
SRR34576099.bin.95,Pseudomonadota,RiPPs
SRR34576099.bin.95,Pseudomonadota,arylpolyene
SRR5209947.bin.14,Bacteroidota,Terpene
SRR5209947.bin.14,Bacteroidota,PKSother
SRR5209947.bin.14,Bacteroidota,arylpolyene
SRR5210317.bin.12,Bacteroidota,Terpene
SRR6056279.bin.17,Pseudomonadota,Terpene
SRR6056279.bin.18,Bacteroidota,Terpene
SRR6056279.bin.21,Pseudomonadota,Terpene
SRR6056296.bin.14,Bacteroidota,Terpene
SRR6056296.bin.14,Bacteroidota,PKSother
SRR6056296.bin.15,Bacteroidota,PKSother
SRR6056296.bin.15,Bacteroidota,Terpene
SRR6056296.bin.15,Bacteroidota,arylpolyene
SRR6056296.bin.19,Pseudomonadota,Terpene
SRR6056296.bin.19,Pseudomonadota,NRPS
SRR6056296.bin.20,Pseudomonadota,Terpene
SRR6056296.bin.20,Pseudomonadota,PKSI
SRR6056296.bin.20,Pseudomonadota,Terpene
SRR6056296.bin.3,Pseudomonadota,PKSI
SRR6056296.bin.3,Pseudomonadota,RiPPs
SRR6056296.bin.3,Pseudomonadota,resorcinol
SRR6056296.bin.38,Pseudomonadota,RiPPs
SRR6056300.bin.12,Bacteroidota,Terpene
SRR6056300.bin.19,Pseudomonadota,Terpene
SRR6056300.bin.29,Pseudomonadota,Terpene
SRR6056300.bin.8,Pseudomonadota,Terpene
SRR7976302.bin.15,Myxococcota,PKSI
SRR7976302.bin.15,Myxococcota,NRPS
SRR7976302.bin.15,Myxococcota,NRPS
SRR7976302.bin.15,Myxococcota,Others
SRR7976302.bin.15,Myxococcota,Terpene
SRR7976302.bin.15,Myxococcota,arylpolyene
SRR7976302.bin.15,Myxococcota,NRPS
SRR7976302.bin.15,Myxococcota,Others
SRR7976302.bin.15,Myxococcota,Others
SRR7976302.bin.15,Myxococcota,NRPS
SRR7976302.bin.19,Pseudomonadota,PKS-NRP_Hybrids
SRR7976302.bin.19,Pseudomonadota,NRPS
SRR7976302.bin.19,Pseudomonadota,NRPS
SRR7976302.bin.19,Pseudomonadota,PKSother
SRR7976302.bin.19,Pseudomonadota,NRPS
SRR7976302.bin.19,Pseudomonadota,NRPS
SRR7976302.bin.19,Pseudomonadota,NRPS
SRR7976302.bin.19,Pseudomonadota,arylpolyene
SRR7976302.bin.19,Pseudomonadota,Others
SRR7976302.bin.19,Pseudomonadota,Others
SRR7976302.bin.2,Planctomycetota,Terpene
SRR7976302.bin.20,Bacteroidota,PKSother
SRR7976302.bin.4,Bacteroidota,PKSother
SRR7976302.bin.5,Bacteroidota,PKSI
SRR7976302.bin.8,Myxococcota,NRPS
SRR7976302.bin.8,Myxococcota,resorcinol
SRR7976302.bin.8,Myxococcota,arylpolyene
SRR7976302.bin.8,Myxococcota,PKSI
SRR7976302.bin.8,Myxococcota,PKSI
SRR7976302.bin.8,Myxococcota,NRPS
SRR7976302.bin.8,Myxococcota,Terpene
SRR7976302.bin.8,Myxococcota,PKSI
SRR7976302.bin.8,Myxococcota,PKSother
SRR7976302.bin.8,Myxococcota,NRPS
SRR7976302.bin.8,Myxococcota,PKSother
SRR7976303.bin.17,Bacillota,PKSother
SRR7976303.bin.23,Bacteroidota,resorcinol
SRR7976303.bin.23,Bacteroidota,RiPPs
SRR7976303.bin.23,Bacteroidota,PKSother
SRR7976303.bin.23,Bacteroidota,RiPPs
SRR7976303.bin.23,Bacteroidota,NRPS
SRR7976303.bin.23,Bacteroidota,Terpene
SRR7976303.bin.29,Myxococcota,NRPS
SRR7976303.bin.29,Myxococcota,arylpolyene
SRR7976303.bin.29,Myxococcota,NRPS
SRR7976303.bin.29,Myxococcota,PKS-NRP_Hybrids
SRR7976303.bin.29,Myxococcota,NRPS
SRR7976303.bin.29,Myxococcota,RiPPs
SRR7976303.bin.29,Myxococcota,RiPPs
SRR7976303.bin.29,Myxococcota,PKSother
SRR7976303.bin.29,Myxococcota,NRPS
SRR7976303.bin.29,Myxococcota,Terpene
SRR9952631.bin.13,Pseudomonadota,NRPS
SRR9952631.bin.13,Pseudomonadota,NRPS
SRR9952631.bin.13,Pseudomonadota,arylpolyene
SRR9952631.bin.13,Pseudomonadota,PKSother
SRR9952631.bin.15,Actinomycetota,Terpene
SRR9952631.bin.18,Desulfobacterota_B,NRPS
SRR9952631.bin.18,Desulfobacterota_B,arylpolyene
SRR9952631.bin.18,Desulfobacterota_B,arylpolyene
SRR9952631.bin.27,Pseudomonadota,PKSother
SRR9952631.bin.29,Pseudomonadota,NRPS
SRR9952631.bin.29,Pseudomonadota,NRPS
SRR9952631.bin.29,Pseudomonadota,NRPS
SRR9952631.bin.29,Pseudomonadota,Terpene
SRR9952631.bin.29,Pseudomonadota,Terpene
SRR9952631.bin.29,Pseudomonadota,phosphonate
SRR9952631.bin.29,Pseudomonadota,arylpolyene
SRR9952631.bin.29,Pseudomonadota,NRPS
SRR9952631.bin.30,Pseudomonadota,NRPS
SRR9952631.bin.31,Verrucomicrobiota,NRPS
SRR9952631.bin.31,Verrucomicrobiota,phosphonate
SRR9952631.bin.31,Verrucomicrobiota,Others
SRR9952631.bin.31,Verrucomicrobiota,Terpene
SRR9952631.bin.6,Methylomirabilota,PKSother
SRR9952631.bin.6,Methylomirabilota,Others
SRR9952631.bin.6,Methylomirabilota,Terpene
SRR9952631.bin.6,Methylomirabilota,Terpene
SRR9952634.bin.9,Actinomycetota,Others
SRR9952634.bin.9,Actinomycetota,Others
SRR9952634.bin.9,Actinomycetota,RiPPs
SRR9952634.bin.9,Actinomycetota,NRPS
SRR9952634.bin.9,Actinomycetota,PKSother
SRR9952635.bin.2,Actinomycetota,NRPS
SRR9952635.bin.2,Actinomycetota,NRPS
SRR9952635.bin.2,Actinomycetota,NRPS
SRR9952635.bin.2,Actinomycetota,RiPPs
SRR9952635.bin.24,Actinomycetota,PKSother
SRR9952635.bin.28,Pseudomonadota,resorcinol
SRR9952635.bin.28,Pseudomonadota,PKSother
SRR9952635.bin.49,Cyanobacteriota,NRPS
SRR9952635.bin.49,Cyanobacteriota,NRPS
SRR9952635.bin.49,Cyanobacteriota,NRPS
SRR9952635.bin.49,Cyanobacteriota,NRPS
SRR9952635.bin.49,Cyanobacteriota,Others
SRR9952635.bin.49,Cyanobacteriota,NRPS
SRR9952635.bin.49,Cyanobacteriota,NRPS
SRR9952635.bin.49,Cyanobacteriota,NRPS
SRR9952635.bin.49,Cyanobacteriota,NRPS
SRR9952635.bin.51,Actinomycetota,Others
SRR9952635.bin.59,Actinomycetota,PKSother
SRR9952635.bin.60,Actinomycetota,RiPPs
SRR7976303.bin.18,Chloroflexota,Terpene
