Bacteria_ID,Bacteria_phylum,Product Prediction,BiG-SCAPE class,Family
SRR28842988.bin.36,Pseudomonadota,NRPS,NRPS,Acetobacteraceae
SRR28842988.bin.36,Pseudomonadota,NRPS-like,NRPS,Acetobacteraceae
SRR28842988.bin.36,Pseudomonadota,arylpolyene,Others,Acetobacteraceae
SRR28842988.bin.36,Pseudomonadota,NRPS,NRPS,Acetobacteraceae
SRR28842988.bin.36,Pseudomonadota,NRPS-like,NRPS,Acetobacteraceae
SRR28842988.bin.36,Pseudomonadota,terpene,Terpene,Acetobacteraceae
SRR28842988.bin.36,Pseudomonadota,NRPS,NRPS,Acetobacteraceae
SRR28842988.bin.36,Pseudomonadota,NRPS,NRPS,Acetobacteraceae
SRR28842988.bin.136,Pseudomonadota,arylpolyene,Others,Acidiferrobacteraceae
SRR28842988.bin.136,Pseudomonadota,arylpolyene,Others,Acidiferrobacteraceae
SRR29689609.bin.76,Pseudomonadota,RiPP-like,RiPPs,Aeromonadaceae
SRR29689609.bin.76,Pseudomonadota,NI-siderophore,Others,Aeromonadaceae
SRR29689609.bin.76,Pseudomonadota,NI-siderophore,Others,Aeromonadaceae
SRR16229781.bin.9,Pseudomonadota,RiPP-like,RiPPs,Aeromonadaceae
SRR16229781.bin.9,Pseudomonadota,NRPS,NRPS,Aeromonadaceae
SRR16229781.bin.9,Pseudomonadota,NRPS,NRPS,Aeromonadaceae
SRR16229781.bin.9,Pseudomonadota,arylpolyene,Others,Aeromonadaceae
SRR16229781.bin.9,Pseudomonadota,arylpolyene,Others,Aeromonadaceae
SRR32774199.bin.27,Pseudomonadota,NRPS,NRPS,Aeromonadaceae
SRR32774199.bin.27,Pseudomonadota,NRPS,NRPS,Aeromonadaceae
SRR9952631.bin.27,Pseudomonadota,T3PKS,PKSother,Aestuariivirgaceae
SRR19594462.bin.31,Pseudomonadota,terpene,Terpene,Afifellaceae
SRR19594462.bin.31,Pseudomonadota,RiPP-like,RiPPs,Afifellaceae
SRR32147494.bin.26,Pseudomonadota,terpene,Terpene,Afifellaceae
SRR32147494.bin.26,Pseudomonadota,NRPS,NRPS,Afifellaceae
SRR32147494.bin.26,Pseudomonadota,RiPP-like,RiPPs,Afifellaceae
SRR32147494.bin.26,Pseudomonadota,NRPS-like,NRPS,Afifellaceae
SRR19594461.bin.50,Pseudomonadota,NRPS,NRPS,Alcanivoracaceae
SRR19594461.bin.83,Pseudomonadota,NRPS-like,NRPS,Alcanivoracaceae
SRR28842982.bin.122,Pseudomonadota,RiPP-like,RiPPs,Alcanivoracaceae
SRR29689609.bin.32,Pseudomonadota,RiPP-like,RiPPs,Alcanivoracaceae
SRR29689611.bin.29,Pseudomonadota,RiPP-like,RiPPs,Alteromonadaceae
SRR32774197.bin.33,Pseudomonadota,RiPP-like,RiPPs,Alteromonadaceae
SRR32774197.bin.33,Pseudomonadota,NI-siderophore,Others,Alteromonadaceae
SRR32774197.bin.33,Pseudomonadota,T1PKS.NRPS,PKS-NRP_Hybrids,Alteromonadaceae
SRR32774197.bin.33,Pseudomonadota,NRPS,NRPS,Alteromonadaceae
SRR32774197.bin.33,Pseudomonadota,NRPS,NRPS,Alteromonadaceae
SRR28842989.bin.1,Pseudomonadota,resorcinol,Others,Alteromonadaceae
SRR29689609.bin.93,Pseudomonadota,arylpolyene,Others,Alteromonadaceae
SRR29689609.bin.93,Pseudomonadota,arylpolyene,Others,Alteromonadaceae
SRR29689609.bin.93,Pseudomonadota,RiPP-like,RiPPs,Alteromonadaceae
SRR29689609.bin.93,Pseudomonadota,RiPP-like,RiPPs,Alteromonadaceae
SRR29689610.bin.15,Pseudomonadota,RiPP-like,RiPPs,Alteromonadaceae
SRR29689610.bin.50,Pseudomonadota,RiPP-like,RiPPs,Alteromonadaceae
SRR29689610.bin.50,Pseudomonadota,arylpolyene,Others,Alteromonadaceae
SRR29689610.bin.50,Pseudomonadota,arylpolyene,Others,Alteromonadaceae
SRR29689611.bin.26,Pseudomonadota,RiPP-like,RiPPs,Alteromonadaceae
SRR29689611.bin.26,Pseudomonadota,arylpolyene,Others,Alteromonadaceae
SRR29689611.bin.26,Pseudomonadota,arylpolyene,Others,Alteromonadaceae
SRR29689611.bin.69,Pseudomonadota,NRPS,NRPS,Alteromonadaceae
SRR29689611.bin.69,Pseudomonadota,NRPS,NRPS,Alteromonadaceae
SRR29689611.bin.69,Pseudomonadota,NRPS,NRPS,Alteromonadaceae
SRR29689611.bin.69,Pseudomonadota,NRPS,NRPS,Alteromonadaceae
SRR29689611.bin.69,Pseudomonadota,NRPS,NRPS,Alteromonadaceae
SRR29689611.bin.69,Pseudomonadota,NRPS,NRPS,Alteromonadaceae
SRR29689611.bin.69,Pseudomonadota,NRPS,NRPS,Alteromonadaceae
SRR29689611.bin.69,Pseudomonadota,resorcinol,Others,Alteromonadaceae
SRR29689611.bin.69,Pseudomonadota,NRPS,NRPS,Alteromonadaceae
SRR32774196.bin.13,Pseudomonadota,NRPS,NRPS,Alteromonadaceae
SRR32774196.bin.13,Pseudomonadota,RiPP-like,RiPPs,Alteromonadaceae
SRR32774196.bin.13,Pseudomonadota,NI-siderophore,Others,Alteromonadaceae
SRR32774197.bin.21,Pseudomonadota,arylpolyene,Others,Alteromonadaceae
SRR32774197.bin.21,Pseudomonadota,arylpolyene,Others,Alteromonadaceae
SRR32774197.bin.21,Pseudomonadota,lanthipeptide-class-iv,RiPPs,Alteromonadaceae
SRR32774197.bin.21,Pseudomonadota,resorcinol,Others,Alteromonadaceae
SRR32774198.bin.29,Pseudomonadota,RiPP-like,RiPPs,Alteromonadaceae
SRR32774198.bin.29,Pseudomonadota,arylpolyene,Others,Alteromonadaceae
SRR32774198.bin.29,Pseudomonadota,arylpolyene,Others,Alteromonadaceae
SRR32774198.bin.29,Pseudomonadota,resorcinol,Others,Alteromonadaceae
SRR32774198.bin.29,Pseudomonadota,arylpolyene,Others,Alteromonadaceae
SRR32774199.bin.23,Pseudomonadota,arylpolyene,Others,Alteromonadaceae
SRR32774200.bin.1,Pseudomonadota,RRE-containing,RiPPs,Alteromonadaceae
SRR32774200.bin.1,Pseudomonadota,RiPP-like,RiPPs,Alteromonadaceae
SRR32774201.bin.24,Pseudomonadota,RiPP-like,RiPPs,Alteromonadaceae
SRR33545836.bin.15,Pseudomonadota,RiPP-like,RiPPs,Alteromonadaceae
SRR33545836.bin.15,Pseudomonadota,arylpolyene,Others,Alteromonadaceae
SRR33545836.bin.15,Pseudomonadota,arylpolyene,Others,Alteromonadaceae
SRR21412972.bin.71,Pseudomonadota,arylpolyene,Others,Aquisalimonadaceae
SRR21412972.bin.71,Pseudomonadota,resorcinol,Others,Aquisalimonadaceae
SRR21412972.bin.71,Pseudomonadota,arylpolyene,Others,Aquisalimonadaceae
SRR21412972.bin.71,Pseudomonadota,terpene,Terpene,Aquisalimonadaceae
SRR21413001.bin.20,Pseudomonadota,terpene,Terpene,Aquisalimonadaceae
17-C.bin.29,Pseudomonadota,NRPS-like,NRPS,Azotimanducaceae_A
17-C.bin.29,Pseudomonadota,terpene,Terpene,Azotimanducaceae_A
17-C.bin.29,Pseudomonadota,terpene,Terpene,Azotimanducaceae_A
SRR32147499.bin.3,Pseudomonadota,NRPS-like,NRPS,Azotimanducaceae_A
SRR32147499.bin.3,Pseudomonadota,arylpolyene,Others,Azotimanducaceae_A
SRR32147499.bin.3,Pseudomonadota,arylpolyene,Others,Azotimanducaceae_A
SRR32147499.bin.3,Pseudomonadota,terpene,Terpene,Azotimanducaceae_A
SRR32147508.bin.96,Pseudomonadota,terpene,Terpene,Azotimanducaceae_A
SRR32147508.bin.96,Pseudomonadota,terpene,Terpene,Azotimanducaceae_A
SRR32147508.bin.96,Pseudomonadota,terpene,Terpene,Azotimanducaceae_A
SRR32147508.bin.96,Pseudomonadota,NRPS-like,NRPS,Azotimanducaceae_A
SRR34563345.bin.33,Pseudomonadota,NRPS-like,NRPS,Beijerinckiaceae
SRR34563345.bin.33,Pseudomonadota,NRPS-like,NRPS,Beijerinckiaceae
SRR34563345.bin.33,Pseudomonadota,T3PKS,PKSother,Beijerinckiaceae
SRR34563345.bin.33,Pseudomonadota,terpene,Terpene,Beijerinckiaceae
SRR34563345.bin.33,Pseudomonadota,terpene,Terpene,Beijerinckiaceae
SRR34563345.bin.33,Pseudomonadota,NRPS,NRPS,Beijerinckiaceae
SRR34563345.bin.33,Pseudomonadota,RiPP-like,RiPPs,Beijerinckiaceae
SRR34563345.bin.33,Pseudomonadota,terpene,Terpene,Beijerinckiaceae
SRR34563345.bin.33,Pseudomonadota,NRPS,NRPS,Beijerinckiaceae
SRR34563345.bin.33,Pseudomonadota,NRPS,NRPS,Beijerinckiaceae
SRR34563345.bin.33,Pseudomonadota,NRPS,NRPS,Beijerinckiaceae
SRR34563345.bin.33,Pseudomonadota,NRPS,NRPS,Beijerinckiaceae
13-d.bin.23,Pseudomonadota,terpene,Terpene,Bin65
SRR29646160.bin.8,Pseudomonadota,terpene,Terpene,Bin65
SRR29646160.bin.8,Pseudomonadota,T1PKS,PKSI,Bin65
SRR23929179.bin.11,Pseudomonadota,NRPS,NRPS,Burkholderiaceae
SRR23929179.bin.11,Pseudomonadota,NRPS,NRPS,Burkholderiaceae
SRR23929179.bin.11,Pseudomonadota,T1PKS,PKSI,Burkholderiaceae
SRR23929179.bin.11,Pseudomonadota,arylpolyene,Others,Burkholderiaceae
SRR23929179.bin.11,Pseudomonadota,arylpolyene,Others,Burkholderiaceae
SRR23929179.bin.11,Pseudomonadota,RiPP-like,RiPPs,Burkholderiaceae
SRR34563345.bin.20,Pseudomonadota,arylpolyene,Others,Burkholderiaceae
ERR9527533.bin.45,Pseudomonadota,NRPS-like,NRPS,Burkholderiaceae
SRR19594459.bin.22,Pseudomonadota,terpene,Terpene,Burkholderiaceae
SRR19594459.bin.22,Pseudomonadota,arylpolyene,Others,Burkholderiaceae
SRR19594459.bin.22,Pseudomonadota,RiPP-like,RiPPs,Burkholderiaceae
SRR23851176.bin.21,Pseudomonadota,NRPS,NRPS,Burkholderiaceae
SRR23851176.bin.21,Pseudomonadota,NRPS,NRPS,Burkholderiaceae
SRR23851176.bin.21,Pseudomonadota,NRPS,NRPS,Burkholderiaceae
SRR23851176.bin.21,Pseudomonadota,NRPS,NRPS,Burkholderiaceae
SRR23851176.bin.21,Pseudomonadota,NRPS-like,NRPS,Burkholderiaceae
SRR23851176.bin.21,Pseudomonadota,T1PKS,PKSI,Burkholderiaceae
SRR23851176.bin.21,Pseudomonadota,NRPS,NRPS,Burkholderiaceae
SRR23851176.bin.21,Pseudomonadota,RiPP-like,RiPPs,Burkholderiaceae
SRR23851176.bin.21,Pseudomonadota,NRPS,NRPS,Burkholderiaceae
SRR23851176.bin.21,Pseudomonadota,resorcinol,Others,Burkholderiaceae
SRR23851176.bin.21,Pseudomonadota,NRPS,NRPS,Burkholderiaceae
SRR23851176.bin.21,Pseudomonadota,NRPS,NRPS,Burkholderiaceae
SRR23929139.bin.23,Pseudomonadota,arylpolyene,Others,Burkholderiaceae
SRR28842982.bin.21,Pseudomonadota,NRPS,NRPS,Burkholderiaceae
SRR28842982.bin.21,Pseudomonadota,NRPS,NRPS,Burkholderiaceae
SRR28842982.bin.21,Pseudomonadota,NRPS-like,NRPS,Burkholderiaceae
SRR28842982.bin.21,Pseudomonadota,T1PKS.NRPS,PKS-NRP_Hybrids,Burkholderiaceae
SRR28842982.bin.21,Pseudomonadota,NRPS,NRPS,Burkholderiaceae
SRR28842982.bin.90,Pseudomonadota,terpene,Terpene,Burkholderiaceae
SRR28842987.bin.55,Pseudomonadota,RiPP-like,RiPPs,Burkholderiaceae
SRR28842987.bin.55,Pseudomonadota,RiPP-like,RiPPs,Burkholderiaceae
SRR28842987.bin.55,Pseudomonadota,terpene,Terpene,Burkholderiaceae
SRR28842988.bin.139,Pseudomonadota,other,Others,Burkholderiaceae
SRR28842988.bin.139,Pseudomonadota,T1PKS.NRPS,PKS-NRP_Hybrids,Burkholderiaceae
SRR28842988.bin.139,Pseudomonadota,NRPS-like,NRPS,Burkholderiaceae
SRR28842988.bin.139,Pseudomonadota,terpene,Terpene,Burkholderiaceae
SRR28842988.bin.139,Pseudomonadota,arylpolyene,Others,Burkholderiaceae
SRR28842988.bin.139,Pseudomonadota,NRPS,NRPS,Burkholderiaceae
SRR28842988.bin.139,Pseudomonadota,NRPS,NRPS,Burkholderiaceae
SRR28842988.bin.139,Pseudomonadota,terpene,Terpene,Burkholderiaceae
SRR28842988.bin.139,Pseudomonadota,phosphonate,Others,Burkholderiaceae
SRR28842988.bin.139,Pseudomonadota,T1PKS,PKSI,Burkholderiaceae
SRR28842988.bin.139,Pseudomonadota,NRPS-like,NRPS,Burkholderiaceae
SRR28842988.bin.139,Pseudomonadota,NRPS,NRPS,Burkholderiaceae
SRR28842988.bin.139,Pseudomonadota,terpene,Terpene,Burkholderiaceae
SRR28842988.bin.139,Pseudomonadota,terpene,Terpene,Burkholderiaceae
SRR28842988.bin.139,Pseudomonadota,terpene,Terpene,Burkholderiaceae
SRR28842988.bin.139,Pseudomonadota,NRPS,NRPS,Burkholderiaceae
SRR28842988.bin.139,Pseudomonadota,NRPS,NRPS,Burkholderiaceae
SRR28842988.bin.56,Pseudomonadota,arylpolyene,Others,Burkholderiaceae
SRR28842989.bin.43,Pseudomonadota,NI-siderophore,Others,Burkholderiaceae
SRR28842989.bin.43,Pseudomonadota,NI-siderophore,Others,Burkholderiaceae
SRR29646159.bin.22,Pseudomonadota,NI-siderophore,Others,Burkholderiaceae
SRR29646159.bin.22,Pseudomonadota,T1PKS.NRPS-like,PKS-NRP_Hybrids,Burkholderiaceae
SRR29646159.bin.22,Pseudomonadota,resorcinol,Others,Burkholderiaceae
SRR29646159.bin.22,Pseudomonadota,NAPAA,NRPS,Burkholderiaceae
SRR29646159.bin.22,Pseudomonadota,arylpolyene,Others,Burkholderiaceae
SRR29646159.bin.22,Pseudomonadota,arylpolyene,Others,Burkholderiaceae
SRR29646159.bin.23,Pseudomonadota,T1PKS,PKSI,Burkholderiaceae
SRR29646159.bin.23,Pseudomonadota,NRPS,NRPS,Burkholderiaceae
SRR29646159.bin.23,Pseudomonadota,T1PKS,PKSI,Burkholderiaceae
SRR29646159.bin.23,Pseudomonadota,NRPS,NRPS,Burkholderiaceae
SRR29646159.bin.23,Pseudomonadota,T1PKS,PKSI,Burkholderiaceae
SRR29646159.bin.23,Pseudomonadota,T1PKS,PKSI,Burkholderiaceae
SRR29646159.bin.23,Pseudomonadota,NRPS.T1PKS,PKS-NRP_Hybrids,Burkholderiaceae
SRR29646159.bin.23,Pseudomonadota,arylpolyene,Others,Burkholderiaceae
SRR29646159.bin.23,Pseudomonadota,terpene,Terpene,Burkholderiaceae
SRR29646159.bin.23,Pseudomonadota,T1PKS,PKSI,Burkholderiaceae
SRR31572242.bin.4,Pseudomonadota,arylpolyene,Others,Burkholderiaceae
SRR31572242.bin.4,Pseudomonadota,arylpolyene,Others,Burkholderiaceae
SRR31572242.bin.4,Pseudomonadota,NI-siderophore,Others,Burkholderiaceae
SRR31572242.bin.4,Pseudomonadota,LAP,RiPPs,Burkholderiaceae
SRR31572242.bin.4,Pseudomonadota,NRPS-like,NRPS,Burkholderiaceae
SRR31572242.bin.4,Pseudomonadota,T1PKS.NRPS-like,PKS-NRP_Hybrids,Burkholderiaceae
SRR31572243.bin.22,Pseudomonadota,NRPS-like,NRPS,Burkholderiaceae
SRR31572243.bin.22,Pseudomonadota,NRPS,NRPS,Burkholderiaceae
SRR31572243.bin.22,Pseudomonadota,NRPS,NRPS,Burkholderiaceae
SRR31572243.bin.22,Pseudomonadota,NRPS,NRPS,Burkholderiaceae
SRR31572243.bin.22,Pseudomonadota,T1PKS,PKSI,Burkholderiaceae
SRR31572243.bin.22,Pseudomonadota,NRPS,NRPS,Burkholderiaceae
SRR31572243.bin.22,Pseudomonadota,NRPS,NRPS,Burkholderiaceae
SRR31572243.bin.22,Pseudomonadota,resorcinol,Others,Burkholderiaceae
SRR31572243.bin.22,Pseudomonadota,RiPP-like,RiPPs,Burkholderiaceae
SRR31572243.bin.22,Pseudomonadota,T1PKS.NRPS-like,PKS-NRP_Hybrids,Burkholderiaceae
SRR31572243.bin.22,Pseudomonadota,resorcinol,Others,Burkholderiaceae
SRR31572243.bin.22,Pseudomonadota,arylpolyene,Others,Burkholderiaceae
SRR31572244.bin.13,Pseudomonadota,arylpolyene,Others,Burkholderiaceae
SRR31572244.bin.13,Pseudomonadota,NRPS,NRPS,Burkholderiaceae
SRR31572244.bin.13,Pseudomonadota,NRPS,NRPS,Burkholderiaceae
SRR31572244.bin.13,Pseudomonadota,NI-siderophore,Others,Burkholderiaceae
SRR31572244.bin.13,Pseudomonadota,NRPS,NRPS,Burkholderiaceae
SRR31572244.bin.13,Pseudomonadota,NRPS,NRPS,Burkholderiaceae
SRR31572244.bin.13,Pseudomonadota,T1PKS.NRPS-like,PKS-NRP_Hybrids,Burkholderiaceae
SRR31572244.bin.13,Pseudomonadota,NRPS,NRPS,Burkholderiaceae
SRR31572244.bin.13,Pseudomonadota,resorcinol,Others,Burkholderiaceae
SRR31572244.bin.13,Pseudomonadota,NRPS-like,NRPS,Burkholderiaceae
SRR31674855.bin.7,Pseudomonadota,arylpolyene,Others,Burkholderiaceae
9-A.bin.59,Pseudomonadota,NRPS-like,NRPS,CAJVXG01
9-A.bin.59,Pseudomonadota,terpene,Terpene,CAJVXG01
9-A.bin.59,Pseudomonadota,terpene,Terpene,CAJVXG01
17-C.bin.185,Pseudomonadota,NRPS-like,NRPS,CAJXLF01
17-C.bin.185,Pseudomonadota,arylpolyene,Others,CAJXLF01
17-C.bin.37,Pseudomonadota,NI-siderophore,Others,CAJXLF01
17-C.bin.37,Pseudomonadota,NI-siderophore,Others,CAJXLF01
17-C.bin.37,Pseudomonadota,arylpolyene,Others,CAJXLF01
SRR9952631.bin.29,Pseudomonadota,NRPS-like,NRPS,CAJXQU01
SRR9952631.bin.29,Pseudomonadota,NRPS,NRPS,CAJXQU01
SRR9952631.bin.29,Pseudomonadota,NRPS,NRPS,CAJXQU01
SRR9952631.bin.29,Pseudomonadota,terpene,Terpene,CAJXQU01
SRR9952631.bin.29,Pseudomonadota,terpene,Terpene,CAJXQU01
SRR9952631.bin.29,Pseudomonadota,phosphonate,Others,CAJXQU01
SRR9952631.bin.29,Pseudomonadota,arylpolyene,Others,CAJXQU01
SRR9952631.bin.29,Pseudomonadota,NRPS,NRPS,CAJXQU01
SRR32147493.bin.42,Pseudomonadota,arylpolyene,Others,CALJLA01
SRR32147493.bin.42,Pseudomonadota,RRE-containing,RiPPs,CALJLA01
SRR32147493.bin.42,Pseudomonadota,resorcinol,Others,CALJLA01
5-C.bin.9,Pseudomonadota,terpene,Terpene,Casp-alpha2
5-C.bin.9,Pseudomonadota,T3PKS,PKSother,Casp-alpha2
SRR21413008.bin.13,Pseudomonadota,NAPAA,NRPS,Caulobacteraceae
SRR21413008.bin.13,Pseudomonadota,resorcinol,Others,Caulobacteraceae
SRR28842988.bin.77,Pseudomonadota,resorcinol,Others,Caulobacteraceae
SRR31572242.bin.29,Pseudomonadota,NRPS-like,NRPS,Caulobacteraceae
SRR31572244.bin.15,Pseudomonadota,terpene,Terpene,Caulobacteraceae
SRR29646161.bin.40,Pseudomonadota,T3PKS,PKSother,CECT-8803
SRR19594459.bin.66,Pseudomonadota,NRPS-like,NRPS,Cellvibrionaceae
SRR19594459.bin.66,Pseudomonadota,lanthipeptide-class-iv,RiPPs,Cellvibrionaceae
SRR19594459.bin.66,Pseudomonadota,T1PKS,PKSI,Cellvibrionaceae
SRR19594459.bin.66,Pseudomonadota,T1PKS,PKSI,Cellvibrionaceae
SRR19594459.bin.66,Pseudomonadota,NRPS-like,NRPS,Cellvibrionaceae
SRR19594459.bin.66,Pseudomonadota,NRPS,NRPS,Cellvibrionaceae
SRR19594459.bin.66,Pseudomonadota,transAT-PKS-like,PKSother,Cellvibrionaceae
SRR19594459.bin.66,Pseudomonadota,transAT-PKS-like,PKSother,Cellvibrionaceae
SRR19594459.bin.66,Pseudomonadota,transAT-PKS-like.NRPS-like,PKS-NRP_Hybrids,Cellvibrionaceae
SRR19594459.bin.66,Pseudomonadota,NRPS-like,NRPS,Cellvibrionaceae
13-b.bin.67,Pseudomonadota,RiPP-like,RiPPs,Cellvibrionaceae
13-b.bin.67,Pseudomonadota,NRPS,NRPS,Cellvibrionaceae
13-b.bin.67,Pseudomonadota,resorcinol,Others,Cellvibrionaceae
13-b.bin.67,Pseudomonadota,NI-siderophore,Others,Cellvibrionaceae
13-b.bin.67,Pseudomonadota,NI-siderophore,Others,Cellvibrionaceae
13-b.bin.67,Pseudomonadota,NI-siderophore,Others,Cellvibrionaceae
13-b.bin.67,Pseudomonadota,NI-siderophore,Others,Cellvibrionaceae
13-b.bin.67,Pseudomonadota,NI-siderophore,Others,Cellvibrionaceae
SRR1164896.bin.30,Pseudomonadota,NRPS,NRPS,Cellvibrionaceae
SRR1164896.bin.30,Pseudomonadota,arylpolyene,Others,Cellvibrionaceae
SRR1164896.bin.30,Pseudomonadota,NRPS-like,NRPS,Cellvibrionaceae
SRR1164896.bin.4,Pseudomonadota,arylpolyene,Others,Cellvibrionaceae
SRR1164896.bin.4,Pseudomonadota,arylpolyene,Others,Cellvibrionaceae
SRR1164896.bin.4,Pseudomonadota,resorcinol,Others,Cellvibrionaceae
SRR1164896.bin.4,Pseudomonadota,arylpolyene,Others,Cellvibrionaceae
SRR1164896.bin.4,Pseudomonadota,arylpolyene,Others,Cellvibrionaceae
SRR21412975.bin.43,Pseudomonadota,NI-siderophore,Others,Cellvibrionaceae
SRR21412991.bin.2,Pseudomonadota,NRPS-like,NRPS,Cellvibrionaceae
SRR21412991.bin.2,Pseudomonadota,NRPS,NRPS,Cellvibrionaceae
SRR21412991.bin.2,Pseudomonadota,NRPS,NRPS,Cellvibrionaceae
SRR21412991.bin.2,Pseudomonadota,T3PKS,PKSother,Cellvibrionaceae
SRR21412991.bin.2,Pseudomonadota,NRPS,NRPS,Cellvibrionaceae
SRR21412991.bin.2,Pseudomonadota,NRPS,NRPS,Cellvibrionaceae
SRR21412991.bin.2,Pseudomonadota,NRPS,NRPS,Cellvibrionaceae
SRR21413003.bin.20,Pseudomonadota,NI-siderophore,Others,Cellvibrionaceae
SRR21413003.bin.20,Pseudomonadota,NI-siderophore,Others,Cellvibrionaceae
SRR21413003.bin.46,Pseudomonadota,T3PKS,PKSother,Cellvibrionaceae
SRR21413003.bin.46,Pseudomonadota,NRPS-like,NRPS,Cellvibrionaceae
SRR23851176.bin.16,Pseudomonadota,NRPS,NRPS,Cellvibrionaceae
SRR23851176.bin.16,Pseudomonadota,resorcinol,Others,Cellvibrionaceae
SRR23851176.bin.16,Pseudomonadota,NRPS,NRPS,Cellvibrionaceae
SRR23851176.bin.16,Pseudomonadota,NRPS,NRPS,Cellvibrionaceae
SRR23851176.bin.16,Pseudomonadota,NI-siderophore,Others,Cellvibrionaceae
SRR23851176.bin.16,Pseudomonadota,NI-siderophore,Others,Cellvibrionaceae
SRR23851182.bin.19,Pseudomonadota,NI-siderophore,Others,Cellvibrionaceae
SRR23851198.bin.28,Pseudomonadota,arylpolyene,Others,Cellvibrionaceae
SRR23851198.bin.28,Pseudomonadota,arylpolyene,Others,Cellvibrionaceae
SRR23851198.bin.28,Pseudomonadota,RiPP-like,RiPPs,Cellvibrionaceae
SRR23851198.bin.28,Pseudomonadota,NI-siderophore,Others,Cellvibrionaceae
SRR29646156.bin.23,Pseudomonadota,NRPS,NRPS,Cellvibrionaceae
SRR29646156.bin.23,Pseudomonadota,NRPS-like,NRPS,Cellvibrionaceae
SRR29646156.bin.23,Pseudomonadota,NRPS,NRPS,Cellvibrionaceae
SRR29689609.bin.11,Pseudomonadota,NRPS-like,NRPS,Cellvibrionaceae
SRR29689609.bin.11,Pseudomonadota,arylpolyene,Others,Cellvibrionaceae
SRR29689609.bin.11,Pseudomonadota,arylpolyene,Others,Cellvibrionaceae
SRR29689609.bin.78,Pseudomonadota,NRPS,NRPS,Cellvibrionaceae
SRR29689609.bin.78,Pseudomonadota,arylpolyene,Others,Cellvibrionaceae
SRR29689609.bin.78,Pseudomonadota,arylpolyene,Others,Cellvibrionaceae
SRR29689609.bin.78,Pseudomonadota,NRPS-like,NRPS,Cellvibrionaceae
SRR29689610.bin.29,Pseudomonadota,NI-siderophore,Others,Cellvibrionaceae
SRR29689610.bin.29,Pseudomonadota,NI-siderophore,Others,Cellvibrionaceae
SRR29689610.bin.29,Pseudomonadota,NI-siderophore,Others,Cellvibrionaceae
SRR29689610.bin.29,Pseudomonadota,NI-siderophore,Others,Cellvibrionaceae
SRR29689610.bin.76,Pseudomonadota,arylpolyene,Others,Cellvibrionaceae
SRR29689610.bin.76,Pseudomonadota,arylpolyene,Others,Cellvibrionaceae
SRR29689610.bin.76,Pseudomonadota,NRPS-like,NRPS,Cellvibrionaceae
SRR29689610.bin.76,Pseudomonadota,NRPS,NRPS,Cellvibrionaceae
SRR29689610.bin.79,Pseudomonadota,NRPS,NRPS,Cellvibrionaceae
SRR29689610.bin.79,Pseudomonadota,NRPS,NRPS,Cellvibrionaceae
SRR29689610.bin.79,Pseudomonadota,RiPP-like,RiPPs,Cellvibrionaceae
SRR29689610.bin.79,Pseudomonadota,RiPP-like,RiPPs,Cellvibrionaceae
SRR29689610.bin.79,Pseudomonadota,NRPS,NRPS,Cellvibrionaceae
SRR29689610.bin.79,Pseudomonadota,NRPS,NRPS,Cellvibrionaceae
SRR29689610.bin.79,Pseudomonadota,resorcinol,Others,Cellvibrionaceae
SRR29689611.bin.10,Pseudomonadota,NI-siderophore,Others,Cellvibrionaceae
SRR29689611.bin.10,Pseudomonadota,NI-siderophore,Others,Cellvibrionaceae
SRR29689611.bin.10,Pseudomonadota,resorcinol,Others,Cellvibrionaceae
SRR29689611.bin.10,Pseudomonadota,arylpolyene,Others,Cellvibrionaceae
SRR7976302.bin.19,Pseudomonadota,NRPS.T1PKS,PKS-NRP_Hybrids,Cellvibrionaceae
SRR7976302.bin.19,Pseudomonadota,NRPS-like,NRPS,Cellvibrionaceae
SRR7976302.bin.19,Pseudomonadota,NRPS-like,NRPS,Cellvibrionaceae
SRR7976302.bin.19,Pseudomonadota,T3PKS,PKSother,Cellvibrionaceae
SRR7976302.bin.19,Pseudomonadota,NRPS,NRPS,Cellvibrionaceae
SRR7976302.bin.19,Pseudomonadota,NRPS,NRPS,Cellvibrionaceae
SRR7976302.bin.19,Pseudomonadota,NRPS,NRPS,Cellvibrionaceae
SRR7976302.bin.19,Pseudomonadota,arylpolyene,Others,Cellvibrionaceae
SRR7976302.bin.19,Pseudomonadota,NI-siderophore,Others,Cellvibrionaceae
SRR7976302.bin.19,Pseudomonadota,NI-siderophore,Others,Cellvibrionaceae
SRR9952635.bin.28,Pseudomonadota,resorcinol,Others,Cellvibrionaceae
SRR9952635.bin.28,Pseudomonadota,T3PKS,PKSother,Cellvibrionaceae
SRR31572239.bin.6,Pseudomonadota,resorcinol,Others,Chitinimonadaceae
SRR31572239.bin.6,Pseudomonadota,NI-siderophore,Others,Chitinimonadaceae
SRR31572239.bin.6,Pseudomonadota,NI-siderophore,Others,Chitinimonadaceae
SRR31572239.bin.6,Pseudomonadota,NRPS,NRPS,Chitinimonadaceae
SRR31572239.bin.6,Pseudomonadota,RiPP-like,RiPPs,Chitinimonadaceae
SRR21412972.bin.24,Pseudomonadota,terpene,Terpene,Chromatiaceae
SRR21412972.bin.24,Pseudomonadota,terpene,Terpene,Chromatiaceae
SRR21412972.bin.24,Pseudomonadota,NRPS-like,NRPS,Chromatiaceae
SRR21412972.bin.24,Pseudomonadota,arylpolyene,Others,Chromatiaceae
SRR16229770.bin.4,Pseudomonadota,NRPS-like,NRPS,Chromobacteriaceae
SRR16229770.bin.4,Pseudomonadota,NI-siderophore,Others,Chromobacteriaceae
SRR23851190.bin.47,Pseudomonadota,NRPS-like,NRPS,Competibacteraceae
SRR23851190.bin.47,Pseudomonadota,terpene,Terpene,Competibacteraceae
SRR23851190.bin.47,Pseudomonadota,terpene,Terpene,Competibacteraceae
SRR23851190.bin.47,Pseudomonadota,RRE-containing,RiPPs,Competibacteraceae
SRR23851190.bin.47,Pseudomonadota,phosphonate,Others,Competibacteraceae
SRR32147494.bin.39,Pseudomonadota,terpene,Terpene,Competibacteraceae
SRR32147494.bin.39,Pseudomonadota,NRPS-like,NRPS,Competibacteraceae
SRR32147494.bin.39,Pseudomonadota,ranthipeptide,RiPPs,Competibacteraceae
SRR32147494.bin.39,Pseudomonadota,RRE-containing,RiPPs,Competibacteraceae
SRR32147509.bin.89,Pseudomonadota,LAP,RiPPs,Competibacteraceae
SRR32147509.bin.89,Pseudomonadota,NRPS-like,NRPS,Competibacteraceae
SRR32147509.bin.89,Pseudomonadota,terpene,Terpene,Competibacteraceae
SRR32147509.bin.89,Pseudomonadota,RRE-containing,RiPPs,Competibacteraceae
SRR23851215.bin.17,Pseudomonadota,terpene,Terpene,Devosiaceae
SRR23851215.bin.17,Pseudomonadota,T1PKS,PKSI,Devosiaceae
SRR16229785.bin.20,Pseudomonadota,lanthipeptide-class-iv,RiPPs,Dongiaceae
SRR16229785.bin.20,Pseudomonadota,NRPS-like,NRPS,Dongiaceae
SRR16229785.bin.20,Pseudomonadota,T3PKS,PKSother,Dongiaceae
SRR29646158.bin.23,Pseudomonadota,ranthipeptide,RiPPs,Dongiaceae
SRR29646158.bin.23,Pseudomonadota,NRPS-like,NRPS,Dongiaceae
SRR29646158.bin.23,Pseudomonadota,T3PKS,PKSother,Dongiaceae
SRR29646158.bin.23,Pseudomonadota,NRPS-like,NRPS,Dongiaceae
SRR29689611.bin.4,Pseudomonadota,arylpolyene,Others,DSM-103792
SRR29689611.bin.4,Pseudomonadota,NI-siderophore,Others,DSM-103792
SRR29689611.bin.4,Pseudomonadota,NI-siderophore,Others,DSM-103792
SRR23851212.bin.14,Pseudomonadota,arylpolyene,Others,DSM-19610
SRR28842982.bin.41,Pseudomonadota,NRPS-like,NRPS,DSM-19610
SRR21412969.bin.31,Pseudomonadota,NRPS-like,NRPS,DSM-21159
SRR21412969.bin.31,Pseudomonadota,NRPS,NRPS,DSM-21159
SRR21412969.bin.31,Pseudomonadota,NRPS,NRPS,DSM-21159
SRR21412969.bin.31,Pseudomonadota,NRPS-like,NRPS,DSM-21159
SRR21412969.bin.31,Pseudomonadota,RRE-containing,RiPPs,DSM-21159
SRR32774198.bin.18,Pseudomonadota,arylpolyene,Others,Enterobacteriaceae
SRR32774198.bin.18,Pseudomonadota,arylpolyene,Others,Enterobacteriaceae
SRR32774198.bin.18,Pseudomonadota,NRPS,NRPS,Enterobacteriaceae
SRR32774198.bin.18,Pseudomonadota,RiPP-like,RiPPs,Enterobacteriaceae
SRR32774199.bin.16,Pseudomonadota,arylpolyene,Others,Enterobacteriaceae
SRR32774199.bin.16,Pseudomonadota,arylpolyene,Others,Enterobacteriaceae
SRR32774199.bin.16,Pseudomonadota,NRPS,NRPS,Enterobacteriaceae
SRR32774199.bin.16,Pseudomonadota,RiPP-like,RiPPs,Enterobacteriaceae
SRR21412978.bin.11,Pseudomonadota,arylpolyene,Others,Enterobacteriaceae
SRR21412978.bin.11,Pseudomonadota,terpene,Terpene,Enterobacteriaceae
SRR21412978.bin.11,Pseudomonadota,RiPP-like,RiPPs,Enterobacteriaceae
SRR21412978.bin.11,Pseudomonadota,arylpolyene,Others,Enterobacteriaceae
SRR21412978.bin.11,Pseudomonadota,NRPS-like,NRPS,Enterobacteriaceae
SRR21412982.bin.11,Pseudomonadota,NRPS,NRPS,Enterobacteriaceae
SRR21412997.bin.2,Pseudomonadota,T1PKS,PKSI,Enterobacteriaceae
SRR21412997.bin.2,Pseudomonadota,NRPS,NRPS,Enterobacteriaceae
SRR21412997.bin.2,Pseudomonadota,NRPS,NRPS,Enterobacteriaceae
SRR21412997.bin.2,Pseudomonadota,RiPP-like,RiPPs,Enterobacteriaceae
SRR23851173.bin.6,Pseudomonadota,NI-siderophore,Others,Enterobacteriaceae
SRR23851173.bin.6,Pseudomonadota,NI-siderophore,Others,Enterobacteriaceae
SRR23851173.bin.6,Pseudomonadota,arylpolyene,Others,Enterobacteriaceae
SRR23851173.bin.6,Pseudomonadota,NRPS-like,NRPS,Enterobacteriaceae
SRR23851173.bin.6,Pseudomonadota,RRE-containing,RiPPs,Enterobacteriaceae
SRR23851173.bin.6,Pseudomonadota,RiPP-like,RiPPs,Enterobacteriaceae
SRR23851173.bin.6,Pseudomonadota,NRPS,NRPS,Enterobacteriaceae
SRR23851173.bin.6,Pseudomonadota,arylpolyene,Others,Enterobacteriaceae
SRR23851173.bin.6,Pseudomonadota,RRE-containing,RiPPs,Enterobacteriaceae
SRR31572241.bin.32,Pseudomonadota,NRPS,NRPS,Enterobacteriaceae
SRR31572241.bin.32,Pseudomonadota,NRPS,NRPS,Enterobacteriaceae
SRR31572241.bin.32,Pseudomonadota,NRPS,NRPS,Enterobacteriaceae
SRR31572241.bin.32,Pseudomonadota,NRPS,NRPS,Enterobacteriaceae
SRR31572241.bin.32,Pseudomonadota,NRPS,NRPS,Enterobacteriaceae
SRR31572241.bin.32,Pseudomonadota,NRPS,NRPS,Enterobacteriaceae
SRR31572241.bin.32,Pseudomonadota,RiPP-like,RiPPs,Enterobacteriaceae
SRR31572241.bin.32,Pseudomonadota,RiPP-like,RiPPs,Enterobacteriaceae
SRR31572241.bin.32,Pseudomonadota,NRPS,NRPS,Enterobacteriaceae
SRR31572241.bin.32,Pseudomonadota,NRP-metallophore.NRPS,Others,Enterobacteriaceae
SRR31572241.bin.32,Pseudomonadota,NRPS,NRPS,Enterobacteriaceae
SRR31572241.bin.32,Pseudomonadota,NRPS,NRPS,Enterobacteriaceae
SRR31572241.bin.32,Pseudomonadota,T1PKS,PKSI,Enterobacteriaceae
SRR31572241.bin.32,Pseudomonadota,NRPS,NRPS,Enterobacteriaceae
SRR31572242.bin.7,Pseudomonadota,NRPS,NRPS,Enterobacteriaceae
SRR31572242.bin.7,Pseudomonadota,NRPS-like,NRPS,Enterobacteriaceae
SRR31572242.bin.7,Pseudomonadota,terpene,Terpene,Enterobacteriaceae
SRR31572242.bin.7,Pseudomonadota,arylpolyene,Others,Enterobacteriaceae
SRR31572242.bin.7,Pseudomonadota,arylpolyene,Others,Enterobacteriaceae
SRR31572242.bin.7,Pseudomonadota,RiPP-like,RiPPs,Enterobacteriaceae
SRR31572242.bin.7,Pseudomonadota,arylpolyene,Others,Enterobacteriaceae
SRR31572242.bin.7,Pseudomonadota,arylpolyene,Others,Enterobacteriaceae
SRR31572243.bin.33,Pseudomonadota,terpene,Terpene,Enterobacteriaceae
SRR31572243.bin.33,Pseudomonadota,NRPS,NRPS,Enterobacteriaceae
SRR31572243.bin.33,Pseudomonadota,RiPP-like,RiPPs,Enterobacteriaceae
SRR31572244.bin.12,Pseudomonadota,arylpolyene,Others,Enterobacteriaceae
SRR31572244.bin.12,Pseudomonadota,arylpolyene,Others,Enterobacteriaceae
SRR31572244.bin.12,Pseudomonadota,RiPP-like,RiPPs,Enterobacteriaceae
SRR31572244.bin.12,Pseudomonadota,NRPS,NRPS,Enterobacteriaceae
SRR31572244.bin.12,Pseudomonadota,NI-siderophore,Others,Enterobacteriaceae
SRR31572244.bin.12,Pseudomonadota,NI-siderophore,Others,Enterobacteriaceae
SRR32774196.bin.3,Pseudomonadota,NRPS,NRPS,Enterobacteriaceae
SRR32774196.bin.3,Pseudomonadota,NRPS,NRPS,Enterobacteriaceae
SRR32774196.bin.3,Pseudomonadota,RiPP-like,RiPPs,Enterobacteriaceae
SRR32774196.bin.3,Pseudomonadota,NI-siderophore,Others,Enterobacteriaceae
SRR32774196.bin.3,Pseudomonadota,NRPS-like,NRPS,Enterobacteriaceae
SRR32774196.bin.3,Pseudomonadota,NRPS,NRPS,Enterobacteriaceae
SRR32774196.bin.3,Pseudomonadota,arylpolyene.ladderane,Others,Enterobacteriaceae
SRR32774199.bin.19,Pseudomonadota,arylpolyene,Others,Enterobacteriaceae
SRR32774199.bin.19,Pseudomonadota,arylpolyene,Others,Enterobacteriaceae
SRR32774199.bin.19,Pseudomonadota,RiPP-like,RiPPs,Enterobacteriaceae
SRR32774199.bin.19,Pseudomonadota,NRPS,NRPS,Enterobacteriaceae
SRR28842982.bin.126,Pseudomonadota,RiPP-like,RiPPs,Ferrovibrionaceae
SRR28842987.bin.106,Pseudomonadota,NRPS-like,NRPS,Gallionellaceae
13-b.bin.46,Pseudomonadota,NRPS-like,NRPS,GCA-2731375
13-b.bin.46,Pseudomonadota,T3PKS,PKSother,GCA-2731375
SRR32147495.bin.17,Pseudomonadota,terpene,Terpene,Geminicoccaceae
SRR32147495.bin.17,Pseudomonadota,ranthipeptide,RiPPs,Geminicoccaceae
SRR32147495.bin.17,Pseudomonadota,T3PKS,PKSother,Geminicoccaceae
SRR32147495.bin.17,Pseudomonadota,NRPS-like,NRPS,Geminicoccaceae
SRR32147495.bin.17,Pseudomonadota,RiPP-like,RiPPs,Geminicoccaceae
SRR21412976.bin.8,Pseudomonadota,NRPS-like,NRPS,Geminicoccaceae
SRR21412976.bin.8,Pseudomonadota,terpene,Terpene,Geminicoccaceae
SRR21412976.bin.8,Pseudomonadota,T3PKS,PKSother,Geminicoccaceae
SRR21413002.bin.4,Pseudomonadota,NRPS-like,NRPS,Geminicoccaceae
SRR21413002.bin.4,Pseudomonadota,terpene,Terpene,Geminicoccaceae
SRR21413002.bin.4,Pseudomonadota,RiPP-like,RiPPs,Geminicoccaceae
SRR23851177.bin.32,Pseudomonadota,RiPP-like,RiPPs,Geminicoccaceae
SRR23851177.bin.32,Pseudomonadota,phosphonate,Others,Geminicoccaceae
SRR23851177.bin.32,Pseudomonadota,terpene,Terpene,Geminicoccaceae
SRR23851177.bin.32,Pseudomonadota,terpene,Terpene,Geminicoccaceae
SRR23851177.bin.32,Pseudomonadota,NRPS-like,NRPS,Geminicoccaceae
SRR23851177.bin.32,Pseudomonadota,T3PKS,PKSother,Geminicoccaceae
SRR23851177.bin.32,Pseudomonadota,terpene,Terpene,Geminicoccaceae
SRR32147509.bin.113,Pseudomonadota,NRPS-like,NRPS,Geminicoccaceae
SRR32147509.bin.113,Pseudomonadota,terpene,Terpene,Geminicoccaceae
SRR32147509.bin.113,Pseudomonadota,T3PKS,PKSother,Geminicoccaceae
SRR32147509.bin.113,Pseudomonadota,RiPP-like,RiPPs,Geminicoccaceae
SRR32147509.bin.113,Pseudomonadota,NRPS-like,NRPS,Geminicoccaceae
17-B.bin.171,Pseudomonadota,arylpolyene,Others,Halieaceae
17-B.bin.171,Pseudomonadota,arylpolyene,Others,Halieaceae
17-C.bin.48,Pseudomonadota,ranthipeptide,RiPPs,Halieaceae
SRR32147509.bin.107,Pseudomonadota,arylpolyene,Others,Halieaceae
SRR32147509.bin.107,Pseudomonadota,resorcinol,Others,Halieaceae
SRR32147509.bin.107,Pseudomonadota,arylpolyene,Others,Halieaceae
SRR32147509.bin.107,Pseudomonadota,ectoine,Others,Halieaceae
SRR6056300.bin.29,Pseudomonadota,terpene,Terpene,Halieaceae
13-d.bin.13,Pseudomonadota,terpene,Terpene,Halofilaceae
13-d.bin.31,Pseudomonadota,NRPS-like,NRPS,Halofilaceae
13-d.bin.31,Pseudomonadota,terpene,Terpene,Halofilaceae
SRR21412969.bin.18,Pseudomonadota,NRPS-like,NRPS,Halofilaceae
SRR21412969.bin.18,Pseudomonadota,arylpolyene,Others,Halofilaceae
SRR21412969.bin.18,Pseudomonadota,arylpolyene,Others,Halofilaceae
SRR21412994.bin.5,Pseudomonadota,arylpolyene,Others,Halofilaceae
SRR21412994.bin.5,Pseudomonadota,arylpolyene,Others,Halofilaceae
SRR21412994.bin.5,Pseudomonadota,NRPS-like,NRPS,Halofilaceae
SRR23851190.bin.37,Pseudomonadota,NI-siderophore,Others,Halofilaceae
SRR23851190.bin.37,Pseudomonadota,NRPS-like,NRPS,Halofilaceae
SRR23851190.bin.37,Pseudomonadota,arylpolyene,Others,Halofilaceae
SRR23851190.bin.37,Pseudomonadota,arylpolyene,Others,Halofilaceae
SRR23851190.bin.37,Pseudomonadota,arylpolyene,Others,Halofilaceae
SRR23851190.bin.37,Pseudomonadota,resorcinol,Others,Halofilaceae
SRR23851191.bin.72,Pseudomonadota,NRPS-like,NRPS,Halofilaceae
1-A.bin.33,Pseudomonadota,NRPS-like,NRPS,Halofilaceae
1-A.bin.33,Pseudomonadota,arylpolyene,Others,Halofilaceae
5-B.bin.28,Pseudomonadota,arylpolyene,Others,Halofilaceae
5-B.bin.28,Pseudomonadota,T3PKS,PKSother,Halofilaceae
SRR21412971.bin.24,Pseudomonadota,arylpolyene,Others,Halofilaceae
SRR21412986.bin.87,Pseudomonadota,resorcinol,Others,Halofilaceae
SRR21412986.bin.87,Pseudomonadota,arylpolyene,Others,Halofilaceae
SRR21412986.bin.87,Pseudomonadota,T1PKS,PKSI,Halofilaceae
SRR21412986.bin.87,Pseudomonadota,NRPS-like,NRPS,Halofilaceae
SRR21412986.bin.87,Pseudomonadota,arylpolyene,Others,Halofilaceae
SRR21412986.bin.87,Pseudomonadota,arylpolyene,Others,Halofilaceae
SRR21412986.bin.87,Pseudomonadota,hglE-KS,PKSother,Halofilaceae
SRR21412992.bin.15,Pseudomonadota,arylpolyene,Others,Halofilaceae
SRR21412992.bin.15,Pseudomonadota,arylpolyene,Others,Halofilaceae
SRR21412995.bin.45,Pseudomonadota,NRPS-like,NRPS,Halofilaceae
SRR21413008.bin.7,Pseudomonadota,transAT-PKS-like,PKSother,Halofilaceae
SRR21413008.bin.7,Pseudomonadota,transAT-PKS-like,PKSother,Halofilaceae
SRR21413008.bin.7,Pseudomonadota,transAT-PKS-like,PKSother,Halofilaceae
SRR21413008.bin.7,Pseudomonadota,terpene,Terpene,Halofilaceae
SRR21413008.bin.7,Pseudomonadota,NRPS,NRPS,Halofilaceae
SRR21413008.bin.7,Pseudomonadota,arylpolyene,Others,Halofilaceae
SRR21413008.bin.7,Pseudomonadota,hglE-KS,PKSother,Halofilaceae
SRR21413008.bin.7,Pseudomonadota,hglE-KS,PKSother,Halofilaceae
SRR21413008.bin.7,Pseudomonadota,transAT-PKS-like,PKSother,Halofilaceae
SRR32147509.bin.13,Pseudomonadota,terpene,Terpene,Halofilaceae
1-A.bin.12,Pseudomonadota,NRPS,NRPS,Halomonadaceae
1-A.bin.12,Pseudomonadota,NRPS,NRPS,Halomonadaceae
1-A.bin.12,Pseudomonadota,NRPS,NRPS,Halomonadaceae
1-A.bin.12,Pseudomonadota,NRPS-like,NRPS,Halomonadaceae
1-A.bin.12,Pseudomonadota,NRPS,NRPS,Halomonadaceae
1-A.bin.12,Pseudomonadota,NI-siderophore,Others,Halomonadaceae
1-A.bin.12,Pseudomonadota,NI-siderophore,Others,Halomonadaceae
1-A.bin.12,Pseudomonadota,NRP-metallophore.NRPS,Others,Halomonadaceae
1-A.bin.12,Pseudomonadota,T1PKS,PKSI,Halomonadaceae
1-A.bin.12,Pseudomonadota,RiPP-like,RiPPs,Halomonadaceae
1-A.bin.12,Pseudomonadota,NRPS,NRPS,Halomonadaceae
1-A.bin.12,Pseudomonadota,resorcinol,Others,Halomonadaceae
1-b.bin.29,Pseudomonadota,NRPS,NRPS,Halomonadaceae
1-b.bin.29,Pseudomonadota,RiPP-like,RiPPs,Halomonadaceae
1-b.bin.29,Pseudomonadota,NRPS,NRPS,Halomonadaceae
1-b.bin.29,Pseudomonadota,NRPS,NRPS,Halomonadaceae
1-b.bin.29,Pseudomonadota,T1PKS,PKSI,Halomonadaceae
1-b.bin.29,Pseudomonadota,NRPS-like,NRPS,Halomonadaceae
1-b.bin.29,Pseudomonadota,NI-siderophore,Others,Halomonadaceae
1-b.bin.29,Pseudomonadota,NI-siderophore,Others,Halomonadaceae
1-b.bin.29,Pseudomonadota,NI-siderophore,Others,Halomonadaceae
1-b.bin.29,Pseudomonadota,arylpolyene,Others,Halomonadaceae
1-b.bin.29,Pseudomonadota,arylpolyene,Others,Halomonadaceae
SRR21412977.bin.54,Pseudomonadota,T3PKS,PKSother,Halomonadaceae
SRR21412977.bin.54,Pseudomonadota,RiPP-like,RiPPs,Halomonadaceae
SRR21412977.bin.54,Pseudomonadota,NI-siderophore,Others,Halomonadaceae
SRR21412977.bin.54,Pseudomonadota,NI-siderophore,Others,Halomonadaceae
SRR21412977.bin.54,Pseudomonadota,NI-siderophore,Others,Halomonadaceae
SRR29689609.bin.68,Pseudomonadota,RiPP-like,RiPPs,Halomonadaceae
SRR32774198.bin.12,Pseudomonadota,resorcinol,Others,Halomonadaceae
SRR32774198.bin.12,Pseudomonadota,NI-siderophore,Others,Halomonadaceae
SRR32774198.bin.12,Pseudomonadota,NI-siderophore,Others,Halomonadaceae
SRR32774198.bin.12,Pseudomonadota,ranthipeptide,RiPPs,Halomonadaceae
SRR32774198.bin.12,Pseudomonadota,RRE-containing,RiPPs,Halomonadaceae
SRR32774198.bin.12,Pseudomonadota,RiPP-like,RiPPs,Halomonadaceae
11-B.bin.15,Pseudomonadota,NRPS-like,NRPS,Halomonadaceae
11-B.bin.15,Pseudomonadota,RiPP-like,RiPPs,Halomonadaceae
11-B.bin.18,Pseudomonadota,NI-siderophore,Others,Halomonadaceae
11-B.bin.18,Pseudomonadota,NI-siderophore,Others,Halomonadaceae
11-B.bin.18,Pseudomonadota,NI-siderophore,Others,Halomonadaceae
11-B.bin.18,Pseudomonadota,NRPS-like,NRPS,Halomonadaceae
11-B.bin.18,Pseudomonadota,T1PKS,PKSI,Halomonadaceae
11-B.bin.18,Pseudomonadota,RiPP-like,RiPPs,Halomonadaceae
11-B.bin.9,Pseudomonadota,arylpolyene,Others,Halomonadaceae
11-B.bin.9,Pseudomonadota,arylpolyene,Others,Halomonadaceae
11-B.bin.9,Pseudomonadota,NI-siderophore,Others,Halomonadaceae
11-B.bin.9,Pseudomonadota,NI-siderophore,Others,Halomonadaceae
11-B.bin.9,Pseudomonadota,NI-siderophore,Others,Halomonadaceae
11-B.bin.9,Pseudomonadota,NRPS,NRPS,Halomonadaceae
11-B.bin.9,Pseudomonadota,RiPP-like,RiPPs,Halomonadaceae
11-B.bin.9,Pseudomonadota,T1PKS,PKSI,Halomonadaceae
11-B.bin.9,Pseudomonadota,NRPS,NRPS,Halomonadaceae
17-C.bin.86,Pseudomonadota,RiPP-like,RiPPs,Halomonadaceae
17-C.bin.86,Pseudomonadota,NI-siderophore,Others,Halomonadaceae
17-C.bin.86,Pseudomonadota,RRE-containing,RiPPs,Halomonadaceae
4-C.bin.16,Pseudomonadota,NRPS-like,NRPS,Halomonadaceae
4-C.bin.16,Pseudomonadota,NRPS,NRPS,Halomonadaceae
4-C.bin.16,Pseudomonadota,T1PKS,PKSI,Halomonadaceae
4-C.bin.16,Pseudomonadota,arylpolyene,Others,Halomonadaceae
4-C.bin.16,Pseudomonadota,arylpolyene,Others,Halomonadaceae
4-C.bin.16,Pseudomonadota,RiPP-like,RiPPs,Halomonadaceae
4-C.bin.16,Pseudomonadota,NI-siderophore,Others,Halomonadaceae
4-C.bin.16,Pseudomonadota,NI-siderophore,Others,Halomonadaceae
4-C.bin.16,Pseudomonadota,NI-siderophore,Others,Halomonadaceae
5-B.bin.11,Pseudomonadota,RiPP-like,RiPPs,Halomonadaceae
5-B.bin.11,Pseudomonadota,RiPP-like,RiPPs,Halomonadaceae
5-B.bin.11,Pseudomonadota,NI-siderophore,Others,Halomonadaceae
5-B.bin.11,Pseudomonadota,NI-siderophore,Others,Halomonadaceae
5-B.bin.11,Pseudomonadota,arylpolyene,Others,Halomonadaceae
5-B.bin.11,Pseudomonadota,NRPS,NRPS,Halomonadaceae
5-B.bin.2,Pseudomonadota,RiPP-like,RiPPs,Halomonadaceae
5-B.bin.2,Pseudomonadota,NI-siderophore,Others,Halomonadaceae
5-B.bin.2,Pseudomonadota,resorcinol,Others,Halomonadaceae
5-B.bin.2,Pseudomonadota,NRPS-like,NRPS,Halomonadaceae
5-B.bin.7,Pseudomonadota,terpene,Terpene,Halomonadaceae
5-B.bin.7,Pseudomonadota,T3PKS,PKSother,Halomonadaceae
5-B.bin.7,Pseudomonadota,RiPP-like,RiPPs,Halomonadaceae
5-C.bin.16,Pseudomonadota,RiPP-like,RiPPs,Halomonadaceae
5-C.bin.16,Pseudomonadota,RRE-containing,RiPPs,Halomonadaceae
5-C.bin.16,Pseudomonadota,terpene,Terpene,Halomonadaceae
5-C.bin.16,Pseudomonadota,NI-siderophore,Others,Halomonadaceae
5-C.bin.16,Pseudomonadota,NI-siderophore,Others,Halomonadaceae
5-D.bin.3,Pseudomonadota,T3PKS,PKSother,Halomonadaceae
5-D.bin.3,Pseudomonadota,NI-siderophore,Others,Halomonadaceae
5-D.bin.3,Pseudomonadota,NI-siderophore,Others,Halomonadaceae
5-D.bin.3,Pseudomonadota,arylpolyene,Others,Halomonadaceae
5-D.bin.6,Pseudomonadota,NI-siderophore,Others,Halomonadaceae
5-D.bin.6,Pseudomonadota,terpene,Terpene,Halomonadaceae
5-D.bin.6,Pseudomonadota,arylpolyene,Others,Halomonadaceae
5-D.bin.6,Pseudomonadota,T3PKS,PKSother,Halomonadaceae
5-D.bin.6,Pseudomonadota,terpene,Terpene,Halomonadaceae
6-C.bin.13,Pseudomonadota,arylpolyene,Others,Halomonadaceae
6-C.bin.13,Pseudomonadota,NRPS-like,NRPS,Halomonadaceae
6-C.bin.13,Pseudomonadota,T1PKS,PKSI,Halomonadaceae
6-C.bin.13,Pseudomonadota,arylpolyene,Others,Halomonadaceae
6-C.bin.13,Pseudomonadota,RRE-containing,RiPPs,Halomonadaceae
6-C.bin.13,Pseudomonadota,resorcinol,Others,Halomonadaceae
6-C.bin.13,Pseudomonadota,NI-siderophore,Others,Halomonadaceae
6-C.bin.13,Pseudomonadota,NI-siderophore,Others,Halomonadaceae
6-C.bin.13,Pseudomonadota,NI-siderophore,Others,Halomonadaceae
9-A.bin.80,Pseudomonadota,RRE-containing,RiPPs,Halomonadaceae
9-A.bin.80,Pseudomonadota,NI-siderophore,Others,Halomonadaceae
9-A.bin.80,Pseudomonadota,NI-siderophore,Others,Halomonadaceae
9-A.bin.80,Pseudomonadota,NI-siderophore,Others,Halomonadaceae
9-A.bin.80,Pseudomonadota,NRPS-like,NRPS,Halomonadaceae
9-A.bin.80,Pseudomonadota,terpene,Terpene,Halomonadaceae
9-A.bin.80,Pseudomonadota,RiPP-like,RiPPs,Halomonadaceae
9-A.bin.80,Pseudomonadota,resorcinol,Others,Halomonadaceae
SRR21412969.bin.22,Pseudomonadota,RiPP-like,RiPPs,Halomonadaceae
SRR21412969.bin.22,Pseudomonadota,arylpolyene,Others,Halomonadaceae
SRR23851217.bin.8,Pseudomonadota,NI-siderophore,Others,Halomonadaceae
SRR23851217.bin.8,Pseudomonadota,RiPP-like,RiPPs,Halomonadaceae
SRR23851217.bin.8,Pseudomonadota,resorcinol,Others,Halomonadaceae
SRR23851217.bin.8,Pseudomonadota,NI-siderophore,Others,Halomonadaceae
SRR23851217.bin.8,Pseudomonadota,RRE-containing,RiPPs,Halomonadaceae
SRR23851217.bin.8,Pseudomonadota,ranthipeptide,RiPPs,Halomonadaceae
SRR29689609.bin.59,Pseudomonadota,NI-siderophore,Others,Halomonadaceae
SRR29689609.bin.59,Pseudomonadota,RiPP-like,RiPPs,Halomonadaceae
SRR29689609.bin.59,Pseudomonadota,NI-siderophore,Others,Halomonadaceae
SRR29689609.bin.59,Pseudomonadota,NRPS-like,NRPS,Halomonadaceae
SRR29689609.bin.83,Pseudomonadota,NI-siderophore,Others,Halomonadaceae
SRR29689609.bin.83,Pseudomonadota,NI-siderophore,Others,Halomonadaceae
SRR29689609.bin.83,Pseudomonadota,NI-siderophore,Others,Halomonadaceae
SRR29689609.bin.83,Pseudomonadota,RiPP-like,RiPPs,Halomonadaceae
SRR29689609.bin.83,Pseudomonadota,arylpolyene,Others,Halomonadaceae
SRR29689609.bin.83,Pseudomonadota,arylpolyene,Others,Halomonadaceae
SRR29689609.bin.83,Pseudomonadota,T1PKS,PKSI,Halomonadaceae
SRR29689611.bin.44,Pseudomonadota,NRPS,NRPS,Halomonadaceae
SRR29689611.bin.44,Pseudomonadota,NRPS,NRPS,Halomonadaceae
SRR29689611.bin.44,Pseudomonadota,T1PKS,PKSI,Halomonadaceae
SRR29689611.bin.44,Pseudomonadota,RiPP-like,RiPPs,Halomonadaceae
SRR31572242.bin.21,Pseudomonadota,RiPP-like,RiPPs,Halomonadaceae
SRR31572242.bin.21,Pseudomonadota,RRE-containing,RiPPs,Halomonadaceae
SRR31572242.bin.21,Pseudomonadota,T1PKS,PKSI,Halomonadaceae
SRR32774200.bin.15,Pseudomonadota,RiPP-like,RiPPs,Halomonadaceae
SRR32774201.bin.30,Pseudomonadota,NI-siderophore,Others,Halomonadaceae
SRR32774201.bin.30,Pseudomonadota,NI-siderophore,Others,Halomonadaceae
SRR32774201.bin.30,Pseudomonadota,NI-siderophore,Others,Halomonadaceae
SRR32774201.bin.30,Pseudomonadota,T1PKS,PKSI,Halomonadaceae
SRR34576099.bin.89,Pseudomonadota,terpene,Terpene,Halomonadaceae
SRR6056296.bin.20,Pseudomonadota,terpene,Terpene,Halomonadaceae
SRR6056296.bin.20,Pseudomonadota,T1PKS,PKSI,Halomonadaceae
SRR6056296.bin.20,Pseudomonadota,terpene,Terpene,Halomonadaceae
SRR28842982.bin.107,Pseudomonadota,arylpolyene,Others,Halothiobacillaceae
SRR28842982.bin.107,Pseudomonadota,RiPP-like,RiPPs,Halothiobacillaceae
SRR28842982.bin.119,Pseudomonadota,RiPP-like,RiPPs,Halothiobacillaceae
SRR28842982.bin.119,Pseudomonadota,arylpolyene,Others,Halothiobacillaceae
SRR28842982.bin.119,Pseudomonadota,T1PKS,PKSI,Halothiobacillaceae
SRR28842982.bin.20,Pseudomonadota,T1PKS,PKSI,Halothiobacillaceae
SRR28842982.bin.20,Pseudomonadota,RiPP-like,RiPPs,Halothiobacillaceae
SRR28842982.bin.20,Pseudomonadota,arylpolyene,Others,Halothiobacillaceae
SRR28842989.bin.49,Pseudomonadota,RiPP-like,RiPPs,Halothiobacillaceae
SRR28842989.bin.49,Pseudomonadota,NRPS-like,NRPS,Halothiobacillaceae
SRR6056296.bin.38,Pseudomonadota,RiPP-like,RiPPs,Halothiobacillaceae
7-c.bin.59,Pseudomonadota,terpene,Terpene,HK1
7-c.bin.59,Pseudomonadota,terpene,Terpene,HK1
7-c.bin.59,Pseudomonadota,NRPS-like,NRPS,HK1
7-c.bin.59,Pseudomonadota,hglE-KS,PKSother,HK1
7-c.bin.59,Pseudomonadota,hglE-KS,PKSother,HK1
7-c.bin.59,Pseudomonadota,T1PKS,PKSI,HK1
SRR19594468.bin.52,Pseudomonadota,NRPS-like,NRPS,HK1
SRR19594468.bin.52,Pseudomonadota,NRPS,NRPS,HK1
SRR19594468.bin.52,Pseudomonadota,NRPS-like,NRPS,HK1
SRR19594468.bin.52,Pseudomonadota,terpene,Terpene,HK1
SRR19594468.bin.52,Pseudomonadota,terpene,Terpene,HK1
SRR19594468.bin.52,Pseudomonadota,RiPP-like,RiPPs,HK1
14-B.bin.2,Pseudomonadota,terpene,Terpene,HK1
14-B.bin.2,Pseudomonadota,NRPS-like,NRPS,HK1
17-C.bin.46,Pseudomonadota,NAPAA,NRPS,HK1
17-C.bin.46,Pseudomonadota,terpene,Terpene,HK1
17-C.bin.46,Pseudomonadota,terpene,Terpene,HK1
17-C.bin.46,Pseudomonadota,RiPP-like,RiPPs,HK1
SRR19594458.bin.15,Pseudomonadota,arylpolyene,Others,HTCC5015
SRR19594458.bin.15,Pseudomonadota,arylpolyene,Others,HTCC5015
SRR19594458.bin.15,Pseudomonadota,terpene,Terpene,HTCC5015
SRR29646160.bin.3,Pseudomonadota,T3PKS,PKSother,Hyphomicrobiaceae
SRR16229776.bin.11,Pseudomonadota,T1PKS,PKSI,Hyphomonadaceae
SRR21413001.bin.6,Pseudomonadota,hglE-KS,PKSother,Hyphomonadaceae
SRR21413001.bin.6,Pseudomonadota,T1PKS,PKSI,Hyphomonadaceae
SRR28842989.bin.13,Pseudomonadota,hglE-KS,PKSother,Hyphomonadaceae
SRR28842989.bin.13,Pseudomonadota,T1PKS,PKSI,Hyphomonadaceae
SRR28842989.bin.13,Pseudomonadota,terpene,Terpene,Hyphomonadaceae
SRR19594465.bin.28,Pseudomonadota,NRPS,NRPS,Inquilinaceae
SRR19594465.bin.28,Pseudomonadota,NRPS,NRPS,Inquilinaceae
SRR19594465.bin.28,Pseudomonadota,terpene,Terpene,Inquilinaceae
SRR19594465.bin.28,Pseudomonadota,T3PKS,PKSother,Inquilinaceae
SRR19594465.bin.28,Pseudomonadota,NRPS-like,NRPS,Inquilinaceae
SRR32147499.bin.18,Pseudomonadota,terpene,Terpene,J153
SRR32147499.bin.18,Pseudomonadota,T3PKS,PKSother,J153
SRR23851186.bin.1,Pseudomonadota,terpene,Terpene,J153
SRR23851186.bin.1,Pseudomonadota,cyanobactin,RiPPs,J153
SRR23851186.bin.1,Pseudomonadota,T3PKS,PKSother,J153
SRR23851186.bin.1,Pseudomonadota,NRPS-like,NRPS,J153
SRR23851193.bin.11,Pseudomonadota,RiPP-like,RiPPs,J153
SRR23851193.bin.11,Pseudomonadota,T3PKS,PKSother,J153
SRR23851193.bin.11,Pseudomonadota,NRPS-like,NRPS,J153
SRR23851195.bin.44,Pseudomonadota,T3PKS,PKSother,J153
SRR23851195.bin.44,Pseudomonadota,NRPS-like,NRPS,J153
SRR23851195.bin.44,Pseudomonadota,terpene,Terpene,J153
SRR23851195.bin.44,Pseudomonadota,NRPS-like,NRPS,J153
SRR19594465.bin.10,Pseudomonadota,NRPS-like,NRPS,JAABTG01
SRR28842988.bin.102,Pseudomonadota,terpene,Terpene,JAADHS01
SRR28842988.bin.102,Pseudomonadota,NRPS-like,NRPS,JAADHS01
SRR32147508.bin.71,Pseudomonadota,NRPS,NRPS,JAANXG01
SRR32147508.bin.71,Pseudomonadota,terpene,Terpene,JAANXG01
SRR32147508.bin.71,Pseudomonadota,NRPS-like,NRPS,JAANXG01
SRR32147508.bin.71,Pseudomonadota,RRE-containing,RiPPs,JAANXG01
SRR32147508.bin.71,Pseudomonadota,terpene,Terpene,JAANXG01
SRR32147509.bin.61,Pseudomonadota,arylpolyene,Others,JAANXG01
SRR32147509.bin.61,Pseudomonadota,arylpolyene,Others,JAANXG01
SRR32147509.bin.61,Pseudomonadota,terpene,Terpene,JAANXG01
SRR32147509.bin.61,Pseudomonadota,terpene,Terpene,JAANXG01
SRR32147509.bin.61,Pseudomonadota,RRE-containing,RiPPs,JAANXG01
17-C.bin.87,Pseudomonadota,terpene,Terpene,JAANXG01
17-C.bin.87,Pseudomonadota,NRPS-like,NRPS,JAANXG01
2-b.bin.7,Pseudomonadota,NRPS,NRPS,JAANXG01
2-b.bin.7,Pseudomonadota,terpene,Terpene,JAANXG01
2-b.bin.7,Pseudomonadota,NRPS-like,NRPS,JAANXG01
2-b.bin.7,Pseudomonadota,terpene,Terpene,JAANXG01
2-b.bin.7,Pseudomonadota,NRPS-like,NRPS,JAANXG01
9-A.bin.4,Pseudomonadota,NRPS-like,NRPS,JAANXG01
9-A.bin.4,Pseudomonadota,terpene,Terpene,JAANXG01
SRR21412989.bin.12,Pseudomonadota,terpene,Terpene,JAANXG01
SRR21412989.bin.12,Pseudomonadota,NRPS-like,NRPS,JAANXG01
SRR21412989.bin.12,Pseudomonadota,RRE-containing,RiPPs,JAANXG01
SRR21412989.bin.12,Pseudomonadota,terpene,Terpene,JAANXG01
SRR23851193.bin.33,Pseudomonadota,NRPS-like,NRPS,JAANXG01
SRR23851193.bin.33,Pseudomonadota,terpene,Terpene,JAANXG01
SRR23851193.bin.33,Pseudomonadota,RRE-containing,RiPPs,JAANXG01
SRR23851193.bin.33,Pseudomonadota,RiPP-like,RiPPs,JAANXG01
SRR32147509.bin.71,Pseudomonadota,NRPS-like,NRPS,JAANXG01
SRR32147509.bin.71,Pseudomonadota,NRPS-like,NRPS,JAANXG01
SRR32147509.bin.71,Pseudomonadota,NRPS-like,NRPS,JAANXG01
SRR32147509.bin.71,Pseudomonadota,terpene,Terpene,JAANXG01
SRR29646161.bin.53,Pseudomonadota,RRE-containing,RiPPs,JADFVY01
SRR29646161.bin.53,Pseudomonadota,RRE-containing,RiPPs,JADFVY01
SRR29646161.bin.53,Pseudomonadota,T3PKS,PKSother,JADFVY01
SRR29646161.bin.53,Pseudomonadota,ranthipeptide,RiPPs,JADFVY01
SRR23851179.bin.8,Pseudomonadota,NRPS-like,NRPS,JADFVY01
SRR23851179.bin.8,Pseudomonadota,T3PKS,PKSother,JADFVY01
SRR23851179.bin.8,Pseudomonadota,RRE-containing,RiPPs,JADFVY01
SRR23851179.bin.8,Pseudomonadota,RRE-containing,RiPPs,JADFVY01
SRR23851196.bin.8,Pseudomonadota,NRPS-like,NRPS,JADFVY01
SRR23851196.bin.8,Pseudomonadota,arylpolyene,Others,JADFVY01
SRR23851196.bin.8,Pseudomonadota,T3PKS,PKSother,JADFVY01
SRR23851196.bin.8,Pseudomonadota,RRE-containing,RiPPs,JADFVY01
SRR28842982.bin.32,Pseudomonadota,NRPS.T1PKS,PKS-NRP_Hybrids,JAHJQQ01
SRR28842982.bin.32,Pseudomonadota,NI-siderophore,Others,JAHJQQ01
SRR28842982.bin.32,Pseudomonadota,NI-siderophore,Others,JAHJQQ01
SRR28842987.bin.47,Pseudomonadota,NRPS-like,NRPS,JAHJQQ01
SRR28842988.bin.34,Pseudomonadota,T1PKS,PKSI,JAHJQQ01
SRR28842988.bin.34,Pseudomonadota,NRPS-like,NRPS,JAHJQQ01
SRR28842988.bin.34,Pseudomonadota,NRPS,NRPS,JAHJQQ01
SRR28842988.bin.34,Pseudomonadota,NRPS-like,NRPS,JAHJQQ01
SRR28842988.bin.34,Pseudomonadota,T1PKS,PKSI,JAHJQQ01
SRR28842988.bin.34,Pseudomonadota,NRPS,NRPS,JAHJQQ01
SRR28842988.bin.34,Pseudomonadota,NRPS-like,NRPS,JAHJQQ01
SRR28842988.bin.34,Pseudomonadota,T1PKS,PKSI,JAHJQQ01
SRR28842988.bin.34,Pseudomonadota,arylpolyene,Others,JAHJQQ01
SRR28842989.bin.18,Pseudomonadota,NRPS-like,NRPS,JAHJQQ01
SRR29646151.bin.30,Pseudomonadota,NRPS-like,NRPS,JAHJQQ01
SRR23851217.bin.4,Pseudomonadota,arylpolyene,Others,JAJUFS01
SRR23851217.bin.4,Pseudomonadota,arylpolyene,Others,JAJUFS01
SRR28842988.bin.93,Pseudomonadota,arylpolyene,Others,JAJZQI01
SRR32147508.bin.47,Pseudomonadota,terpene,Terpene,JALURZ01
SRR32147508.bin.47,Pseudomonadota,T1PKS,PKSI,JALURZ01
13-d.bin.22,Pseudomonadota,NRPS-like,NRPS,JASBUN01
13-d.bin.22,Pseudomonadota,arylpolyene,Others,JASBUN01
13-d.bin.22,Pseudomonadota,NRPS-like,NRPS,JASBUN01
17-B.bin.178,Pseudomonadota,NI-siderophore,Others,Kangiellaceae
17-B.bin.178,Pseudomonadota,NI-siderophore,Others,Kangiellaceae
17-B.bin.178,Pseudomonadota,arylpolyene,Others,Kangiellaceae
17-B.bin.178,Pseudomonadota,arylpolyene,Others,Kangiellaceae
5-B.bin.45,Pseudomonadota,T3PKS,PKSother,Kiloniellaceae
5-B.bin.45,Pseudomonadota,terpene,Terpene,Kiloniellaceae
5-B.bin.45,Pseudomonadota,NRPS-like,NRPS,Kiloniellaceae
SRR16229779.bin.8,Pseudomonadota,NRPS-like,NRPS,Kiloniellaceae
SRR16229779.bin.8,Pseudomonadota,T3PKS,PKSother,Kiloniellaceae
SRR16229779.bin.8,Pseudomonadota,terpene,Terpene,Kiloniellaceae
SRR23851190.bin.58,Pseudomonadota,terpene,Terpene,Kiloniellaceae
SRR23851190.bin.58,Pseudomonadota,hglE-KS,PKSother,Kiloniellaceae
SRR23851190.bin.58,Pseudomonadota,RiPP-like,RiPPs,Kiloniellaceae
SRR23851190.bin.58,Pseudomonadota,hglE-KS,PKSother,Kiloniellaceae
SRR23851190.bin.58,Pseudomonadota,T3PKS,PKSother,Kiloniellaceae
SRR23851190.bin.58,Pseudomonadota,NRPS-like,NRPS,Kiloniellaceae
SRR23851190.bin.58,Pseudomonadota,NRPS-like,NRPS,Kiloniellaceae
SRR23851192.bin.21,Pseudomonadota,NRPS-like,NRPS,Kiloniellaceae
SRR23851192.bin.21,Pseudomonadota,NI-siderophore,Others,Kiloniellaceae
SRR23851192.bin.21,Pseudomonadota,RiPP-like,RiPPs,Kiloniellaceae
SRR6056279.bin.21,Pseudomonadota,terpene,Terpene,Litorivicinaceae
SRR32774200.bin.20,Pseudomonadota,NRPS,NRPS,Marinomonadaceae
SRR32774200.bin.20,Pseudomonadota,NI-siderophore,Others,Marinomonadaceae
SRR32774200.bin.20,Pseudomonadota,NI-siderophore,Others,Marinomonadaceae
SRR32774200.bin.20,Pseudomonadota,RiPP-like,RiPPs,Marinomonadaceae
SRR32774200.bin.20,Pseudomonadota,NRPS,NRPS,Marinomonadaceae
SRR32774200.bin.20,Pseudomonadota,NRPS,NRPS,Marinomonadaceae
SRR32774197.bin.31,Pseudomonadota,RiPP-like,RiPPs,Marinomonadaceae
SRR32774197.bin.31,Pseudomonadota,NI-siderophore,Others,Marinomonadaceae
SRR32774197.bin.31,Pseudomonadota,NI-siderophore,Others,Marinomonadaceae
SRR32774197.bin.31,Pseudomonadota,NI-siderophore,Others,Marinomonadaceae
SRR32774197.bin.31,Pseudomonadota,NRPS,NRPS,Marinomonadaceae
SRR32774197.bin.31,Pseudomonadota,arylpolyene,Others,Marinomonadaceae
SRR32774197.bin.31,Pseudomonadota,arylpolyene,Others,Marinomonadaceae
SRR32147494.bin.6,Pseudomonadota,T3PKS,PKSother,Methyloligellaceae
SRR32147508.bin.3,Pseudomonadota,RiPP-like,RiPPs,Methyloligellaceae
SRR32147508.bin.3,Pseudomonadota,NRPS-like,NRPS,Methyloligellaceae
SRR32147508.bin.3,Pseudomonadota,NRPS-like,NRPS,Methyloligellaceae
SRR32147508.bin.3,Pseudomonadota,NRPS-like,NRPS,Methyloligellaceae
SRR32147508.bin.70,Pseudomonadota,NRPS-like,NRPS,Methyloligellaceae
SRR32147508.bin.70,Pseudomonadota,RiPP-like,RiPPs,Methyloligellaceae
SRR32147509.bin.96,Pseudomonadota,NRPS-like,NRPS,Methyloligellaceae
SRR29646155.bin.41,Pseudomonadota,arylpolyene,Others,Methylomonadaceae
SRR29646155.bin.41,Pseudomonadota,terpene,Terpene,Methylomonadaceae
SRR29646155.bin.41,Pseudomonadota,terpene,Terpene,Methylomonadaceae
SRR29646157.bin.9,Pseudomonadota,NRPS-like,NRPS,Methylomonadaceae
SRR29646157.bin.9,Pseudomonadota,NRPS,NRPS,Methylomonadaceae
SRR29646157.bin.9,Pseudomonadota,terpene,Terpene,Methylomonadaceae
SRR29646157.bin.9,Pseudomonadota,terpene,Terpene,Methylomonadaceae
SRR29646157.bin.9,Pseudomonadota,hglE-KS,PKSother,Methylomonadaceae
SRR29646157.bin.9,Pseudomonadota,T3PKS,PKSother,Methylomonadaceae
SRR29646157.bin.9,Pseudomonadota,arylpolyene,Others,Methylomonadaceae
SRR29646157.bin.9,Pseudomonadota,arylpolyene,Others,Methylomonadaceae
SRR29646157.bin.9,Pseudomonadota,T1PKS,PKSI,Methylomonadaceae
SRR29646157.bin.9,Pseudomonadota,terpene,Terpene,Methylomonadaceae
SRR29646157.bin.9,Pseudomonadota,NRPS,NRPS,Methylomonadaceae
SRR29646157.bin.9,Pseudomonadota,NRPS,NRPS,Methylomonadaceae
SRR29646157.bin.9,Pseudomonadota,NRPS,NRPS,Methylomonadaceae
SRR29646157.bin.9,Pseudomonadota,NRPS-like,NRPS,Methylomonadaceae
SRR19594466.bin.3,Pseudomonadota,arylpolyene,Others,Methylomonadaceae
SRR19594466.bin.3,Pseudomonadota,arylpolyene,Others,Methylomonadaceae
SRR19594466.bin.3,Pseudomonadota,terpene,Terpene,Methylomonadaceae
SRR19594466.bin.3,Pseudomonadota,terpene,Terpene,Methylomonadaceae
5-D.bin.34,Pseudomonadota,RiPP-like,RiPPs,Methylophagaceae
7-D.bin.9,Pseudomonadota,RiPP-like,RiPPs,Methylophagaceae
SRR23851216.bin.4,Pseudomonadota,RiPP-like,RiPPs,Methylophagaceae
SRR23851216.bin.4,Pseudomonadota,NRPS,NRPS,Methylophagaceae
SRR23851216.bin.4,Pseudomonadota,NRPS,NRPS,Methylophagaceae
SRR29646156.bin.43,Pseudomonadota,NI-siderophore,Others,Methylophagaceae
SRR29646156.bin.43,Pseudomonadota,RiPP-like,RiPPs,Methylophagaceae
SRR34576099.bin.95,Pseudomonadota,RiPP-like,RiPPs,Methylophagaceae
SRR34576099.bin.95,Pseudomonadota,arylpolyene,Others,Methylophagaceae
SRR29646157.bin.39,Pseudomonadota,RiPP-like,RiPPs,Methylophilaceae
SRR29646157.bin.1,Pseudomonadota,T1PKS,PKSI,Micavibrionaceae
SRR29646157.bin.1,Pseudomonadota,hglE-KS,PKSother,Micavibrionaceae
SRR28842988.bin.130,Pseudomonadota,hglE-KS,PKSother,Micropepsaceae
SRR28842988.bin.130,Pseudomonadota,hglE-KS,PKSother,Micropepsaceae
SRR29646154.bin.34,Pseudomonadota,terpene,Terpene,Micropepsaceae
SRR21412978.bin.19,Pseudomonadota,NAPAA,NRPS,Moraxellaceae
SRR21412978.bin.19,Pseudomonadota,arylpolyene,Others,Moraxellaceae
SRR21412978.bin.19,Pseudomonadota,RiPP-like,RiPPs,Moraxellaceae
SRR21412978.bin.19,Pseudomonadota,NI-siderophore,Others,Moraxellaceae
SRR21412978.bin.19,Pseudomonadota,NI-siderophore,Others,Moraxellaceae
SRR21412978.bin.19,Pseudomonadota,arylpolyene,Others,Moraxellaceae
SRR21412978.bin.19,Pseudomonadota,arylpolyene,Others,Moraxellaceae
SRR21412978.bin.19,Pseudomonadota,arylpolyene,Others,Moraxellaceae
SRR21412978.bin.19,Pseudomonadota,NRPS,NRPS,Moraxellaceae
SRR29646156.bin.39,Pseudomonadota,NI-siderophore,Others,Moraxellaceae
SRR29646156.bin.39,Pseudomonadota,NI-siderophore,Others,Moraxellaceae
SRR29646156.bin.39,Pseudomonadota,RiPP-like,RiPPs,Moraxellaceae
SRR29646156.bin.39,Pseudomonadota,arylpolyene,Others,Moraxellaceae
SRR32774198.bin.22,Pseudomonadota,NI-siderophore,Others,Moraxellaceae
SRR32774198.bin.22,Pseudomonadota,arylpolyene,Others,Moraxellaceae
SRR32774198.bin.22,Pseudomonadota,RiPP-like,RiPPs,Moraxellaceae
SRR32774198.bin.22,Pseudomonadota,NI-siderophore,Others,Moraxellaceae
SRR32774198.bin.22,Pseudomonadota,RiPP-like,RiPPs,Moraxellaceae
SRR32774198.bin.22,Pseudomonadota,arylpolyene,Others,Moraxellaceae
SRR32774198.bin.22,Pseudomonadota,arylpolyene,Others,Moraxellaceae
5-C.bin.5,Pseudomonadota,NRPS-like,NRPS,Natronospirillaceae
18-A.bin.17,Pseudomonadota,arylpolyene,Others,Nevskiaceae
18-A.bin.17,Pseudomonadota,NRPS,NRPS,Nevskiaceae
18-A.bin.17,Pseudomonadota,resorcinol,Others,Nevskiaceae
18-A.bin.17,Pseudomonadota,arylpolyene,Others,Nevskiaceae
18-A.bin.17,Pseudomonadota,arylpolyene,Others,Nevskiaceae
18-A.bin.21,Pseudomonadota,NRPS,NRPS,Nevskiaceae
SRR28842982.bin.102,Pseudomonadota,hglE-KS,PKSother,Nevskiaceae
SRR28842982.bin.102,Pseudomonadota,hglE-KS,PKSother,Nevskiaceae
SRR28842982.bin.112,Pseudomonadota,arylpolyene,Others,Nevskiaceae
SRR28842982.bin.115,Pseudomonadota,hglE-KS,PKSother,Nevskiaceae
SRR28842982.bin.115,Pseudomonadota,T1PKS,PKSI,Nevskiaceae
SRR28842982.bin.115,Pseudomonadota,hglE-KS,PKSother,Nevskiaceae
SRR28842982.bin.115,Pseudomonadota,hglE-KS,PKSother,Nevskiaceae
SRR34576099.bin.4,Pseudomonadota,NRPS,NRPS,Nevskiaceae
SRR34576099.bin.4,Pseudomonadota,arylpolyene,Others,Nevskiaceae
SRR23851217.bin.27,Pseudomonadota,T1PKS,PKSI,Nitrincolaceae
SRR23851217.bin.27,Pseudomonadota,T3PKS,PKSother,Nitrincolaceae
SRR23851217.bin.27,Pseudomonadota,NI-siderophore,Others,Nitrincolaceae
SRR23851217.bin.27,Pseudomonadota,NI-siderophore,Others,Nitrincolaceae
SRR23851217.bin.27,Pseudomonadota,ranthipeptide,RiPPs,Nitrincolaceae
SRR23851217.bin.27,Pseudomonadota,NRPS-like,NRPS,Nitrincolaceae
SRR23851217.bin.27,Pseudomonadota,NRPS-like,NRPS,Nitrincolaceae
SRR23851217.bin.27,Pseudomonadota,ranthipeptide,RiPPs,Nitrincolaceae
SRR23851217.bin.27,Pseudomonadota,RiPP-like,RiPPs,Nitrincolaceae
SRR23851217.bin.27,Pseudomonadota,NRPS-like,NRPS,Nitrincolaceae
SRR29646150.bin.29,Pseudomonadota,ranthipeptide,RiPPs,Nitrincolaceae
SRR29646150.bin.29,Pseudomonadota,T1PKS,PKSI,Nitrincolaceae
SRR29646150.bin.29,Pseudomonadota,NI-siderophore,Others,Nitrincolaceae
SRR29646150.bin.29,Pseudomonadota,NI-siderophore,Others,Nitrincolaceae
SRR29646150.bin.29,Pseudomonadota,RiPP-like,RiPPs,Nitrincolaceae
SRR29646150.bin.29,Pseudomonadota,NRPS-like,NRPS,Nitrincolaceae
SRR29646150.bin.29,Pseudomonadota,ranthipeptide,RiPPs,Nitrincolaceae
SRR29646150.bin.29,Pseudomonadota,T3PKS,PKSother,Nitrincolaceae
SRR32774197.bin.29,Pseudomonadota,RiPP-like,RiPPs,Nitrincolaceae
SRR32774197.bin.29,Pseudomonadota,ranthipeptide,RiPPs,Nitrincolaceae
SRR32774197.bin.29,Pseudomonadota,NI-siderophore,Others,Nitrincolaceae
SRR32774197.bin.29,Pseudomonadota,NI-siderophore,Others,Nitrincolaceae
SRR32774197.bin.29,Pseudomonadota,T1PKS,PKSI,Nitrincolaceae
SRR32774197.bin.29,Pseudomonadota,RRE-containing,RiPPs,Nitrincolaceae
SRR32774197.bin.29,Pseudomonadota,T1PKS,PKSI,Nitrincolaceae
SRR32774197.bin.29,Pseudomonadota,T3PKS,PKSother,Nitrincolaceae
SRR34576099.bin.42,Pseudomonadota,RiPP-like,RiPPs,Nitrincolaceae
SRR34576099.bin.42,Pseudomonadota,terpene,Terpene,Nitrincolaceae
SRR34576099.bin.42,Pseudomonadota,RiPP-like,RiPPs,Nitrincolaceae
SRR34576099.bin.42,Pseudomonadota,ranthipeptide,RiPPs,Nitrincolaceae
SRR34576099.bin.42,Pseudomonadota,NI-siderophore,Others,Nitrincolaceae
SRR34576099.bin.42,Pseudomonadota,T1PKS,PKSI,Nitrincolaceae
SRR34576099.bin.55,Pseudomonadota,RiPP-like,RiPPs,Nitrincolaceae
SRR34576099.bin.55,Pseudomonadota,T1PKS,PKSI,Nitrincolaceae
SRR34576099.bin.55,Pseudomonadota,ranthipeptide,RiPPs,Nitrincolaceae
SRR34576099.bin.55,Pseudomonadota,T3PKS,PKSother,Nitrincolaceae
SRR34576099.bin.55,Pseudomonadota,arylpolyene,Others,Nitrincolaceae
SRR34576099.bin.55,Pseudomonadota,arylpolyene,Others,Nitrincolaceae
SRR34576099.bin.55,Pseudomonadota,ranthipeptide,RiPPs,Nitrincolaceae
SRR34576099.bin.55,Pseudomonadota,RiPP-like,RiPPs,Nitrincolaceae
SRR14626313.bin.1,Pseudomonadota,terpene,Terpene,Nitrococcaceae
SRR14626313.bin.1,Pseudomonadota,NRPS-like,NRPS,Nitrococcaceae
SRR14626313.bin.24,Pseudomonadota,terpene,Terpene,Nitrococcaceae
SRR14626313.bin.24,Pseudomonadota,NRPS-like,NRPS,Nitrococcaceae
SRR19594465.bin.45,Pseudomonadota,terpene,Terpene,Nitrococcaceae
SRR19594465.bin.45,Pseudomonadota,terpene,Terpene,Nitrococcaceae
SRR19594465.bin.45,Pseudomonadota,NRPS-like,NRPS,Nitrococcaceae
SRR6056296.bin.19,Pseudomonadota,terpene,Terpene,Nitrococcaceae
SRR6056296.bin.19,Pseudomonadota,NRPS-like,NRPS,Nitrococcaceae
SRR32147499.bin.2,Pseudomonadota,T1PKS,PKSI,Nitrosomonadaceae
SRR32147499.bin.2,Pseudomonadota,NRPS,NRPS,Nitrosomonadaceae
SRR32147499.bin.2,Pseudomonadota,NRPS-like,NRPS,Nitrosomonadaceae
SRR32147499.bin.2,Pseudomonadota,terpene,Terpene,Nitrosomonadaceae
SRR32147499.bin.2,Pseudomonadota,terpene,Terpene,Nitrosomonadaceae
SRR33545837.bin.19,Pseudomonadota,terpene,Terpene,Nitrosomonadaceae
SRR33545837.bin.19,Pseudomonadota,NRPS-like,NRPS,Nitrosomonadaceae
SRR33545837.bin.19,Pseudomonadota,NRPS-like,NRPS,Nitrosomonadaceae
SRR33545837.bin.19,Pseudomonadota,NRPS,NRPS,Nitrosomonadaceae
SRR33545837.bin.19,Pseudomonadota,T1PKS,PKSI,Nitrosomonadaceae
SRR33545837.bin.19,Pseudomonadota,NRPS,NRPS,Nitrosomonadaceae
SRR33545837.bin.19,Pseudomonadota,terpene,Terpene,Nitrosomonadaceae
SRR33545837.bin.19,Pseudomonadota,NRPS-like,NRPS,Nitrosomonadaceae
SRR33545845.bin.2,Pseudomonadota,NRPS,NRPS,Nitrosomonadaceae
SRR33545845.bin.2,Pseudomonadota,terpene,Terpene,Nitrosomonadaceae
SRR33545845.bin.2,Pseudomonadota,NRPS,NRPS,Nitrosomonadaceae
SRR33545845.bin.2,Pseudomonadota,T1PKS,PKSI,Nitrosomonadaceae
SRR33545845.bin.2,Pseudomonadota,NRPS,NRPS,Nitrosomonadaceae
SRR33545845.bin.2,Pseudomonadota,terpene,Terpene,Nitrosomonadaceae
SRR33545845.bin.2,Pseudomonadota,NRPS,NRPS,Nitrosomonadaceae
SRR33545845.bin.2,Pseudomonadota,NRPS,NRPS,Nitrosomonadaceae
SRR32147499.bin.26,Pseudomonadota,T3PKS,PKSother,NORP267
1-b.bin.16,Pseudomonadota,NRPS,NRPS,Oleiphilaceae
1-b.bin.16,Pseudomonadota,RiPP-like,RiPPs,Oleiphilaceae
1-b.bin.16,Pseudomonadota,NRPS,NRPS,Oleiphilaceae
2-c.bin.32,Pseudomonadota,RiPP-like,RiPPs,Oleiphilaceae
2-c.bin.32,Pseudomonadota,NI-siderophore,Others,Oleiphilaceae
4-B.bin.24,Pseudomonadota,RiPP-like,RiPPs,Oleiphilaceae
4-B.bin.24,Pseudomonadota,NI-siderophore,Others,Oleiphilaceae
4-C.bin.32,Pseudomonadota,RiPP-like,RiPPs,Oleiphilaceae
4-C.bin.32,Pseudomonadota,NI-siderophore,Others,Oleiphilaceae
7-B.bin.8,Pseudomonadota,RiPP-like,RiPPs,Oleiphilaceae
7-B.bin.8,Pseudomonadota,T1PKS.NRPS-like,PKS-NRP_Hybrids,Oleiphilaceae
7-B.bin.8,Pseudomonadota,NRPS,NRPS,Oleiphilaceae
7-B.bin.8,Pseudomonadota,ranthipeptide,RiPPs,Oleiphilaceae
7-B.bin.8,Pseudomonadota,ranthipeptide,RiPPs,Oleiphilaceae
7-B.bin.8,Pseudomonadota,NI-siderophore,Others,Oleiphilaceae
7-B.bin.8,Pseudomonadota,RiPP-like,RiPPs,Oleiphilaceae
SRR19594459.bin.33,Pseudomonadota,NRPS-like,NRPS,Oleiphilaceae
SRR19594459.bin.33,Pseudomonadota,NI-siderophore,Others,Oleiphilaceae
SRR19594467.bin.69,Pseudomonadota,NI-siderophore,Others,Oleiphilaceae
SRR19594467.bin.69,Pseudomonadota,RiPP-like,RiPPs,Oleiphilaceae
SRR19594467.bin.69,Pseudomonadota,T3PKS,PKSother,Oleiphilaceae
SRR21412986.bin.99,Pseudomonadota,RiPP-like,RiPPs,Oleiphilaceae
SRR21412986.bin.99,Pseudomonadota,ectoine,Others,Oleiphilaceae
SRR21412986.bin.99,Pseudomonadota,NRPS-like,NRPS,Oleiphilaceae
SRR21413005.bin.10,Pseudomonadota,NRPS,NRPS,Oleiphilaceae
SRR21413005.bin.10,Pseudomonadota,NRPS,NRPS,Oleiphilaceae
SRR21413005.bin.10,Pseudomonadota,NRPS,NRPS,Oleiphilaceae
SRR21413005.bin.10,Pseudomonadota,NI-siderophore,Others,Oleiphilaceae
SRR21413005.bin.10,Pseudomonadota,T3PKS,PKSother,Oleiphilaceae
SRR21413005.bin.10,Pseudomonadota,RiPP-like,RiPPs,Oleiphilaceae
SRR23851191.bin.24,Pseudomonadota,RiPP-like,RiPPs,Oleiphilaceae
SRR23851191.bin.24,Pseudomonadota,RiPP-like,RiPPs,Oleiphilaceae
SRR23851193.bin.18,Pseudomonadota,RiPP-like,RiPPs,Oleiphilaceae
SRR23851193.bin.18,Pseudomonadota,T1PKS.NRPS-like,PKS-NRP_Hybrids,Oleiphilaceae
SRR23851193.bin.18,Pseudomonadota,NRPS,NRPS,Oleiphilaceae
SRR23851193.bin.18,Pseudomonadota,NI-siderophore,Others,Oleiphilaceae
SRR23851195.bin.55,Pseudomonadota,NRPS-like,NRPS,Oleiphilaceae
SRR23851195.bin.55,Pseudomonadota,NI-siderophore,Others,Oleiphilaceae
SRR23851195.bin.55,Pseudomonadota,NI-siderophore,Others,Oleiphilaceae
SRR23851195.bin.55,Pseudomonadota,NRPS,NRPS,Oleiphilaceae
SRR23851201.bin.41,Pseudomonadota,RiPP-like,RiPPs,Oleiphilaceae
SRR23851201.bin.41,Pseudomonadota,NI-siderophore,Others,Oleiphilaceae
SRR23851201.bin.41,Pseudomonadota,NRPS,NRPS,Oleiphilaceae
SRR23851201.bin.41,Pseudomonadota,RiPP-like,RiPPs,Oleiphilaceae
SRR23851201.bin.41,Pseudomonadota,T1PKS,PKSI,Oleiphilaceae
SRR23851208.bin.15,Pseudomonadota,NRPS,NRPS,Oleiphilaceae
SRR23851208.bin.15,Pseudomonadota,NRPS,NRPS,Oleiphilaceae
SRR23851208.bin.15,Pseudomonadota,RiPP-like,RiPPs,Oleiphilaceae
SRR23851208.bin.15,Pseudomonadota,ranthipeptide,RiPPs,Oleiphilaceae
SRR29646156.bin.28,Pseudomonadota,NRPS,NRPS,Oleiphilaceae
SRR29646156.bin.28,Pseudomonadota,NRPS,NRPS,Oleiphilaceae
SRR29646156.bin.28,Pseudomonadota,NRPS-like,NRPS,Oleiphilaceae
SRR29646156.bin.28,Pseudomonadota,NRPS,NRPS,Oleiphilaceae
SRR29646156.bin.28,Pseudomonadota,NRPS-like,NRPS,Oleiphilaceae
SRR29646156.bin.28,Pseudomonadota,transAT-PKS-like.NRPS-like,PKS-NRP_Hybrids,Oleiphilaceae
SRR29646156.bin.28,Pseudomonadota,NRPS,NRPS,Oleiphilaceae
SRR29646156.bin.28,Pseudomonadota,T1PKS,PKSI,Oleiphilaceae
SRR29646156.bin.28,Pseudomonadota,NRPS,NRPS,Oleiphilaceae
SRR29646156.bin.28,Pseudomonadota,T1PKS,PKSI,Oleiphilaceae
SRR29646156.bin.28,Pseudomonadota,T1PKS.NRPS,PKS-NRP_Hybrids,Oleiphilaceae
SRR29646156.bin.28,Pseudomonadota,NRPS-like,NRPS,Oleiphilaceae
SRR29646156.bin.28,Pseudomonadota,NRPS,NRPS,Oleiphilaceae
SRR29646156.bin.28,Pseudomonadota,NRPS,NRPS,Oleiphilaceae
SRR29646156.bin.28,Pseudomonadota,NRPS,NRPS,Oleiphilaceae
SRR29646156.bin.28,Pseudomonadota,T1PKS,PKSI,Oleiphilaceae
SRR29646156.bin.28,Pseudomonadota,NRPS,NRPS,Oleiphilaceae
SRR29646156.bin.28,Pseudomonadota,NRPS,NRPS,Oleiphilaceae
SRR29646156.bin.28,Pseudomonadota,NRPS,NRPS,Oleiphilaceae
SRR29646156.bin.28,Pseudomonadota,NRPS,NRPS,Oleiphilaceae
SRR29646156.bin.28,Pseudomonadota,NRPS,NRPS,Oleiphilaceae
SRR32147509.bin.39,Pseudomonadota,terpene,Terpene,Parvularculaceae
SRR23851205.bin.2,Pseudomonadota,terpene,Terpene,Parvularculaceae
SRR23851205.bin.2,Pseudomonadota,T1PKS,PKSI,Parvularculaceae
SRR23851205.bin.2,Pseudomonadota,terpene,Terpene,Parvularculaceae
SRR23851205.bin.2,Pseudomonadota,hglE-KS,PKSother,Parvularculaceae
SRR28842982.bin.44,Pseudomonadota,terpene,Terpene,Parvularculaceae
SRR28842982.bin.44,Pseudomonadota,arylpolyene,Others,Parvularculaceae
SRR29646156.bin.16,Pseudomonadota,NRPS-like,NRPS,Parvularculaceae
SRR33545835.bin.10,Pseudomonadota,terpene,Terpene,Parvularculaceae
SRR33545835.bin.10,Pseudomonadota,terpene,Terpene,Parvularculaceae
SRR33545835.bin.10,Pseudomonadota,T1PKS,PKSI,Parvularculaceae
SRR33545835.bin.10,Pseudomonadota,hglE-KS,PKSother,Parvularculaceae
5-C.bin.12,Pseudomonadota,NRPS-like,NRPS,Porticoccaceae
SRR32147509.bin.87,Pseudomonadota,NRPS-like,NRPS,Porticoccaceae
SRR21412969.bin.23,Pseudomonadota,arylpolyene,Others,Pseudohongiellaceae
SRR21412969.bin.23,Pseudomonadota,resorcinol,Others,Pseudohongiellaceae
SRR21412969.bin.23,Pseudomonadota,arylpolyene,Others,Pseudohongiellaceae
13-d.bin.30,Pseudomonadota,NRPS,NRPS,Pseudomonadaceae
13-d.bin.30,Pseudomonadota,NRPS,NRPS,Pseudomonadaceae
13-d.bin.30,Pseudomonadota,NRPS,NRPS,Pseudomonadaceae
13-d.bin.30,Pseudomonadota,NRPS,NRPS,Pseudomonadaceae
13-d.bin.30,Pseudomonadota,NRPS,NRPS,Pseudomonadaceae
13-d.bin.30,Pseudomonadota,RiPP-like,RiPPs,Pseudomonadaceae
13-d.bin.30,Pseudomonadota,NRPS,NRPS,Pseudomonadaceae
13-d.bin.30,Pseudomonadota,NRPS,NRPS,Pseudomonadaceae
13-d.bin.30,Pseudomonadota,NRPS,NRPS,Pseudomonadaceae
13-d.bin.30,Pseudomonadota,NRPS-like,NRPS,Pseudomonadaceae
13-d.bin.30,Pseudomonadota,NRPS,NRPS,Pseudomonadaceae
13-d.bin.30,Pseudomonadota,NRPS,NRPS,Pseudomonadaceae
13-d.bin.30,Pseudomonadota,NRPS,NRPS,Pseudomonadaceae
13-d.bin.30,Pseudomonadota,NRPS,NRPS,Pseudomonadaceae
13-d.bin.30,Pseudomonadota,NRPS,NRPS,Pseudomonadaceae
13-d.bin.30,Pseudomonadota,NRPS,NRPS,Pseudomonadaceae
13-d.bin.30,Pseudomonadota,NRPS,NRPS,Pseudomonadaceae
13-d.bin.30,Pseudomonadota,arylpolyene,Others,Pseudomonadaceae
13-d.bin.30,Pseudomonadota,NRPS-like,NRPS,Pseudomonadaceae
13-d.bin.30,Pseudomonadota,NRPS,NRPS,Pseudomonadaceae
7-c.bin.5,Pseudomonadota,arylpolyene,Others,Pseudomonadaceae
7-c.bin.5,Pseudomonadota,NRPS,NRPS,Pseudomonadaceae
7-c.bin.5,Pseudomonadota,NRPS,NRPS,Pseudomonadaceae
7-c.bin.5,Pseudomonadota,NRPS,NRPS,Pseudomonadaceae
7-c.bin.5,Pseudomonadota,NRPS-like,NRPS,Pseudomonadaceae
7-c.bin.5,Pseudomonadota,NRPS,NRPS,Pseudomonadaceae
ERR9527533.bin.16,Pseudomonadota,RiPP-like,RiPPs,Pseudomonadaceae
SRR21412993.bin.11,Pseudomonadota,NRPS,NRPS,Pseudomonadaceae
SRR21412993.bin.11,Pseudomonadota,NRPS,NRPS,Pseudomonadaceae
SRR21412993.bin.11,Pseudomonadota,NRPS,NRPS,Pseudomonadaceae
SRR21412993.bin.11,Pseudomonadota,NRPS-like,NRPS,Pseudomonadaceae
SRR21412993.bin.11,Pseudomonadota,NRPS-like,NRPS,Pseudomonadaceae
SRR21412993.bin.11,Pseudomonadota,NRPS,NRPS,Pseudomonadaceae
SRR21412993.bin.11,Pseudomonadota,RiPP-like,RiPPs,Pseudomonadaceae
SRR21412993.bin.11,Pseudomonadota,NRPS,NRPS,Pseudomonadaceae
SRR21412993.bin.11,Pseudomonadota,NRPS,NRPS,Pseudomonadaceae
SRR21412993.bin.11,Pseudomonadota,NRPS,NRPS,Pseudomonadaceae
SRR21412993.bin.11,Pseudomonadota,NRPS,NRPS,Pseudomonadaceae
SRR21412998.bin.2,Pseudomonadota,RiPP-like,RiPPs,Pseudomonadaceae
SRR21412998.bin.2,Pseudomonadota,NRPS,NRPS,Pseudomonadaceae
SRR21412998.bin.2,Pseudomonadota,NRPS-like,NRPS,Pseudomonadaceae
SRR21412998.bin.2,Pseudomonadota,NRPS,NRPS,Pseudomonadaceae
SRR21412998.bin.2,Pseudomonadota,NRPS,NRPS,Pseudomonadaceae
SRR21412998.bin.2,Pseudomonadota,NRPS-like,NRPS,Pseudomonadaceae
SRR21412998.bin.2,Pseudomonadota,NRPS,NRPS,Pseudomonadaceae
SRR21412998.bin.2,Pseudomonadota,transAT-PKS-like,PKSother,Pseudomonadaceae
SRR21412998.bin.2,Pseudomonadota,NRPS,NRPS,Pseudomonadaceae
SRR21412998.bin.2,Pseudomonadota,NRPS,NRPS,Pseudomonadaceae
SRR21412998.bin.2,Pseudomonadota,NRPS,NRPS,Pseudomonadaceae
SRR21412998.bin.2,Pseudomonadota,NRPS,NRPS,Pseudomonadaceae
SRR21412998.bin.2,Pseudomonadota,NRPS,NRPS,Pseudomonadaceae
SRR21412998.bin.2,Pseudomonadota,NRPS,NRPS,Pseudomonadaceae
SRR21412998.bin.2,Pseudomonadota,NRPS,NRPS,Pseudomonadaceae
SRR21412998.bin.2,Pseudomonadota,NRPS,NRPS,Pseudomonadaceae
SRR21412998.bin.2,Pseudomonadota,NRPS,NRPS,Pseudomonadaceae
SRR21412998.bin.2,Pseudomonadota,NRPS-like,NRPS,Pseudomonadaceae
SRR21412998.bin.2,Pseudomonadota,NRPS,NRPS,Pseudomonadaceae
SRR21412998.bin.2,Pseudomonadota,NRPS,NRPS,Pseudomonadaceae
SRR21412998.bin.2,Pseudomonadota,NRPS,NRPS,Pseudomonadaceae
SRR21412998.bin.2,Pseudomonadota,NRPS,NRPS,Pseudomonadaceae
SRR21412998.bin.2,Pseudomonadota,NRPS,NRPS,Pseudomonadaceae
SRR21412998.bin.2,Pseudomonadota,NRPS,NRPS,Pseudomonadaceae
SRR21412998.bin.2,Pseudomonadota,NRPS,NRPS,Pseudomonadaceae
SRR21412998.bin.2,Pseudomonadota,NRPS,NRPS,Pseudomonadaceae
SRR21412998.bin.2,Pseudomonadota,NRPS,NRPS,Pseudomonadaceae
SRR21412998.bin.2,Pseudomonadota,terpene,Terpene,Pseudomonadaceae
SRR21412998.bin.2,Pseudomonadota,NRPS,NRPS,Pseudomonadaceae
SRR21412998.bin.2,Pseudomonadota,NRPS,NRPS,Pseudomonadaceae
SRR21412998.bin.2,Pseudomonadota,NRPS,NRPS,Pseudomonadaceae
SRR21412998.bin.2,Pseudomonadota,NRPS,NRPS,Pseudomonadaceae
SRR21412998.bin.2,Pseudomonadota,NRPS,NRPS,Pseudomonadaceae
SRR21412998.bin.2,Pseudomonadota,transAT-PKS-like,PKSother,Pseudomonadaceae
SRR21412998.bin.2,Pseudomonadota,NRPS,NRPS,Pseudomonadaceae
SRR21412998.bin.2,Pseudomonadota,NRPS-like,NRPS,Pseudomonadaceae
SRR21412998.bin.2,Pseudomonadota,NRPS,NRPS,Pseudomonadaceae
SRR21412998.bin.2,Pseudomonadota,NRPS,NRPS,Pseudomonadaceae
SRR21412998.bin.2,Pseudomonadota,NRPS,NRPS,Pseudomonadaceae
SRR21412998.bin.2,Pseudomonadota,NRPS-like,NRPS,Pseudomonadaceae
SRR21412998.bin.2,Pseudomonadota,NRPS,NRPS,Pseudomonadaceae
SRR21412998.bin.2,Pseudomonadota,NRPS,NRPS,Pseudomonadaceae
SRR21412998.bin.2,Pseudomonadota,transAT-PKS-like,PKSother,Pseudomonadaceae
SRR21412998.bin.2,Pseudomonadota,NRPS,NRPS,Pseudomonadaceae
SRR23851216.bin.3,Pseudomonadota,NRPS,NRPS,Pseudomonadaceae
SRR23851216.bin.3,Pseudomonadota,NRPS,NRPS,Pseudomonadaceae
SRR23851216.bin.3,Pseudomonadota,arylpolyene,Others,Pseudomonadaceae
SRR23851216.bin.3,Pseudomonadota,arylpolyene,Others,Pseudomonadaceae
SRR23851216.bin.3,Pseudomonadota,RiPP-like,RiPPs,Pseudomonadaceae
SRR23851216.bin.3,Pseudomonadota,terpene,Terpene,Pseudomonadaceae
SRR23929155.bin.2,Pseudomonadota,NRPS,NRPS,Pseudomonadaceae
SRR23929155.bin.2,Pseudomonadota,NRPS,NRPS,Pseudomonadaceae
SRR23929155.bin.2,Pseudomonadota,RiPP-like,RiPPs,Pseudomonadaceae
SRR23929155.bin.2,Pseudomonadota,NRPS,NRPS,Pseudomonadaceae
SRR23929155.bin.2,Pseudomonadota,NRPS,NRPS,Pseudomonadaceae
SRR23929155.bin.2,Pseudomonadota,NRPS,NRPS,Pseudomonadaceae
SRR23929155.bin.2,Pseudomonadota,NRPS,NRPS,Pseudomonadaceae
SRR23929155.bin.2,Pseudomonadota,ranthipeptide,RiPPs,Pseudomonadaceae
SRR23929181.bin.8,Pseudomonadota,arylpolyene,Others,Pseudomonadaceae
SRR23929181.bin.8,Pseudomonadota,arylpolyene,Others,Pseudomonadaceae
SRR23929181.bin.8,Pseudomonadota,NRPS,NRPS,Pseudomonadaceae
SRR23929181.bin.8,Pseudomonadota,NRPS,NRPS,Pseudomonadaceae
SRR23929181.bin.8,Pseudomonadota,NRPS,NRPS,Pseudomonadaceae
SRR23929181.bin.8,Pseudomonadota,NRPS,NRPS,Pseudomonadaceae
SRR23929181.bin.8,Pseudomonadota,NRPS,NRPS,Pseudomonadaceae
SRR23929181.bin.8,Pseudomonadota,butyrolactone,Others,Pseudomonadaceae
SRR23929181.bin.8,Pseudomonadota,NRPS,NRPS,Pseudomonadaceae
SRR23929181.bin.8,Pseudomonadota,NRPS,NRPS,Pseudomonadaceae
SRR23929181.bin.8,Pseudomonadota,NRPS,NRPS,Pseudomonadaceae
SRR23929181.bin.8,Pseudomonadota,NRPS,NRPS,Pseudomonadaceae
SRR23929181.bin.8,Pseudomonadota,NRP-metallophore.NRPS,Others,Pseudomonadaceae
SRR23929181.bin.8,Pseudomonadota,NRPS,NRPS,Pseudomonadaceae
SRR23929181.bin.8,Pseudomonadota,T3PKS,PKSother,Pseudomonadaceae
SRR23929181.bin.8,Pseudomonadota,lanthipeptide-class-ii,RiPPs,Pseudomonadaceae
SRR23929181.bin.8,Pseudomonadota,NRPS-like,NRPS,Pseudomonadaceae
SRR23929181.bin.8,Pseudomonadota,NRPS,NRPS,Pseudomonadaceae
SRR23929181.bin.8,Pseudomonadota,NRPS,NRPS,Pseudomonadaceae
SRR23929181.bin.8,Pseudomonadota,NRP-metallophore.NRPS,Others,Pseudomonadaceae
SRR23929181.bin.8,Pseudomonadota,NRPS,NRPS,Pseudomonadaceae
SRR28842986.bin.2,Pseudomonadota,NRPS,NRPS,Pseudomonadaceae
SRR28842986.bin.2,Pseudomonadota,NRPS,NRPS,Pseudomonadaceae
SRR28842986.bin.2,Pseudomonadota,RiPP-like,RiPPs,Pseudomonadaceae
SRR29646152.bin.3,Pseudomonadota,RiPP-like,RiPPs,Pseudomonadaceae
SRR29646159.bin.14,Pseudomonadota,arylpolyene,Others,Pseudomonadaceae
SRR29646159.bin.14,Pseudomonadota,arylpolyene,Others,Pseudomonadaceae
SRR29646159.bin.14,Pseudomonadota,resorcinol,Others,Pseudomonadaceae
SRR29646159.bin.14,Pseudomonadota,arylpolyene,Others,Pseudomonadaceae
SRR29646159.bin.14,Pseudomonadota,RiPP-like,RiPPs,Pseudomonadaceae
SRR29646159.bin.14,Pseudomonadota,NRPS,NRPS,Pseudomonadaceae
SRR29646159.bin.14,Pseudomonadota,NRP-metallophore.NRPS,Others,Pseudomonadaceae
SRR29646159.bin.14,Pseudomonadota,NRPS,NRPS,Pseudomonadaceae
SRR29646159.bin.14,Pseudomonadota,NRPS,NRPS,Pseudomonadaceae
SRR29689609.bin.6,Pseudomonadota,arylpolyene,Others,Pseudomonadaceae
SRR29689609.bin.6,Pseudomonadota,RiPP-like,RiPPs,Pseudomonadaceae
SRR29689609.bin.6,Pseudomonadota,NRPS-like,NRPS,Pseudomonadaceae
SRR29689609.bin.67,Pseudomonadota,NRPS,NRPS,Pseudomonadaceae
SRR29689609.bin.67,Pseudomonadota,NRPS,NRPS,Pseudomonadaceae
SRR29689609.bin.67,Pseudomonadota,NRPS,NRPS,Pseudomonadaceae
SRR29689609.bin.67,Pseudomonadota,NRPS,NRPS,Pseudomonadaceae
SRR29689609.bin.67,Pseudomonadota,NRP-metallophore.NRPS,Others,Pseudomonadaceae
SRR29689609.bin.67,Pseudomonadota,NRPS-like,NRPS,Pseudomonadaceae
SRR29689609.bin.67,Pseudomonadota,terpene,Terpene,Pseudomonadaceae
SRR29689609.bin.67,Pseudomonadota,arylpolyene,Others,Pseudomonadaceae
SRR29689609.bin.67,Pseudomonadota,arylpolyene,Others,Pseudomonadaceae
SRR29689609.bin.67,Pseudomonadota,RiPP-like,RiPPs,Pseudomonadaceae
SRR31572241.bin.15,Pseudomonadota,NRPS,NRPS,Pseudomonadaceae
SRR31572241.bin.15,Pseudomonadota,arylpolyene,Others,Pseudomonadaceae
SRR31572241.bin.15,Pseudomonadota,arylpolyene,Others,Pseudomonadaceae
SRR31572241.bin.15,Pseudomonadota,terpene,Terpene,Pseudomonadaceae
SRR31572241.bin.15,Pseudomonadota,NRPS,NRPS,Pseudomonadaceae
SRR31572241.bin.27,Pseudomonadota,NRPS,NRPS,Pseudomonadaceae
SRR31572241.bin.27,Pseudomonadota,NRPS-like,NRPS,Pseudomonadaceae
SRR31572241.bin.27,Pseudomonadota,NRPS,NRPS,Pseudomonadaceae
SRR31572241.bin.27,Pseudomonadota,NRPS,NRPS,Pseudomonadaceae
SRR31572241.bin.27,Pseudomonadota,arylpolyene,Others,Pseudomonadaceae
SRR31572241.bin.27,Pseudomonadota,arylpolyene,Others,Pseudomonadaceae
SRR31572241.bin.27,Pseudomonadota,NRPS,NRPS,Pseudomonadaceae
SRR31572241.bin.27,Pseudomonadota,NRPS,NRPS,Pseudomonadaceae
SRR31572241.bin.27,Pseudomonadota,RiPP-like,RiPPs,Pseudomonadaceae
SRR31572242.bin.5,Pseudomonadota,RiPP-like,RiPPs,Pseudomonadaceae
SRR31572243.bin.2,Pseudomonadota,NRPS,NRPS,Pseudomonadaceae
SRR31572243.bin.2,Pseudomonadota,NRPS,NRPS,Pseudomonadaceae
SRR31572243.bin.2,Pseudomonadota,NRPS-like,NRPS,Pseudomonadaceae
SRR31572243.bin.2,Pseudomonadota,NRPS,NRPS,Pseudomonadaceae
SRR31572243.bin.2,Pseudomonadota,NRPS,NRPS,Pseudomonadaceae
SRR31572243.bin.2,Pseudomonadota,NRPS,NRPS,Pseudomonadaceae
SRR31572243.bin.2,Pseudomonadota,NRPS,NRPS,Pseudomonadaceae
SRR31572243.bin.2,Pseudomonadota,NRPS,NRPS,Pseudomonadaceae
SRR31572243.bin.2,Pseudomonadota,NRPS,NRPS,Pseudomonadaceae
SRR31572243.bin.2,Pseudomonadota,NRPS,NRPS,Pseudomonadaceae
SRR31572243.bin.2,Pseudomonadota,NRPS-like,NRPS,Pseudomonadaceae
SRR31572243.bin.2,Pseudomonadota,NRPS,NRPS,Pseudomonadaceae
SRR31572243.bin.2,Pseudomonadota,NRPS,NRPS,Pseudomonadaceae
SRR31572243.bin.2,Pseudomonadota,NRPS,NRPS,Pseudomonadaceae
SRR31572243.bin.2,Pseudomonadota,NRPS,NRPS,Pseudomonadaceae
SRR31572243.bin.2,Pseudomonadota,NRPS,NRPS,Pseudomonadaceae
SRR31572243.bin.2,Pseudomonadota,NRPS,NRPS,Pseudomonadaceae
SRR31572243.bin.2,Pseudomonadota,arylpolyene,Others,Pseudomonadaceae
SRR31572243.bin.2,Pseudomonadota,arylpolyene,Others,Pseudomonadaceae
SRR31572243.bin.2,Pseudomonadota,NRPS,NRPS,Pseudomonadaceae
SRR31572243.bin.2,Pseudomonadota,NRPS-like,NRPS,Pseudomonadaceae
SRR31572243.bin.2,Pseudomonadota,NRPS,NRPS,Pseudomonadaceae
SRR31572243.bin.2,Pseudomonadota,NRPS,NRPS,Pseudomonadaceae
SRR31572243.bin.2,Pseudomonadota,NRPS,NRPS,Pseudomonadaceae
SRR31572243.bin.2,Pseudomonadota,NRPS,NRPS,Pseudomonadaceae
SRR31572243.bin.2,Pseudomonadota,NRPS,NRPS,Pseudomonadaceae
SRR31572243.bin.2,Pseudomonadota,NRPS,NRPS,Pseudomonadaceae
SRR31572243.bin.2,Pseudomonadota,NRPS,NRPS,Pseudomonadaceae
SRR31572243.bin.2,Pseudomonadota,NRPS,NRPS,Pseudomonadaceae
SRR32774196.bin.18,Pseudomonadota,arylpolyene,Others,Pseudomonadaceae
SRR32774196.bin.18,Pseudomonadota,NI-siderophore,Others,Pseudomonadaceae
SRR32774196.bin.18,Pseudomonadota,arylpolyene,Others,Pseudomonadaceae
SRR32774196.bin.18,Pseudomonadota,T1PKS,PKSI,Pseudomonadaceae
SRR32774197.bin.26,Pseudomonadota,T3PKS,PKSother,Pseudomonadaceae
SRR32774197.bin.26,Pseudomonadota,arylpolyene,Others,Pseudomonadaceae
SRR32774197.bin.26,Pseudomonadota,arylpolyene,Others,Pseudomonadaceae
SRR32774197.bin.26,Pseudomonadota,RiPP-like,RiPPs,Pseudomonadaceae
SRR32774197.bin.26,Pseudomonadota,NRPS,NRPS,Pseudomonadaceae
SRR32774197.bin.26,Pseudomonadota,NRPS,NRPS,Pseudomonadaceae
SRR32774197.bin.26,Pseudomonadota,NRPS,NRPS,Pseudomonadaceae
SRR32774197.bin.26,Pseudomonadota,NRPS,NRPS,Pseudomonadaceae
SRR32774197.bin.26,Pseudomonadota,NRPS,NRPS,Pseudomonadaceae
SRR32774197.bin.26,Pseudomonadota,NRPS-like,NRPS,Pseudomonadaceae
SRR32774197.bin.26,Pseudomonadota,NI-siderophore,Others,Pseudomonadaceae
SRR32774197.bin.26,Pseudomonadota,NRPS,NRPS,Pseudomonadaceae
SRR32774197.bin.26,Pseudomonadota,NRPS,NRPS,Pseudomonadaceae
SRR32774197.bin.26,Pseudomonadota,NRPS,NRPS,Pseudomonadaceae
SRR32774197.bin.26,Pseudomonadota,NRPS,NRPS,Pseudomonadaceae
SRR32774197.bin.26,Pseudomonadota,NRPS,NRPS,Pseudomonadaceae
SRR32774197.bin.26,Pseudomonadota,ranthipeptide,RiPPs,Pseudomonadaceae
SRR32774197.bin.26,Pseudomonadota,NRPS,NRPS,Pseudomonadaceae
SRR32774197.bin.26,Pseudomonadota,NRPS,NRPS,Pseudomonadaceae
SRR32774197.bin.26,Pseudomonadota,NI-siderophore,Others,Pseudomonadaceae
SRR32774197.bin.26,Pseudomonadota,NI-siderophore,Others,Pseudomonadaceae
SRR32774197.bin.26,Pseudomonadota,NI-siderophore,Others,Pseudomonadaceae
SRR32774197.bin.26,Pseudomonadota,NRPS,NRPS,Pseudomonadaceae
SRR32774197.bin.27,Pseudomonadota,NI-siderophore,Others,Pseudomonadaceae
SRR32774197.bin.27,Pseudomonadota,NRPS-like,NRPS,Pseudomonadaceae
SRR32774197.bin.27,Pseudomonadota,NI-siderophore,Others,Pseudomonadaceae
SRR32774197.bin.27,Pseudomonadota,arylpolyene,Others,Pseudomonadaceae
SRR32774197.bin.27,Pseudomonadota,arylpolyene,Others,Pseudomonadaceae
SRR32774198.bin.11,Pseudomonadota,arylpolyene,Others,Pseudomonadaceae
SRR32774198.bin.11,Pseudomonadota,arylpolyene,Others,Pseudomonadaceae
SRR32774198.bin.11,Pseudomonadota,resorcinol,Others,Pseudomonadaceae
SRR32774198.bin.11,Pseudomonadota,arylpolyene,Others,Pseudomonadaceae
SRR32774198.bin.11,Pseudomonadota,NRPS,NRPS,Pseudomonadaceae
SRR32774198.bin.11,Pseudomonadota,NRPS,NRPS,Pseudomonadaceae
SRR32774198.bin.24,Pseudomonadota,arylpolyene,Others,Pseudomonadaceae
SRR32774198.bin.24,Pseudomonadota,arylpolyene,Others,Pseudomonadaceae
SRR32774198.bin.24,Pseudomonadota,NRPS,NRPS,Pseudomonadaceae
SRR32774198.bin.24,Pseudomonadota,NRPS,NRPS,Pseudomonadaceae
SRR32774198.bin.24,Pseudomonadota,NRPS,NRPS,Pseudomonadaceae
SRR32774198.bin.24,Pseudomonadota,NRPS,NRPS,Pseudomonadaceae
SRR32774198.bin.24,Pseudomonadota,RiPP-like,RiPPs,Pseudomonadaceae
SRR32774200.bin.7,Pseudomonadota,NRPS,NRPS,Pseudomonadaceae
SRR32774200.bin.7,Pseudomonadota,NRPS,NRPS,Pseudomonadaceae
SRR32774200.bin.7,Pseudomonadota,arylpolyene,Others,Pseudomonadaceae
SRR32774200.bin.7,Pseudomonadota,arylpolyene,Others,Pseudomonadaceae
SRR32774200.bin.7,Pseudomonadota,RiPP-like,RiPPs,Pseudomonadaceae
SRR32774200.bin.7,Pseudomonadota,NRPS-like,NRPS,Pseudomonadaceae
SRR32774200.bin.7,Pseudomonadota,NRPS,NRPS,Pseudomonadaceae
SRR32774200.bin.7,Pseudomonadota,RiPP-like,RiPPs,Pseudomonadaceae
SRR1164896.bin.19,Pseudomonadota,arylpolyene,Others,Psychromonadaceae
SRR1164896.bin.19,Pseudomonadota,arylpolyene,Others,Psychromonadaceae
SRR1164896.bin.19,Pseudomonadota,NI-siderophore,Others,Psychromonadaceae
SRR1164896.bin.19,Pseudomonadota,NI-siderophore,Others,Psychromonadaceae
SRR1164896.bin.19,Pseudomonadota,PUFA,Others,Psychromonadaceae
SRR1164896.bin.19,Pseudomonadota,hglE-KS,PKSother,Psychromonadaceae
SRR6056300.bin.8,Pseudomonadota,terpene,Terpene,Puniceispirillaceae
SRR19594458.bin.8,Pseudomonadota,NRPS-like,NRPS,QNFN01
SRR19594458.bin.8,Pseudomonadota,ranthipeptide,RiPPs,QNFN01
SRR29646160.bin.42,Pseudomonadota,terpene,Terpene,Rariloculaceae
SRR29646160.bin.42,Pseudomonadota,terpene,Terpene,Rariloculaceae
SRR29646160.bin.42,Pseudomonadota,NRPS-like,NRPS,Rariloculaceae
9-A.bin.41,Pseudomonadota,terpene,Terpene,Rariloculaceae
9-A.bin.41,Pseudomonadota,terpene,Terpene,Rariloculaceae
9-A.bin.41,Pseudomonadota,RRE-containing,RiPPs,Rariloculaceae
9-A.bin.41,Pseudomonadota,NRPS-like,NRPS,Rariloculaceae
SRR21412995.bin.16,Pseudomonadota,terpene,Terpene,Rariloculaceae
SRR21412995.bin.16,Pseudomonadota,terpene,Terpene,Rariloculaceae
SRR23851190.bin.25,Pseudomonadota,terpene,Terpene,Rariloculaceae
SRR23851190.bin.25,Pseudomonadota,NRPS-like,NRPS,Rariloculaceae
SRR23851190.bin.25,Pseudomonadota,NRPS-like,NRPS,Rariloculaceae
SRR23851190.bin.25,Pseudomonadota,terpene,Terpene,Rariloculaceae
SRR23851205.bin.40,Pseudomonadota,terpene,Terpene,Rariloculaceae
SRR23851205.bin.40,Pseudomonadota,terpene,Terpene,Rariloculaceae
SRR29646152.bin.5,Pseudomonadota,arylpolyene,Others,Rariloculaceae
SRR29646152.bin.5,Pseudomonadota,arylpolyene,Others,Rariloculaceae
SRR29646152.bin.5,Pseudomonadota,NRPS-like,NRPS,Rariloculaceae
SRR29646152.bin.5,Pseudomonadota,terpene,Terpene,Rariloculaceae
SRR29646152.bin.5,Pseudomonadota,terpene,Terpene,Rariloculaceae
ERR9527537.bin.11,Pseudomonadota,arylpolyene,Others,REEB76
ERR9527537.bin.11,Pseudomonadota,arylpolyene,Others,REEB76
ERR9527537.bin.11,Pseudomonadota,arylpolyene,Others,REEB76
ERR9527537.bin.11,Pseudomonadota,resorcinol,Others,REEB76
ERR9527537.bin.11,Pseudomonadota,arylpolyene,Others,REEB76
ERR9527537.bin.14,Pseudomonadota,arylpolyene,Others,REEB76
ERR9527537.bin.14,Pseudomonadota,resorcinol,Others,REEB76
ERR9527537.bin.14,Pseudomonadota,arylpolyene,Others,REEB76
ERR9527537.bin.14,Pseudomonadota,arylpolyene,Others,REEB76
SRR28842988.bin.3,Pseudomonadota,NI-siderophore,Others,REEB80
SRR28842988.bin.3,Pseudomonadota,NI-siderophore,Others,REEB80
18-A.bin.41,Pseudomonadota,NRPS,NRPS,Rhizobiaceae
18-A.bin.41,Pseudomonadota,NRPS-like,NRPS,Rhizobiaceae
18-A.bin.41,Pseudomonadota,T1PKS,PKSI,Rhizobiaceae
18-A.bin.41,Pseudomonadota,NRPS,NRPS,Rhizobiaceae
18-A.bin.41,Pseudomonadota,NRPS,NRPS,Rhizobiaceae
18-A.bin.41,Pseudomonadota,RiPP-like,RiPPs,Rhizobiaceae
18-A.bin.41,Pseudomonadota,NRPS,NRPS,Rhizobiaceae
18-A.bin.41,Pseudomonadota,NRPS-like,NRPS,Rhizobiaceae
18-A.bin.41,Pseudomonadota,phosphonate,Others,Rhizobiaceae
18-A.bin.41,Pseudomonadota,T1PKS,PKSI,Rhizobiaceae
18-A.bin.41,Pseudomonadota,NRPS,NRPS,Rhizobiaceae
7-D.bin.13,Pseudomonadota,NRPS-like,NRPS,Rhizobiaceae
7-D.bin.13,Pseudomonadota,NI-siderophore,Others,Rhizobiaceae
7-D.bin.13,Pseudomonadota,NI-siderophore,Others,Rhizobiaceae
SRR29646150.bin.17,Pseudomonadota,NI-siderophore,Others,Rhizobiaceae
SRR29646150.bin.17,Pseudomonadota,NI-siderophore,Others,Rhizobiaceae
SRR29646159.bin.2,Pseudomonadota,RiPP-like,RiPPs,Rhizobiaceae
SRR29646159.bin.2,Pseudomonadota,RiPP-like,RiPPs,Rhizobiaceae
SRR29646159.bin.2,Pseudomonadota,NI-siderophore,Others,Rhizobiaceae
SRR29646159.bin.2,Pseudomonadota,T1PKS,PKSI,Rhizobiaceae
SRR31572243.bin.12,Pseudomonadota,NRPS-like,NRPS,Rhizobiaceae
SRR16229774.bin.2,Pseudomonadota,arylpolyene,Others,Rhodanobacteraceae
SRR16229774.bin.2,Pseudomonadota,arylpolyene,Others,Rhodanobacteraceae
SRR29646158.bin.38,Pseudomonadota,NRPS-like,NRPS,Rhodanobacteraceae
SRR29646158.bin.38,Pseudomonadota,arylpolyene,Others,Rhodanobacteraceae
SRR29646158.bin.38,Pseudomonadota,arylpolyene,Others,Rhodanobacteraceae
SRR29646158.bin.38,Pseudomonadota,NRPS,NRPS,Rhodanobacteraceae
SRR29646158.bin.38,Pseudomonadota,T1PKS.NRPS-like,PKS-NRP_Hybrids,Rhodanobacteraceae
SRR29646158.bin.38,Pseudomonadota,NRPS,NRPS,Rhodanobacteraceae
SRR31572241.bin.20,Pseudomonadota,arylpolyene,Others,Rhodanobacteraceae
1-b.bin.11,Pseudomonadota,NRPS,NRPS,Rhodobacteraceae
1-b.bin.11,Pseudomonadota,NI-siderophore,Others,Rhodobacteraceae
1-b.bin.11,Pseudomonadota,NI-siderophore,Others,Rhodobacteraceae
1-b.bin.11,Pseudomonadota,NRPS,NRPS,Rhodobacteraceae
1-b.bin.11,Pseudomonadota,NRPS,NRPS,Rhodobacteraceae
1-b.bin.11,Pseudomonadota,NRPS,NRPS,Rhodobacteraceae
1-b.bin.11,Pseudomonadota,NRPS,NRPS,Rhodobacteraceae
1-b.bin.11,Pseudomonadota,NRPS,NRPS,Rhodobacteraceae
1-b.bin.11,Pseudomonadota,NRPS,NRPS,Rhodobacteraceae
1-b.bin.11,Pseudomonadota,NRPS,NRPS,Rhodobacteraceae
1-b.bin.11,Pseudomonadota,NRPS,NRPS,Rhodobacteraceae
2-b.bin.26,Pseudomonadota,T1PKS,PKSI,Rhodobacteraceae
2-b.bin.26,Pseudomonadota,RiPP-like,RiPPs,Rhodobacteraceae
2-b.bin.26,Pseudomonadota,terpene,Terpene,Rhodobacteraceae
SRR1164896.bin.12,Pseudomonadota,terpene,Terpene,Rhodobacteraceae
SRR14626313.bin.6,Pseudomonadota,terpene,Terpene,Rhodobacteraceae
SRR19594467.bin.53,Pseudomonadota,T1PKS,PKSI,Rhodobacteraceae
SRR19594467.bin.53,Pseudomonadota,NRPS-like,NRPS,Rhodobacteraceae
SRR19594467.bin.61,Pseudomonadota,NRPS,NRPS,Rhodobacteraceae
SRR21412991.bin.11,Pseudomonadota,terpene,Terpene,Rhodobacteraceae
SRR21412991.bin.11,Pseudomonadota,T3PKS,PKSother,Rhodobacteraceae
SRR21412991.bin.11,Pseudomonadota,NRPS-like,NRPS,Rhodobacteraceae
SRR23851215.bin.29,Pseudomonadota,T3PKS,PKSother,Rhodobacteraceae
SRR23851215.bin.29,Pseudomonadota,RRE-containing,RiPPs,Rhodobacteraceae
SRR23851215.bin.29,Pseudomonadota,NI-siderophore,Others,Rhodobacteraceae
SRR23851215.bin.29,Pseudomonadota,T1PKS,PKSI,Rhodobacteraceae
SRR23851215.bin.29,Pseudomonadota,NRPS,NRPS,Rhodobacteraceae
SRR23851215.bin.29,Pseudomonadota,terpene,Terpene,Rhodobacteraceae
SRR28842986.bin.18,Pseudomonadota,RRE-containing,RiPPs,Rhodobacteraceae
SRR28842986.bin.18,Pseudomonadota,terpene,Terpene,Rhodobacteraceae
SRR28842987.bin.22,Pseudomonadota,T1PKS,PKSI,Rhodobacteraceae
SRR28842987.bin.22,Pseudomonadota,terpene,Terpene,Rhodobacteraceae
SRR28842987.bin.22,Pseudomonadota,NRPS-like,NRPS,Rhodobacteraceae
SRR28842987.bin.61,Pseudomonadota,RRE-containing,RiPPs,Rhodobacteraceae
SRR28842987.bin.85,Pseudomonadota,terpene,Terpene,Rhodobacteraceae
SRR28842987.bin.85,Pseudomonadota,T3PKS,PKSother,Rhodobacteraceae
SRR28842992.bin.11,Pseudomonadota,T1PKS,PKSI,Rhodobacteraceae
SRR28842992.bin.11,Pseudomonadota,NRP-metallophore,Others,Rhodobacteraceae
SRR28842992.bin.13,Pseudomonadota,T1PKS.NRPS,PKS-NRP_Hybrids,Rhodobacteraceae
SRR28842992.bin.13,Pseudomonadota,T1PKS.NRPS,PKS-NRP_Hybrids,Rhodobacteraceae
SRR28842992.bin.13,Pseudomonadota,NRPS-like,NRPS,Rhodobacteraceae
SRR28842992.bin.7,Pseudomonadota,terpene,Terpene,Rhodobacteraceae
SRR28842992.bin.7,Pseudomonadota,RiPP-like,RiPPs,Rhodobacteraceae
SRR28842992.bin.7,Pseudomonadota,T1PKS,PKSI,Rhodobacteraceae
SRR28842992.bin.7,Pseudomonadota,NRPS-like,NRPS,Rhodobacteraceae
SRR28842992.bin.7,Pseudomonadota,RRE-containing,RiPPs,Rhodobacteraceae
SRR32147494.bin.53,Pseudomonadota,terpene,Terpene,Rhodobacteraceae
SRR32147494.bin.53,Pseudomonadota,T1PKS,PKSI,Rhodobacteraceae
SRR32147495.bin.14,Pseudomonadota,terpene,Terpene,Rhodobacteraceae
SRR32147495.bin.14,Pseudomonadota,arylpolyene,Others,Rhodobacteraceae
SRR32147495.bin.14,Pseudomonadota,T3PKS,PKSother,Rhodobacteraceae
SRR32147495.bin.14,Pseudomonadota,other,Others,Rhodobacteraceae
SRR32147495.bin.47,Pseudomonadota,T1PKS,PKSI,Rhodobacteraceae
SRR32147495.bin.47,Pseudomonadota,T1PKS,PKSI,Rhodobacteraceae
SRR32147495.bin.47,Pseudomonadota,T1PKS,PKSI,Rhodobacteraceae
SRR32147495.bin.47,Pseudomonadota,T1PKS,PKSI,Rhodobacteraceae
SRR32147495.bin.47,Pseudomonadota,T1PKS,PKSI,Rhodobacteraceae
SRR32147495.bin.47,Pseudomonadota,arylpolyene,Others,Rhodobacteraceae
SRR32147495.bin.47,Pseudomonadota,RiPP-like,RiPPs,Rhodobacteraceae
SRR32147495.bin.47,Pseudomonadota,terpene,Terpene,Rhodobacteraceae
SRR32147495.bin.47,Pseudomonadota,NI-siderophore,Others,Rhodobacteraceae
SRR32147495.bin.47,Pseudomonadota,NI-siderophore,Others,Rhodobacteraceae
SRR32147495.bin.47,Pseudomonadota,NRPS,NRPS,Rhodobacteraceae
SRR32147495.bin.47,Pseudomonadota,T1PKS,PKSI,Rhodobacteraceae
SRR32147495.bin.47,Pseudomonadota,NRPS,NRPS,Rhodobacteraceae
SRR32147495.bin.47,Pseudomonadota,terpene,Terpene,Rhodobacteraceae
SRR32147495.bin.47,Pseudomonadota,T3PKS,PKSother,Rhodobacteraceae
SRR32147495.bin.47,Pseudomonadota,ranthipeptide,RiPPs,Rhodobacteraceae
SRR32147499.bin.60,Pseudomonadota,terpene,Terpene,Rhodobacteraceae
SRR32147508.bin.61,Pseudomonadota,arylpolyene,Others,Rhodobacteraceae
SRR32147508.bin.61,Pseudomonadota,terpene,Terpene,Rhodobacteraceae
SRR32147508.bin.61,Pseudomonadota,RiPP-like,RiPPs,Rhodobacteraceae
SRR32774197.bin.34,Pseudomonadota,NRP-metallophore,Others,Rhodobacteraceae
SRR32774201.bin.16,Pseudomonadota,NRPS-like,NRPS,Rhodobacteraceae
SRR32774201.bin.16,Pseudomonadota,T1PKS,PKSI,Rhodobacteraceae
SRR32774201.bin.44,Pseudomonadota,NI-siderophore,Others,Rhodobacteraceae
SRR32774201.bin.44,Pseudomonadota,NI-siderophore,Others,Rhodobacteraceae
SRR32774201.bin.48,Pseudomonadota,NRPS-like,NRPS,Rhodobacteraceae
SRR32774201.bin.48,Pseudomonadota,NRPS,NRPS,Rhodobacteraceae
SRR32774201.bin.50,Pseudomonadota,terpene,Terpene,Rhodobacteraceae
SRR34576099.bin.67,Pseudomonadota,indole,Others,Rhodobacteraceae
SRR34576099.bin.67,Pseudomonadota,NRPS-like,NRPS,Rhodobacteraceae
SRR34576099.bin.7,Pseudomonadota,terpene,Terpene,Rhodobacteraceae
SRR34576099.bin.7,Pseudomonadota,RRE-containing,RiPPs,Rhodobacteraceae
SRR6056279.bin.17,Pseudomonadota,terpene,Terpene,Rhodobacteraceae
SRR6056300.bin.19,Pseudomonadota,terpene,Terpene,Rhodobacteraceae
ERR13934200.bin.15,Pseudomonadota,arylpolyene,Others,Rhodocyclaceae
ERR13934200.bin.15,Pseudomonadota,RiPP-like,RiPPs,Rhodocyclaceae
ERR13934200.bin.15,Pseudomonadota,NRPS-like,NRPS,Rhodocyclaceae
ERR9527526.bin.9,Pseudomonadota,RiPP-like,RiPPs,Rhodocyclaceae
ERR9527531.bin.16,Pseudomonadota,NRPS-like,NRPS,Rhodocyclaceae
ERR9527531.bin.16,Pseudomonadota,RiPP-like,RiPPs,Rhodocyclaceae
ERR9527533.bin.10,Pseudomonadota,NRPS-like,NRPS,Rhodocyclaceae
ERR9527533.bin.10,Pseudomonadota,RiPP-like,RiPPs,Rhodocyclaceae
SRR16229787.bin.5,Pseudomonadota,NRPS-like,NRPS,Rhodocyclaceae
SRR16229787.bin.5,Pseudomonadota,arylpolyene,Others,Rhodocyclaceae
SRR16229787.bin.5,Pseudomonadota,RiPP-like,RiPPs,Rhodocyclaceae
SRR28842987.bin.48,Pseudomonadota,ranthipeptide,RiPPs,Rhodocyclaceae
SRR28842987.bin.48,Pseudomonadota,NRPS-like,NRPS,Rhodocyclaceae
SRR28842992.bin.15,Pseudomonadota,NRPS-like,NRPS,Rhodocyclaceae
SRR28842992.bin.15,Pseudomonadota,NRPS,NRPS,Rhodocyclaceae
SRR28842992.bin.15,Pseudomonadota,ranthipeptide,RiPPs,Rhodocyclaceae
SRR32147509.bin.31,Pseudomonadota,NRPS-like,NRPS,Rhodomicrobiaceae
SRR32147509.bin.31,Pseudomonadota,terpene,Terpene,Rhodomicrobiaceae
SRR32147509.bin.31,Pseudomonadota,T3PKS,PKSother,Rhodomicrobiaceae
SRR29646150.bin.48,Pseudomonadota,terpene,Terpene,Rhodothalassiaceae
SRR32147508.bin.112,Pseudomonadota,terpene,Terpene,Rhodothalassiaceae
SRR32147508.bin.112,Pseudomonadota,lanthipeptide-class-ii,RiPPs,Rhodothalassiaceae
SRR32147508.bin.72,Pseudomonadota,lanthipeptide-class-ii,RiPPs,Rhodothalassiaceae
SRR32147508.bin.72,Pseudomonadota,terpene,Terpene,Rhodothalassiaceae
SRR32147509.bin.69,Pseudomonadota,arylpolyene,Others,Rhodovibrionaceae
SRR32147509.bin.69,Pseudomonadota,arylpolyene,Others,Rhodovibrionaceae
SRR32147509.bin.69,Pseudomonadota,terpene,Terpene,Rhodovibrionaceae
SRR32147509.bin.69,Pseudomonadota,NRPS-like,NRPS,Rhodovibrionaceae
SRR32147509.bin.69,Pseudomonadota,terpene,Terpene,Rhodovibrionaceae
SRR32147509.bin.69,Pseudomonadota,terpene,Terpene,Rhodovibrionaceae
SRR32147509.bin.69,Pseudomonadota,T3PKS,PKSother,Rhodovibrionaceae
SRR23851176.bin.60,Pseudomonadota,arylpolyene,Others,Salinisphaeraceae
SRR32147509.bin.44,Pseudomonadota,terpene,Terpene,Salinisphaeraceae
SRR32147509.bin.44,Pseudomonadota,ectoine,Others,Salinisphaeraceae
SRR32147509.bin.44,Pseudomonadota,phosphonate,Others,Salinisphaeraceae
SRR23851192.bin.2,Pseudomonadota,NRPS-like,NRPS,SG8-39
SRR23851192.bin.2,Pseudomonadota,NRPS-like,NRPS,SG8-39
SRR23851192.bin.2,Pseudomonadota,arylpolyene,Others,SG8-39
SRR29646161.bin.33,Pseudomonadota,NRPS-like,NRPS,SG8-39
SRR29646161.bin.33,Pseudomonadota,arylpolyene,Others,SG8-39
SRR29646161.bin.33,Pseudomonadota,NRPS-like,NRPS,SG8-39
7-D.bin.44,Pseudomonadota,NRPS-like,NRPS,SG8-39
7-D.bin.44,Pseudomonadota,arylpolyene,Others,SG8-39
SRR16229770.bin.19,Pseudomonadota,NRPS-like,NRPS,SG8-39
SRR16229770.bin.19,Pseudomonadota,NRPS-like,NRPS,SG8-39
SRR16229771.bin.10,Pseudomonadota,arylpolyene,Others,SG8-39
SRR16229771.bin.10,Pseudomonadota,NRPS-like,NRPS,SG8-39
SRR23851213.bin.9,Pseudomonadota,NRPS-like,NRPS,SG8-39
SRR23851213.bin.9,Pseudomonadota,NRPS-like,NRPS,SG8-39
SRR23851213.bin.9,Pseudomonadota,arylpolyene,Others,SG8-39
SRR29792381.bin.4,Pseudomonadota,acyl_amino_acids,Others,SG8-39
SRR29792381.bin.4,Pseudomonadota,NRPS-like,NRPS,SG8-39
SRR31674856.bin.10,Pseudomonadota,NRPS-like,NRPS,SG8-39
SRR32147493.bin.68,Pseudomonadota,arylpolyene,Others,SG8-39
SRR32147493.bin.68,Pseudomonadota,NRPS-like,NRPS,SG8-39
SRR32147493.bin.68,Pseudomonadota,NRPS-like,NRPS,SG8-39
SRR9952631.bin.30,Pseudomonadota,NRPS-like,NRPS,SG8-39
6-C.bin.42,Pseudomonadota,arylpolyene,Others,SG8-41
6-C.bin.42,Pseudomonadota,NRPS-like,NRPS,SG8-41
6-C.bin.42,Pseudomonadota,NRPS-like,NRPS,SG8-41
SRR31674856.bin.23,Pseudomonadota,NRPS-like,NRPS,SG8-41
SRR31674856.bin.23,Pseudomonadota,arylpolyene,Others,SG8-41
SRR23851170.bin.25,Pseudomonadota,NRPS-like,NRPS,SG8-41
SRR23851170.bin.25,Pseudomonadota,arylpolyene,Others,SG8-41
SRR29646155.bin.25,Pseudomonadota,arylpolyene,Others,SG8-41
SRR32147494.bin.15,Pseudomonadota,NRPS-like,NRPS,SG8-41
SRR32147494.bin.15,Pseudomonadota,NRPS,NRPS,SG8-41
SRR32147494.bin.15,Pseudomonadota,NRPS-like,NRPS,SG8-41
SRR32147494.bin.15,Pseudomonadota,NRPS,NRPS,SG8-41
SRR32147494.bin.15,Pseudomonadota,NRPS,NRPS,SG8-41
SRR32147494.bin.15,Pseudomonadota,RRE-containing,RiPPs,SG8-41
SRR16229781.bin.1,Pseudomonadota,hglE-KS,PKSother,Shewanellaceae
SRR16229781.bin.1,Pseudomonadota,NI-siderophore,Others,Shewanellaceae
SRR16229781.bin.1,Pseudomonadota,RiPP-like,RiPPs,Shewanellaceae
SRR16229781.bin.1,Pseudomonadota,hglE-KS.PUFA,Others,Shewanellaceae
SRR16229781.bin.1,Pseudomonadota,arylpolyene,Others,Shewanellaceae
SRR16229781.bin.1,Pseudomonadota,arylpolyene,Others,Shewanellaceae
SRR32774197.bin.22,Pseudomonadota,hglE-KS,PKSother,Shewanellaceae
SRR32774197.bin.22,Pseudomonadota,arylpolyene,Others,Shewanellaceae
SRR32774197.bin.22,Pseudomonadota,arylpolyene,Others,Shewanellaceae
SRR32774197.bin.22,Pseudomonadota,PUFA,Others,Shewanellaceae
SRR32774197.bin.22,Pseudomonadota,RiPP-like,RiPPs,Shewanellaceae
SRR32774197.bin.22,Pseudomonadota,NI-siderophore,Others,Shewanellaceae
SRR32774197.bin.22,Pseudomonadota,NI-siderophore,Others,Shewanellaceae
SRR32774197.bin.38,Pseudomonadota,arylpolyene,Others,Shewanellaceae
SRR32774197.bin.38,Pseudomonadota,arylpolyene,Others,Shewanellaceae
SRR32774197.bin.38,Pseudomonadota,RiPP-like,RiPPs,Shewanellaceae
SRR32774197.bin.38,Pseudomonadota,NI-siderophore,Others,Shewanellaceae
SRR32774197.bin.38,Pseudomonadota,PUFA,Others,Shewanellaceae
SRR32774197.bin.38,Pseudomonadota,hglE-KS,PKSother,Shewanellaceae
SRR1164896.bin.2,Pseudomonadota,PUFA,Others,Shewanellaceae
SRR1164896.bin.2,Pseudomonadota,arylpolyene,Others,Shewanellaceae
SRR1164896.bin.2,Pseudomonadota,arylpolyene,Others,Shewanellaceae
SRR32774200.bin.13,Pseudomonadota,NI-siderophore,Others,Shewanellaceae
SRR32774200.bin.13,Pseudomonadota,RiPP-like,RiPPs,Shewanellaceae
SRR32774200.bin.13,Pseudomonadota,arylpolyene,Others,Shewanellaceae
SRR32774201.bin.29,Pseudomonadota,PUFA,Others,Shewanellaceae
SRR32774201.bin.29,Pseudomonadota,hglE-KS,PKSother,Shewanellaceae
SRR32774201.bin.29,Pseudomonadota,RiPP-like,RiPPs,Shewanellaceae
SRR32774201.bin.29,Pseudomonadota,hglE-KS,PKSother,Shewanellaceae
SRR32774201.bin.29,Pseudomonadota,arylpolyene,Others,Shewanellaceae
SRR32774201.bin.29,Pseudomonadota,arylpolyene,Others,Shewanellaceae
SRR32774201.bin.37,Pseudomonadota,PUFA,Others,Shewanellaceae
SRR32774201.bin.37,Pseudomonadota,arylpolyene,Others,Shewanellaceae
SRR32774201.bin.37,Pseudomonadota,arylpolyene,Others,Shewanellaceae
SRR32774201.bin.37,Pseudomonadota,RiPP-like,RiPPs,Shewanellaceae
SRR32774201.bin.37,Pseudomonadota,hglE-KS,PKSother,Shewanellaceae
SRR23851187.bin.14,Pseudomonadota,NRPS-like,NRPS,SLDE01
SRR23851187.bin.14,Pseudomonadota,resorcinol,Others,SLDE01
SRR23851187.bin.14,Pseudomonadota,arylpolyene,Others,SLDE01
SRR23851187.bin.14,Pseudomonadota,arylpolyene,Others,SLDE01
SRR23851210.bin.9,Pseudomonadota,LAP,RiPPs,SLDE01
SRR23851210.bin.9,Pseudomonadota,arylpolyene,Others,SLDE01
SRR21412972.bin.69,Pseudomonadota,arylpolyene,Others,SLND01
SRR21412972.bin.69,Pseudomonadota,resorcinol,Others,SLND01
SRR21412972.bin.69,Pseudomonadota,arylpolyene,Others,SLND01
SRR21412972.bin.69,Pseudomonadota,terpene,Terpene,SLND01
SRR21413001.bin.5,Pseudomonadota,phosphonate,Others,SLND01
SRR21413001.bin.5,Pseudomonadota,arylpolyene,Others,SLND01
SRR21413001.bin.5,Pseudomonadota,arylpolyene,Others,SLND01
SRR21413001.bin.5,Pseudomonadota,arylpolyene,Others,SLND01
SRR21413001.bin.5,Pseudomonadota,resorcinol,Others,SLND01
SRR21413003.bin.21,Pseudomonadota,arylpolyene,Others,SLND01
SRR21413003.bin.21,Pseudomonadota,arylpolyene,Others,SLND01
SRR21413003.bin.21,Pseudomonadota,arylpolyene,Others,SLND01
SRR21413003.bin.21,Pseudomonadota,resorcinol,Others,SLND01
SRR19594468.bin.6,Pseudomonadota,terpene,Terpene,SMXR01
SRR19594468.bin.60,Pseudomonadota,terpene,Terpene,SMXR01
SRR23851193.bin.3,Pseudomonadota,terpene,Terpene,SMXR01
SRR16229785.bin.13,Pseudomonadota,T3PKS,PKSother,Sphingomonadaceae
SRR16229785.bin.13,Pseudomonadota,terpene,Terpene,Sphingomonadaceae
SRR19594459.bin.56,Pseudomonadota,T3PKS,PKSother,Sphingomonadaceae
SRR19594459.bin.56,Pseudomonadota,terpene,Terpene,Sphingomonadaceae
SRR19594459.bin.56,Pseudomonadota,terpene,Terpene,Sphingomonadaceae
SRR21413000.bin.26,Pseudomonadota,terpene,Terpene,Sphingomonadaceae
SRR21413000.bin.26,Pseudomonadota,T3PKS,PKSother,Sphingomonadaceae
SRR28842982.bin.77,Pseudomonadota,terpene,Terpene,Sphingomonadaceae
SRR28842982.bin.77,Pseudomonadota,terpene,Terpene,Sphingomonadaceae
SRR28842982.bin.92,Pseudomonadota,terpene,Terpene,Sphingomonadaceae
SRR28842982.bin.92,Pseudomonadota,RiPP-like,RiPPs,Sphingomonadaceae
SRR28842982.bin.92,Pseudomonadota,T3PKS,PKSother,Sphingomonadaceae
SRR28842982.bin.92,Pseudomonadota,terpene,Terpene,Sphingomonadaceae
SRR28842986.bin.24,Pseudomonadota,terpene,Terpene,Sphingomonadaceae
SRR28842987.bin.35,Pseudomonadota,terpene,Terpene,Sphingomonadaceae
SRR28842987.bin.77,Pseudomonadota,terpene,Terpene,Sphingomonadaceae
SRR28842989.bin.30,Pseudomonadota,terpene,Terpene,Sphingomonadaceae
SRR28842989.bin.51,Pseudomonadota,T3PKS,PKSother,Sphingomonadaceae
SRR28842989.bin.65,Pseudomonadota,thioamitides,RiPPs,Sphingomonadaceae
SRR28842989.bin.65,Pseudomonadota,terpene,Terpene,Sphingomonadaceae
SRR28842989.bin.65,Pseudomonadota,terpene,Terpene,Sphingomonadaceae
SRR28842989.bin.93,Pseudomonadota,terpene,Terpene,Sphingomonadaceae
SRR28842989.bin.93,Pseudomonadota,terpene,Terpene,Sphingomonadaceae
SRR29646158.bin.50,Pseudomonadota,terpene,Terpene,Sphingomonadaceae
SRR29646158.bin.50,Pseudomonadota,terpene,Terpene,Sphingomonadaceae
SRR32147493.bin.14,Pseudomonadota,blactam,Others,Sphingomonadaceae
SRR32147493.bin.14,Pseudomonadota,NRPS,NRPS,Sphingomonadaceae
SRR32147493.bin.14,Pseudomonadota,terpene,Terpene,Sphingomonadaceae
SRR32147493.bin.14,Pseudomonadota,T3PKS,PKSother,Sphingomonadaceae
SRR32147493.bin.34,Pseudomonadota,T3PKS,PKSother,Sphingomonadaceae
SRR9952631.bin.10,Pseudomonadota,terpene,Terpene,Sphingomonadaceae
SRR9952631.bin.10,Pseudomonadota,RiPP-like,RiPPs,Sphingomonadaceae
SRR9952631.bin.10,Pseudomonadota,T3PKS,PKSother,Sphingomonadaceae
SRR9952631.bin.10,Pseudomonadota,RiPP-like,RiPPs,Sphingomonadaceae
17-C.bin.104,Pseudomonadota,T3PKS,PKSother,Sphingomonadaceae
17-C.bin.70,Pseudomonadota,terpene,Terpene,Sphingomonadaceae
SRR16229780.bin.7,Pseudomonadota,terpene,Terpene,Sphingomonadaceae
SRR16229780.bin.7,Pseudomonadota,T3PKS,PKSother,Sphingomonadaceae
SRR16229784.bin.3,Pseudomonadota,NRPS,NRPS,Sphingomonadaceae
SRR16229784.bin.3,Pseudomonadota,NRPS,NRPS,Sphingomonadaceae
SRR16229784.bin.3,Pseudomonadota,terpene,Terpene,Sphingomonadaceae
SRR16229784.bin.3,Pseudomonadota,T3PKS,PKSother,Sphingomonadaceae
SRR16229784.bin.3,Pseudomonadota,RiPP-like,RiPPs,Sphingomonadaceae
SRR19594459.bin.18,Pseudomonadota,terpene,Terpene,Sphingomonadaceae
SRR19594459.bin.18,Pseudomonadota,T3PKS,PKSother,Sphingomonadaceae
SRR19594467.bin.45,Pseudomonadota,RiPP-like,RiPPs,Sphingomonadaceae
SRR21412993.bin.1,Pseudomonadota,T3PKS,PKSother,Sphingomonadaceae
SRR21412993.bin.1,Pseudomonadota,NRPS-like,NRPS,Sphingomonadaceae
SRR21412993.bin.1,Pseudomonadota,terpene,Terpene,Sphingomonadaceae
SRR21412993.bin.1,Pseudomonadota,NAPAA,NRPS,Sphingomonadaceae
SRR21413004.bin.39,Pseudomonadota,T3PKS,PKSother,Sphingomonadaceae
SRR21413004.bin.39,Pseudomonadota,terpene,Terpene,Sphingomonadaceae
SRR21413006.bin.19,Pseudomonadota,terpene,Terpene,Sphingomonadaceae
SRR23851171.bin.17,Pseudomonadota,T3PKS,PKSother,Sphingomonadaceae
SRR28842982.bin.120,Pseudomonadota,terpene,Terpene,Sphingomonadaceae
SRR28842982.bin.70,Pseudomonadota,terpene,Terpene,Sphingomonadaceae
SRR28842987.bin.59,Pseudomonadota,ranthipeptide,RiPPs,Sphingomonadaceae
SRR28842987.bin.59,Pseudomonadota,terpene,Terpene,Sphingomonadaceae
SRR28842988.bin.100,Pseudomonadota,T3PKS,PKSother,Sphingomonadaceae
SRR28842988.bin.81,Pseudomonadota,T3PKS,PKSother,Sphingomonadaceae
SRR28842988.bin.83,Pseudomonadota,terpene,Terpene,Sphingomonadaceae
SRR28842988.bin.83,Pseudomonadota,terpene,Terpene,Sphingomonadaceae
SRR28842988.bin.83,Pseudomonadota,T3PKS,PKSother,Sphingomonadaceae
SRR28842989.bin.24,Pseudomonadota,terpene,Terpene,Sphingomonadaceae
SRR29646156.bin.22,Pseudomonadota,terpene,Terpene,Sphingomonadaceae
SRR29646157.bin.13,Pseudomonadota,T3PKS,PKSother,Sphingomonadaceae
SRR29646161.bin.28,Pseudomonadota,RiPP-like,RiPPs,Sphingomonadaceae
SRR29646161.bin.28,Pseudomonadota,T3PKS,PKSother,Sphingomonadaceae
SRR29646161.bin.28,Pseudomonadota,terpene,Terpene,Sphingomonadaceae
SRR31572241.bin.1,Pseudomonadota,terpene,Terpene,Sphingomonadaceae
SRR31572243.bin.32,Pseudomonadota,terpene,Terpene,Sphingomonadaceae
SRR31572243.bin.32,Pseudomonadota,T3PKS,PKSother,Sphingomonadaceae
SRR32147495.bin.26,Pseudomonadota,terpene,Terpene,Sphingomonadaceae
SRR32147495.bin.26,Pseudomonadota,resorcinol,Others,Sphingomonadaceae
SRR32147495.bin.26,Pseudomonadota,T3PKS,PKSother,Sphingomonadaceae
SRR32147508.bin.54,Pseudomonadota,T3PKS,PKSother,Sphingomonadaceae
SRR32147508.bin.54,Pseudomonadota,terpene,Terpene,Sphingomonadaceae
SRR32147508.bin.54,Pseudomonadota,terpene,Terpene,Sphingomonadaceae
SRR33545837.bin.20,Pseudomonadota,terpene,Terpene,Sphingomonadaceae
14-C.bin.7,Pseudomonadota,NRPS-like,NRPS,Spongiibacteraceae
14-C.bin.7,Pseudomonadota,NRPS-like,NRPS,Spongiibacteraceae
5-D.bin.61,Pseudomonadota,NRPS-like,NRPS,Spongiibacteraceae
SRR28842987.bin.108,Pseudomonadota,RiPP-like,RiPPs,Stappiaceae
SRR28842987.bin.108,Pseudomonadota,T1PKS,PKSI,Stappiaceae
ERR9527537.bin.13,Pseudomonadota,arylpolyene,Others,Stellaceae
ERR9527537.bin.13,Pseudomonadota,terpene,Terpene,Stellaceae
ERR9527537.bin.13,Pseudomonadota,T1PKS,PKSI,Stellaceae
ERR9527537.bin.13,Pseudomonadota,T3PKS,PKSother,Stellaceae
ERR9527537.bin.13,Pseudomonadota,NRPS-like,NRPS,Stellaceae
SRR16229776.bin.28,Pseudomonadota,NRPS-like,NRPS,Steroidobacteraceae
SRR16229776.bin.28,Pseudomonadota,T1PKS,PKSI,Steroidobacteraceae
SRR16229776.bin.28,Pseudomonadota,hglE-KS,PKSother,Steroidobacteraceae
SRR16229776.bin.28,Pseudomonadota,NRPS,NRPS,Steroidobacteraceae
SRR16229776.bin.28,Pseudomonadota,arylpolyene,Others,Steroidobacteraceae
SRR16229776.bin.28,Pseudomonadota,arylpolyene,Others,Steroidobacteraceae
SRR29646151.bin.39,Pseudomonadota,arylpolyene,Others,Steroidobacteraceae
SRR29646151.bin.39,Pseudomonadota,arylpolyene,Others,Steroidobacteraceae
SRR29646154.bin.46,Pseudomonadota,NRPS-like,NRPS,Steroidobacteraceae
18-A.bin.57,Pseudomonadota,transAT-PKS-like,PKSother,Steroidobacteraceae
18-A.bin.57,Pseudomonadota,PKS-like,PKSother,Steroidobacteraceae
18-A.bin.57,Pseudomonadota,RiPP-like,RiPPs,Steroidobacteraceae
18-A.bin.57,Pseudomonadota,NRPS-like,NRPS,Steroidobacteraceae
18-A.bin.57,Pseudomonadota,transAT-PKS-like,PKSother,Steroidobacteraceae
18-A.bin.57,Pseudomonadota,transAT-PKS-like,PKSother,Steroidobacteraceae
18-A.bin.57,Pseudomonadota,transAT-PKS-like,PKSother,Steroidobacteraceae
18-A.bin.57,Pseudomonadota,NRPS,NRPS,Steroidobacteraceae
18-A.bin.57,Pseudomonadota,transAT-PKS-like,PKSother,Steroidobacteraceae
18-A.bin.57,Pseudomonadota,NRPS,NRPS,Steroidobacteraceae
18-A.bin.57,Pseudomonadota,NRPS,NRPS,Steroidobacteraceae
18-A.bin.57,Pseudomonadota,NRPS,NRPS,Steroidobacteraceae
18-A.bin.57,Pseudomonadota,transAT-PKS-like,PKSother,Steroidobacteraceae
18-A.bin.57,Pseudomonadota,NRPS,NRPS,Steroidobacteraceae
18-A.bin.57,Pseudomonadota,NRPS,NRPS,Steroidobacteraceae
18-A.bin.57,Pseudomonadota,arylpolyene,Others,Steroidobacteraceae
18-A.bin.57,Pseudomonadota,transAT-PKS-like,PKSother,Steroidobacteraceae
18-A.bin.57,Pseudomonadota,T1PKS,PKSI,Steroidobacteraceae
18-A.bin.57,Pseudomonadota,transAT-PKS-like,PKSother,Steroidobacteraceae
18-A.bin.57,Pseudomonadota,NRPS-like,NRPS,Steroidobacteraceae
18-A.bin.57,Pseudomonadota,NRP-metallophore.NRPS,Others,Steroidobacteraceae
18-A.bin.57,Pseudomonadota,NRPS,NRPS,Steroidobacteraceae
18-A.bin.57,Pseudomonadota,NRPS,NRPS,Steroidobacteraceae
18-A.bin.57,Pseudomonadota,NRPS-like,NRPS,Steroidobacteraceae
18-A.bin.57,Pseudomonadota,arylpolyene,Others,Steroidobacteraceae
18-A.bin.57,Pseudomonadota,NRPS,NRPS,Steroidobacteraceae
18-A.bin.57,Pseudomonadota,NRPS,NRPS,Steroidobacteraceae
18-A.bin.57,Pseudomonadota,T1PKS,PKSI,Steroidobacteraceae
18-A.bin.57,Pseudomonadota,NRPS,NRPS,Steroidobacteraceae
SRR16229775.bin.24,Pseudomonadota,NRPS-like,NRPS,Steroidobacteraceae
SRR16229779.bin.10,Pseudomonadota,arylpolyene,Others,Steroidobacteraceae
SRR16229780.bin.8,Pseudomonadota,NRPS-like,NRPS,Steroidobacteraceae
SRR16229782.bin.10,Pseudomonadota,NRPS-like,NRPS,Steroidobacteraceae
SRR29646154.bin.19,Pseudomonadota,arylpolyene,Others,Steroidobacteraceae
SRR29646154.bin.19,Pseudomonadota,arylpolyene,Others,Steroidobacteraceae
SRR29646154.bin.19,Pseudomonadota,NRPS-like,NRPS,Steroidobacteraceae
SRR29646154.bin.19,Pseudomonadota,resorcinol,Others,Steroidobacteraceae
SRR29646160.bin.22,Pseudomonadota,terpene,Terpene,Steroidobacteraceae
SRR29646160.bin.22,Pseudomonadota,terpene,Terpene,Steroidobacteraceae
SRR29646160.bin.22,Pseudomonadota,T1PKS,PKSI,Steroidobacteraceae
SRR29646160.bin.22,Pseudomonadota,NRPS,NRPS,Steroidobacteraceae
SRR29646160.bin.22,Pseudomonadota,T1PKS,PKSI,Steroidobacteraceae
SRR29646160.bin.22,Pseudomonadota,T1PKS,PKSI,Steroidobacteraceae
SRR29646160.bin.22,Pseudomonadota,NRPS,NRPS,Steroidobacteraceae
SRR29646160.bin.22,Pseudomonadota,NRPS-like,NRPS,Steroidobacteraceae
SRR29646160.bin.22,Pseudomonadota,arylpolyene,Others,Steroidobacteraceae
SRR29646160.bin.22,Pseudomonadota,NRPS-like,NRPS,Steroidobacteraceae
SRR29646160.bin.22,Pseudomonadota,T1PKS,PKSI,Steroidobacteraceae
SRR29646160.bin.22,Pseudomonadota,T1PKS,PKSI,Steroidobacteraceae
SRR29646160.bin.22,Pseudomonadota,arylpolyene,Others,Steroidobacteraceae
SRR33545835.bin.6,Pseudomonadota,NRPS,NRPS,Steroidobacteraceae
SRR33545835.bin.6,Pseudomonadota,NRP-metallophore.NRPS,Others,Steroidobacteraceae
SRR33545835.bin.6,Pseudomonadota,NRPS,NRPS,Steroidobacteraceae
SRR33545835.bin.6,Pseudomonadota,NRPS,NRPS,Steroidobacteraceae
SRR33545835.bin.6,Pseudomonadota,NRPS,NRPS,Steroidobacteraceae
SRR33545835.bin.6,Pseudomonadota,NRPS,NRPS,Steroidobacteraceae
SRR33545835.bin.6,Pseudomonadota,NI-siderophore,Others,Steroidobacteraceae
SRR33545835.bin.6,Pseudomonadota,NI-siderophore,Others,Steroidobacteraceae
SRR33545835.bin.6,Pseudomonadota,NRPS,NRPS,Steroidobacteraceae
SRR33545835.bin.6,Pseudomonadota,arylpolyene,Others,Steroidobacteraceae
SRR33545835.bin.6,Pseudomonadota,arylpolyene,Others,Steroidobacteraceae
SRR33545835.bin.6,Pseudomonadota,NRPS,NRPS,Steroidobacteraceae
SRR33545835.bin.6,Pseudomonadota,NRPS-like,NRPS,Steroidobacteraceae
SRR33545835.bin.6,Pseudomonadota,NRP-metallophore.NRPS,Others,Steroidobacteraceae
SRR9952631.bin.13,Pseudomonadota,NRPS,NRPS,Steroidobacteraceae
SRR9952631.bin.13,Pseudomonadota,NRPS-like,NRPS,Steroidobacteraceae
SRR9952631.bin.13,Pseudomonadota,arylpolyene,Others,Steroidobacteraceae
SRR9952631.bin.13,Pseudomonadota,PKS-like,PKSother,Steroidobacteraceae
ERR13934208.bin.12,Pseudomonadota,arylpolyene,Others,Sulfuricellaceae
ERR13934208.bin.12,Pseudomonadota,RiPP-like,RiPPs,Sulfuricellaceae
SRR23851195.bin.7,Pseudomonadota,NRPS-like,NRPS,Sulfurifustaceae
SRR23851195.bin.7,Pseudomonadota,T1PKS,PKSI,Sulfurifustaceae
SRR23851195.bin.7,Pseudomonadota,NRPS,NRPS,Sulfurifustaceae
SRR23851195.bin.7,Pseudomonadota,arylpolyene,Others,Sulfurifustaceae
SRR23851195.bin.7,Pseudomonadota,T1PKS,PKSI,Sulfurifustaceae
SRR23851195.bin.7,Pseudomonadota,NRPS-like,NRPS,Sulfurifustaceae
SRR23851195.bin.7,Pseudomonadota,T1PKS,PKSI,Sulfurifustaceae
SRR23851195.bin.7,Pseudomonadota,T1PKS,PKSI,Sulfurifustaceae
SRR28842982.bin.6,Pseudomonadota,hglE-KS,PKSother,Sulfurifustaceae
SRR28842982.bin.6,Pseudomonadota,hglE-KS,PKSother,Sulfurifustaceae
SRR28842982.bin.6,Pseudomonadota,NI-siderophore,Others,Sulfurifustaceae
SRR28842982.bin.6,Pseudomonadota,NRPS,NRPS,Sulfurifustaceae
SRR28842982.bin.6,Pseudomonadota,NRPS,NRPS,Sulfurifustaceae
SRR28842982.bin.6,Pseudomonadota,NRPS.T1PKS,PKS-NRP_Hybrids,Sulfurifustaceae
SRR28842982.bin.6,Pseudomonadota,NRPS,NRPS,Sulfurifustaceae
SRR28842982.bin.6,Pseudomonadota,NRPS,NRPS,Sulfurifustaceae
SRR28842982.bin.6,Pseudomonadota,NRPS,NRPS,Sulfurifustaceae
SRR28842982.bin.6,Pseudomonadota,T1PKS,PKSI,Sulfurifustaceae
SRR28842982.bin.6,Pseudomonadota,T1PKS,PKSI,Sulfurifustaceae
SRR28842989.bin.5,Pseudomonadota,NRPS-like,NRPS,SURF-13
9-A.bin.24,Pseudomonadota,arylpolyene,Others,SZUA-152
9-A.bin.24,Pseudomonadota,resorcinol,Others,SZUA-152
9-A.bin.24,Pseudomonadota,NRPS-like,NRPS,SZUA-152
9-A.bin.24,Pseudomonadota,NRPS-like,NRPS,SZUA-152
9-A.bin.24,Pseudomonadota,NRPS-like,NRPS,SZUA-152
9-A.bin.24,Pseudomonadota,NRPS-like,NRPS,SZUA-152
9-A.bin.24,Pseudomonadota,arylpolyene,Others,SZUA-152
9-A.bin.62,Pseudomonadota,NRPS-like,NRPS,SZUA-152
SRR29646161.bin.37,Pseudomonadota,RiPP-like,RiPPs,SZUA-152
SRR29646161.bin.37,Pseudomonadota,NRPS,NRPS,SZUA-152
SRR29646161.bin.37,Pseudomonadota,NRPS,NRPS,SZUA-152
SRR29646161.bin.37,Pseudomonadota,NRPS,NRPS,SZUA-152
SRR29646161.bin.37,Pseudomonadota,NRPS-like,NRPS,SZUA-152
SRR29646161.bin.37,Pseudomonadota,T1PKS,PKSI,SZUA-152
SRR29646161.bin.37,Pseudomonadota,NRPS,NRPS,SZUA-152
SRR29646161.bin.37,Pseudomonadota,phosphonate,Others,SZUA-152
7-B.bin.13,Pseudomonadota,indole,Others,SZUA-36
SRR34576099.bin.41,Pseudomonadota,phosphonate,Others,SZUA-36
17-A.bin.25,Pseudomonadota,NRPS-like,NRPS,SZUA-36
6-C.bin.46,Pseudomonadota,NRPS-like,NRPS,SZUA-36
SRR19594460.bin.19,Pseudomonadota,phosphonate,Others,SZUA-36
SRR19594464.bin.15,Pseudomonadota,phosphonate,Others,SZUA-36
SRR23851202.bin.10,Pseudomonadota,phosphonate,Others,SZUA-36
SRR28842988.bin.147,Pseudomonadota,terpene,Terpene,TH1-2
SRR29689611.bin.48,Pseudomonadota,NRPS,NRPS,Thalassospiraceae
SRR29689611.bin.48,Pseudomonadota,NRPS,NRPS,Thalassospiraceae
SRR29689611.bin.48,Pseudomonadota,NRPS-like,NRPS,Thalassospiraceae
SRR29689611.bin.48,Pseudomonadota,T1PKS.NRPS-like,PKS-NRP_Hybrids,Thalassospiraceae
SRR29689611.bin.48,Pseudomonadota,arylpolyene,Others,Thalassospiraceae
SRR29689611.bin.48,Pseudomonadota,arylpolyene,Others,Thalassospiraceae
SRR23851185.bin.4,Pseudomonadota,arylpolyene,Others,Thiobacillaceae
SRR23851185.bin.4,Pseudomonadota,RiPP-like,RiPPs,Thiobacillaceae
SRR28842982.bin.58,Pseudomonadota,NI-siderophore,Others,Thiobacillaceae
SRR28842982.bin.58,Pseudomonadota,arylpolyene,Others,Thiobacillaceae
SRR28842982.bin.58,Pseudomonadota,resorcinol,Others,Thiobacillaceae
SRR28842982.bin.58,Pseudomonadota,arylpolyene,Others,Thiobacillaceae
SRR28842986.bin.66,Pseudomonadota,arylpolyene,Others,Thiobacillaceae
SRR28842987.bin.66,Pseudomonadota,NRPS-like,NRPS,Thiobacillaceae
SRR28842987.bin.66,Pseudomonadota,NRPS-like,NRPS,Thiobacillaceae
SRR28842988.bin.12,Pseudomonadota,T1PKS,PKSI,Thiobacillaceae
SRR28842988.bin.12,Pseudomonadota,T1PKS,PKSI,Thiobacillaceae
SRR28842988.bin.12,Pseudomonadota,hglE-KS,PKSother,Thiobacillaceae
SRR28842988.bin.12,Pseudomonadota,NRPS,NRPS,Thiobacillaceae
SRR28842988.bin.12,Pseudomonadota,NRPS-like,NRPS,Thiobacillaceae
SRR23851190.bin.2,Pseudomonadota,NRPS-like,NRPS,Thiohalobacteraceae
SRR21412986.bin.61,Pseudomonadota,terpene,Terpene,Thiohalorhabdaceae
SRR21412986.bin.61,Pseudomonadota,terpene,Terpene,Thiohalorhabdaceae
SRR21412986.bin.61,Pseudomonadota,RiPP-like,RiPPs,Thiohalorhabdaceae
SRR21412986.bin.89,Pseudomonadota,RiPP-like,RiPPs,Thiohalospiraceae
SRR21412986.bin.96,Pseudomonadota,RiPP-like,RiPPs,Thiohalospiraceae
ERR9527527.bin.3,Pseudomonadota,T3PKS,PKSother,Thiomicrospiraceae
SRR28842987.bin.84,Pseudomonadota,RiPP-like,RiPPs,Thiomicrospiraceae
SRR6056296.bin.3,Pseudomonadota,T1PKS,PKSI,Thiotrichaceae
SRR6056296.bin.3,Pseudomonadota,RiPP-like,RiPPs,Thiotrichaceae
SRR6056296.bin.3,Pseudomonadota,resorcinol,Others,Thiotrichaceae
SRR29646157.bin.37,Pseudomonadota,terpene,Terpene,UBA2778
SRR29646157.bin.37,Pseudomonadota,terpene,Terpene,UBA2778
SRR29646157.bin.37,Pseudomonadota,phosphonate,Others,UBA2778
SRR29646157.bin.37,Pseudomonadota,NRPS-like,NRPS,UBA2778
SRR29646157.bin.37,Pseudomonadota,NI-siderophore,Others,UBA2778
SRR29646157.bin.37,Pseudomonadota,NI-siderophore,Others,UBA2778
SRR32147508.bin.105,Pseudomonadota,NRPS-like,NRPS,UBA2964
SRR32147508.bin.105,Pseudomonadota,T3PKS,PKSother,UBA2964
SRR32147508.bin.105,Pseudomonadota,phosphonate,Others,UBA2964
SRR32147508.bin.105,Pseudomonadota,terpene,Terpene,UBA2964
SRR32147508.bin.105,Pseudomonadota,NRPS-like,NRPS,UBA2964
9-D.bin.29,Pseudomonadota,phosphonate,Others,UBA4486
9-D.bin.29,Pseudomonadota,terpene,Terpene,UBA4486
9-D.bin.29,Pseudomonadota,terpene,Terpene,UBA4486
SRR23851193.bin.42,Pseudomonadota,phosphonate,Others,UBA4486
SRR23851193.bin.42,Pseudomonadota,terpene,Terpene,UBA4486
SRR23851193.bin.42,Pseudomonadota,terpene,Terpene,UBA4486
SRR32147509.bin.110,Pseudomonadota,terpene,Terpene,UBA4486
SRR32147509.bin.110,Pseudomonadota,terpene,Terpene,UBA4486
SRR32147509.bin.110,Pseudomonadota,RRE-containing,RiPPs,UBA4486
SRR32147509.bin.110,Pseudomonadota,NRPS,NRPS,UBA4486
SRR32147509.bin.110,Pseudomonadota,phosphonate,Others,UBA4486
SRR34576099.bin.14,Pseudomonadota,hglE-KS,PKSother,UBA4486
SRR34576099.bin.14,Pseudomonadota,T1PKS.hglE-KS,PKSother,UBA4486
SRR34576099.bin.14,Pseudomonadota,phosphonate,Others,UBA4486
SRR34576099.bin.14,Pseudomonadota,terpene,Terpene,UBA4486
SRR34576099.bin.14,Pseudomonadota,terpene,Terpene,UBA4486
4-C.bin.7,Pseudomonadota,terpene,Terpene,UBA4486
4-C.bin.7,Pseudomonadota,terpene,Terpene,UBA4486
4-C.bin.7,Pseudomonadota,arylpolyene,Others,UBA4486
4-C.bin.7,Pseudomonadota,RRE-containing,RiPPs,UBA4486
4-C.bin.7,Pseudomonadota,arylpolyene,Others,UBA4486
SRR19594458.bin.4,Pseudomonadota,terpene,Terpene,UBA4486
SRR19594458.bin.4,Pseudomonadota,terpene,Terpene,UBA4486
SRR19594458.bin.4,Pseudomonadota,phosphonate,Others,UBA4486
SRR19594464.bin.18,Pseudomonadota,terpene,Terpene,UBA4486
SRR19594464.bin.18,Pseudomonadota,terpene,Terpene,UBA4486
SRR19594464.bin.18,Pseudomonadota,phosphonate,Others,UBA4486
SRR19594468.bin.53,Pseudomonadota,terpene,Terpene,UBA4486
SRR19594468.bin.53,Pseudomonadota,terpene,Terpene,UBA4486
SRR19594468.bin.53,Pseudomonadota,phosphonate,Others,UBA4486
SRR21412975.bin.16,Pseudomonadota,terpene,Terpene,UBA4486
SRR21412975.bin.16,Pseudomonadota,phosphonate,Others,UBA4486
SRR34576098.bin.14,Pseudomonadota,phosphonate,Others,UBA4486
SRR34576098.bin.14,Pseudomonadota,terpene,Terpene,UBA4486
SRR28842982.bin.86,Pseudomonadota,arylpolyene,Others,UBA6901
SRR28842982.bin.86,Pseudomonadota,NRPS,NRPS,UBA6901
SRR23851213.bin.19,Pseudomonadota,NRPS-like,NRPS,UBA8366
SRR23851213.bin.19,Pseudomonadota,phosphonate,Others,UBA8366
SRR23851213.bin.19,Pseudomonadota,NRPS-like,NRPS,UBA8366
SRR23851213.bin.19,Pseudomonadota,terpene,Terpene,UBA8366
SRR21412991.bin.19,Pseudomonadota,NRPS-like,NRPS,Unclassified
SRR23851201.bin.15,Pseudomonadota,NRPS-like,NRPS,Unclassified
13-C.bin.60,Pseudomonadota,NRPS-like,NRPS,Unclassified
14-A.bin.32,Pseudomonadota,NRPS-like,NRPS,Unclassified
14-A.bin.32,Pseudomonadota,phosphonate,Others,Unclassified
17-B.bin.102,Pseudomonadota,NRPS-like,NRPS,Unclassified
17-B.bin.102,Pseudomonadota,RRE-containing,RiPPs,Unclassified
17-B.bin.102,Pseudomonadota,NRPS-like,NRPS,Unclassified
17-B.bin.102,Pseudomonadota,arylpolyene,Others,Unclassified
17-B.bin.135,Pseudomonadota,RRE-containing,RiPPs,Unclassified
17-B.bin.135,Pseudomonadota,phosphonate,Others,Unclassified
17-B.bin.135,Pseudomonadota,NRPS-like,NRPS,Unclassified
17-B.bin.135,Pseudomonadota,hglE-KS,PKSother,Unclassified
9-A.bin.44,Pseudomonadota,NRPS-like,NRPS,Unclassified
9-A.bin.44,Pseudomonadota,terpene,Terpene,Unclassified
SRR19594467.bin.10,Pseudomonadota,NRPS-like,NRPS,Unclassified
SRR21412992.bin.19,Pseudomonadota,arylpolyene,Others,Unclassified
SRR21412995.bin.28,Pseudomonadota,NRPS-like,NRPS,Unclassified
SRR23851186.bin.3,Pseudomonadota,phosphonate,Others,Unclassified
SRR23851186.bin.3,Pseudomonadota,NRPS-like,NRPS,Unclassified
SRR23851186.bin.3,Pseudomonadota,terpene,Terpene,Unclassified
SRR23851186.bin.3,Pseudomonadota,terpene,Terpene,Unclassified
SRR23851195.bin.59,Pseudomonadota,terpene,Terpene,Unclassified
SRR23851195.bin.59,Pseudomonadota,phosphonate,Others,Unclassified
SRR23851195.bin.59,Pseudomonadota,NRPS-like,NRPS,Unclassified
SRR23851195.bin.59,Pseudomonadota,arylpolyene,Others,Unclassified
SRR23851195.bin.59,Pseudomonadota,T3PKS,PKSother,Unclassified
SRR23851195.bin.59,Pseudomonadota,NRPS-like,NRPS,Unclassified
SRR23851195.bin.59,Pseudomonadota,NRPS-like,NRPS,Unclassified
SRR28842986.bin.16,Pseudomonadota,NI-siderophore,Others,Unclassified
SRR28842986.bin.16,Pseudomonadota,T3PKS,PKSother,Unclassified
SRR28842986.bin.16,Pseudomonadota,NRPS-like,NRPS,Unclassified
SRR28842986.bin.16,Pseudomonadota,NI-siderophore,Others,Unclassified
SRR28842988.bin.118,Pseudomonadota,arylpolyene,Others,Unclassified
SRR28842988.bin.118,Pseudomonadota,NRPS-like,NRPS,Unclassified
SRR28842988.bin.118,Pseudomonadota,amglyccycl,Saccharides,Unclassified
SRR28842988.bin.118,Pseudomonadota,PKS-like,PKSother,Unclassified
SRR28842988.bin.113,Pseudomonadota,NRPS-like,NRPS,Usitatibacteraceae
SRR28842988.bin.113,Pseudomonadota,NRPS,NRPS,Usitatibacteraceae
SRR28842988.bin.113,Pseudomonadota,T1PKS.NRPS-like,PKS-NRP_Hybrids,Usitatibacteraceae
SRR32147509.bin.43,Pseudomonadota,NRPS-like,NRPS,UXAT02
SRR32147509.bin.43,Pseudomonadota,RiPP-like,RiPPs,UXAT02
SRR32147509.bin.43,Pseudomonadota,T3PKS,PKSother,UXAT02
SRR32774197.bin.13,Pseudomonadota,T3PKS,PKSother,Vibrionaceae
SRR32774197.bin.13,Pseudomonadota,NRPS,NRPS,Vibrionaceae
SRR32774197.bin.13,Pseudomonadota,NRPS,NRPS,Vibrionaceae
SRR32774197.bin.13,Pseudomonadota,NRPS,NRPS,Vibrionaceae
SRR32774197.bin.13,Pseudomonadota,NRPS,NRPS,Vibrionaceae
SRR32774197.bin.13,Pseudomonadota,NRPS,NRPS,Vibrionaceae
SRR32774196.bin.16,Pseudomonadota,arylpolyene,Others,Vibrionaceae
SRR32774196.bin.16,Pseudomonadota,arylpolyene,Others,Vibrionaceae
SRR32774196.bin.16,Pseudomonadota,NI-siderophore,Others,Vibrionaceae
SRR32774196.bin.16,Pseudomonadota,NI-siderophore,Others,Vibrionaceae
SRR32774196.bin.16,Pseudomonadota,PUFA,Others,Vibrionaceae
SRR32774196.bin.16,Pseudomonadota,hglE-KS,PKSother,Vibrionaceae
SRR32774198.bin.7,Pseudomonadota,arylpolyene,Others,Vibrionaceae
SRR32774198.bin.7,Pseudomonadota,arylpolyene,Others,Vibrionaceae
SRR32774198.bin.7,Pseudomonadota,NI-siderophore,Others,Vibrionaceae
SRR32774198.bin.7,Pseudomonadota,NI-siderophore,Others,Vibrionaceae
SRR32774200.bin.33,Pseudomonadota,NI-siderophore,Others,Vibrionaceae
SRR32774200.bin.33,Pseudomonadota,NI-siderophore,Others,Vibrionaceae
SRR32774200.bin.33,Pseudomonadota,arylpolyene,Others,Vibrionaceae
SRR32774200.bin.33,Pseudomonadota,arylpolyene,Others,Vibrionaceae
17-A.bin.5,Pseudomonadota,NRPS,NRPS,Wenzhouxiangellaceae
17-A.bin.5,Pseudomonadota,T1PKS.NRPS-like,PKS-NRP_Hybrids,Wenzhouxiangellaceae
17-A.bin.5,Pseudomonadota,NRPS,NRPS,Wenzhouxiangellaceae
17-A.bin.5,Pseudomonadota,NRPS,NRPS,Wenzhouxiangellaceae
17-A.bin.5,Pseudomonadota,resorcinol,Others,Wenzhouxiangellaceae
17-A.bin.5,Pseudomonadota,lanthipeptide-class-ii,RiPPs,Wenzhouxiangellaceae
17-A.bin.5,Pseudomonadota,arylpolyene,Others,Wenzhouxiangellaceae
4-D.bin.3,Pseudomonadota,arylpolyene,Others,Wenzhouxiangellaceae
9-C.bin.2,Pseudomonadota,arylpolyene,Others,Wenzhouxiangellaceae
9-C.bin.2,Pseudomonadota,lanthipeptide-class-ii,RiPPs,Wenzhouxiangellaceae
9-C.bin.2,Pseudomonadota,resorcinol,Others,Wenzhouxiangellaceae
SRR19594465.bin.18,Pseudomonadota,terpene,Terpene,Wenzhouxiangellaceae
SRR19594465.bin.18,Pseudomonadota,terpene,Terpene,Wenzhouxiangellaceae
SRR19594465.bin.18,Pseudomonadota,terpene,Terpene,Wenzhouxiangellaceae
SRR21412969.bin.34,Pseudomonadota,arylpolyene,Others,Wenzhouxiangellaceae
SRR32147509.bin.60,Pseudomonadota,lanthipeptide-class-iv,RiPPs,Wenzhouxiangellaceae
SRR32147509.bin.60,Pseudomonadota,NRPS,NRPS,Wenzhouxiangellaceae
SRR32147509.bin.60,Pseudomonadota,terpene,Terpene,Wenzhouxiangellaceae
SRR32147509.bin.60,Pseudomonadota,terpene,Terpene,Wenzhouxiangellaceae
SRR32147509.bin.60,Pseudomonadota,terpene,Terpene,Wenzhouxiangellaceae
SRR32147509.bin.60,Pseudomonadota,NRPS-like,NRPS,Wenzhouxiangellaceae
SRR32147509.bin.60,Pseudomonadota,NRPS,NRPS,Wenzhouxiangellaceae
SRR32147509.bin.60,Pseudomonadota,NRPS,NRPS,Wenzhouxiangellaceae
SRR32147509.bin.60,Pseudomonadota,NRPS,NRPS,Wenzhouxiangellaceae
SRR32147509.bin.60,Pseudomonadota,NRPS,NRPS,Wenzhouxiangellaceae
SRR32147509.bin.60,Pseudomonadota,other,Others,Wenzhouxiangellaceae
SRR1164896.bin.24,Pseudomonadota,terpene,Terpene,Wenzhouxiangellaceae
SRR19594463.bin.1,Pseudomonadota,terpene,Terpene,Wenzhouxiangellaceae
SRR19594463.bin.1,Pseudomonadota,terpene,Terpene,Wenzhouxiangellaceae
SRR19594463.bin.1,Pseudomonadota,terpene,Terpene,Wenzhouxiangellaceae
SRR19594465.bin.38,Pseudomonadota,terpene,Terpene,Wenzhouxiangellaceae
SRR19594465.bin.38,Pseudomonadota,terpene,Terpene,Wenzhouxiangellaceae
SRR19594465.bin.38,Pseudomonadota,terpene,Terpene,Wenzhouxiangellaceae
SRR21412992.bin.18,Pseudomonadota,RRE-containing,RiPPs,Wenzhouxiangellaceae
SRR21412992.bin.18,Pseudomonadota,arylpolyene,Others,Wenzhouxiangellaceae
SRR21413002.bin.31,Pseudomonadota,resorcinol,Others,Wenzhouxiangellaceae
SRR21413002.bin.31,Pseudomonadota,arylpolyene,Others,Wenzhouxiangellaceae
SRR21413008.bin.3,Pseudomonadota,arylpolyene,Others,Wenzhouxiangellaceae
SRR32147499.bin.38,Pseudomonadota,NRPS-like,NRPS,Woeseiaceae
SRR32147499.bin.38,Pseudomonadota,NRPS-like,NRPS,Woeseiaceae
17-A.bin.79,Pseudomonadota,NRPS-like,NRPS,Woeseiaceae
6-B.bin.28,Pseudomonadota,NRPS-like,NRPS,Woeseiaceae
6-B.bin.28,Pseudomonadota,NRPS-like,NRPS,Woeseiaceae
6-C.bin.47,Pseudomonadota,NRPS-like,NRPS,Woeseiaceae
6-C.bin.47,Pseudomonadota,NRPS-like,NRPS,Woeseiaceae
6-C.bin.47,Pseudomonadota,NRPS-like,NRPS,Woeseiaceae
SRR16229778.bin.24,Pseudomonadota,NRPS-like,NRPS,Woeseiaceae
SRR16229778.bin.24,Pseudomonadota,NRPS,NRPS,Woeseiaceae
SRR19594462.bin.29,Pseudomonadota,NRPS-like,NRPS,Woeseiaceae
SRR19594468.bin.67,Pseudomonadota,NRPS-like,NRPS,Woeseiaceae
SRR23851176.bin.56,Pseudomonadota,NRPS-like,NRPS,Woeseiaceae
SRR23851176.bin.56,Pseudomonadota,T3PKS,PKSother,Woeseiaceae
SRR23851176.bin.56,Pseudomonadota,NRPS-like,NRPS,Woeseiaceae
SRR23851176.bin.56,Pseudomonadota,phosphonate,Others,Woeseiaceae
SRR23851205.bin.19,Pseudomonadota,NRPS,NRPS,Woeseiaceae
SRR23851205.bin.19,Pseudomonadota,NRPS,NRPS,Woeseiaceae
SRR23851205.bin.19,Pseudomonadota,T1PKS,PKSI,Woeseiaceae
SRR23851205.bin.19,Pseudomonadota,NRPS-like,NRPS,Woeseiaceae
SRR23851205.bin.19,Pseudomonadota,NRPS-like,NRPS,Woeseiaceae
SRR23851217.bin.33,Pseudomonadota,NRPS-like,NRPS,Woeseiaceae
SRR29646156.bin.21,Pseudomonadota,NRPS-like,NRPS,Woeseiaceae
SRR29646160.bin.23,Pseudomonadota,NRPS,NRPS,Woeseiaceae
SRR29646160.bin.23,Pseudomonadota,NRPS,NRPS,Woeseiaceae
SRR29646160.bin.23,Pseudomonadota,NRPS-like,NRPS,Woeseiaceae
SRR32147494.bin.60,Pseudomonadota,NRPS-like,NRPS,Woeseiaceae
SRR32147494.bin.60,Pseudomonadota,arylpolyene,Others,Woeseiaceae
SRR32147499.bin.10,Pseudomonadota,NRPS,NRPS,Woeseiaceae
SRR32147499.bin.10,Pseudomonadota,NRPS,NRPS,Woeseiaceae
SRR32147499.bin.10,Pseudomonadota,NRPS-like,NRPS,Woeseiaceae
SRR32147499.bin.10,Pseudomonadota,NRPS-like,NRPS,Woeseiaceae
SRR32147508.bin.93,Pseudomonadota,terpene,Terpene,Woeseiaceae
SRR32147508.bin.93,Pseudomonadota,terpene,Terpene,Woeseiaceae
SRR32147508.bin.93,Pseudomonadota,phosphonate,Others,Woeseiaceae
SRR32147508.bin.93,Pseudomonadota,NRPS-like,NRPS,Woeseiaceae
SRR32147508.bin.93,Pseudomonadota,T1PKS,PKSI,Woeseiaceae
SRR32147508.bin.93,Pseudomonadota,NRPS,NRPS,Woeseiaceae
SRR32147508.bin.93,Pseudomonadota,NRPS,NRPS,Woeseiaceae
SRR34576099.bin.3,Pseudomonadota,NRPS-like,NRPS,Woeseiaceae
SRR29792384.bin.9,Pseudomonadota,arylpolyene,Others,Xanthomonadaceae
SRR16229776.bin.7,Pseudomonadota,arylpolyene,Others,Xanthomonadaceae
SRR16229776.bin.7,Pseudomonadota,arylpolyene,Others,Xanthomonadaceae
SRR16229776.bin.7,Pseudomonadota,indole,Others,Xanthomonadaceae
SRR19594459.bin.21,Pseudomonadota,NRPS,NRPS,Xanthomonadaceae
SRR19594459.bin.21,Pseudomonadota,arylpolyene,Others,Xanthomonadaceae
SRR19594459.bin.21,Pseudomonadota,T1PKS.NRPS-like,PKS-NRP_Hybrids,Xanthomonadaceae
SRR19594461.bin.68,Pseudomonadota,arylpolyene,Others,Xanthomonadaceae
SRR19594461.bin.68,Pseudomonadota,arylpolyene,Others,Xanthomonadaceae
SRR21413003.bin.37,Pseudomonadota,arylpolyene,Others,Xanthomonadaceae
SRR23851171.bin.18,Pseudomonadota,arylpolyene,Others,Xanthomonadaceae
SRR23851185.bin.10,Pseudomonadota,T1PKS.NRPS,PKS-NRP_Hybrids,Xanthomonadaceae
SRR28842982.bin.39,Pseudomonadota,arylpolyene,Others,Xanthomonadaceae
SRR28842982.bin.43,Pseudomonadota,arylpolyene,Others,Xanthomonadaceae
SRR28842986.bin.56,Pseudomonadota,NRPS,NRPS,Xanthomonadaceae
SRR28842986.bin.56,Pseudomonadota,T1PKS,PKSI,Xanthomonadaceae
SRR28842986.bin.56,Pseudomonadota,arylpolyene,Others,Xanthomonadaceae
SRR28842986.bin.56,Pseudomonadota,lanthipeptide-class-ii,RiPPs,Xanthomonadaceae
SRR28842986.bin.56,Pseudomonadota,T1PKS.NRPS-like,PKS-NRP_Hybrids,Xanthomonadaceae
SRR28842987.bin.43,Pseudomonadota,hglE-KS,PKSother,Xanthomonadaceae
SRR28842987.bin.43,Pseudomonadota,hglE-KS,PKSother,Xanthomonadaceae
SRR28842987.bin.87,Pseudomonadota,terpene,Terpene,Xanthomonadaceae
SRR28842987.bin.87,Pseudomonadota,terpene,Terpene,Xanthomonadaceae
SRR29646155.bin.43,Pseudomonadota,arylpolyene,Others,Xanthomonadaceae
SRR32147499.bin.44,Pseudomonadota,NRPS-like,NRPS,Xanthomonadaceae
SRR32147499.bin.44,Pseudomonadota,T1PKS,PKSI,Xanthomonadaceae
SRR32147499.bin.44,Pseudomonadota,NRPS,NRPS,Xanthomonadaceae
SRR32147499.bin.44,Pseudomonadota,NRPS-like,NRPS,Xanthomonadaceae
SRR32147499.bin.44,Pseudomonadota,NRPS,NRPS,Xanthomonadaceae
SRR32147499.bin.44,Pseudomonadota,T1PKS,PKSI,Xanthomonadaceae
SRR32147499.bin.44,Pseudomonadota,NRPS,NRPS,Xanthomonadaceae
SRR32147499.bin.44,Pseudomonadota,arylpolyene,Others,Xanthomonadaceae
SRR32147508.bin.100,Pseudomonadota,transAT-PKS-like,PKSother,Xanthomonadaceae
SRR32147508.bin.100,Pseudomonadota,transAT-PKS-like,PKSother,Xanthomonadaceae
SRR32147508.bin.100,Pseudomonadota,transAT-PKS-like,PKSother,Xanthomonadaceae
SRR32147508.bin.100,Pseudomonadota,transAT-PKS-like,PKSother,Xanthomonadaceae
SRR32147508.bin.100,Pseudomonadota,transAT-PKS-like,PKSother,Xanthomonadaceae
SRR32147508.bin.100,Pseudomonadota,PKS-like,PKSother,Xanthomonadaceae
SRR32147508.bin.100,Pseudomonadota,NRPS,NRPS,Xanthomonadaceae
SRR32147508.bin.100,Pseudomonadota,T1PKS.NRPS-like,PKS-NRP_Hybrids,Xanthomonadaceae
SRR32147508.bin.100,Pseudomonadota,NRPS,NRPS,Xanthomonadaceae
SRR32147508.bin.100,Pseudomonadota,NRPS,NRPS,Xanthomonadaceae
SRR32147508.bin.100,Pseudomonadota,NRPS,NRPS,Xanthomonadaceae
SRR32147508.bin.100,Pseudomonadota,NRPS,NRPS,Xanthomonadaceae
SRR32147508.bin.100,Pseudomonadota,NRPS,NRPS,Xanthomonadaceae
SRR32147508.bin.100,Pseudomonadota,NRPS,NRPS,Xanthomonadaceae
SRR32147508.bin.100,Pseudomonadota,NRPS-like,NRPS,Xanthomonadaceae
SRR32147508.bin.100,Pseudomonadota,lanthipeptide-class-ii,RiPPs,Xanthomonadaceae
SRR32147508.bin.100,Pseudomonadota,NRPS,NRPS,Xanthomonadaceae
SRR32147508.bin.100,Pseudomonadota,transAT-PKS-like,PKSother,Xanthomonadaceae
SRR32147508.bin.100,Pseudomonadota,transAT-PKS-like,PKSother,Xanthomonadaceae
SRR32147508.bin.100,Pseudomonadota,NRPS-like,NRPS,Xanthomonadaceae
SRR32147508.bin.100,Pseudomonadota,NRPS,NRPS,Xanthomonadaceae
SRR32147508.bin.100,Pseudomonadota,NRPS,NRPS,Xanthomonadaceae
SRR32147508.bin.100,Pseudomonadota,NRPS,NRPS,Xanthomonadaceae
SRR32147508.bin.100,Pseudomonadota,transAT-PKS-like,PKSother,Xanthomonadaceae
SRR32147508.bin.100,Pseudomonadota,arylpolyene,Others,Xanthomonadaceae
SRR32147508.bin.100,Pseudomonadota,NRPS,NRPS,Xanthomonadaceae
SRR32147508.bin.100,Pseudomonadota,NRPS,NRPS,Xanthomonadaceae
SRR32147508.bin.100,Pseudomonadota,NRPS,NRPS,Xanthomonadaceae
SRR32147508.bin.100,Pseudomonadota,NRPS,NRPS,Xanthomonadaceae
SRR32147508.bin.100,Pseudomonadota,T1PKS,PKSI,Xanthomonadaceae
SRR32147508.bin.100,Pseudomonadota,NRPS,NRPS,Xanthomonadaceae
SRR32147508.bin.100,Pseudomonadota,RiPP-like,RiPPs,Xanthomonadaceae
SRR32147508.bin.100,Pseudomonadota,RiPP-like,RiPPs,Xanthomonadaceae
SRR32147508.bin.100,Pseudomonadota,transAT-PKS-like,PKSother,Xanthomonadaceae
SRR32147508.bin.100,Pseudomonadota,transAT-PKS-like,PKSother,Xanthomonadaceae
SRR32774201.bin.41,Pseudomonadota,arylpolyene,Others,Xanthomonadaceae
SRR19594469.bin.35,Pseudomonadota,NRPS-like,NRPS,XN24
SRR21413000.bin.13,Pseudomonadota,arylpolyene,Others,XN24
SRR21413000.bin.13,Pseudomonadota,arylpolyene,Others,XN24
SRR21413000.bin.36,Pseudomonadota,arylpolyene,Others,XN24
SRR23851212.bin.12,Pseudomonadota,NRPS-like,NRPS,XN24
SRR29646150.bin.43,Pseudomonadota,NRPS,NRPS,Zavarziniaceae
SRR29646150.bin.43,Pseudomonadota,NRPS,NRPS,Zavarziniaceae
SRR29646150.bin.43,Pseudomonadota,NRPS-like,NRPS,Zavarziniaceae
SRR29646150.bin.43,Pseudomonadota,T1PKS,PKSI,Zavarziniaceae
