User_genome,BGC_count,Source,Genome_type,Kingdom (gtdb),Phylum (gtdb),Class (gtdb),Order (gtdb),Family (gtdb),Genus (gtdb),Species (gtdb),Database type,dRep Score,red_value,Lat,Lon,completeness,contamination,strain_heterogeneity,size,N50,cluster_members,GC,closest_placement_reference,Novel_GTDB,Group,Quality level,tRNA,num_16S,num_23S,num_5S,Standard tRNA number
11-A.bin.19,33,Wild plant,Isolate,Bacteria,Actinomycetota,Actinomycetes,Mycobacteriales,Pseudonocardiaceae,Prauserella,Prauserella aidingensis,The Aral Sea Basin,101.4969242,N/A,43.5,59,99.01,0,0,5232986,75445,6,0.708,taxonomic classification defined by topology and ANI,Defined,Published genomes,Medium-quality,23,0,0,1,1
11-A.bin.5,1,Wild plant,Isolate,Bacteria,Actinomycetota,Actinomycetes,Actinomycetales,Dermabacteraceae,Brachybacterium,Unclassified,The Aral Sea Basin,88.93193233,0.97573,43.5,59,95.14,2.14,100,3551132,40372,6,0.719,taxonomic classification defined by topology and ANI,Defined,Unclassified Aral Sea Basin SGBs,Medium-quality,23,0,0,0,0
11-A.bin.6,3,Wild plant,Isolate,Bacteria,Actinomycetota,Actinomycetes,Actinomycetales,Brevibacteriaceae,Brevibacterium,Brevibacterium sediminis,The Aral Sea Basin,101.3211253,N/A,43.5,59,99.03,0,0,4188501,30430,4,0.646,taxonomic classification defined by topology and ANI,Defined,Published genomes,Medium-quality,25,0,0,2,2
11-B.bin.15,2,Wild plant,Isolate,Bacteria,Pseudomonadota,Gammaproteobacteria,Pseudomonadales,Halomonadaceae,Halomonas,Halomonas eurihalina,The Aral Sea Basin,78.39605097,N/A,43.5,59,87.29,2.52,58.33,3230636,23925,3,0.635,taxonomic classification defined by topology and ANI,Defined,Published genomes,Medium-quality,19,0,0,3,3
11-B.bin.18,6,Wild plant,Isolate,Bacteria,Pseudomonadota,Gammaproteobacteria,Pseudomonadales,Halomonadaceae,Halomonas,Halomonas caseinilytica,The Aral Sea Basin,83.16029596,N/A,43.5,59,98.03,3.97,64.71,3646495,53148,3,0.636,taxonomic classification defined by topology and ANI,Defined,Published genomes,Medium-quality,23,0,1,2,3
11-B.bin.3,15,Wild plant,Isolate,Bacteria,Actinomycetota,Actinomycetes,Streptosporangiales,Streptosporangiaceae,Lipingzhangella,Lipingzhangella halophila,The Aral Sea Basin,95.02273369,N/A,43.5,59,97.33,0.98,33.33,6621818,27052,2,0.696,taxonomic classification defined by topology and ANI,Defined,Published genomes,High-quality,24,1,2,1,4
11-B.bin.9,9,Wild plant,Isolate,Bacteria,Pseudomonadota,Gammaproteobacteria,Pseudomonadales,Halomonadaceae,Halomonas,Halomonas sp029263665,The Aral Sea Basin,81.36219024,N/A,43.5,59,95.37,3.4,23.53,4810521,19246,2,0.573,taxonomic classification defined by topology and ANI,Defined,Published genomes,Medium-quality,21,0,0,2,2
11-C.bin.18,1,Wild plant,Isolate,Bacteria,Actinomycetota,Actinomycetes,Actinomycetales,Dermabacteraceae,Brachybacterium,Unclassified,The Aral Sea Basin,68.87133299,0.97617,43.5,59,80.04,2.92,84.62,2295082,6620,1,0.707,taxonomic classification defined by topology and ANI,Defined,Unclassified Aral Sea Basin SGBs,Medium-quality,16,0,0,0,0
11-C.bin.20,1,Wild plant,Isolate,Bacteria,Actinomycetota,Actinomycetes,Actinomycetales,Micrococcaceae,Nesterenkonia,Unclassified,The Aral Sea Basin,94.31151312,0.99549,43.5,59,95.49,0.75,33.33,2872316,35251,6,0.721,taxonomic classification defined by topology and ANI,Defined,Unclassified Aral Sea Basin SGBs,Medium-quality,24,0,0,2,2
11-C.bin.23,5,Wild plant,Isolate,Bacteria,Bacillota,Bacilli,Staphylococcales,Staphylococcaceae,Staphylococcus,Staphylococcus succinus,The Aral Sea Basin,91.83889481,N/A,43.5,59,98.62,1.93,0,2856482,434367,6,0.327,taxonomic classification defined by topology and ANI,Defined,Published genomes,Medium-quality,21,1,0,4,5
11-C.bin.7,3,Wild plant,Isolate,Bacteria,Bacillota,Bacilli,Bacillales_D,Amphibacillaceae,Gracilibacillus,Gracilibacillus orientalis,The Aral Sea Basin,91.91364838,N/A,43.5,59,95.09,1.08,28.57,4175492,5735,4,0.365,taxonomic classification defined by topology and ANI,Defined,Published genomes,High-quality,24,4,3,4,11
13-b.bin.16,3,Wild plant,Isolate,Bacteria,JADJOY01,JADJOY01,Unclassified,Unclassified,Unclassified,Unclassified,The Aral Sea Basin,90.49903179,0.43148,43.5,59,90.67,0.51,33.33,4880795,21332,6,0.681,taxonomic novelty determined using RED,Novel,Unclassified Aral Sea Basin SGBs,Medium-quality,17,1,0,0,1
13-b.bin.37,3,Wild plant,Isolate,Bacteria,Actinomycetota,JAICYB01,JAICYB01,Unclassified,Unclassified,Unclassified,The Aral Sea Basin,100.0383009,0.67264,43.5,59,97.44,0,0,4231753,125760,6,0.706,taxonomic novelty determined using RED,Novel,Unclassified Aral Sea Basin SGBs,High-quality,25,1,1,1,3
13-b.bin.39,3,Wild plant,Isolate,Bacteria,Actinomycetota,Actinomycetes,Propionibacteriales,Nocardioidaceae,Nocardioides,Unclassified,The Aral Sea Basin,88.4406026,0.96191,43.5,59,91.41,1.04,0,3636539,23535,3,0.69,taxonomic classification defined by topology and ANI,Defined,Unclassified Aral Sea Basin SGBs,Medium-quality,22,0,0,1,1
13-b.bin.42,26,Wild plant,Isolate,Bacteria,Acidobacteriota,Thermoanaerobaculia,Multivoradales,UBA5704,Unclassified,Unclassified,The Aral Sea Basin,54.7732699,0.69242,43.5,59,76.5,5.54,90,4471229,7491,1,0.721,taxonomic classification fully defined by topology,Defined,Unclassified Aral Sea Basin SGBs,Medium-quality,22,1,0,1,2
13-b.bin.45,8,Wild plant,Isolate,Bacteria,Acidobacteriota,Thermoanaerobaculia,Multivoradales,UBA5704,Unclassified,Unclassified,The Aral Sea Basin,77.53926957,0.68177,43.5,59,84.14,1.71,0,5127412,6713,5,0.682,taxonomic classification fully defined by topology,Defined,Unclassified Aral Sea Basin SGBs,Medium-quality,19,0,0,0,0
13-b.bin.46,2,Wild plant,Isolate,Bacteria,Pseudomonadota,Alphaproteobacteria,GCA-2731375,GCA-2731375,Unclassified,Unclassified,The Aral Sea Basin,83.78619439,0.81536,43.5,59,95,2.75,0,4419366,95167,6,0.708,taxonomic novelty determined using RED,Novel,Unclassified Aral Sea Basin SGBs,Medium-quality,22,0,0,0,0
13-b.bin.67,8,Wild plant,Isolate,Bacteria,Pseudomonadota,Gammaproteobacteria,Pseudomonadales,Cellvibrionaceae,Microbulbifer,Unclassified,The Aral Sea Basin,78.3413447,0.99571,43.5,59,89.15,2.63,9.09,3941639,12722,2,0.627,taxonomic classification defined by topology and ANI,Defined,Unclassified Aral Sea Basin SGBs,Medium-quality,18,0,0,0,0
13-b.bin.77,1,Wild plant,Isolate,Bacteria,Chloroflexota,Dehalococcoidia,UBA1151,JAJCYX01,JAJCYX01,Unclassified,The Aral Sea Basin,100.1003161,0.93223,43.5,59,97.69,0,0,3976138,52925,4,0.599,taxonomic classification fully defined by topology,Defined,Unclassified Aral Sea Basin SGBs,High-quality,24,1,1,1,3
13-C.bin.18,0,Wild plant,Isolate,Bacteria,Gemmatimonadota,Gemmatimonadetes,Longimicrobiales,RSA9,SLCC01,Unclassified,The Aral Sea Basin,69.19337158,0.85734,43.5,59,82.97,3.53,50,3598515,13698,6,0.708,taxonomic novelty determined using RED,Novel,Unclassified Aral Sea Basin SGBs,Medium-quality,23,0,2,1,3
13-C.bin.36,2,Wild plant,Isolate,Bacteria,Gemmatimonadota,Gemmatimonadetes,JACCXV01,JAHWKZ01,JAHWKZ01,Unclassified,The Aral Sea Basin,86.15427485,0.91678,43.5,59,94.51,2.26,33.33,3285668,19374,6,0.708,taxonomic classification defined by topology and ANI,Defined,Unclassified Aral Sea Basin SGBs,High-quality,24,1,2,1,4
13-C.bin.37,0,Wild plant,Isolate,Bacteria,Actinomycetota,Nitriliruptoria,Nitriliruptorales,Nitriliruptoraceae,Unclassified,Unclassified,The Aral Sea Basin,92.9663192,0.77787,43.5,59,99.15,1.71,0,3880370,43144,6,0.716,taxonomic novelty determined using RED,Novel,Unclassified Aral Sea Basin SGBs,Medium-quality,22,1,1,0,2
13-C.bin.44,0,Wild plant,Isolate,Bacteria,Actinomycetota,Acidimicrobiia,IMCC26256,JACPCJ01,Unclassified,Unclassified,The Aral Sea Basin,95.16466102,0.8035,43.5,59,99.15,1.28,0,3470150,53849,6,0.695,taxonomic novelty determined using RED,Novel,Unclassified Aral Sea Basin SGBs,High-quality,25,1,1,1,3
13-C.bin.47,5,Wild plant,Isolate,Bacteria,Gemmatimonadota,Gemmatimonadetes,Longimicrobiales,UBA6960,Unclassified,Unclassified,The Aral Sea Basin,72.37071773,0.7087,43.5,59,81.14,2.2,0,3754248,23607,4,0.7,taxonomic classification fully defined by topology,Defined,Unclassified Aral Sea Basin SGBs,Medium-quality,24,1,1,1,3
13-C.bin.56,1,Wild plant,Isolate,Bacteria,Gemmatimonadota,Gemmatimonadetes,Longimicrobiales,RSA9,Unclassified,Unclassified,The Aral Sea Basin,35.37511317,0.72338,43.5,59,75.27,9.12,53.85,3666981,3076,1,0.706,taxonomic classification fully defined by topology,Defined,Unclassified Aral Sea Basin SGBs,Medium-quality,18,0,1,1,2
13-C.bin.60,1,Wild plant,Isolate,Bacteria,Pseudomonadota,Gammaproteobacteria,Xanthomonadales,Unclassified,Unclassified,Unclassified,The Aral Sea Basin,66.57795815,0.62844,43.5,59,79.97,3.51,58.82,2778713,12854,3,0.648,taxonomic novelty determined using RED,Novel,Unclassified Aral Sea Basin SGBs,Medium-quality,21,0,1,1,2
13-C.bin.61,2,Wild plant,Isolate,Bacteria,Nitrospirota,Nitrospiria,JACRHA01,Unclassified,Unclassified,Unclassified,The Aral Sea Basin,81.84040117,0.53051,43.5,59,86.34,1.26,0,2928152,3686,3,0.512,taxonomic novelty determined using RED,Novel,Unclassified Aral Sea Basin SGBs,Medium-quality,20,0,1,1,2
13-d.bin.13,1,Wild plant,Isolate,Bacteria,Pseudomonadota,Gammaproteobacteria,XJ16,Halofilaceae,Halofilum,Unclassified,The Aral Sea Basin,87.59547152,0.89305,43.5,59,92.86,1.61,30,2889296,32317,4,0.666,taxonomic classification fully defined by topology,Defined,Unclassified Aral Sea Basin SGBs,High-quality,22,1,1,1,3
13-d.bin.22,3,Wild plant,Isolate,Bacteria,Pseudomonadota,Gammaproteobacteria,JASBUN01,JASBUN01,Unclassified,Unclassified,The Aral Sea Basin,85.44431368,0.79055,43.5,59,98.59,3.17,9.09,3644660,54672,6,0.622,taxonomic novelty determined using RED,Novel,Unclassified Aral Sea Basin SGBs,Medium-quality,23,1,1,0,2
13-d.bin.23,1,Wild plant,Isolate,Bacteria,Pseudomonadota,Alphaproteobacteria,Bin65,Bin65,Unclassified,Unclassified,The Aral Sea Basin,81.84824265,0.72797,43.5,59,91.52,2.61,50,3057779,11594,5,0.642,taxonomic classification fully defined by topology,Defined,Unclassified Aral Sea Basin SGBs,Medium-quality,21,1,0,0,1
13-d.bin.30,20,Wild plant,Isolate,Bacteria,Pseudomonadota,Gammaproteobacteria,Pseudomonadales,Pseudomonadaceae,Pseudomonas_E,Pseudomonas_E sp002874965,The Aral Sea Basin,83.00225403,N/A,43.5,59,86.61,1.14,6.25,6025247,8750,2,0.611,taxonomic classification defined by topology and ANI,Defined,Published genomes,Medium-quality,23,0,1,3,4
13-d.bin.31,2,Wild plant,Isolate,Bacteria,Pseudomonadota,Gammaproteobacteria,XJ16,Halofilaceae,Halofilum,Unclassified,The Aral Sea Basin,76.78420423,0.8956,43.5,59,93.02,3.79,11.76,3253397,27803,6,0.701,taxonomic classification fully defined by topology,Defined,Unclassified Aral Sea Basin SGBs,High-quality,22,1,1,1,3
13-d.bin.32,0,Wild plant,Isolate,Bacteria,Pseudomonadota,Gammaproteobacteria,SZUA-152,Unclassified,Unclassified,Unclassified,The Aral Sea Basin,96.36871405,0.72763,43.5,59,97.86,0.84,20,2684431,96273,6,0.62,taxonomic novelty determined using RED,Novel,Unclassified Aral Sea Basin SGBs,Medium-quality,22,1,2,0,3
13-d.bin.41,1,Wild plant,Isolate,Bacteria,Chloroflexota,Anaerolineae,Anaerolineales,E44-bin32,Unclassified,Unclassified,The Aral Sea Basin,67.16210262,0.78226,43.5,59,91.82,5.45,0,3179151,121813,6,0.635,taxonomic novelty determined using RED,Novel,Unclassified Aral Sea Basin SGBs,Medium-quality,23,1,1,1,3
13-d.bin.59,2,Wild plant,Isolate,Bacteria,Gemmatimonadota,Gemmatimonadetes,Longimicrobiales,UBA6960,Unclassified,Unclassified,The Aral Sea Basin,79.55725578,0.78558,43.5,59,98.9,4.4,0,4224830,164286,5,0.711,taxonomic novelty determined using RED,Novel,Unclassified Aral Sea Basin SGBs,Medium-quality,20,1,0,2,3
14-A.bin.24,1,Wild plant,Isolate,Bacteria,Chloroflexota,Dehalococcoidia,UBA1151,JAJCYX01,Unclassified,Unclassified,The Aral Sea Basin,89.48625511,0.81484,43.5,59,89.77,0.5,0,2850647,22482,12,0.634,taxonomic novelty determined using RED,Novel,Unclassified Aral Sea Basin SGBs,Medium-quality,23,1,1,1,3
14-A.bin.32,2,Wild plant,Isolate,Bacteria,Pseudomonadota,Gammaproteobacteria,Xanthomonadales,Unclassified,Unclassified,Unclassified,The Aral Sea Basin,77.11055785,0.62929,43.5,59,75,0,0,2634466,13660,9,0.65,taxonomic novelty determined using RED,Novel,Unclassified Aral Sea Basin SGBs,Medium-quality,22,0,1,1,2
14-A.bin.36,0,Wild plant,Isolate,Bacteria,Actinomycetota,Nitriliruptoria,Euzebyales,Egibacteraceae,Unclassified,Unclassified,The Aral Sea Basin,80.40612417,0.80528,43.5,59,79.47,0,0,2212030,5919,1,0.73,taxonomic classification fully defined by topology,Defined,Unclassified Aral Sea Basin SGBs,Medium-quality,17,0,0,0,0
14-A.bin.53,4,Wild plant,Isolate,Bacteria,Bacteroidota,Bacteroidia,Flavobacteriales,Flavobacteriaceae,Sinomicrobium,Sinomicrobium weinanense,The Aral Sea Basin,89.7991944,N/A,43.5,59,98.6,2.43,42.11,4913188,36018,6,0.456,taxonomic classification defined by topology and ANI,Defined,Published genomes,High-quality,21,1,1,1,3
14-B.bin.2,2,Wild plant,Isolate,Bacteria,Pseudomonadota,Gammaproteobacteria,HK1,HK1,CAMYJH01,Unclassified,The Aral Sea Basin,73.48333241,0.88825,43.5,59,82.63,2.28,0,3529396,27986,4,0.617,taxonomic novelty determined using RED,Novel,Unclassified Aral Sea Basin SGBs,Medium-quality,22,2,3,2,7
14-B.bin.23,2,Wild plant,Isolate,Bacteria,Fibrobacterota,Fibrobacteria,UBA11236,JADFYW01,Unclassified,Unclassified,The Aral Sea Basin,96.7713868,0.74385,43.5,59,100,1.1,0,4343805,28906,6,0.537,taxonomic novelty determined using RED,Novel,Unclassified Aral Sea Basin SGBs,High-quality,24,2,1,1,4
14-B.bin.25,0,Wild plant,Isolate,Bacteria,Actinomycetota,Acidimicrobiia,UBA5794,ZC4RG35,Ww567,Unclassified,The Aral Sea Basin,82.40460043,0.93749,43.5,59,95.73,3.45,50,3098734,20372,6,0.636,taxonomic novelty determined using RED,Novel,Unclassified Aral Sea Basin SGBs,High-quality,22,1,2,1,4
14-B.bin.30,3,Wild plant,Isolate,Bacteria,Nitrospinota,Nitrospinia,Nitrospinales,Nitrospinaceae,Nitrospina,Unclassified,The Aral Sea Basin,64.41935676,0.90309,43.5,59,90.03,5.6,10,2608439,3974,7,0.594,taxonomic novelty determined using RED,Novel,Unclassified Aral Sea Basin SGBs,Medium-quality,21,0,0,0,0
14-C.bin.29,0,Wild plant,Isolate,Bacteria,Pseudomonadota,Gammaproteobacteria,JAJUFS01,JAJUFS01,JAJUFS01,Unclassified,The Aral Sea Basin,88.60399687,0.88459,43.5,59,91.93,1.23,16.67,2864927,140116,11,0.601,taxonomic novelty determined using RED,Novel,Unclassified Aral Sea Basin SGBs,High-quality,23,1,1,1,3
14-C.bin.7,2,Wild plant,Isolate,Bacteria,Pseudomonadota,Gammaproteobacteria,Pseudomonadales,Spongiibacteraceae,Unclassified,Unclassified,The Aral Sea Basin,81.14798017,0.85113,43.5,59,92.87,3.1,52.94,4174400,15637,12,0.64,taxonomic novelty determined using RED,Novel,Unclassified Aral Sea Basin SGBs,Medium-quality,20,0,0,1,1
16-A.bin.3,3,Wild plant,Isolate,Bacteria,Actinomycetota,Acidimicrobiia,UBA5794,ZC4RG35,MA-ANB-1,Unclassified,The Aral Sea Basin,95.36105637,0.93104,43.5,59,99.15,1.28,0,3372724,132550,5,0.612,taxonomic novelty determined using RED,Novel,Unclassified Aral Sea Basin SGBs,High-quality,25,2,1,1,4
16-A.bin.6,2,Wild plant,Isolate,Bacteria,Desulfobacterota_B,Binatia,JACPRU01,JACPRU01,Unclassified,Unclassified,The Aral Sea Basin,80.47783908,0.7604,43.5,59,79.97,0.28,0,4260826,5546,8,0.696,taxonomic novelty determined using RED,Novel,Unclassified Aral Sea Basin SGBs,Medium-quality,17,1,0,0,1
16-D.bin.11,1,Wild plant,Isolate,Bacteria,Chloroflexota,Anaerolineae,Anaerolineales,UBA4823,Kmv39,Unclassified,The Aral Sea Basin,69.16827448,0.86671,43.5,59,80,2.88,50,4347810,14785,23,0.547,taxonomic novelty determined using RED,Novel,Unclassified Aral Sea Basin SGBs,Medium-quality,18,0,1,1,2
16-D.bin.12,5,Wild plant,Isolate,Bacteria,Chloroflexota,Anaerolineae,Anaerolineales,UBA4823,Unclassified,Unclassified,The Aral Sea Basin,54.3954535,0.85804,43.5,59,84.82,7.12,44.44,5273875,8767,7,0.56,taxonomic classification fully defined by topology,Defined,Unclassified Aral Sea Basin SGBs,Medium-quality,19,0,1,1,2
16-D.bin.15,1,Wild plant,Isolate,Bacteria,Actinomycetota,Actinomycetes,Propionibacteriales,Nocardioidaceae,Nocardioides,Unclassified,The Aral Sea Basin,63.38609561,0.99554,43.5,59,75.7,3.43,81.82,4234897,9753,3,0.69,taxonomic classification defined by topology and ANI,Defined,Unclassified Aral Sea Basin SGBs,Medium-quality,19,0,1,1,2
16-D.bin.7,0,Wild plant,Isolate,Bacteria,Actinomycetota,UBA4738,UBA4738,CALAEC01,Unclassified,Unclassified,The Aral Sea Basin,83.79748971,0.72561,43.5,59,84.62,0.62,33.33,2949256,11470,6,0.705,taxonomic novelty determined using RED,Novel,Unclassified Aral Sea Basin SGBs,Medium-quality,22,1,0,0,1
17-A.bin.1,0,Wild plant,Isolate,Bacteria,Actinomycetota,Nitriliruptoria,Nitriliruptorales,Nitriliruptoraceae,Unclassified,Unclassified,The Aral Sea Basin,65.20151016,0.79564,43.5,59,90.75,6.58,81.82,3419784,7107,3,0.72,taxonomic novelty determined using RED,Novel,Unclassified Aral Sea Basin SGBs,Medium-quality,23,0,0,0,0
17-A.bin.11,2,Wild plant,Isolate,Bacteria,Actinomycetota,Acidimicrobiia,Acidimicrobiales,JACDCH01,UBA9382,Unclassified,The Aral Sea Basin,73.75723723,0.93529,43.5,59,87.18,3.42,40,4156003,32997,2,0.69,taxonomic classification fully defined by topology,Defined,Unclassified Aral Sea Basin SGBs,Medium-quality,24,1,2,1,4
17-A.bin.25,1,Wild plant,Isolate,Bacteria,Pseudomonadota,Gammaproteobacteria,Xanthomonadales,SZUA-36,SHZL01,Unclassified,The Aral Sea Basin,65.43649787,0.8838,43.5,59,78.98,3.25,18.18,2545665,13745,3,0.651,taxonomic novelty determined using RED,Novel,Unclassified Aral Sea Basin SGBs,Medium-quality,12,0,0,0,0
17-A.bin.3,1,Wild plant,Isolate,Bacteria,Actinomycetota,Actinomycetes,Propionibacteriales,Nocardioidaceae,Nocardioides,Unclassified,The Aral Sea Basin,83.85462518,0.96503,43.5,59,93.79,2.63,44.44,3525986,10245,6,0.701,taxonomic classification defined by topology and ANI,Defined,Unclassified Aral Sea Basin SGBs,Medium-quality,23,0,0,2,2
17-A.bin.43,10,Wild plant,Isolate,Bacteria,KSB1,UBA2214,CR04bin15,JAABYK01,Unclassified,Unclassified,The Aral Sea Basin,86.87936535,0.68455,43.5,59,95.6,2.2,0,4946201,29808,15,0.527,taxonomic novelty determined using RED,Novel,Unclassified Aral Sea Basin SGBs,High-quality,24,1,1,1,3
17-A.bin.5,7,Wild plant,Isolate,Bacteria,Pseudomonadota,Gammaproteobacteria,Xanthomonadales,Wenzhouxiangellaceae,Unclassified,Unclassified,The Aral Sea Basin,91.55501385,0.8307,43.5,59,96.8,1.57,0,3634159,129053,6,0.621,taxonomic novelty determined using RED,Novel,Unclassified Aral Sea Basin SGBs,High-quality,24,1,2,1,4
17-A.bin.68,2,Wild plant,Isolate,Bacteria,Gemmatimonadota,Gemmatimonadetes,Palauibacterales,KS3-K002,G020350785,Unclassified,The Aral Sea Basin,83.33958892,0.89089,43.5,59,81.03,0,0,4014131,33331,17,0.677,taxonomic novelty determined using RED,Novel,Unclassified Aral Sea Basin SGBs,Medium-quality,24,0,1,1,2
17-A.bin.69,0,Wild plant,Isolate,Bacteria,Actinomycetota,JAICYB01,JAICYB01,JAICYB01,Unclassified,Unclassified,The Aral Sea Basin,97.56723768,0.7439,43.5,59,99.15,0.85,0,3831192,171899,6,0.69,taxonomic novelty determined using RED,Novel,Unclassified Aral Sea Basin SGBs,High-quality,25,1,2,1,4
17-A.bin.79,1,Wild plant,Isolate,Bacteria,Pseudomonadota,Gammaproteobacteria,Woeseiales,Woeseiaceae,Woeseia,Unclassified,The Aral Sea Basin,78.81493225,0.93834,43.5,59,84.28,1.53,0,4059272,18833,5,0.667,taxonomic classification defined by topology and ANI,Defined,Unclassified Aral Sea Basin SGBs,Medium-quality,18,1,0,0,1
17-A.bin.91,0,Wild plant,Isolate,Bacteria,Actinomycetota,Acidimicrobiia,UBA5794,UBA11373,JAUYIV01,Unclassified,The Aral Sea Basin,92.21846456,0.94347,43.5,59,97.67,1.57,0,2325069,50160,6,0.679,taxonomic novelty determined using RED,Novel,Unclassified Aral Sea Basin SGBs,High-quality,24,1,2,1,4
17-A.bin.98,2,Wild plant,Isolate,Bacteria,Bacteroidota,Bacteroidia,Cytophagales,Cyclobacteriaceae,Unclassified,Unclassified,The Aral Sea Basin,77.80722096,0.90132,43.5,59,87.76,2.78,75,4190643,4787,13,0.434,taxonomic novelty determined using RED,Novel,Unclassified Aral Sea Basin SGBs,Medium-quality,21,0,0,1,1
17-B.bin.102,4,Wild plant,Isolate,Bacteria,Pseudomonadota,Gammaproteobacteria,Burkholderiales,Unclassified,Unclassified,Unclassified,The Aral Sea Basin,89.06179439,0.79739,43.5,59,97.39,2.21,12.5,3610233,63153,6,0.626,taxonomic classification fully defined by topology,Defined,Unclassified Aral Sea Basin SGBs,Medium-quality,21,0,0,0,0
17-B.bin.103,1,Wild plant,Isolate,Bacteria,JAGLTZ01,JAGLTZ01,JAGLTZ01,Unclassified,Unclassified,Unclassified,The Aral Sea Basin,90.40293768,0.70828,43.5,59,93.77,1.2,50,3191660,9743,4,0.675,taxonomic novelty determined using RED,Novel,Unclassified Aral Sea Basin SGBs,Medium-quality,22,1,0,0,1
17-B.bin.117,4,Wild plant,Isolate,Bacteria,Chloroflexota,Anaerolineae,Anaerolineales,JABWBV01,Unclassified,Unclassified,The Aral Sea Basin,72.54425823,0.84518,43.5,59,84.2,2.73,0,4102815,7736,2,0.649,taxonomic novelty determined using RED,Novel,Unclassified Aral Sea Basin SGBs,Medium-quality,20,1,0,0,1
17-B.bin.121,0,Wild plant,Isolate,Bacteria,Bacteroidota,Bacteroidia,Chitinophagales,Unclassified,Unclassified,Unclassified,The Aral Sea Basin,94.50782661,0.69357,43.5,59,97.04,0.99,0,3036519,55236,5,0.576,taxonomic novelty determined using RED,Novel,Unclassified Aral Sea Basin SGBs,High-quality,23,1,1,1,3
17-B.bin.128,0,Wild plant,Isolate,Bacteria,Pseudomonadota,Gammaproteobacteria,,Unclassified,Unclassified,Unclassified,The Aral Sea Basin,77.94893725,0.72769,43.5,59,85.1,1.64,10,2246714,4676,1,0.455,taxonomic classification fully defined by topology,Defined,Unclassified Aral Sea Basin SGBs,Medium-quality,16,1,0,0,1
17-B.bin.129,1,Wild plant,Isolate,Bacteria,Bacteroidota,Rhodothermia,Balneolales,Balneolaceae,Halalkalibaculum,Unclassified,The Aral Sea Basin,69.76530184,0.92687,43.5,59,84.95,3.83,50,3213000,10521,4,0.467,taxonomic novelty determined using RED,Novel,Unclassified Aral Sea Basin SGBs,Medium-quality,18,0,0,0,0
17-B.bin.135,4,Wild plant,Isolate,Bacteria,Pseudomonadota,Gammaproteobacteria,Arenicellales,Unclassified,Unclassified,Unclassified,The Aral Sea Basin,43.43740418,0.68729,43.5,59,75.83,6.91,17.86,4208243,5579,1,0.682,taxonomic classification fully defined by topology,Defined,Unclassified Aral Sea Basin SGBs,Medium-quality,17,0,2,2,4
17-B.bin.137,8,Wild plant,Isolate,Bacteria,Myxococcota,Polyangia,Haliangiales,Haliangiaceae,SLNH01,Unclassified,The Aral Sea Basin,71.79732568,0.89113,43.5,59,86.67,3.39,0,5392765,11341,2,0.694,taxonomic novelty determined using RED,Novel,Unclassified Aral Sea Basin SGBs,Medium-quality,21,1,0,0,1
17-B.bin.147,0,Wild plant,Isolate,Bacteria,Pseudomonadota,Gammaproteobacteria,Pseudomonadales,Spongiibacteraceae,Unclassified,Unclassified,The Aral Sea Basin,87.8276545,0.89507,43.5,59,94.21,1.78,18.18,3827239,20195,8,0.607,taxonomic novelty determined using RED,Novel,Unclassified Aral Sea Basin SGBs,Medium-quality,22,0,0,1,1
17-B.bin.149,3,Wild plant,Isolate,Bacteria,Bacteroidota,Bacteroidia,Flavobacteriales,Flavobacteriaceae,JAQSVC01,Unclassified,The Aral Sea Basin,99.95895259,0.96894,43.5,59,99.67,0.5,0,4426895,300542,2,0.346,taxonomic novelty determined using RED,Novel,Unclassified Aral Sea Basin SGBs,Medium-quality,22,0,1,3,4
17-B.bin.153,0,Wild plant,Isolate,Bacteria,Actinomycetota,Acidimicrobiia,Acidimicrobiales,Unclassified,Unclassified,Unclassified,The Aral Sea Basin,69.33764572,0.59348,43.5,59,85.61,3.7,0,3125134,22721,2,0.707,taxonomic classification fully defined by topology,Defined,Unclassified Aral Sea Basin SGBs,Medium-quality,22,0,0,0,0
17-B.bin.171,2,Wild plant,Isolate,Bacteria,Pseudomonadota,Gammaproteobacteria,Pseudomonadales,Halieaceae,Parahaliea,Unclassified,The Aral Sea Basin,83.80180904,0.95265,43.5,59,91.11,1.96,0,4483603,77361,4,0.663,taxonomic classification defined by topology and ANI,Defined,Unclassified Aral Sea Basin SGBs,Medium-quality,22,0,0,0,0
17-B.bin.178,4,Wild plant,Isolate,Bacteria,Pseudomonadota,Gammaproteobacteria,Enterobacterales,Kangiellaceae,Kangiella,Unclassified,The Aral Sea Basin,100.2234663,0.95903,43.5,59,100,0.54,0,2484965,583805,6,0.476,taxonomic classification fully defined by topology,Defined,Unclassified Aral Sea Basin SGBs,Medium-quality,23,0,0,2,2
17-B.bin.193,0,Wild plant,Isolate,Bacteria,Bacteroidota,Bacteroidia,Cytophagales,Cyclobacteriaceae,JAGTVG01,Unclassified,The Aral Sea Basin,86.35429332,0.90251,43.5,59,96.58,2.48,0,4916762,18623,9,0.414,taxonomic classification fully defined by topology,Defined,Unclassified Aral Sea Basin SGBs,Medium-quality,20,1,0,1,2
17-B.bin.205,0,Wild plant,Isolate,Bacteria,Pseudomonadota,Gammaproteobacteria,JAJUFS01,JAJUFS01,JAJUFS01,Unclassified,The Aral Sea Basin,69.62190307,0.88906,43.5,59,86.69,4.4,56.52,2790417,62174,4,0.575,taxonomic novelty determined using RED,Novel,Unclassified Aral Sea Basin SGBs,Medium-quality,22,1,1,1,3
17-B.bin.29,3,Wild plant,Isolate,Bacteria,Bacteroidota,Rhodothermia,Balneolales,Balneolaceae,Rhodohalobacter,Unclassified,The Aral Sea Basin,86.70036024,0.93577,43.5,59,94.56,2.19,40,4825577,21708,4,0.439,taxonomic classification fully defined by topology,Defined,Unclassified Aral Sea Basin SGBs,Medium-quality,22,2,0,2,4
17-B.bin.48,0,Wild plant,Isolate,Bacteria,Actinomycetota,JAICYB01,JAICYB01,JAICYB01,Unclassified,Unclassified,The Aral Sea Basin,92.08076976,0.69988,43.5,59,98.29,1.71,0,3753675,38510,6,0.692,taxonomic novelty determined using RED,Novel,Unclassified Aral Sea Basin SGBs,High-quality,24,1,2,1,4
17-B.bin.57,15,Wild plant,Isolate,Bacteria,Bacteroidota,Bacteroidia,Cytophagales,Cyclobacteriaceae,Fulvivirga,Unclassified,The Aral Sea Basin,90.36786948,0.92982,43.5,59,95.24,1.45,22.22,4781309,10265,2,0.41,taxonomic classification fully defined by topology,Defined,Unclassified Aral Sea Basin SGBs,Medium-quality,20,0,1,1,2
17-B.bin.74,1,Wild plant,Isolate,Bacteria,Bacteroidota,Rhodothermia,Balneolales,Balneolaceae,Rhodohalobacter,Unclassified,The Aral Sea Basin,59.0990034,0.96211,43.5,59,90.04,6.83,31.25,4241238,11201,1,0.434,taxonomic classification fully defined by topology,Defined,Unclassified Aral Sea Basin SGBs,Medium-quality,18,0,0,0,0
17-B.bin.76,3,Wild plant,Isolate,Bacteria,Actinomycetota,Acidimicrobiia,Acidimicrobiales,JACDCH01,UBA9382,Unclassified,The Aral Sea Basin,66.37986282,0.93509,43.5,59,75.5,2.56,50,3846742,50881,2,0.696,taxonomic classification fully defined by topology,Defined,Unclassified Aral Sea Basin SGBs,Medium-quality,22,1,1,1,3
17-C.bin.104,1,Wild plant,Isolate,Bacteria,Pseudomonadota,Alphaproteobacteria,Sphingomonadales,Sphingomonadaceae,Parasphingorhabdus,Unclassified,The Aral Sea Basin,57.2307923,0.97911,43.5,59,84.22,6.43,68.29,2713084,2751,1,0.55,taxonomic classification defined by topology and ANI,Defined,Unclassified Aral Sea Basin SGBs,Medium-quality,21,1,0,0,1
17-C.bin.107,0,Wild plant,Isolate,Bacteria,Actinomycetota,Acidimicrobiia,Acidimicrobiales,Unclassified,Unclassified,Unclassified,The Aral Sea Basin,77.38537948,0.62086,43.5,59,84.62,2.14,66.67,2913549,10159,2,0.698,taxonomic classification fully defined by topology,Defined,Unclassified Aral Sea Basin SGBs,Medium-quality,22,0,1,1,2
17-C.bin.109,12,Wild plant,Isolate,Bacteria,Acidobacteriota,Thermoanaerobaculia,Multivoradales,UBA5704,Unclassified,Unclassified,The Aral Sea Basin,67.37311804,0.69944,43.5,59,78.26,2.56,0,3700375,5628,2,0.721,taxonomic classification fully defined by topology,Defined,Unclassified Aral Sea Basin SGBs,Medium-quality,19,1,1,1,3
17-C.bin.122,3,Wild plant,Isolate,Bacteria,Myxococcota,Polyangia,Haliangiales,Haliangiaceae,Unclassified,Unclassified,The Aral Sea Basin,72.00497415,0.781,43.5,59,85.68,3.16,0,7222781,14724,5,0.71,taxonomic novelty determined using RED,Novel,Unclassified Aral Sea Basin SGBs,Medium-quality,23,0,0,0,0
17-C.bin.133,0,Wild plant,Isolate,Bacteria,Gemmatimonadota,Gemmatimonadetes,Gemmatimonadales,GWC2-71-9,Unclassified,Unclassified,The Aral Sea Basin,85.79228948,0.83224,43.5,59,91.76,1.65,0,3096091,29146,2,0.675,taxonomic classification fully defined by topology,Defined,Unclassified Aral Sea Basin SGBs,High-quality,24,1,1,1,3
17-C.bin.150,0,Wild plant,Isolate,Bacteria,Actinomycetota,Acidimicrobiia,UBA5794,ZC4RG35,Unclassified,Unclassified,The Aral Sea Basin,86.22535212,0.77983,43.5,59,94.87,2.31,25,2650336,38866,11,0.695,taxonomic classification fully defined by topology,Defined,Unclassified Aral Sea Basin SGBs,High-quality,22,1,3,1,5
17-C.bin.163,3,Wild plant,Isolate,Bacteria,SAR324,SAR324,SAR324,JACQKK01,Unclassified,Unclassified,The Aral Sea Basin,86.80914737,0.86213,43.5,59,88.8,0.89,50,4297786,8987,6,0.704,taxonomic classification fully defined by topology,Defined,Unclassified Aral Sea Basin SGBs,Medium-quality,23,0,0,1,1
17-C.bin.165,1,Wild plant,Isolate,Bacteria,Actinomycetota,Acidimicrobiia,Acidimicrobiales,JACDCH01,UBA9382,Unclassified,The Aral Sea Basin,62.02226004,0.93702,43.5,59,75.47,3.28,14.29,4252216,73637,2,0.695,taxonomic classification fully defined by topology,Defined,Unclassified Aral Sea Basin SGBs,Medium-quality,20,0,1,1,2
17-C.bin.17,5,Wild plant,Isolate,Bacteria,Gemmatimonadota,Gemmatimonadetes,Longimicrobiales,UBA6960,Unclassified,Unclassified,The Aral Sea Basin,37.16957631,0.81558,43.5,59,77.59,8.39,4.17,4768396,18173,1,0.707,taxonomic classification fully defined by topology,Defined,Unclassified Aral Sea Basin SGBs,Medium-quality,20,2,0,0,2
17-C.bin.185,2,Wild plant,Isolate,Bacteria,Pseudomonadota,Gammaproteobacteria,Nevskiales,CAJXLF01,Unclassified,Unclassified,The Aral Sea Basin,84.50555063,0.8218,43.5,59,96.4,3.14,41.67,3236110,79122,2,0.58,taxonomic novelty determined using RED,Novel,Unclassified Aral Sea Basin SGBs,High-quality,21,2,1,1,4
17-C.bin.29,3,Wild plant,Isolate,Bacteria,Pseudomonadota,Gammaproteobacteria,Pseudomonadales,Azotimanducaceae_A,Unclassified,Unclassified,The Aral Sea Basin,62.22848865,0.80373,43.5,59,87.41,5.54,7.69,4481497,12606,5,0.562,taxonomic classification fully defined by topology,Defined,Unclassified Aral Sea Basin SGBs,Medium-quality,22,0,2,2,4
17-C.bin.33,2,Wild plant,Isolate,Bacteria,Bacteroidota,Rhodothermia,Rhodothermales,Unclassified,Unclassified,Unclassified,The Aral Sea Basin,89.76160394,0.57219,43.5,59,97.27,2.04,16.67,4886219,40676,12,0.586,taxonomic classification fully defined by topology,Defined,Unclassified Aral Sea Basin SGBs,Medium-quality,20,0,1,1,2
17-C.bin.37,3,Wild plant,Isolate,Bacteria,Pseudomonadota,Gammaproteobacteria,Nevskiales,CAJXLF01,Unclassified,Unclassified,The Aral Sea Basin,70.57739874,0.8255,43.5,59,86.33,3.54,20,2767062,23922,1,0.594,taxonomic novelty determined using RED,Novel,Unclassified Aral Sea Basin SGBs,Medium-quality,19,0,1,1,2
17-C.bin.42,0,Wild plant,Isolate,Bacteria,Pseudomonadota,Alphaproteobacteria,Rhodobacterales,Rhodobacteraceae,Roseovarius,Unclassified,The Aral Sea Basin,74.43809792,0.96801,43.5,59,79.39,1.21,9.09,2655190,7520,1,0.65,taxonomic classification fully defined by topology,Defined,Unclassified Aral Sea Basin SGBs,Medium-quality,17,0,0,0,0
17-C.bin.46,4,Wild plant,Isolate,Bacteria,Pseudomonadota,Gammaproteobacteria,HK1,HK1,CAMYJH01,Unclassified,The Aral Sea Basin,74.10777707,0.90951,43.5,59,87.8,3.4,33.33,3284740,18503,2,0.657,taxonomic novelty determined using RED,Novel,Unclassified Aral Sea Basin SGBs,Medium-quality,18,0,0,0,0
17-C.bin.48,1,Wild plant,Isolate,Bacteria,Pseudomonadota,Gammaproteobacteria,Pseudomonadales,Halieaceae,Kineobactrum,Unclassified,The Aral Sea Basin,51.53759602,0.98428,43.5,59,76.33,5.17,0,4690082,10356,1,0.625,taxonomic classification defined by topology and ANI,Defined,Unclassified Aral Sea Basin SGBs,Medium-quality,16,0,1,1,2
17-C.bin.50,2,Wild plant,Isolate,Bacteria,Gemmatimonadota,Gemmatimonadetes,Longimicrobiales,UBA6960,IDS-52,Unclassified,The Aral Sea Basin,93.89092453,0.84063,43.5,59,91.69,0,0,3673657,20239,4,0.686,taxonomic classification fully defined by topology,Defined,Unclassified Aral Sea Basin SGBs,Medium-quality,17,1,1,1,3
17-C.bin.58,1,Wild plant,Isolate,Bacteria,Gemmatimonadota,Gemmatimonadetes,Longimicrobiales,UBA6960,Unclassified,Unclassified,The Aral Sea Basin,63.56759398,0.7005,43.5,59,79.66,3.45,0,3630101,16413,1,0.721,taxonomic classification fully defined by topology,Defined,Unclassified Aral Sea Basin SGBs,Medium-quality,20,1,0,2,3
17-C.bin.70,1,Wild plant,Isolate,Bacteria,Pseudomonadota,Alphaproteobacteria,Sphingomonadales,Sphingomonadaceae,JACXVD01,Unclassified,The Aral Sea Basin,79.46076775,0.98019,43.5,59,86.98,2.16,57.14,2879467,10857,7,0.631,taxonomic classification fully defined by topology,Defined,Unclassified Aral Sea Basin SGBs,Medium-quality,21,0,0,0,0
17-C.bin.86,3,Wild plant,Isolate,Bacteria,Pseudomonadota,Gammaproteobacteria,Pseudomonadales,Halomonadaceae,Halomonas,Unclassified,The Aral Sea Basin,76.66963308,0.9826,43.5,59,90.92,3.55,40,3351429,11945,6,0.677,taxonomic classification defined by topology and ANI,Defined,Unclassified Aral Sea Basin SGBs,Medium-quality,22,1,0,4,5
17-C.bin.87,2,Wild plant,Isolate,Bacteria,Pseudomonadota,Gammaproteobacteria,Arenicellales,JAANXG01,JAANXG01,Unclassified,The Aral Sea Basin,79.09049913,0.91883,43.5,59,83.13,1.22,0,3040633,10986,4,0.647,taxonomic novelty determined using RED,Novel,Unclassified Aral Sea Basin SGBs,Medium-quality,20,2,0,0,2
18-A.bin.11,0,Wild plant,Isolate,Bacteria,Actinomycetota,Acidimicrobiia,IMCC26256,JACPCJ01,Unclassified,Unclassified,The Aral Sea Basin,52.6213797,0.79156,43.5,59,91.45,8.12,7.69,2969499,15628,1,0.698,taxonomic novelty determined using RED,Novel,Unclassified Aral Sea Basin SGBs,Medium-quality,22,1,0,0,1
18-A.bin.14,4,Wild plant,Isolate,Bacteria,Chloroflexota,Anaerolineae,Anaerolineales,UBA4823,Kmv39,Unclassified,The Aral Sea Basin,56.58193374,0.86807,43.5,59,83.64,5.64,0,5255057,15271,1,0.541,taxonomic novelty determined using RED,Novel,Unclassified Aral Sea Basin SGBs,Medium-quality,17,1,0,1,2
18-A.bin.16,3,Wild plant,Isolate,Bacteria,Actinomycetota,Nitriliruptoria,Euzebyales,Egibacteraceae,WHTG01,Unclassified,The Aral Sea Basin,77.45312393,0.89842,43.5,59,91.8,3.42,16.67,4821438,18468,2,0.706,taxonomic novelty determined using RED,Novel,Unclassified Aral Sea Basin SGBs,High-quality,23,1,1,1,3
18-A.bin.17,5,Wild plant,Isolate,Bacteria,Pseudomonadota,Gammaproteobacteria,Nevskiales,Nevskiaceae,JACPFV01,Unclassified,The Aral Sea Basin,63.87814202,0.90593,43.5,59,89.3,5.99,41.67,2937293,9662,3,0.7,taxonomic classification fully defined by topology,Defined,Unclassified Aral Sea Basin SGBs,Medium-quality,20,0,0,0,0
18-A.bin.19,23,Wild plant,Isolate,Bacteria,Actinomycetota,Actinomycetes,Mycobacteriales,Jatrophihabitantaceae,Jatrophihabitans_A,Unclassified,The Aral Sea Basin,63.50427983,0.98007,43.5,59,79.83,3.47,0,3356690,8883,1,0.698,taxonomic classification defined by topology and ANI,Defined,Unclassified Aral Sea Basin SGBs,Medium-quality,22,0,0,1,1
18-A.bin.21,1,Wild plant,Isolate,Bacteria,Pseudomonadota,Gammaproteobacteria,Nevskiales,Nevskiaceae,JACPFV01,Unclassified,The Aral Sea Basin,79.24097423,0.89227,43.5,59,77.24,0,0,2524907,7979,2,0.698,taxonomic classification fully defined by topology,Defined,Unclassified Aral Sea Basin SGBs,Medium-quality,19,1,0,0,1
18-A.bin.22,0,Wild plant,Isolate,Bacteria,Actinomycetota,Thermoleophilia,Gaiellales,Gaiellaceae,Gaiellasilicea,Unclassified,The Aral Sea Basin,50.74145137,0.91288,43.5,59,83.03,7.27,42.86,2632498,6181,1,0.736,taxonomic classification fully defined by topology,Defined,Unclassified Aral Sea Basin SGBs,Medium-quality,23,0,1,1,2
18-A.bin.29,2,Wild plant,Isolate,Bacteria,Actinomycetota,Acidimicrobiia,Acidimicrobiales,CADCSY01,JAEKLB01,Unclassified,The Aral Sea Basin,67.93324955,0.91668,43.5,59,90.51,4.89,12.5,4018164,26546,1,0.708,taxonomic classification fully defined by topology,Defined,Unclassified Aral Sea Basin SGBs,High-quality,23,1,1,1,3
18-A.bin.31,2,Wild plant,Isolate,Bacteria,Chloroflexota,Limnocylindria,Limnocylindrales,CSP1-4,Unclassified,Unclassified,The Aral Sea Basin,78.33450197,0.86774,43.5,59,89.81,2.78,0,3972451,56194,2,0.706,taxonomic novelty determined using RED,Novel,Unclassified Aral Sea Basin SGBs,Medium-quality,22,1,1,0,2
18-A.bin.32,1,Wild plant,Isolate,Bacteria,Actinomycetota,Thermoleophilia,Solirubrobacterales,Sep-70,Unclassified,Unclassified,The Aral Sea Basin,82.88744279,0.83354,43.5,59,86.42,1.29,50,2889811,27854,2,0.693,taxonomic novelty determined using RED,Novel,Unclassified Aral Sea Basin SGBs,Medium-quality,20,1,1,1,3
18-A.bin.39,4,Wild plant,Isolate,Bacteria,Desulfobacterota,Desulfobulbia,Desulfobulbales,Desulfobulbaceae,UBA10518,Unclassified,The Aral Sea Basin,74.01984219,0.96351,43.5,59,90.56,3.9,54.55,3139079,3671,1,0.6,taxonomic classification defined by topology and ANI,Defined,Unclassified Aral Sea Basin SGBs,Medium-quality,22,0,0,0,0
18-A.bin.41,11,Wild plant,Isolate,Bacteria,Pseudomonadota,Alphaproteobacteria,Rhizobiales,Rhizobiaceae,Agrobacterium,Agrobacterium fabrum,The Aral Sea Basin,73.18350891,N/A,43.5,59,83.93,2.36,8.33,4379002,4110,1,0.596,taxonomic classification defined by topology and ANI,Defined,Published genomes,Medium-quality,20,0,0,0,0
18-A.bin.49,1,Wild plant,Isolate,Bacteria,Chloroflexota,Limnocylindria,Limnocylindrales,CSP1-4,UBA5189,Unclassified,The Aral Sea Basin,77.61843425,0.96152,43.5,59,92.85,3.7,25,2801700,38625,2,0.712,taxonomic classification defined by topology and ANI,Defined,Unclassified Aral Sea Basin SGBs,Medium-quality,20,0,1,1,2
18-A.bin.52,0,Wild plant,Isolate,Bacteria,Actinomycetota,UBA4738,AC-67,AC-67,Unclassified,Unclassified,The Aral Sea Basin,66.7224202,0.83094,43.5,59,76.5,2.14,0,2210434,5557,1,0.701,taxonomic novelty determined using RED,Novel,Unclassified Aral Sea Basin SGBs,Medium-quality,14,1,0,0,1
18-A.bin.57,29,Wild plant,Isolate,Bacteria,Pseudomonadota,Gammaproteobacteria,Steroidobacterales,Steroidobacteraceae,Steroidobacter_A,Unclassified,The Aral Sea Basin,47.69896613,0.95584,43.5,59,77.99,6.36,9.68,6174136,4860,1,0.634,taxonomic classification fully defined by topology,Defined,Unclassified Aral Sea Basin SGBs,Medium-quality,15,0,0,0,0
18-A.bin.63,0,Wild plant,Isolate,Bacteria,Actinomycetota,Thermoleophilia,Solirubrobacterales,Sep-70,VRUE01,Unclassified,The Aral Sea Basin,82.30471463,0.90773,43.5,59,84.34,0.86,0,1647500,26880,2,0.713,taxonomic classification defined by topology and ANI,Defined,Unclassified Aral Sea Basin SGBs,Medium-quality,20,0,1,1,2
18-A.bin.66,0,Wild plant,Isolate,Bacteria,Gemmatimonadota,Gemmatimonadetes,Gemmatimonadales,Gemmatimonadaceae,JACDCY01,Unclassified,The Aral Sea Basin,51.31157291,0.9779,43.5,59,76.31,6.04,71.43,2309594,4725,1,0.672,taxonomic classification defined by topology and ANI,Defined,Unclassified Aral Sea Basin SGBs,Medium-quality,21,0,0,0,0
18-A.bin.78,4,Wild plant,Isolate,Bacteria,Actinomycetota,Acidimicrobiia,Acidimicrobiales,AC-14,CADCTB01,Unclassified,The Aral Sea Basin,73.85583053,0.95371,43.5,59,90.5,4.08,37.5,3614334,22473,2,0.716,taxonomic classification defined by topology and ANI,Defined,Unclassified Aral Sea Basin SGBs,Medium-quality,23,1,0,0,1
18-A.bin.83,5,Wild plant,Isolate,Bacteria,Acidobacteriota,Vicinamibacteria,Marinacidobacterales,SMYC01,Unclassified,Unclassified,The Aral Sea Basin,61.51438688,0.83172,43.5,59,89.32,5.98,0,6780978,12268,2,0.609,taxonomic novelty determined using RED,Novel,Unclassified Aral Sea Basin SGBs,Medium-quality,22,2,1,1,4
18-A.bin.85,1,Wild plant,Isolate,Bacteria,Actinomycetota,UBA4738,UBA4738,CALAEC01,Unclassified,Unclassified,The Aral Sea Basin,93.25278488,0.70986,43.5,59,91.03,0,0,2412613,22160,2,0.716,taxonomic novelty determined using RED,Novel,Unclassified Aral Sea Basin SGBs,High-quality,21,1,1,1,3
18-A.bin.86,0,Wild plant,Isolate,Bacteria,Bacteroidota,Bacteroidia,Cytophagales,Cyclobacteriaceae,Chryseosolibacter,Unclassified,The Aral Sea Basin,87.09984954,0.93198,43.5,59,94.58,2.01,18.18,5387012,20364,2,0.5,taxonomic classification fully defined by topology,Defined,Unclassified Aral Sea Basin SGBs,Medium-quality,23,0,0,2,2
18-A.bin.88,16,Wild plant,Isolate,Bacteria,Gemmatimonadota,Gemmatimonadetes,Longimicrobiales,UBA6960,UBA2589,Unclassified,The Aral Sea Basin,77.23618896,0.94521,43.5,59,85.9,2.2,0,4634378,38732,2,0.698,taxonomic classification fully defined by topology,Defined,Unclassified Aral Sea Basin SGBs,Medium-quality,25,1,1,1,3
18-A.bin.89,4,Wild plant,Isolate,Bacteria,Desulfobacterota_B,Binatia,JACPRU01,JACPRU01,Unclassified,Unclassified,The Aral Sea Basin,80.29714672,0.74677,43.5,59,78.28,0,0,4206451,8602,2,0.674,taxonomic novelty determined using RED,Novel,Unclassified Aral Sea Basin SGBs,Medium-quality,18,1,0,0,1
18-A.bin.91,1,Wild plant,Isolate,Bacteria,Chloroflexota,Dehalococcoidia,DSTF01,WHTK01,WHTK01,Unclassified,The Aral Sea Basin,71.0295528,0.86586,43.5,59,87.29,3.96,40,3076198,6473,2,0.657,taxonomic novelty determined using RED,Novel,Unclassified Aral Sea Basin SGBs,Medium-quality,21,0,0,1,1
18-A.bin.92,10,Wild plant,Isolate,Bacteria,Actinomycetota,Actinomycetes,Mycobacteriales,Micromonosporaceae,Glycomyces,Unclassified,The Aral Sea Basin,94.21811641,0.98004,43.5,59,97.24,1.09,0,5535141,57047,2,0.688,taxonomic classification defined by topology and ANI,Defined,Unclassified Aral Sea Basin SGBs,Medium-quality,24,1,0,2,3
18-C.bin.13,1,Wild plant,Isolate,Bacteria,Chloroflexota,Anaerolineae,Anaerolineales,UBA4823,Unclassified,Unclassified,The Aral Sea Basin,39.82493341,0.85986,43.5,59,82.67,9.09,7.14,6065478,6693,2,0.565,taxonomic classification fully defined by topology,Defined,Unclassified Aral Sea Basin SGBs,Medium-quality,18,0,0,0,0
18-C.bin.30,0,Wild plant,Isolate,Bacteria,Pseudomonadota,Alphaproteobacteria,Sphingomonadales,Sphingomonadaceae,Sphingomicrobium,Unclassified,The Aral Sea Basin,70.25821807,0.95735,43.5,59,75.16,1.47,40,1760765,4510,6,0.667,taxonomic classification fully defined by topology,Defined,Unclassified Aral Sea Basin SGBs,Medium-quality,20,0,1,1,2
18-D.bin.26,1,Wild plant,Isolate,Bacteria,Chloroflexota,Limnocylindria,QHBO01,QHBO01,JAPSGM01,Unclassified,The Aral Sea Basin,95.34523677,0.8918,43.5,59,96.81,0.93,100,2372224,26110,4,0.705,taxonomic novelty determined using RED,Novel,Unclassified Aral Sea Basin SGBs,Medium-quality,19,1,0,0,1
18-D.bin.31,3,Wild plant,Isolate,Bacteria,Chloroflexota,Anaerolineae,Anaerolineales,UBA4823,Kmv39,Unclassified,The Aral Sea Basin,61.24161684,0.86609,43.5,59,77.27,3.64,0,4793316,17989,4,0.607,taxonomic novelty determined using RED,Novel,Unclassified Aral Sea Basin SGBs,Medium-quality,18,1,0,0,1
18-D.bin.8,28,Wild plant,Isolate,Bacteria,Actinomycetota,Actinomycetes,Streptomycetales,Streptomycetaceae,Streptomyces,Streptomyces xinghaiensis,The Aral Sea Basin,85.39928935,N/A,43.5,59,90.83,1.65,50,5942054,8085,4,0.729,taxonomic classification defined by topology and ANI,Defined,Published genomes,Medium-quality,24,0,0,3,3
1-A.bin.12,12,Wild plant,Isolate,Bacteria,Pseudomonadota,Gammaproteobacteria,Pseudomonadales,Halomonadaceae,Halomonas,Unclassified,The Aral Sea Basin,92.53562866,0.97237,43.5,59,96.78,1.41,42.86,3709335,20391,6,0.632,taxonomic classification defined by topology and ANI,Defined,Unclassified Aral Sea Basin SGBs,High-quality,21,1,1,1,3
1-A.bin.22,1,Wild plant,Isolate,Bacteria,Actinomycetota,Actinomycetes,Actinomycetales,Micrococcaceae,Zhihengliuella,Unclassified,The Aral Sea Basin,83.65606888,0.98425,43.5,59,88.37,1.53,50,2608646,17914,6,0.671,taxonomic classification defined by topology and ANI,Defined,Unclassified Aral Sea Basin SGBs,Medium-quality,20,0,1,1,2
1-A.bin.24,15,Wild plant,Isolate,Bacteria,Actinomycetota,Actinomycetes,Mycobacteriales,Pseudonocardiaceae,Amycolatopsis_D,Unclassified,The Aral Sea Basin,76.03235381,0.99393,43.5,59,77.42,0.74,0,5354774,33474,2,0.686,taxonomic classification defined by topology and ANI,Defined,Unclassified Aral Sea Basin SGBs,Medium-quality,22,0,1,2,3
1-A.bin.26,29,Wild plant,Isolate,Bacteria,Actinomycetota,Actinomycetes,Mycobacteriales,Pseudonocardiaceae,Prauserella,Unclassified,The Aral Sea Basin,44.43826786,0.99018,43.5,59,78.01,7.02,9.52,4540837,4168,1,0.701,taxonomic classification defined by topology and ANI,Defined,Unclassified Aral Sea Basin SGBs,Medium-quality,17,2,0,0,2
1-A.bin.27,1,Wild plant,Isolate,Bacteria,Actinomycetota,Actinomycetes,Actinomycetales,Micrococcaceae,Nesterenkonia,Nesterenkonia halophila,The Aral Sea Basin,90.74895636,N/A,43.5,59,97.71,1.88,11.11,2885055,22918,2,0.685,taxonomic classification defined by topology and ANI,Defined,Published genomes,Medium-quality,24,0,0,2,2
1-A.bin.33,2,Wild plant,Isolate,Bacteria,Pseudomonadota,Gammaproteobacteria,XJ16,Halofilaceae,Halofilum,Unclassified,The Aral Sea Basin,49.22585066,0.89651,43.5,59,78.28,6.78,59.09,2365092,3794,1,0.658,taxonomic classification fully defined by topology,Defined,Unclassified Aral Sea Basin SGBs,Medium-quality,17,0,0,0,0
1-A.bin.7,7,Wild plant,Isolate,Bacteria,Actinomycetota,Actinomycetes,Propionibacteriales,Nocardioidaceae,Nocardioides,Unclassified,The Aral Sea Basin,87.72238099,0.99679,43.5,59,96.17,2.25,16.67,5061234,56977,6,0.693,taxonomic classification defined by topology and ANI,Defined,Unclassified Aral Sea Basin SGBs,Medium-quality,22,0,2,2,4
1-b.bin.11,11,Wild plant,Isolate,Bacteria,Pseudomonadota,Alphaproteobacteria,Rhodobacterales,Rhodobacteraceae,Paracoccus,Paracoccus alkanivorans,The Aral Sea Basin,100.9347306,N/A,43.5,59,99.7,0.3,0,4896434,234310,6,0.62,taxonomic classification defined by topology and ANI,Defined,Published genomes,Medium-quality,23,0,0,0,0
1-b.bin.16,3,Wild plant,Isolate,Bacteria,Pseudomonadota,Gammaproteobacteria,Pseudomonadales,Oleiphilaceae,Marinobacter,Unclassified,The Aral Sea Basin,64.265034,0.97265,43.5,59,77.07,3.07,22.73,4274209,4419,2,0.581,taxonomic classification defined by topology and ANI,Defined,Unclassified Aral Sea Basin SGBs,Medium-quality,20,1,1,0,2
1-b.bin.20,3,Wild plant,Isolate,Bacteria,Actinomycetota,Actinomycetes,Actinomycetales,Dermabacteraceae,Brachybacterium,Unclassified,The Aral Sea Basin,67.54041576,0.98817,43.5,59,81.2,3.02,14.29,3739341,8274,1,0.728,taxonomic classification defined by topology and ANI,Defined,Unclassified Aral Sea Basin SGBs,Medium-quality,21,0,0,0,0
1-b.bin.29,11,Wild plant,Isolate,Bacteria,Pseudomonadota,Gammaproteobacteria,Pseudomonadales,Halomonadaceae,Halomonas,Unclassified,The Aral Sea Basin,99.26239364,0.99913,43.5,59,99.57,0.67,33.33,5023089,353784,12,0.596,taxonomic classification defined by topology and ANI,Defined,Unclassified Aral Sea Basin SGBs,High-quality,22,1,1,1,3
1-b.bin.30,3,Wild plant,Isolate,Bacteria,Actinomycetota,Actinomycetes,Actinomycetales,Microbacteriaceae,Microbacterium,Unclassified,The Aral Sea Basin,91.30463486,0.99463,43.5,59,97.47,1.95,60,3564444,53832,6,0.706,taxonomic classification defined by topology and ANI,Defined,Unclassified Aral Sea Basin SGBs,High-quality,23,1,3,4,8
1-b.bin.32,0,Wild plant,Isolate,Bacteria,Pseudomonadota,Gammaproteobacteria,JAIVGZ01,JAIVGZ01,JAIVGZ01,Unclassified,The Aral Sea Basin,87.31928282,0.89573,43.5,59,88.44,0.7,0,1944940,46584,24,0.677,taxonomic novelty determined using RED,Novel,Unclassified Aral Sea Basin SGBs,Medium-quality,24,1,1,1,3
1-b.bin.5,3,Wild plant,Isolate,Bacteria,Actinomycetota,Actinomycetes,Actinomycetales,Microbacteriaceae,Microbacterium,Unclassified,The Aral Sea Basin,92.27119346,0.99383,43.5,59,93.7,0.88,75,3339992,33598,5,0.71,taxonomic classification defined by topology and ANI,Defined,Unclassified Aral Sea Basin SGBs,Medium-quality,23,0,0,2,2
1-b.bin.6,1,Wild plant,Isolate,Bacteria,Gemmatimonadota,Gemmatimonadetes,Palauibacterales,Palauibacteraceae,Unclassified,Unclassified,The Aral Sea Basin,83.06990624,0.88903,43.5,59,96.7,3.46,40,2906994,30438,12,0.687,taxonomic novelty determined using RED,Novel,Unclassified Aral Sea Basin SGBs,High-quality,24,1,1,2,4
1-d.bin.1,2,Wild plant,Isolate,Bacteria,Actinomycetota,Actinomycetes,Actinomycetales,Micrococcaceae,Zhihengliuella,Unclassified,The Aral Sea Basin,96.03990005,0.99062,43.5,59,100,1.38,0,3612457,614240,11,0.688,taxonomic classification defined by topology and ANI,Defined,Unclassified Aral Sea Basin SGBs,Medium-quality,23,0,0,1,1
1-d.bin.2,1,Wild plant,Isolate,Bacteria,Actinomycetota,Actinomycetes,Propionibacteriales,Nocardioidaceae,Nocardioides,Unclassified,The Aral Sea Basin,89.30554112,0.92137,43.5,59,90.16,0.74,66.67,3109022,40414,6,0.723,taxonomic classification fully defined by topology,Defined,Unclassified Aral Sea Basin SGBs,Medium-quality,23,0,0,1,1
1-d.bin.22,13,Wild plant,Isolate,Bacteria,Actinomycetota,Actinomycetes,Mycobacteriales,Pseudonocardiaceae,Amycolatopsis_C,Unclassified,The Aral Sea Basin,91.19442942,0.99413,43.5,59,99.1,2.13,11.11,5766560,82514,6,0.683,taxonomic classification defined by topology and ANI,Defined,Unclassified Aral Sea Basin SGBs,High-quality,25,1,2,2,5
2-a.bin.29,1,Wild plant,Isolate,Bacteria,Chloroflexota,Anaerolineae,Anaerolineales,E44-bin32,Unclassified,Unclassified,The Aral Sea Basin,70.42021095,0.8362,43.5,59,97.96,5.96,5.56,3455997,6158,28,0.611,taxonomic novelty determined using RED,Novel,Unclassified Aral Sea Basin SGBs,Medium-quality,21,2,1,1,4
2-a.bin.7,1,Wild plant,Isolate,Bacteria,Chloroflexota,Anaerolineae,Anaerolineales,E44-bin32,Unclassified,Unclassified,The Aral Sea Basin,60.44724032,0.85101,43.5,59,90.91,6.55,0,3757892,30532,14,0.576,taxonomic novelty determined using RED,Novel,Unclassified Aral Sea Basin SGBs,Medium-quality,22,2,1,1,4
2-b.bin.12,4,Wild plant,Isolate,Bacteria,Desulfobacterota_B,Binatia,JACPRU01,JACPRU01,Unclassified,Unclassified,The Aral Sea Basin,73.76279605,0.74885,43.5,59,89.69,3.58,0,6442911,7008,2,0.668,taxonomic novelty determined using RED,Novel,Unclassified Aral Sea Basin SGBs,Medium-quality,24,1,0,0,1
2-b.bin.26,3,Wild plant,Isolate,Bacteria,Pseudomonadota,Alphaproteobacteria,Rhodobacterales,Rhodobacteraceae,Thermohalobaculum,Unclassified,The Aral Sea Basin,77.36468854,0.87377,43.5,59,86.64,2.66,75,3044635,9857,20,0.709,taxonomic classification fully defined by topology,Defined,Unclassified Aral Sea Basin SGBs,Medium-quality,21,0,0,0,0
2-b.bin.27,2,Wild plant,Isolate,Bacteria,Actinomycetota,JAICYB01,JAICYB01,JAICYB01,Unclassified,Unclassified,The Aral Sea Basin,86.33822915,0.70373,43.5,59,96.58,2.56,0,4691697,104570,6,0.687,taxonomic novelty determined using RED,Novel,Unclassified Aral Sea Basin SGBs,High-quality,25,2,1,1,4
2-b.bin.34,0,Wild plant,Isolate,Bacteria,Chloroflexota,Dehalococcoidia,SM23-28-2,RBG-16-64-32,CF-162,Unclassified,The Aral Sea Basin,93.31026351,0.94235,43.5,59,91.25,0,0,2332420,10484,2,0.675,taxonomic novelty determined using RED,Novel,Unclassified Aral Sea Basin SGBs,Medium-quality,23,0,0,0,0
2-b.bin.7,5,Wild plant,Isolate,Bacteria,Pseudomonadota,Gammaproteobacteria,Arenicellales,JAANXG01,JAANXG01,Unclassified,The Aral Sea Basin,80.37931664,0.92255,43.5,59,92.77,3.05,25,3746321,13166,8,0.657,taxonomic novelty determined using RED,Novel,Unclassified Aral Sea Basin SGBs,Medium-quality,18,0,0,0,0
2-c.bin.32,2,Wild plant,Isolate,Bacteria,Pseudomonadota,Gammaproteobacteria,Pseudomonadales,Oleiphilaceae,Marinobacter,Unclassified,The Aral Sea Basin,100.8873484,0.98223,43.5,59,98.75,0.07,0,4004922,76527,35,0.577,taxonomic classification defined by topology and ANI,Defined,Unclassified Aral Sea Basin SGBs,Medium-quality,22,0,0,3,3
4-B.bin.24,2,Wild plant,Isolate,Bacteria,Pseudomonadota,Gammaproteobacteria,Pseudomonadales,Oleiphilaceae,Marinobacter,Unclassified,The Aral Sea Basin,91.56335677,0.98454,43.5,59,95.22,1.36,66.67,3687035,24093,4,0.581,taxonomic classification defined by topology and ANI,Defined,Unclassified Aral Sea Basin SGBs,Medium-quality,20,1,0,0,1
4-B.bin.27,11,Wild plant,Isolate,Bacteria,Bacteroidota,Bacteroidia,Flavobacteriales,Flavobacteriaceae,Sinomicrobium,Unclassified,The Aral Sea Basin,95.69389539,0.97235,43.5,59,98.16,0.97,0,4989237,48695,11,0.461,taxonomic classification defined by topology and ANI,Defined,Unclassified Aral Sea Basin SGBs,High-quality,22,1,1,2,4
4-B.bin.28,0,Wild plant,Isolate,Bacteria,Actinomycetota,Acidimicrobiia,IMCC26256,JACPCJ01,Unclassified,Unclassified,The Aral Sea Basin,72.68907705,0.80357,43.5,59,77.21,1.28,0,2203309,4897,4,0.693,taxonomic novelty determined using RED,Novel,Unclassified Aral Sea Basin SGBs,Medium-quality,21,0,0,0,0
4-B.bin.41,0,Wild plant,Isolate,Bacteria,Gemmatimonadota,Gemmatimonadetes,Palauibacterales,Palauibacteraceae,Unclassified,Unclassified,The Aral Sea Basin,51.11490735,0.83081,43.5,59,75.86,5.17,0,2036897,12877,1,0.736,taxonomic novelty determined using RED,Novel,Unclassified Aral Sea Basin SGBs,Medium-quality,14,0,0,1,1
4-B.bin.44,0,Wild plant,Isolate,Bacteria,Pseudomonadota,Gammaproteobacteria,JAIVGZ01,JAIVGZ01,JAIVGZ01,Unclassified,The Aral Sea Basin,82.01728789,0.86174,43.5,59,93.1,2.74,15.38,1802222,19797,6,0.665,taxonomic novelty determined using RED,Novel,Unclassified Aral Sea Basin SGBs,Medium-quality,23,1,0,0,1
4-B.bin.8,0,Wild plant,Isolate,Bacteria,Actinomycetota,Acidimicrobiia,UBA5794,ZC4RG35,ZC4RG17,Unclassified,The Aral Sea Basin,79.38490905,0.87837,43.5,59,91.17,3.3,83.33,3205543,7387,4,0.658,taxonomic novelty determined using RED,Novel,Unclassified Aral Sea Basin SGBs,High-quality,21,1,1,1,3
4-C.bin.16,9,Wild plant,Isolate,Bacteria,Pseudomonadota,Gammaproteobacteria,Pseudomonadales,Halomonadaceae,Halomonas,Unclassified,The Aral Sea Basin,84.55424,0.99828,43.5,59,96.37,3.01,33.33,4895428,23492,5,0.599,taxonomic classification defined by topology and ANI,Defined,Unclassified Aral Sea Basin SGBs,Medium-quality,19,0,0,2,2
4-C.bin.25,4,Wild plant,Isolate,Bacteria,Planctomycetota,Planctomycetia,Planctomycetales,Planctomycetaceae,Unclassified,Unclassified,The Aral Sea Basin,98.42802564,0.74649,43.5,59,96.67,0.1,0,6215390,26422,6,0.629,taxonomic classification fully defined by topology,Defined,Unclassified Aral Sea Basin SGBs,High-quality,24,1,2,1,4
4-C.bin.32,2,Wild plant,Isolate,Bacteria,Pseudomonadota,Gammaproteobacteria,Pseudomonadales,Oleiphilaceae,Marinobacter,Unclassified,The Aral Sea Basin,84.79791699,0.97057,43.5,59,92.79,2.48,92.86,3780562,13240,3,0.585,taxonomic classification defined by topology and ANI,Defined,Unclassified Aral Sea Basin SGBs,Medium-quality,21,0,0,1,1
4-C.bin.7,5,Wild plant,Isolate,Bacteria,Pseudomonadota,Gammaproteobacteria,UBA4486,UBA4486,Methylohalomonas,Unclassified,The Aral Sea Basin,81.88999707,0.98155,43.5,59,87.51,1.9,90,2197821,17909,6,0.61,taxonomic classification defined by topology and ANI,Defined,Unclassified Aral Sea Basin SGBs,Medium-quality,21,1,0,0,1
4-D.bin.11,3,Wild plant,Isolate,Bacteria,Bacteroidota,Rhodothermia,Balneolales,Balneolaceae,Halalkalibaculum,Unclassified,The Aral Sea Basin,86.02879684,0.94953,43.5,59,92.35,1.91,60,3475891,12081,6,0.439,taxonomic novelty determined using RED,Novel,Unclassified Aral Sea Basin SGBs,Medium-quality,20,2,0,2,4
4-D.bin.19,14,Wild plant,Isolate,Bacteria,Acidobacteriota,Thermoanaerobaculia,Multivoradales,JAIOJS01,Unclassified,Unclassified,The Aral Sea Basin,85.74635759,0.73015,43.5,59,96.15,2.56,0,5301654,49788,5,0.679,taxonomic novelty determined using RED,Novel,Unclassified Aral Sea Basin SGBs,High-quality,25,1,1,1,3
4-D.bin.3,1,Wild plant,Isolate,Bacteria,Pseudomonadota,Gammaproteobacteria,Xanthomonadales,Wenzhouxiangellaceae,Unclassified,Unclassified,The Aral Sea Basin,95.45684924,0.85437,43.5,59,97.46,0.94,0,2802394,197119,6,0.671,taxonomic novelty determined using RED,Novel,Unclassified Aral Sea Basin SGBs,High-quality,23,1,1,1,3
4-D.bin.4,3,Wild plant,Isolate,Bacteria,Bacteroidota,Bacteroidia,Flavobacteriales,Flavobacteriaceae,Salegentibacter,Unclassified,The Aral Sea Basin,94.01344148,0.98944,43.5,59,97.69,1.21,0,4410202,45275,5,0.377,taxonomic classification defined by topology and ANI,Defined,Unclassified Aral Sea Basin SGBs,High-quality,23,1,1,2,4
4-D.bin.8,1,Wild plant,Isolate,Bacteria,Gemmatimonadota,Gemmatimonadetes,Palauibacterales,Palauibacteraceae,Unclassified,Unclassified,The Aral Sea Basin,81.71972155,0.88928,43.5,59,89.56,2.2,50,2716180,10859,12,0.69,taxonomic novelty determined using RED,Novel,Unclassified Aral Sea Basin SGBs,Medium-quality,23,0,0,2,2
5-B.bin.11,6,Wild plant,Isolate,Bacteria,Pseudomonadota,Gammaproteobacteria,Pseudomonadales,Halomonadaceae,Modicisalibacter,Unclassified,The Aral Sea Basin,85.9468997,0.96958,43.5,59,93.09,2.03,23.08,4009895,95144,3,0.626,taxonomic classification defined by topology and ANI,Defined,Unclassified Aral Sea Basin SGBs,Medium-quality,23,0,0,3,3
5-B.bin.13,12,Wild plant,Isolate,Bacteria,Bacteroidota,Bacteroidia,Flavobacteriales,Flavobacteriaceae,Sinomicrobium,Sinomicrobium kalidii,The Aral Sea Basin,91.94884251,N/A,43.5,59,98.55,1.8,0,4666200,52114,14,0.457,taxonomic classification defined by topology and ANI,Defined,Published genomes,High-quality,23,1,1,3,5
5-B.bin.14,23,Wild plant,Isolate,Bacteria,Actinomycetota,Actinomycetes,Streptosporangiales,Streptosporangiaceae,Nocardiopsis,Unclassified,The Aral Sea Basin,96.70076726,0.99043,43.5,59,97.91,0.83,66.67,6550912,47523,4,0.722,taxonomic classification defined by topology and ANI,Defined,Unclassified Aral Sea Basin SGBs,Medium-quality,23,0,0,5,5
5-B.bin.2,4,Wild plant,Isolate,Bacteria,Pseudomonadota,Gammaproteobacteria,Pseudomonadales,Halomonadaceae,Halomonas,Halomonas beimenensis,The Aral Sea Basin,84.59851655,N/A,43.5,59,92.01,2.09,28.57,3692559,61340,4,0.686,taxonomic classification defined by topology and ANI,Defined,Published genomes,Medium-quality,20,0,1,3,4
5-B.bin.28,2,Wild plant,Isolate,Bacteria,Pseudomonadota,Gammaproteobacteria,XJ16,Halofilaceae,Halofilum,Unclassified,The Aral Sea Basin,64.91664773,0.89745,43.5,59,79.4,3.61,47.37,2266072,4498,2,0.663,taxonomic classification fully defined by topology,Defined,Unclassified Aral Sea Basin SGBs,Medium-quality,18,0,0,0,0
5-B.bin.45,3,Wild plant,Isolate,Bacteria,Pseudomonadota,Alphaproteobacteria,Kiloniellales,Kiloniellaceae,Pelagibius,Unclassified,The Aral Sea Basin,84.46013259,0.94444,43.5,59,94.74,2.59,20,4998623,16382,9,0.668,taxonomic classification defined by topology and ANI,Defined,Unclassified Aral Sea Basin SGBs,Medium-quality,21,1,0,0,1
5-B.bin.7,3,Wild plant,Isolate,Bacteria,Pseudomonadota,Gammaproteobacteria,Pseudomonadales,Halomonadaceae,Vreelandella,Unclassified,The Aral Sea Basin,87.42761379,0.99134,43.5,59,94.05,2.08,71.43,3287038,31088,6,0.54,taxonomic classification defined by topology and ANI,Defined,Unclassified Aral Sea Basin SGBs,Medium-quality,22,0,1,6,7
5-C.bin.12,1,Wild plant,Isolate,Bacteria,Pseudomonadota,Gammaproteobacteria,Pseudomonadales,Porticoccaceae,DGNJ01,Unclassified,The Aral Sea Basin,95.78818128,0.89898,43.5,59,95.8,0.43,0,2810577,15236,6,0.628,taxonomic novelty determined using RED,Novel,Unclassified Aral Sea Basin SGBs,High-quality,22,1,1,1,3
5-C.bin.16,5,Wild plant,Isolate,Bacteria,Pseudomonadota,Gammaproteobacteria,Pseudomonadales,Halomonadaceae,Vreelandella,Unclassified,The Aral Sea Basin,73.97758272,0.994,43.5,59,85.01,2.9,54.55,2609281,4691,2,0.543,taxonomic classification defined by topology and ANI,Defined,Unclassified Aral Sea Basin SGBs,Medium-quality,18,0,0,2,2
5-C.bin.40,8,Wild plant,Isolate,Bacteria,Bacillota,Bacilli,Bacillales_G,Fictibacillaceae,Pseudalkalibacillus,Unclassified,The Aral Sea Basin,94.77468457,0.9855,43.5,59,98.34,1.32,50,3616965,45543,5,0.421,taxonomic classification defined by topology and ANI,Defined,Unclassified Aral Sea Basin SGBs,High-quality,22,5,2,5,12
5-C.bin.44,2,Wild plant,Isolate,Bacteria,Bacteroidota,Rhodothermia,Balneolales,Balneolaceae,Rhodohalobacter,Unclassified,The Aral Sea Basin,81.41182311,0.86068,43.5,59,92.51,2.73,14.29,4241947,17109,6,0.426,taxonomic classification fully defined by topology,Defined,Unclassified Aral Sea Basin SGBs,High-quality,23,2,1,1,4
5-C.bin.5,1,Wild plant,Isolate,Bacteria,Pseudomonadota,Gammaproteobacteria,Pseudomonadales,Natronospirillaceae,Saccharospirillum,Unclassified,The Aral Sea Basin,93.16068577,0.94681,43.5,59,95.41,0.96,16.67,3992780,49733,17,0.615,taxonomic classification fully defined by topology,Defined,Unclassified Aral Sea Basin SGBs,Medium-quality,20,0,0,3,3
5-C.bin.53,24,Wild plant,Isolate,Bacteria,KSB1,UBA2214,CR04bin15,N075bin58,Unclassified,Unclassified,The Aral Sea Basin,84.91805412,0.70848,43.5,59,95.72,2.85,50,5446156,8833,2,0.512,taxonomic novelty determined using RED,Novel,Unclassified Aral Sea Basin SGBs,High-quality,23,1,1,1,3
5-C.bin.9,2,Wild plant,Isolate,Bacteria,Pseudomonadota,Alphaproteobacteria,Rhodospirillales_A,Casp-alpha2,Unclassified,Unclassified,The Aral Sea Basin,89.06437643,0.81524,43.5,59,87.72,0.17,0,3609844,20904,16,0.689,taxonomic classification fully defined by topology,Defined,Unclassified Aral Sea Basin SGBs,Medium-quality,23,1,0,0,1
5-D.bin.20,0,Wild plant,Isolate,Bacteria,Gemmatimonadota,Gemmatimonadetes,Palauibacterales,KS3-K002,Unclassified,Unclassified,The Aral Sea Basin,90.08917034,0.80932,43.5,59,93.41,1.1,0,3243123,18955,19,0.712,taxonomic novelty determined using RED,Novel,Unclassified Aral Sea Basin SGBs,Medium-quality,21,1,0,0,1
5-D.bin.21,0,Wild plant,Isolate,Bacteria,Pseudomonadota,Gammaproteobacteria,XJ16,Halofilaceae,Halofilum,Unclassified,The Aral Sea Basin,72.38223558,0.89232,43.5,59,81.69,2.33,14.29,2710794,8755,3,0.657,taxonomic classification fully defined by topology,Defined,Unclassified Aral Sea Basin SGBs,Medium-quality,23,2,1,1,4
5-D.bin.3,4,Wild plant,Isolate,Bacteria,Pseudomonadota,Gammaproteobacteria,Pseudomonadales,Halomonadaceae,Modicisalibacter,Unclassified,The Aral Sea Basin,69.60491672,0.92368,43.5,59,87.05,4.47,61.9,2697568,15436,4,0.621,taxonomic classification defined by topology and ANI,Defined,Unclassified Aral Sea Basin SGBs,Medium-quality,22,0,0,3,3
5-D.bin.31,17,Wild plant,Isolate,Bacteria,Actinomycetota,Actinomycetes,Streptosporangiales,Streptosporangiaceae,Nocardiopsis,Nocardiopsis sinuspersici,The Aral Sea Basin,82.52600951,N/A,43.5,59,80.34,0,0,5311431,19280,3,0.718,taxonomic classification defined by topology and ANI,Defined,Published genomes,Medium-quality,23,0,0,3,3
5-D.bin.34,1,Wild plant,Isolate,Bacteria,Pseudomonadota,Gammaproteobacteria,Nitrosococcales,Methylophagaceae,Methylophaga,Unclassified,The Aral Sea Basin,72.30738073,0.98219,43.5,59,87.16,3.69,45,2296467,6271,4,0.497,taxonomic classification defined by topology and ANI,Defined,Unclassified Aral Sea Basin SGBs,Medium-quality,19,0,0,0,0
5-D.bin.45,1,Wild plant,Isolate,Bacteria,Actinomycetota,Acidimicrobiia,IMCC26256,JACPCJ01,Unclassified,Unclassified,The Aral Sea Basin,91.02760147,0.80499,43.5,59,99.15,2.14,0,3851965,115107,11,0.692,taxonomic novelty determined using RED,Novel,Unclassified Aral Sea Basin SGBs,High-quality,25,1,1,1,3
5-D.bin.48,1,Wild plant,Isolate,Bacteria,Gemmatimonadota,Gemmatimonadetes,Longimicrobiales,UBA6960,Unclassified,Unclassified,The Aral Sea Basin,82.43851175,0.70839,43.5,59,85.76,1.1,0,3350436,18386,9,0.718,taxonomic classification fully defined by topology,Defined,Unclassified Aral Sea Basin SGBs,Medium-quality,18,0,0,1,1
5-D.bin.56,0,Wild plant,Isolate,Bacteria,Gemmatimonadota,Gemmatimonadetes,Longimicrobiales,UBA6960,Unclassified,Unclassified,The Aral Sea Basin,36.2458606,0.71207,43.5,59,76.26,8.42,15.38,3263593,3032,1,0.72,taxonomic classification fully defined by topology,Defined,Unclassified Aral Sea Basin SGBs,Medium-quality,20,1,0,0,1
5-D.bin.6,5,Wild plant,Isolate,Bacteria,Pseudomonadota,Gammaproteobacteria,Pseudomonadales,Halomonadaceae,Modicisalibacter,Modicisalibacter luteus,The Aral Sea Basin,93.70120146,N/A,43.5,59,96.39,1.09,50,3518833,22040,4,0.595,taxonomic classification defined by topology and ANI,Defined,Published genomes,Medium-quality,23,0,0,3,3
5-D.bin.61,1,Wild plant,Isolate,Bacteria,Pseudomonadota,Gammaproteobacteria,Pseudomonadales,Spongiibacteraceae,Unclassified,Unclassified,The Aral Sea Basin,74.92594235,0.84924,43.5,59,93.44,4.54,45,4312881,15864,6,0.636,taxonomic novelty determined using RED,Novel,Unclassified Aral Sea Basin SGBs,Medium-quality,15,1,0,0,1
6-B.bin.15,9,Wild plant,Isolate,Bacteria,Acidobacteriota,Polarisedimenticolia,JACPZX01,JACPZX01,Unclassified,Unclassified,The Aral Sea Basin,86.56669399,0.73273,43.5,59,93.16,1.88,33.33,5228782,18885,5,0.698,taxonomic novelty determined using RED,Novel,Unclassified Aral Sea Basin SGBs,Medium-quality,24,0,1,1,2
6-B.bin.19,0,Wild plant,Isolate,Bacteria,Actinomycetota,Nitriliruptoria,Nitriliruptorales,Nitriliruptoraceae,Unclassified,Unclassified,The Aral Sea Basin,79.11446488,0.77789,43.5,59,82.15,0.85,0,3415339,21327,1,0.72,taxonomic novelty determined using RED,Novel,Unclassified Aral Sea Basin SGBs,Medium-quality,17,0,1,1,2
6-B.bin.28,2,Wild plant,Isolate,Bacteria,Pseudomonadota,Gammaproteobacteria,Woeseiales,Woeseiaceae,Unclassified,Unclassified,The Aral Sea Basin,76.7852606,0.80317,43.5,59,88.91,3.1,37.5,3925050,21671,9,0.666,taxonomic classification fully defined by topology,Defined,Unclassified Aral Sea Basin SGBs,Medium-quality,19,1,1,1,3
6-B.bin.34,0,Wild plant,Isolate,Bacteria,Actinomycetota,JAICYB01,JAICYB01,JAICYB01,Unclassified,Unclassified,The Aral Sea Basin,91.40447212,0.6857,43.5,59,98.29,1.92,0,4261657,214002,6,0.682,taxonomic novelty determined using RED,Novel,Unclassified Aral Sea Basin SGBs,High-quality,24,1,2,1,4
6-B.bin.35,12,Wild plant,Isolate,Bacteria,Actinomycetota,Actinomycetes,Mycobacteriales,Pseudonocardiaceae,Amycolatopsis_C,Unclassified,The Aral Sea Basin,80.09272077,0.99382,43.5,59,86.36,1.98,81.82,4817457,8754,3,0.687,taxonomic classification defined by topology and ANI,Defined,Unclassified Aral Sea Basin SGBs,Medium-quality,23,0,0,1,1
6-B.bin.50,1,Wild plant,Isolate,Bacteria,Gemmatimonadota,Gemmatimonadetes,Palauibacterales,Palauibacteraceae,Unclassified,Unclassified,The Aral Sea Basin,59.63873276,0.88986,43.5,59,84.37,6.04,57.14,2857934,8842,3,0.691,taxonomic novelty determined using RED,Novel,Unclassified Aral Sea Basin SGBs,Medium-quality,16,1,0,2,3
6-C.bin.13,9,Wild plant,Isolate,Bacteria,Pseudomonadota,Gammaproteobacteria,Pseudomonadales,Halomonadaceae,Halomonas,Halomonas heilongjiangensis,The Aral Sea Basin,72.69156553,N/A,43.5,59,79.31,1.72,0,4046748,7741,4,0.679,taxonomic classification defined by topology and ANI,Defined,Published genomes,Medium-quality,21,0,0,2,2
6-C.bin.22,1,Wild plant,Isolate,Bacteria,Actinomycetota,Actinomycetes,Propionibacteriales,Nocardioidaceae,WHTB01,Unclassified,The Aral Sea Basin,85.59289977,0.87171,43.5,59,97.75,3.04,22.22,4170700,43648,6,0.693,taxonomic novelty determined using RED,Novel,Unclassified Aral Sea Basin SGBs,Medium-quality,25,0,0,2,2
6-C.bin.32,0,Wild plant,Isolate,Bacteria,Actinomycetota,Thermoleophilia,Solirubrobacterales,Sep-70,VRUE01,Unclassified,The Aral Sea Basin,80.6375071,0.89792,43.5,59,95.26,3.53,22.22,2287222,24636,6,0.703,taxonomic classification defined by topology and ANI,Defined,Unclassified Aral Sea Basin SGBs,High-quality,23,1,1,1,3
6-C.bin.39,21,Wild plant,Isolate,Bacteria,Actinomycetota,Actinomycetes,Mycobacteriales,Pseudonocardiaceae,Amycolatopsis_C,Unclassified,The Aral Sea Basin,56.29524081,0.99681,43.5,59,87.6,7.8,82.76,5544630,23984,1,0.68,taxonomic classification defined by topology and ANI,Defined,Unclassified Aral Sea Basin SGBs,Medium-quality,24,1,0,1,2
6-C.bin.42,3,Wild plant,Isolate,Bacteria,Pseudomonadota,Gammaproteobacteria,Burkholderiales,SG8-41,SG8-41,Unclassified,The Aral Sea Basin,81.14844502,0.95771,43.5,59,91.63,2.71,36.36,3403472,12071,6,0.647,taxonomic classification fully defined by topology,Defined,Unclassified Aral Sea Basin SGBs,High-quality,23,1,1,1,3
6-C.bin.44,0,Wild plant,Isolate,Bacteria,Actinomycetota,Nitriliruptoria,Nitriliruptorales,JAHWKO01,JAHWKO01,Unclassified,The Aral Sea Basin,89.68710448,0.98154,43.5,59,95.73,1.8,33.33,3564160,41653,4,0.703,taxonomic classification defined by topology and ANI,Defined,Unclassified Aral Sea Basin SGBs,Medium-quality,24,0,1,1,2
6-C.bin.46,1,Wild plant,Isolate,Bacteria,Pseudomonadota,Gammaproteobacteria,Xanthomonadales,SZUA-36,CALKKN01,Unclassified,The Aral Sea Basin,69.65230646,0.94801,43.5,59,89.4,4.4,0,4271191,25870,5,0.67,taxonomic classification fully defined by topology,Defined,Unclassified Aral Sea Basin SGBs,Medium-quality,18,1,0,0,1
6-C.bin.47,3,Wild plant,Isolate,Bacteria,Pseudomonadota,Gammaproteobacteria,Woeseiales,Woeseiaceae,IDS-8,Unclassified,The Aral Sea Basin,70.52341126,0.88366,43.5,59,94.83,6.55,92.59,4334739,45979,3,0.657,taxonomic novelty determined using RED,Novel,Unclassified Aral Sea Basin SGBs,Medium-quality,22,0,0,0,0
7-B.bin.13,1,Wild plant,Isolate,Bacteria,Pseudomonadota,Gammaproteobacteria,Xanthomonadales,SZUA-36,JAUIBE01,Unclassified,The Aral Sea Basin,83.62887313,0.91152,43.5,59,94.38,2.75,20,3197600,63211,6,0.623,taxonomic novelty determined using RED,Novel,Unclassified Aral Sea Basin SGBs,High-quality,23,1,2,1,4
7-B.bin.8,7,Wild plant,Isolate,Bacteria,Pseudomonadota,Gammaproteobacteria,Pseudomonadales,Oleiphilaceae,Marinobacter,Marinobacter sp003994855,The Aral Sea Basin,71.7585894,N/A,43.5,59,93.98,6.01,94.74,4355235,15092,2,0.578,taxonomic classification defined by topology and ANI,Defined,Published genomes,Medium-quality,17,1,1,2,4
7-c.bin.46,0,Wild plant,Isolate,Bacteria,Pseudomonadota,Gammaproteobacteria,JAIVGZ01,JAIVGZ01,JAIVGZ01,Unclassified,The Aral Sea Basin,88.70338432,0.89361,43.5,59,89.65,0.64,40,1743158,8048,4,0.67,taxonomic novelty determined using RED,Novel,Unclassified Aral Sea Basin SGBs,Medium-quality,18,0,1,1,2
7-c.bin.5,6,Wild plant,Isolate,Bacteria,Pseudomonadota,Gammaproteobacteria,Pseudomonadales,Pseudomonadaceae,Pseudomonas_E,Unclassified,The Aral Sea Basin,64.79928621,0.98789,43.5,59,80.43,3.76,34.48,3312083,4787,3,0.642,taxonomic classification defined by topology and ANI,Defined,Unclassified Aral Sea Basin SGBs,Medium-quality,16,0,0,1,1
7-c.bin.59,6,Wild plant,Isolate,Bacteria,Pseudomonadota,Gammaproteobacteria,HK1,HK1,CAMYJH01,Unclassified,The Aral Sea Basin,76.40087262,0.88682,43.5,59,92.72,3.96,27.78,3936806,47044,3,0.622,taxonomic novelty determined using RED,Novel,Unclassified Aral Sea Basin SGBs,High-quality,23,1,1,1,3
7-c.bin.9,2,Wild plant,Isolate,Bacteria,Chloroflexota,Anaerolineae,Anaerolineales,E44-bin32,Unclassified,Unclassified,The Aral Sea Basin,37.69296557,0.87577,43.5,59,76.75,8.33,8.33,2505119,5530,2,0.663,taxonomic novelty determined using RED,Novel,Unclassified Aral Sea Basin SGBs,Medium-quality,17,1,0,0,1
7-D.bin.13,3,Wild plant,Isolate,Bacteria,Pseudomonadota,Alphaproteobacteria,Rhizobiales,Rhizobiaceae,Nitratireductor_A,Nitratireductor_A luteus,The Aral Sea Basin,67.27290479,N/A,43.5,59,82.76,3.39,15.38,3691087,6068,1,0.631,taxonomic classification defined by topology and ANI,Defined,Published genomes,Medium-quality,18,0,0,0,0
7-D.bin.23,1,Wild plant,Isolate,Bacteria,Desulfobacterota_B,Binatia,JACPRU01,JACPRU01,Unclassified,Unclassified,The Aral Sea Basin,55.61705945,0.75886,43.5,59,75.54,4.37,0,4193689,5677,2,0.683,taxonomic novelty determined using RED,Novel,Unclassified Aral Sea Basin SGBs,Medium-quality,17,1,0,1,2
7-D.bin.27,2,Wild plant,Isolate,Bacteria,Gemmatimonadota,Gemmatimonadetes,Palauibacterales,Palauibacteraceae,JAOTZH01,Unclassified,The Aral Sea Basin,63.08997895,0.88566,43.5,59,81.3,3.85,0,3928710,9549,1,0.712,taxonomic novelty determined using RED,Novel,Unclassified Aral Sea Basin SGBs,Medium-quality,20,1,0,0,1
7-D.bin.33,0,Wild plant,Isolate,Bacteria,Actinomycetota,Nitriliruptoria,Euzebyales,Egibacteraceae,Unclassified,Unclassified,The Aral Sea Basin,82.49834119,0.80579,43.5,59,86.8,1.36,33.33,2699965,10349,2,0.726,taxonomic classification fully defined by topology,Defined,Unclassified Aral Sea Basin SGBs,Medium-quality,20,0,1,1,2
7-D.bin.34,2,Wild plant,Isolate,Bacteria,Actinomycetota,Actinomycetes,Propionibacteriales,Nocardioidaceae,Nocardioides,Unclassified,The Aral Sea Basin,99.17280306,0.96051,43.5,59,99.22,0.52,0,3807794,101419,6,0.689,taxonomic classification defined by topology and ANI,Defined,Unclassified Aral Sea Basin SGBs,Medium-quality,24,0,0,2,2
7-D.bin.36,0,Wild plant,Isolate,Bacteria,Actinomycetota,Nitriliruptoria,Nitriliruptorales,Nitriliruptoraceae,Unclassified,Unclassified,The Aral Sea Basin,77.87167768,0.77358,43.5,59,88.32,2.56,0,3638556,40771,2,0.72,taxonomic novelty determined using RED,Novel,Unclassified Aral Sea Basin SGBs,Medium-quality,21,0,1,1,2
7-D.bin.41,0,Wild plant,Isolate,Bacteria,Actinomycetota,Acidimicrobiia,Acidimicrobiales,Unclassified,Unclassified,Unclassified,The Aral Sea Basin,70.8819444,0.62074,43.5,59,87.96,3.85,0,3376070,17937,3,0.705,taxonomic classification fully defined by topology,Defined,Unclassified Aral Sea Basin SGBs,Medium-quality,19,0,0,0,0
7-D.bin.44,2,Wild plant,Isolate,Bacteria,Pseudomonadota,Gammaproteobacteria,Burkholderiales,SG8-39,JAABQT01,Unclassified,The Aral Sea Basin,83.86285057,0.9451,43.5,59,90.9,1.89,20,3169809,9868,4,0.697,taxonomic classification defined by topology and ANI,Defined,Unclassified Aral Sea Basin SGBs,Medium-quality,21,0,0,0,0
7-D.bin.45,1,Wild plant,Isolate,Bacteria,Actinomycetota,Acidimicrobiia,Acidimicrobiales,JACDCH01,Unclassified,Unclassified,The Aral Sea Basin,78.04572161,0.89765,43.5,59,84.3,1.71,0,4009532,31238,3,0.693,taxonomic novelty determined using RED,Novel,Unclassified Aral Sea Basin SGBs,Medium-quality,19,1,0,0,1
7-D.bin.57,0,Wild plant,Isolate,Bacteria,Pseudomonadota,Gammaproteobacteria,JAJUFS01,JAJUFS01,JAJUFS01,Unclassified,The Aral Sea Basin,88.82517243,0.88468,43.5,59,93.07,1.34,33.33,2382489,8633,10,0.59,taxonomic novelty determined using RED,Novel,Unclassified Aral Sea Basin SGBs,Medium-quality,20,0,0,0,0
7-D.bin.9,1,Wild plant,Isolate,Bacteria,Pseudomonadota,Gammaproteobacteria,Nitrosococcales,Methylophagaceae,Methylophaga,Unclassified,The Aral Sea Basin,77.41735877,0.9487,43.5,59,88.87,2.76,11.11,2136770,10122,6,0.537,taxonomic classification defined by topology and ANI,Defined,Unclassified Aral Sea Basin SGBs,Medium-quality,17,0,1,1,2
8-a.bin.13,30,Wild plant,Isolate,Bacteria,Actinomycetota,Actinomycetes,Streptomycetales,Streptomycetaceae,Streptomyces,Unclassified,The Aral Sea Basin,65.75010448,0.99443,43.5,59,83.19,3.86,21.43,7443011,9243,1,0.713,taxonomic classification defined by topology and ANI,Defined,Unclassified Aral Sea Basin SGBs,Medium-quality,24,0,1,3,4
8-a.bin.15,6,Wild plant,Isolate,Bacteria,Actinomycetota,Thermoleophilia,Solirubrobacterales,Thermoleophilaceae,JAAYBF01,Unclassified,The Aral Sea Basin,59.03459061,0.97205,43.5,59,93.2,8.31,61.54,2798105,28183,2,0.703,taxonomic classification defined by topology and ANI,Defined,Unclassified Aral Sea Basin SGBs,Medium-quality,23,1,0,0,1
8-a.bin.17,1,Wild plant,Isolate,Bacteria,Actinomycetota,Thermoleophilia,Solirubrobacterales,Solirubrobacteraceae,CADCVQ01,Unclassified,The Aral Sea Basin,83.39121691,0.98069,43.5,59,84.39,0.43,0,3223546,15938,1,0.7,taxonomic classification defined by topology and ANI,Defined,Unclassified Aral Sea Basin SGBs,Medium-quality,20,1,0,0,1
8-a.bin.3,5,Wild plant,Isolate,Bacteria,Actinomycetota,Actinomycetes,Mycobacteriales,Pseudonocardiaceae,Pseudonocardia,Unclassified,The Aral Sea Basin,85.05254462,0.91377,43.5,59,90.86,1.6,0,4003345,19543,3,0.748,taxonomic classification fully defined by topology,Defined,Unclassified Aral Sea Basin SGBs,High-quality,22,1,1,1,3
8-a.bin.5,9,Wild plant,Isolate,Bacteria,Actinomycetota,Actinomycetes,Mycobacteriales,Micromonosporaceae,Glycomyces,Unclassified,The Aral Sea Basin,93.11302093,0.99108,43.5,59,99.73,1.8,0,4382998,46884,6,0.693,taxonomic classification defined by topology and ANI,Defined,Unclassified Aral Sea Basin SGBs,Medium-quality,22,0,1,2,3
8-a.bin.8,50,Wild plant,Isolate,Bacteria,Actinomycetota,Actinomycetes,Mycobacteriales,Pseudonocardiaceae,Actinophytocola,Unclassified,The Aral Sea Basin,87.29027732,0.9524,43.5,59,98.26,2.69,7.14,7852668,30337,4,0.699,taxonomic classification fully defined by topology,Defined,Unclassified Aral Sea Basin SGBs,Medium-quality,24,0,1,1,2
8-B.bin.11,13,Wild plant,Isolate,Bacteria,Acidobacteriota,Thermoanaerobaculia,Gp7-AA8,Gp7-AA8,QHVT01,Unclassified,The Aral Sea Basin,85.5048008,0.96646,43.5,59,97.58,3.13,42.86,6400267,23492,6,0.663,taxonomic classification fully defined by topology,Defined,Unclassified Aral Sea Basin SGBs,High-quality,24,1,1,1,3
8-C.bin.6,110,Wild plant,Isolate,Bacteria,Chloroflexota,Chloroflexia,Chloroflexales,Kallotenuaceae,LB3-1,Unclassified,The Aral Sea Basin,81.46320056,0.98326,43.5,59,95.25,3.18,0,6136170,13799,5,0.607,taxonomic classification defined by topology and ANI,Defined,Unclassified Aral Sea Basin SGBs,Medium-quality,24,1,1,0,2
9-A.bin.16,2,Wild plant,Isolate,Bacteria,Chloroflexota,Anaerolineae,Promineifilales,Promineifilaceae,JAAYYY01,Unclassified,The Aral Sea Basin,81.50201766,0.92662,43.5,59,79.31,0,0,6164143,19518,2,0.624,taxonomic classification fully defined by topology,Defined,Unclassified Aral Sea Basin SGBs,Medium-quality,22,1,0,0,1
9-A.bin.18,2,Wild plant,Isolate,Bacteria,Gemmatimonadota,Gemmatimonadetes,Longimicrobiales,UBA6960,Unclassified,Unclassified,The Aral Sea Basin,68.77383527,0.78429,43.5,59,79.31,2.59,50,4865079,13730,1,0.725,taxonomic novelty determined using RED,Novel,Unclassified Aral Sea Basin SGBs,Medium-quality,20,1,0,1,2
9-A.bin.19,2,Wild plant,Isolate,Bacteria,Chloroflexota,Anaerolineae,Promineifilales,Promineifilaceae,JAAYYY01,Unclassified,The Aral Sea Basin,71.90106879,0.92965,43.5,59,93.1,5.72,90.91,5567798,20713,8,0.598,taxonomic classification fully defined by topology,Defined,Unclassified Aral Sea Basin SGBs,Medium-quality,22,2,2,4,8
9-A.bin.24,7,Wild plant,Isolate,Bacteria,Pseudomonadota,Gammaproteobacteria,SZUA-152,SZUA-152,JAJDNG01,Unclassified,The Aral Sea Basin,83.38741237,0.88415,43.5,59,95.83,2.96,4.17,4734443,23826,6,0.553,taxonomic classification fully defined by topology,Defined,Unclassified Aral Sea Basin SGBs,High-quality,23,1,2,1,4
9-A.bin.27,0,Wild plant,Isolate,Bacteria,Eisenbacteria,RBG-16-71-46,JABDJR01,JABDJR01,Unclassified,Unclassified,The Aral Sea Basin,66.71406318,0.73699,43.5,59,78.69,2.7,28.57,2570759,2543,1,0.639,taxonomic novelty determined using RED,Novel,Unclassified Aral Sea Basin SGBs,Medium-quality,16,0,1,1,2
9-A.bin.33,6,Wild plant,Isolate,Bacteria,Gemmatimonadota,Gemmatimonadetes,Longimicrobiales,UBA6960,UBA2589,Unclassified,The Aral Sea Basin,71.47474157,0.94663,43.5,59,85.71,3.3,0,4451725,27505,5,0.69,taxonomic classification fully defined by topology,Defined,Unclassified Aral Sea Basin SGBs,Medium-quality,25,1,1,1,3
9-A.bin.37,2,Wild plant,Isolate,Bacteria,Nitrospirota,Nitrospiria,Unclassified,Unclassified,Unclassified,Unclassified,The Aral Sea Basin,86.9377593,0.48537,43.5,59,89.24,0.91,0,2245100,24861,2,0.493,taxonomic classification fully defined by topology,Defined,Unclassified Aral Sea Basin SGBs,Medium-quality,19,0,0,0,0
9-A.bin.4,2,Wild plant,Isolate,Bacteria,Pseudomonadota,Gammaproteobacteria,Arenicellales,JAANXG01,JAANXG01,Unclassified,The Aral Sea Basin,88.2903715,0.92969,43.5,59,92.78,1.42,25,3203140,28247,4,0.63,taxonomic novelty determined using RED,Novel,Unclassified Aral Sea Basin SGBs,Medium-quality,23,0,0,0,0
9-A.bin.41,4,Wild plant,Isolate,Bacteria,Pseudomonadota,Gammaproteobacteria,Rariloculales,Rariloculaceae,JAHEEO01,Unclassified,The Aral Sea Basin,74.21956218,0.86686,43.5,59,81.91,1.97,0,3902043,16920,3,0.635,taxonomic novelty determined using RED,Novel,Unclassified Aral Sea Basin SGBs,Medium-quality,23,1,1,1,3
9-A.bin.44,2,Wild plant,Isolate,Bacteria,Pseudomonadota,Gammaproteobacteria,Unclassified,Unclassified,Unclassified,Unclassified,The Aral Sea Basin,62.65833527,0.72251,43.5,59,78.45,3.79,35.29,1946053,3887,2,0.601,taxonomic classification fully defined by topology,Defined,Unclassified Aral Sea Basin SGBs,Medium-quality,21,0,0,0,0
9-A.bin.5,8,Wild plant,Isolate,Bacteria,Planctomycetota,Planctomycetia,Pirellulales,JALHLM01,Unclassified,Unclassified,The Aral Sea Basin,79.00739891,0.78654,43.5,59,89.44,2.6,25,7014679,5430,2,0.618,taxonomic novelty determined using RED,Novel,Unclassified Aral Sea Basin SGBs,Medium-quality,19,0,1,1,2
9-A.bin.59,3,Wild plant,Isolate,Bacteria,Pseudomonadota,Gammaproteobacteria,Acidiferrobacterales,CAJVXG01,Unclassified,Unclassified,The Aral Sea Basin,86.30487988,0.82702,43.5,59,96.95,2.63,0,2874604,81443,6,0.56,taxonomic novelty determined using RED,Novel,Unclassified Aral Sea Basin SGBs,High-quality,24,1,1,1,3
9-A.bin.62,1,Wild plant,Isolate,Bacteria,Pseudomonadota,Gammaproteobacteria,SZUA-152,SZUA-152,Unclassified,Unclassified,The Aral Sea Basin,68.98469455,0.85087,43.5,59,88.42,4.55,28.57,2971654,8502,2,0.538,taxonomic classification fully defined by topology,Defined,Unclassified Aral Sea Basin SGBs,Medium-quality,20,1,0,1,2
9-A.bin.80,8,Wild plant,Isolate,Bacteria,Pseudomonadota,Gammaproteobacteria,Pseudomonadales,Halomonadaceae,Halomonas,Halomonas sp003202205,The Aral Sea Basin,95.14733472,N/A,43.5,59,99.35,1.29,0,4064666,25635,33,0.674,taxonomic classification defined by topology and ANI,Defined,Published genomes,Medium-quality,22,0,2,2,4
9-A.bin.81,2,Wild plant,Isolate,Bacteria,Bacteroidota,Rhodothermia,Balneolales,Balneolaceae,Rhodohalobacter,Unclassified,The Aral Sea Basin,81.8744006,0.93453,43.5,59,95.08,3.39,50,5810065,10366,4,0.438,taxonomic classification fully defined by topology,Defined,Unclassified Aral Sea Basin SGBs,High-quality,22,2,3,3,8
9-C.bin.2,3,Wild plant,Isolate,Bacteria,Pseudomonadota,Gammaproteobacteria,Xanthomonadales,Wenzhouxiangellaceae,Unclassified,Unclassified,The Aral Sea Basin,86.86423734,0.83045,43.5,59,96.8,2.47,0,3808740,53639,3,0.629,taxonomic novelty determined using RED,Novel,Unclassified Aral Sea Basin SGBs,High-quality,24,1,1,1,3
9-C.bin.20,0,Wild plant,Isolate,Bacteria,Actinomycetota,Acidimicrobiia,UBA5794,ZC4RG35,Ww567,Unclassified,The Aral Sea Basin,84.34209496,0.93919,43.5,59,94.87,2.56,0,2879375,28261,6,0.634,taxonomic novelty determined using RED,Novel,Unclassified Aral Sea Basin SGBs,Medium-quality,21,0,2,1,3
9-D.bin.15,3,Wild plant,Isolate,Bacteria,Chloroflexota,Dehalococcoidia,UBA3495,UBA3495,Unclassified,Unclassified,The Aral Sea Basin,93.9958008,0.87546,43.5,59,93.73,0.36,50,3723350,5094,4,0.603,taxonomic novelty determined using RED,Novel,Unclassified Aral Sea Basin SGBs,High-quality,24,1,2,1,4
9-D.bin.29,3,Wild plant,Isolate,Bacteria,Pseudomonadota,Gammaproteobacteria,UBA4486,UBA4486,Unclassified,Unclassified,The Aral Sea Basin,94.96629295,0.87878,43.5,59,95.77,0.7,57.14,2541285,32590,14,0.506,taxonomic novelty determined using RED,Novel,Unclassified Aral Sea Basin SGBs,High-quality,22,1,2,1,4
9-D.bin.34,4,Wild plant,Isolate,Bacteria,Acidobacteriota,Thermoanaerobaculia,Multivoradales,UBA5704,Unclassified,Unclassified,The Aral Sea Basin,92.53162573,0.70326,43.5,59,98.01,1.71,50,4365397,24496,22,0.724,taxonomic classification fully defined by topology,Defined,Unclassified Aral Sea Basin SGBs,High-quality,24,1,1,1,3
9-D.bin.53,0,Wild plant,Isolate,Bacteria,Actinomycetota,UBA4738,AC-67,AC-67,Unclassified,Unclassified,The Aral Sea Basin,96.40199672,0.81761,43.5,59,98.29,0.85,0,3731735,46165,11,0.693,taxonomic novelty determined using RED,Novel,Unclassified Aral Sea Basin SGBs,High-quality,26,2,2,2,6
9-D.bin.55,6,Wild plant,Isolate,Bacteria,Gemmatimonadota,Gemmatimonadetes,Gemmatimonadales,GWC2-71-9,Unclassified,Unclassified,The Aral Sea Basin,84.23388411,0.83441,43.5,59,97.25,3.3,33.33,3735150,47369,6,0.702,taxonomic novelty determined using RED,Novel,Unclassified Aral Sea Basin SGBs,High-quality,23,1,2,1,4
ERR13934192.bin.19,1,Soil,MAG,Bacteria,Actinomycetota,Actinomycetes,Actinomycetales,Cellulomonadaceae,Actinotalea,Unclassified,Public,89.1771091,0.8838,53.70166667,-1.87694444,89.79,0.58,0,2675600,30274,6,0.718,taxonomic classification fully defined by topology,Defined,Unclassified public database SGBs,Medium-quality,21,1,1,1,3
ERR13934192.bin.6,7,Soil,MAG,Bacteria,Verrucomicrobiota,Verrucomicrobiae,Limisphaerales,SIBE01,Unclassified,Unclassified,Public,78.86202475,0.87932,53.70166667,-1.87694444,77.01,0,0,3809655,4309,3,0.597,taxonomic novelty determined using RED,Novel,Unclassified public database SGBs,Medium-quality,18,1,0,0,1
ERR13934200.bin.14,0,Soil,MAG,Bacteria,Bacillota_I,Bacilli_A,Erysipelotrichales,Erysipelotrichaceae,GWE2-51-13,Unclassified,Public,80.46024451,0.99237,53.70166667,-1.87694444,93.08,3.07,25,1870173,6691,2,0.515,taxonomic classification defined by topology and ANI,Defined,Unclassified public database SGBs,Medium-quality,20,0,0,0,0
ERR13934200.bin.15,3,Soil,MAG,Bacteria,Pseudomonadota,Gammaproteobacteria,Burkholderiales,Rhodocyclaceae,Sulfuricystis,Unclassified,Public,61.54463278,0.99442,53.70166667,-1.87694444,78.98,4.52,66.67,2414680,15933,2,0.625,taxonomic classification defined by topology and ANI,Defined,Unclassified public database SGBs,Medium-quality,19,0,1,1,2
ERR13934200.bin.16,3,Soil,MAG,Bacteria,Desulfobacterota,Desulfuromonadia,Desulfuromonadales,CALZIZ01,Unclassified,Unclassified,Public,95.49939872,0.81508,53.70166667,-1.87694444,94.19,0.32,100,3851898,119894,2,0.6,taxonomic novelty determined using RED,Novel,Unclassified public database SGBs,Medium-quality,23,0,0,2,2
ERR13934200.bin.21,1,Soil,MAG,Bacteria,Bacteroidota,Bacteroidia,Bacteroidales,Prolixibacteraceae,Draconibacterium,Unclassified,Public,69.57606749,0.97405,53.70166667,-1.87694444,79.03,2.47,33.33,4438463,12004,3,0.37,taxonomic classification defined by topology and ANI,Defined,Unclassified public database SGBs,Medium-quality,22,1,0,0,1
ERR13934200.bin.25,6,Soil,MAG,Bacteria,Verrucomicrobiota,Verrucomicrobiae,Limisphaerales,UBA8199,Unclassified,Unclassified,Public,73.32939614,0.88617,53.70166667,-1.87694444,98.65,5.74,18.18,5945009,38441,6,0.583,taxonomic novelty determined using RED,Novel,Unclassified public database SGBs,Medium-quality,24,0,1,1,2
ERR13934200.bin.33,0,Soil,MAG,Bacteria,Goldbacteria,PGYV01,PGYV01,DSBP01,Unclassified,Unclassified,Public,89.1243962,0.79887,53.70166667,-1.87694444,97.75,2.25,0,3099660,141296,27,0.463,taxonomic novelty determined using RED,Novel,Unclassified public database SGBs,High-quality,24,2,2,2,6
ERR13934202.bin.10,1,Soil,MAG,Bacteria,Bacteroidota,Bacteroidia,Bacteroidales,Prolixibacteraceae,UBA6024,Unclassified,Public,74.96820184,0.99594,53.70166667,-1.87694444,98.92,5.82,50,5617964,24016,3,0.412,taxonomic classification defined by topology and ANI,Defined,Unclassified public database SGBs,Medium-quality,22,0,0,2,2
ERR13934202.bin.15,0,Soil,MAG,Bacteria,Bacteroidota,Bacteroidia,Flavobacteriales,Flavobacteriaceae,JAGXRT01,JAGXRT01 sp023700885,Public,88.27066362,N/A,53.70166667,-1.87694444,93.77,1.65,12.5,2432761,101414,4,0.307,taxonomic classification defined by topology and ANI,Defined,Published genomes,Medium-quality,22,0,1,1,2
ERR13934205.bin.11,5,Soil,MAG,Bacteria,Desulfobacterota,Desulfuromonadia,Geobacterales,Pseudopelobacteraceae,CAIPTY01,Unclassified,Public,88.62849495,0.95128,53.70166667,-1.87694444,98.02,2.37,0,3481439,65613,2,0.562,taxonomic classification defined by topology and ANI,Defined,Unclassified public database SGBs,High-quality,23,2,1,2,5
ERR13934205.bin.13,3,Soil,MAG,Bacteria,Desulfobacterota,Desulfuromonadia,Desulfuromonadales,UBA2197,UBA2197,Unclassified,Public,91.24765858,0.98141,53.70166667,-1.87694444,98.37,1.94,0,3272282,113584,2,0.563,taxonomic classification defined by topology and ANI,Defined,Unclassified public database SGBs,Medium-quality,22,1,0,1,2
ERR13934205.bin.17,6,Soil,MAG,Bacteria,Desulfobacterota,Desulfobacteria,Desulfobacterales,Desulfobacteraceae,Desulfobacula,Unclassified,Public,99.31253953,0.99295,53.70166667,-1.87694444,100,0.65,0,4763241,106556,8,0.645,taxonomic classification defined by topology and ANI,Defined,Unclassified public database SGBs,High-quality,24,4,1,3,8
ERR13934205.bin.19,0,Soil,MAG,Bacteria,Dependentiae,Babeliae,Babeliales,Babeliaceae,Unclassified,Unclassified,Public,82.966524,0.7527,53.70166667,-1.87694444,85.39,1.12,100,1182435,10305,2,1.4,taxonomic classification fully defined by topology,Defined,Unclassified public database SGBs,Medium-quality,22,0,0,0,0
ERR13934205.bin.33,0,Soil,MAG,Bacteria,Bacillota_A,Clostridia,Saccharofermentanales,UBA5734,Unclassified,Unclassified,Public,66.13546806,0.85589,53.70166667,-1.87694444,77.76,2.84,25,3078924,4275,2,0.542,taxonomic novelty determined using RED,Novel,Unclassified public database SGBs,Medium-quality,20,2,0,0,2
ERR13934205.bin.36,4,Soil,MAG,Bacteria,Desulfobacterota,Desulfuromonadia,Geobacterales,Pseudopelobacteraceae,Trichlorobacter,Unclassified,Public,97.78553378,0.94268,53.70166667,-1.87694444,98.71,0.65,0,2785357,37471,22,0.556,taxonomic classification defined by topology and ANI,Defined,Unclassified public database SGBs,Medium-quality,24,2,0,2,4
ERR13934205.bin.37,10,Soil,MAG,Bacteria,Desulfobacterota,Desulfuromonadia,Geobacterales,Geobacteraceae,Geomonas,Unclassified,Public,102.0114089,0.92728,53.70166667,-1.87694444,99.35,0,0,5445302,167039,2,0.605,taxonomic classification fully defined by topology,Defined,Unclassified public database SGBs,Medium-quality,24,1,0,4,5
ERR13934205.bin.40,1,Soil,MAG,Bacteria,Bacillota_A,Clostridia,Saccharofermentanales,UBA5734,Unclassified,Unclassified,Public,97.24557241,0.86124,53.70166667,-1.87694444,98.58,0.75,0,2792859,55133,6,0.496,taxonomic novelty determined using RED,Novel,Unclassified public database SGBs,Medium-quality,22,0,0,2,2
ERR13934208.bin.12,2,Soil,MAG,Bacteria,Pseudomonadota,Gammaproteobacteria,Burkholderiales,Sulfuricellaceae,Sulfuricella,Unclassified,Public,100.2363867,0.95191,53.70166667,-1.87694444,98.66,0.24,0,2791372,283670,12,0.592,taxonomic classification defined by topology and ANI,Defined,Unclassified public database SGBs,Medium-quality,23,2,0,2,4
ERR13934208.bin.16,8,Soil,MAG,Bacteria,Desulfobacterota,Desulfuromonadia,Desulfuromonadales,Trichloromonadaceae,Trichloromonas,Unclassified,Public,91.38826612,0.98402,53.70166667,-1.87694444,93.55,0.97,50,3573117,20255,2,0.615,taxonomic classification defined by topology and ANI,Defined,Unclassified public database SGBs,Medium-quality,24,1,0,1,2
ERR13934208.bin.28,3,Soil,MAG,Bacteria,Desulfobacterota,Desulfuromonadia,Desulfuromonadales,UBA2197,UBA2197,Unclassified,Public,67.79385897,0.95396,53.70166667,-1.87694444,99.32,6.61,0,3957811,88658,1,0.534,taxonomic novelty determined using RED,Novel,Unclassified public database SGBs,Medium-quality,24,1,0,1,2
ERR13934208.bin.4,4,Soil,MAG,Bacteria,Elusimicrobiota,Elusimicrobia,Elusimicrobiales,UBA9959,UBA9959,Unclassified,Public,91.93367864,0.96939,53.70166667,-1.87694444,94.94,1.12,0,3188294,126249,4,0.631,taxonomic classification defined by topology and ANI,Defined,Unclassified public database SGBs,High-quality,23,1,1,1,3
ERR13934211.bin.14,1,Soil,MAG,Bacteria,Bacillota_B,Thermincolia,Thermincolales,UBA2595,Phosphitispora,Phosphitispora sp016841725,Public,73.88604662,N/A,53.70166667,-1.87694444,80.21,1.42,0,2658820,2832,1,0.469,taxonomic classification defined by topology and ANI,Defined,Published genomes,Medium-quality,18,0,0,0,0
ERR13934211.bin.16,5,Soil,MAG,Bacteria,Desulfobacterota,Desulfuromonadia,Geobacterales,Pseudopelobacteraceae,JACRCG01,Unclassified,Public,71.80311125,0.95512,53.70166667,-1.87694444,98.13,5.83,7.69,4392629,44624,2,0.536,taxonomic classification defined by topology and ANI,Defined,Unclassified public database SGBs,Medium-quality,23,1,1,1,3
ERR13934211.bin.2,2,Soil,MAG,Bacteria,Elusimicrobiota,Elusimicrobia,Elusimicrobiales,UBA9959,UBA9959,Unclassified,Public,93.569791,0.96798,53.70166667,-1.87694444,96.63,1.12,0,2522682,95412,3,0.623,taxonomic classification defined by topology and ANI,Defined,Unclassified public database SGBs,High-quality,22,1,1,1,3
ERR13934211.bin.21,1,Soil,MAG,Bacteria,Bacillota_I,Bacilli_A,Erysipelotrichales,Erysipelotrichaceae,UBA2212,Unclassified,Public,88.06673769,0.98263,53.70166667,-1.87694444,96.56,2.3,50,1837808,4311,29,0.334,taxonomic classification defined by topology and ANI,Defined,Unclassified public database SGBs,Medium-quality,22,0,0,0,0
ERR13934211.bin.26,2,Soil,MAG,Bacteria,Bacteroidota,Bacteroidia,Bacteroidales,VadinHA17,LD21,Unclassified,Public,82.68172835,0.90685,53.70166667,-1.87694444,97.62,3.57,8.33,4600154,134940,2,0.41,taxonomic classification fully defined by topology,Defined,Unclassified public database SGBs,High-quality,22,2,1,1,4
ERR13934211.bin.28,3,Soil,MAG,Bacteria,Bacteroidota,Bacteroidia,Bacteroidales,VadinHA17,LD21,Unclassified,Public,81.97159329,0.91197,53.70166667,-1.87694444,100,3.97,7.69,4530733,85625,1,0.434,taxonomic classification fully defined by topology,Defined,Unclassified public database SGBs,Medium-quality,22,1,0,0,1
ERR13934211.bin.3,3,Soil,MAG,Bacteria,Bacillota_B,Desulfotomaculia,Desulfotomaculales,Unclassified,Unclassified,Unclassified,Public,78.1080721,0.68897,53.70166667,-1.87694444,98.73,4.59,0,3378244,36276,6,0.516,taxonomic novelty determined using RED,Novel,Unclassified public database SGBs,Medium-quality,24,3,0,3,6
ERR13934211.bin.41,0,Soil,MAG,Bacteria,Chloroflexota,Anaerolineae,Anaerolineales,Anaerolineaceae,UBA6107,Unclassified,Public,67.93733885,0.973,53.70166667,-1.87694444,97.27,6.36,0,3283710,68623,6,0.478,taxonomic classification fully defined by topology,Defined,Unclassified public database SGBs,Medium-quality,23,1,2,1,4
ERR13934211.bin.48,10,Soil,MAG,Bacteria,Desulfobacterota,Desulfuromonadia,Geobacterales,Geobacteraceae,Geomonas,Unclassified,Public,101.8795065,0.92717,53.70166667,-1.87694444,99.96,0.14,25,5055376,117364,2,0.608,taxonomic classification fully defined by topology,Defined,Unclassified public database SGBs,Medium-quality,24,1,0,4,5
ERR13934211.bin.9,4,Soil,MAG,Bacteria,Desulfobacterota,Desulfuromonadia,Geobacterales,DSM-12255,VEOV01,Unclassified,Public,93.53672899,0.94417,53.70166667,-1.87694444,98.06,1.45,33.33,3009931,25177,4,0.511,taxonomic classification fully defined by topology,Defined,Unclassified public database SGBs,Medium-quality,22,0,0,2,2
ERR5003884.bin.2,0,Soil,MAG,Bacteria,Chloroflexota,Ktedonobacteria,Ktedonobacterales,Ktedonobacteraceae,Unclassified,Unclassified,Public,63.23087252,0.86652,45.0437,-123.894378,78.09,3.86,66.67,3198002,4654,4,0.491,taxonomic novelty determined using RED,Novel,Unclassified public database SGBs,Medium-quality,19,2,0,1,3
ERR5004157.bin.14,0,Soil,MAG,Bacteria,Gemmatimonadota,Gemmatimonadetes,Gemmatimonadales,Gemmatimonadaceae,UBA4720,Unclassified,Public,72.50288238,0.97726,65.16115158,-147.4840682,81.49,2.2,0,2032140,8740,4,0.627,taxonomic classification defined by topology and ANI,Defined,Unclassified public database SGBs,Medium-quality,17,0,0,0,0
ERR5004157.bin.17,6,Soil,MAG,Bacteria,Verrucomicrobiota,Verrucomicrobiae,Chthoniobacterales,UBA10450,AV80,AV80 sp003167555,Public,80.54330613,N/A,65.16115158,-147.4840682,97.36,4.05,30,3299902,21903,4,0.589,taxonomic classification defined by topology and ANI,Defined,Published genomes,Medium-quality,22,1,2,0,3
ERR5004157.bin.18,0,Soil,MAG,Bacteria,Chloroflexota,Limnocylindria,QHBO01,QHBO01,CF-167,Unclassified,Public,87.7341624,0.95238,65.16115158,-147.4840682,85.65,0,0,1859897,11926,4,0.697,taxonomic classification defined by topology and ANI,Defined,Unclassified public database SGBs,Medium-quality,21,1,1,0,2
ERR5004157.bin.2,0,Soil,MAG,Bacteria,Pseudomonadota,Gammaproteobacteria,Burkholderiales,Burkholderiaceae,Schlegelella_A,Schlegelella_A sp017881025,Public,36.24938643,N/A,65.16115158,-147.4840682,75.84,8.51,25.64,2864407,2850,1,0.698,taxonomic classification defined by topology and ANI,Defined,Published genomes,Medium-quality,17,1,0,0,1
ERR5004157.bin.9,6,Soil,MAG,Bacteria,Nitrospirota,Nitrospiria,Nitrospirales,Nitrospiraceae,Palsa-1315,Palsa-1315 sp003135435,Public,47.49423338,N/A,65.16115158,-147.4840682,76.18,6.82,66.67,2514947,4312,1,0.575,taxonomic classification defined by topology and ANI,Defined,Published genomes,Medium-quality,19,0,0,0,0
ERR5004671.bin.3,2,Soil,MAG,Bacteria,Eremiobacterota,Eremiobacteria,Eremiobacterales,Eremiobacteraceae,Unclassified,Unclassified,Public,78.76633896,0.8546,45.0437,-123.894378,78.86,0.19,0,2086153,4099,1,0.648,taxonomic novelty determined using RED,Novel,Unclassified public database SGBs,Medium-quality,19,0,0,0,0
ERR5004944.bin.23,0,Soil,MAG,Bacteria,Gemmatimonadota,Gemmatimonadetes,Gemmatimonadales,Gemmatimonadaceae,UBA4720,Unclassified,Public,78.14213388,0.95263,65.16115158,-147.4840682,84.12,2.01,100,2981052,11080,2,0.626,taxonomic classification fully defined by topology,Defined,Unclassified public database SGBs,Medium-quality,21,1,1,1,3
ERR5004944.bin.7,1,Soil,MAG,Bacteria,Chloroflexota,Limnocylindria,P2-11E,P2-11E,UBA4735,Unclassified,Public,88.24612378,0.97162,65.16115158,-147.4840682,91.09,0.99,0,2312453,13212,3,0.693,taxonomic classification defined by topology and ANI,Defined,Unclassified public database SGBs,High-quality,23,1,3,1,5
ERR5004944.bin.8,1,Soil,MAG,Bacteria,Acidobacteriota,Thermoanaerobaculia,UBA5066,UBA5066,Fen-183,Unclassified,Public,71.41103264,0.98232,65.16115158,-147.4840682,87.49,4.1,60,2567076,6951,3,0.683,taxonomic classification defined by topology and ANI,Defined,Unclassified public database SGBs,Medium-quality,21,0,0,1,1
ERR9527525.bin.11,1,Soil,MAG,Bacteria,Bacteroidota,Bacteroidia,Bacteroidales,UBA7960,UBA7960,Unclassified,Public,93.09328788,0.94372,53.70166667,-1.87694444,95.95,1.19,66.67,2673966,31657,2,0.442,taxonomic classification fully defined by topology,Defined,Unclassified public database SGBs,Medium-quality,22,0,0,2,2
ERR9527525.bin.2,1,Soil,MAG,Bacteria,Bacillota_H,UBA994,UBA994,UBA994,WSXW01,Unclassified,Public,67.39032768,0.94039,53.70166667,-1.87694444,78.53,2.61,0,2317216,5256,2,0.49,taxonomic novelty determined using RED,Novel,Unclassified public database SGBs,Medium-quality,21,0,2,2,4
ERR9527525.bin.22,2,Soil,MAG,Bacteria,Bacillota_A,Clostridia,Peptostreptococcales,Thermotaleaceae,JAGXRU01,JAGXRU01 sp018335765,Public,87.78590332,N/A,53.70166667,-1.87694444,94.68,2.01,50,2699423,15915,2,0.36,taxonomic classification defined by topology and ANI,Defined,Published genomes,High-quality,18,2,1,2,5
ERR9527525.bin.23,1,Soil,MAG,Bacteria,Bacillota_A,Clostridia,Peptostreptococcales,Acidaminobacteraceae,Fusibacter_C,Unclassified,Public,60.38814447,0.94134,53.70166667,-1.87694444,82.78,4.93,25,2783122,8939,1,0.402,taxonomic classification fully defined by topology,Defined,Unclassified public database SGBs,Medium-quality,16,0,1,1,2
ERR9527525.bin.35,1,Soil,MAG,Bacteria,Bacillota_A,Clostridia,Saccharofermentanales,UBA5734,UBA8949,Unclassified,Public,79.28043939,0.90099,53.70166667,-1.87694444,89.16,2.35,0,2182430,4374,2,0.535,taxonomic classification fully defined by topology,Defined,Unclassified public database SGBs,Medium-quality,18,0,0,0,0
ERR9527525.bin.37,1,Soil,MAG,Bacteria,Bacillota_D,Dethiobacteria,Dethiobacterales,Dethiobacteraceae,GPS1B09,GPS1B09 sp018333455,Public,84.71745889,N/A,53.70166667,-1.87694444,92.37,1.98,0,2807832,24940,4,0.483,taxonomic classification defined by topology and ANI,Defined,Published genomes,High-quality,23,2,2,4,8
ERR9527525.bin.4,0,Soil,MAG,Bacteria,Pseudomonadota,Gammaproteobacteria,Enterobacterales,Alteromonadaceae,Pararheinheimera,Unclassified,Public,97.62981357,0.97008,53.70166667,-1.87694444,98.32,0.65,28.57,3722935,44833,4,0.467,taxonomic classification fully defined by topology,Defined,Unclassified public database SGBs,Medium-quality,22,0,0,4,4
ERR9527525.bin.41,0,Soil,MAG,Bacteria,Bacillota_I,Bacilli_A,Erysipelotrichales,Erysipelotrichaceae,UBA2212,Unclassified,Public,73.96315837,0.9849,53.70166667,-1.87694444,82.86,2.67,83.33,1556796,23730,5,0.423,taxonomic classification defined by topology and ANI,Defined,Unclassified public database SGBs,Medium-quality,15,0,0,0,0
ERR9527525.bin.44,1,Soil,MAG,Bacteria,Bacillota_H,UBA994,UBA994,UBA994,UBA2296,Unclassified,Public,64.8403215,0.92472,53.70166667,-1.87694444,75.53,2.54,0,1529879,8330,2,0.571,taxonomic novelty determined using RED,Novel,Unclassified public database SGBs,Medium-quality,18,0,0,2,2
ERR9527525.bin.56,0,Soil,MAG,Bacteria,Bacteroidota,Bacteroidia,Bacteroidales,UBA7960,Unclassified,Unclassified,Public,85.58134043,0.83725,53.70166667,-1.87694444,90.86,1.7,60,2589098,21293,3,0.412,taxonomic novelty determined using RED,Novel,Unclassified public database SGBs,Medium-quality,20,0,0,1,1
ERR9527525.bin.6,0,Soil,MAG,Bacteria,Bacteroidota,Ignavibacteria,Ignavibacteriales,Ignavibacteriaceae,PNNF01,PNNF01 sp013824085,Public,88.4359515,N/A,53.70166667,-1.87694444,93.11,1.42,100,2481577,8164,1,0.33,taxonomic classification defined by topology and ANI,Defined,Published genomes,Medium-quality,21,2,0,0,2
ERR9527526.bin.11,0,Soil,MAG,Bacteria,Bacillota_I,Bacilli_A,Erysipelotrichales,Erysipelotrichaceae,UBA2227,UBA2227 sp024709285,Public,96.15986433,N/A,53.70166667,-1.87694444,98.49,0.94,0,1974841,44608,24,0.426,taxonomic classification defined by topology and ANI,Defined,Published genomes,Medium-quality,21,1,0,2,3
ERR9527526.bin.16,0,Soil,MAG,Bacteria,Spirochaetota,Spirochaetia,Treponematales,Rectinemataceae,VKGY01,VKGY01 sp008080685,Public,82.40938199,N/A,53.70166667,-1.87694444,89.08,1.92,42.86,2633677,12970,2,0.559,taxonomic classification defined by topology and ANI,Defined,Published genomes,Medium-quality,22,1,0,1,2
ERR9527526.bin.20,3,Soil,MAG,Bacteria,Acidobacteriota,Terriglobia,Bryobacterales,Bryobacteraceae,JAMCRM01,Unclassified,Public,95.46839121,0.85096,53.70166667,-1.87694444,93.37,0,0,6399699,12701,5,0.673,taxonomic novelty determined using RED,Novel,Unclassified public database SGBs,Medium-quality,23,0,1,3,4
ERR9527526.bin.21,0,Soil,MAG,Bacteria,Bacteroidota,Bacteroidia,Flavobacteriales,Flavobacteriaceae,JAGXRT01,Unclassified,Public,88.61219913,0.98627,53.70166667,-1.87694444,89.74,0.73,40,2140623,23277,28,0.298,taxonomic classification defined by topology and ANI,Defined,Unclassified public database SGBs,Medium-quality,22,0,0,2,2
ERR9527526.bin.35,0,Soil,MAG,Bacteria,Bacillota_I,Bacilli_A,Erysipelotrichales,Erysipelotrichaceae,UBA2212,Unclassified,Public,89.19181244,0.97578,53.70166667,-1.87694444,92.77,1.12,0,1552959,9028,4,0.499,taxonomic classification defined by topology and ANI,Defined,Unclassified public database SGBs,Medium-quality,22,0,1,1,2
ERR9527526.bin.37,3,Soil,MAG,Bacteria,Bacillota_E,Symbiobacteriia,Symbiobacteriales,Symbiobacteriaceae,RYN-353,Unclassified,Public,75.58849355,0.90074,53.70166667,-1.87694444,84.42,2.14,0,5140792,4335,2,0.634,taxonomic novelty determined using RED,Novel,Unclassified public database SGBs,Medium-quality,22,6,0,1,7
ERR9527526.bin.49,2,Soil,MAG,Bacteria,Bacteroidota,Bacteroidia,Bacteroidales,Prolixibacteraceae,UBA6024,Unclassified,Public,81.29003823,0.99336,53.70166667,-1.87694444,91.68,2.6,14.29,4154973,23823,2,0.412,taxonomic classification defined by topology and ANI,Defined,Unclassified public database SGBs,Medium-quality,21,0,1,1,2
ERR9527526.bin.9,1,Soil,MAG,Bacteria,Pseudomonadota,Gammaproteobacteria,Burkholderiales,Rhodocyclaceae,Unclassified,Unclassified,Public,96.41116428,0.84683,53.70166667,-1.87694444,96.43,0.47,0,3127531,36503,2,0.63,taxonomic novelty determined using RED,Novel,Unclassified public database SGBs,Medium-quality,19,0,0,0,0
ERR9527527.bin.11,1,Soil,MAG,Bacteria,Fibrobacterota,Fibrobacteria,UBA5070,UBA5070,UBA5070,Unclassified,Public,92.68912625,0.91073,53.70166667,-1.87694444,90.78,0,0,3991254,5227,2,0.652,taxonomic classification fully defined by topology,Defined,Unclassified public database SGBs,Medium-quality,23,0,0,1,1
ERR9527527.bin.18,0,Soil,MAG,Bacteria,Bacteroidota,Bacteroidia,Bacteroidales,Prolixibacteraceae,Draconibacterium,Unclassified,Public,60.20316204,0.96859,53.70166667,-1.87694444,85.91,5.91,46.15,4257790,13533,1,0.379,taxonomic classification fully defined by topology,Defined,Unclassified public database SGBs,Medium-quality,16,1,2,2,5
ERR9527527.bin.22,6,Soil,MAG,Bacteria,Acidobacteriota,Terriglobia,Bryobacterales,Bryobacteraceae,PNKE01,Unclassified,Public,97.1862996,0.99519,53.70166667,-1.87694444,99.13,0.87,0,5618591,51594,2,0.643,taxonomic classification defined by topology and ANI,Defined,Unclassified public database SGBs,Medium-quality,24,0,1,2,3
ERR9527527.bin.3,1,Soil,MAG,Bacteria,Pseudomonadota,Gammaproteobacteria,Thiomicrospirales,Thiomicrospiraceae,GCA-002282575,Unclassified,Public,66.35551143,0.99215,53.70166667,-1.87694444,81.23,3.12,0,1689761,2244,1,0.463,taxonomic classification defined by topology and ANI,Defined,Unclassified public database SGBs,Medium-quality,16,1,0,0,1
ERR9527527.bin.37,3,Soil,MAG,Bacteria,Bacteroidota,Bacteroidia,Bacteroidales,Prolixibacteraceae,UBA1413,UBA1413 sp030602265,Public,95.75068501,N/A,53.70166667,-1.87694444,95.7,0.57,66.67,4413932,87635,20,0.47,taxonomic classification defined by topology and ANI,Defined,Published genomes,Medium-quality,21,0,0,2,2
ERR9527528.bin.13,2,Soil,MAG,Bacteria,Bacteroidota,Bacteroidia,Bacteroidales,UBA932,Bact-08,Unclassified,Public,93.85196381,0.99555,53.70166667,-1.87694444,95.95,0.95,0,2419516,160778,15,0.397,taxonomic classification defined by topology and ANI,Defined,Unclassified public database SGBs,High-quality,22,2,1,4,7
ERR9527528.bin.17,2,Soil,MAG,Bacteria,Bacteroidota,Bacteroidia,Bacteroidales,VadinHA17,SLNP01,Unclassified,Public,90.26673731,0.9185,53.70166667,-1.87694444,99.52,2.38,0,3520278,158446,4,0.46,taxonomic classification fully defined by topology,Defined,Unclassified public database SGBs,Medium-quality,22,0,0,2,2
ERR9527528.bin.20,1,Soil,MAG,Bacteria,Bacillota_D,Dethiobacteria,Dethiobacterales,Dethiobacteraceae,UBA7523,Unclassified,Public,88.55101122,0.95088,53.70166667,-1.87694444,91.31,1.02,25,3403704,11943,3,0.453,taxonomic classification defined by topology and ANI,Defined,Unclassified public database SGBs,High-quality,23,2,2,3,7
ERR9527528.bin.27,1,Soil,MAG,Bacteria,Bacillota_H,UBA994,UBA994,UBA994,WSXW01,Unclassified,Public,74.95511023,0.94663,53.70166667,-1.87694444,83.47,2.15,20,3018900,3666,2,0.492,taxonomic novelty determined using RED,Novel,Unclassified public database SGBs,Medium-quality,20,3,5,4,12
ERR9527528.bin.29,4,Soil,MAG,Bacteria,Desulfobacterota,Desulfuromonadia,Desulfuromonadales,UBA2197,UBA2197,Unclassified,Public,67.89771745,0.98022,53.70166667,-1.87694444,83.73,4.03,50,2913593,32021,2,0.561,taxonomic classification defined by topology and ANI,Defined,Unclassified public database SGBs,Medium-quality,18,1,0,1,2
ERR9527528.bin.30,1,Soil,MAG,Bacteria,Planctomycetota,Phycisphaerae,Sedimentisphaerales,Anaerohalosphaeraceae,T3Sed10-213,Unclassified,Public,56.73725573,0.94286,53.70166667,-1.87694444,82.05,5.89,57.14,2730619,2776,1,0.562,taxonomic classification fully defined by topology,Defined,Unclassified public database SGBs,Medium-quality,17,0,0,0,0
ERR9527528.bin.31,3,Soil,MAG,Bacteria,Bacteroidota,Bacteroidia,Bacteroidales,Tenuifilaceae,Perlabentimonas,Unclassified,Public,78.45764983,0.8997,53.70166667,-1.87694444,97.3,4.29,9.09,4048515,21646,2,0.406,taxonomic classification fully defined by topology,Defined,Unclassified public database SGBs,High-quality,22,1,1,2,4
ERR9527528.bin.37,0,Soil,MAG,Bacteria,Bacteroidota,Bacteroidia,Bacteroidales,Prolixibacteraceae,UBA1413,Unclassified,Public,89.29024325,0.95237,53.70166667,-1.87694444,98.92,2.42,0,5352110,69451,8,0.414,taxonomic classification fully defined by topology,Defined,Unclassified public database SGBs,Medium-quality,22,0,0,2,2
ERR9527528.bin.38,3,Soil,MAG,Bacteria,Bacillota_B,Desulfotomaculia,Desulfotomaculales,Unclassified,Unclassified,Unclassified,Public,92.34882342,0.64227,53.70166667,-1.87694444,99.36,1.91,0,2969879,95276,10,0.496,taxonomic classification fully defined by topology,Defined,Unclassified public database SGBs,Medium-quality,24,3,0,5,8
ERR9527528.bin.39,5,Soil,MAG,Bacteria,Desulfobacterota,Desulfuromonadia,Geobacterales,Geobacteraceae,DSM-9736,Unclassified,Public,78.63972319,0.89812,53.70166667,-1.87694444,85.94,1.83,0,3718551,3976,2,0.57,taxonomic novelty determined using RED,Novel,Unclassified public database SGBs,Medium-quality,19,0,1,1,2
ERR9527529.bin.10,0,Soil,MAG,Bacteria,Bacillota_I,Bacilli_A,ML615J-28,Unclassified,Unclassified,Unclassified,Public,101.3047104,0.62889,53.70166667,-1.87694444,98.67,0,0,1685115,149951,9,0.343,taxonomic novelty determined using RED,Novel,Unclassified public database SGBs,Medium-quality,22,2,0,2,4
ERR9527529.bin.17,0,Soil,MAG,Bacteria,Spirochaetota,Spirochaetia,Treponematales,Rectinemataceae,UBA2256,Unclassified,Public,77.69573489,0.96691,53.70166667,-1.87694444,87.29,2.3,0,2173346,5146,2,0.556,taxonomic novelty determined using RED,Novel,Unclassified public database SGBs,Medium-quality,20,1,0,0,1
ERR9527529.bin.34,4,Soil,MAG,Bacteria,Desulfobacterota,Desulfuromonadia,Desulfuromonadales,UBA2197,UBA2197,Unclassified,Public,85.75296296,0.98943,53.70166667,-1.87694444,95.88,2.58,20,3135294,28323,4,0.553,taxonomic classification defined by topology and ANI,Defined,Unclassified public database SGBs,Medium-quality,22,1,0,1,2
ERR9527529.bin.37,2,Soil,MAG,Bacteria,Bacteroidota,Bacteroidia,Bacteroidales,Prolixibacteraceae,Mariniphaga,Unclassified,Public,87.16566446,0.97301,53.70166667,-1.87694444,95.59,2.15,0,4593320,35756,6,0.394,taxonomic classification fully defined by topology,Defined,Unclassified public database SGBs,Medium-quality,22,1,0,2,3
ERR9527530.bin.24,8,Soil,MAG,Bacteria,Desulfobacterota,Desulfuromonadia,Geobacterales,Geobacteraceae,DSM-9736,Unclassified,Public,77.3600935,0.90094,53.70166667,-1.87694444,80.68,1.15,50,3950834,4082,2,0.566,taxonomic novelty determined using RED,Novel,Unclassified public database SGBs,Medium-quality,18,1,1,0,2
ERR9527530.bin.30,2,Soil,MAG,Bacteria,Bacillota_B,Desulfotomaculia,Desulfotomaculales,Unclassified,Unclassified,Unclassified,Public,76.45388215,0.68892,53.70166667,-1.87694444,88.88,3.03,25,2587831,6804,2,0.506,taxonomic novelty determined using RED,Novel,Unclassified public database SGBs,Medium-quality,19,0,0,0,0
ERR9527530.bin.37,0,Soil,MAG,Bacteria,Spirochaetota,Spirochaetia,Treponematales,UBA12059,MIBM01,Unclassified,Public,87.75215226,0.97479,53.70166667,-1.87694444,91.43,1.15,0,4431389,11074,2,0.552,taxonomic novelty determined using RED,Novel,Unclassified public database SGBs,High-quality,23,1,2,2,5
ERR9527531.bin.16,2,Soil,MAG,Bacteria,Pseudomonadota,Gammaproteobacteria,Burkholderiales,Rhodocyclaceae,Sulfuricystis,Unclassified,Public,88.28437366,0.99358,53.70166667,-1.87694444,93.64,1.74,66.67,3246256,19204,17,0.617,taxonomic classification defined by topology and ANI,Defined,Unclassified public database SGBs,Medium-quality,21,0,1,1,2
ERR9527531.bin.2,1,Soil,MAG,Bacteria,Bacillota_I,Bacilli_A,Erysipelotrichales,Erysipelotrichaceae,UBA6182,Unclassified,Public,80.99928888,0.99318,53.70166667,-1.87694444,91.19,2.83,66.67,1523830,11576,9,0.357,taxonomic classification defined by topology and ANI,Defined,Unclassified public database SGBs,Medium-quality,17,0,0,2,2
ERR9527531.bin.23,0,Soil,MAG,Bacteria,Bacteroidota,Bacteroidia,Bacteroidales,VadinHA17,SLNP01,Unclassified,Public,91.42276961,0.91055,53.70166667,-1.87694444,99.52,2.14,0,3478820,130238,5,0.44,taxonomic classification fully defined by topology,Defined,Unclassified public database SGBs,Medium-quality,23,0,0,1,1
ERR9527531.bin.3,25,Soil,MAG,Bacteria,Chloroflexota,Ktedonobacteria,Ktedonobacterales,Ktedonobacteraceae,Unclassified,Unclassified,Public,50.47089021,0.86285,53.70166667,-1.87694444,80.12,6.34,21.05,5752224,2151,1,0.551,taxonomic novelty determined using RED,Novel,Unclassified public database SGBs,Medium-quality,19,0,1,1,2
ERR9527531.bin.34,3,Soil,MAG,Bacteria,Desulfobacterota,Desulfuromonadia,Desulfuromonadales,UBA2197,UBA2197,Unclassified,Public,87.45764901,0.99175,53.70166667,-1.87694444,94.91,1.94,0,2725803,25466,18,0.563,taxonomic classification defined by topology and ANI,Defined,Unclassified public database SGBs,Medium-quality,23,3,0,1,4
ERR9527531.bin.37,25,Soil,MAG,Bacteria,Actinomycetota,Actinomycetes,Mycobacteriales,Mycobacteriaceae,Mycobacterium,Unclassified,Public,95.24694347,0.99369,53.70166667,-1.87694444,97.46,1.06,75,4915679,30847,5,0.673,taxonomic classification defined by topology and ANI,Defined,Unclassified public database SGBs,Medium-quality,22,0,0,0,0
ERR9527531.bin.7,0,Soil,MAG,Bacteria,Bacillota_I,Bacilli_A,Erysipelotrichales,Erysipelotrichaceae,UBA2212,Unclassified,Public,80.60679915,0.97159,53.70166667,-1.87694444,93.81,3.46,60,1851956,9207,13,0.403,taxonomic classification defined by topology and ANI,Defined,Unclassified public database SGBs,Medium-quality,22,0,0,1,1
ERR9527531.bin.8,0,Soil,MAG,Bacteria,Spirochaetota,Spirochaetia,Treponematales,UBA12059,MIBM01,Unclassified,Public,95.63717935,0.97017,53.70166667,-1.87694444,98.85,1.15,0,3609290,95584,5,0.557,taxonomic novelty determined using RED,Novel,Unclassified public database SGBs,Medium-quality,23,0,1,1,2
ERR9527532.bin.1,0,Soil,MAG,Bacteria,Caldisericota,Caldisericia,UBA6126,UBA6126,T3SED10-260,Unclassified,Public,100.3413328,0.88649,53.70166667,-1.87694444,98.21,0,0,2648372,14570,2,0.474,taxonomic novelty determined using RED,Novel,Unclassified public database SGBs,Medium-quality,23,0,0,1,1
ERR9527532.bin.20,5,Soil,MAG,Bacteria,Acidobacteriota,Terriglobia,Bryobacterales,Bryobacteraceae,PNKE01,Unclassified,Public,89.42118821,0.99443,53.70166667,-1.87694444,99.13,2.66,50,5209420,26447,2,0.644,taxonomic classification defined by topology and ANI,Defined,Unclassified public database SGBs,Medium-quality,23,0,1,2,3
ERR9527532.bin.23,2,Soil,MAG,Bacteria,Desulfobacterota,Syntrophia,Syntrophales,Smithellaceae,UBA8904,Unclassified,Public,57.42089163,0.93177,53.70166667,-1.87694444,75.14,3.89,0,2872871,2705,2,0.505,taxonomic classification fully defined by topology,Defined,Unclassified public database SGBs,Medium-quality,16,0,0,1,1
ERR9527532.bin.30,0,Soil,MAG,Bacteria,Bacteroidota,Bacteroidia,Bacteroidales,VadinHA17,SLNP01,Unclassified,Public,86.4492969,0.9104,53.70166667,-1.87694444,99.52,3.12,0,3669924,92140,6,0.456,taxonomic classification fully defined by topology,Defined,Unclassified public database SGBs,High-quality,22,1,1,1,3
ERR9527533.bin.10,2,Soil,MAG,Bacteria,Pseudomonadota,Gammaproteobacteria,Burkholderiales,Rhodocyclaceae,Sulfuricystis,Unclassified,Public,76.54046288,0.99396,53.70166667,-1.87694444,81.44,1.63,70,2556346,13150,2,0.626,taxonomic classification defined by topology and ANI,Defined,Unclassified public database SGBs,Medium-quality,21,1,0,0,1
ERR9527533.bin.16,1,Soil,MAG,Bacteria,Pseudomonadota,Gammaproteobacteria,Pseudomonadales,Pseudomonadaceae,Pseudomonas_E,Pseudomonas_E sp001465025,Public,78.23417311,N/A,53.70166667,-1.87694444,92.19,3.7,66.67,3707948,11344,2,0.589,taxonomic classification defined by topology and ANI,Defined,Published genomes,Medium-quality,21,0,0,0,0
ERR9527533.bin.33,1,Soil,MAG,Bacteria,Bacteroidota,Bacteroidia,Bacteroidales,Prolixibacteraceae,Draconibacterium,Draconibacterium sp009773765,Public,96.52291411,N/A,53.70166667,-1.87694444,99.46,1.08,0,4281168,68348,6,0.4,taxonomic classification defined by topology and ANI,Defined,Published genomes,High-quality,21,1,1,2,4
ERR9527533.bin.36,0,Soil,MAG,Bacteria,Bacteroidota,Bacteroidia,Bacteroidales,Paludibacteraceae,Paludibacter,Unclassified,Public,98.38069613,0.96444,53.70166667,-1.87694444,97.85,0.32,0,2426621,14907,4,0.395,taxonomic classification fully defined by topology,Defined,Unclassified public database SGBs,Medium-quality,20,0,1,2,3
ERR9527533.bin.38,1,Soil,MAG,Bacteria,Bacillota_I,Bacilli_A,Erysipelotrichales,Erysipelotrichaceae,UBA6182,Unclassified,Public,82.07476048,0.99302,53.70166667,-1.87694444,83.86,0.94,100,1313309,7258,3,0.361,taxonomic classification defined by topology and ANI,Defined,Unclassified public database SGBs,Medium-quality,13,0,0,2,2
ERR9527533.bin.39,1,Soil,MAG,Bacteria,Bacillota_A,Clostridia,Caldicoprobacterales,Unclassified,Unclassified,Unclassified,Public,88.6851652,0.68581,53.70166667,-1.87694444,92,1.21,50,2528321,14810,4,0.413,taxonomic novelty determined using RED,Novel,Unclassified public database SGBs,Medium-quality,24,0,1,1,2
ERR9527533.bin.44,1,Soil,MAG,Bacteria,Bacillota_D,Dethiobacteria,Dethiobacterales,Dethiobacteraceae,Unclassified,Unclassified,Public,80.88728642,0.83263,53.70166667,-1.87694444,86.58,1.69,50,1886026,5532,4,0.477,taxonomic novelty determined using RED,Novel,Unclassified public database SGBs,Medium-quality,17,0,0,0,0
ERR9527533.bin.45,1,Soil,MAG,Bacteria,Pseudomonadota,Gammaproteobacteria,Burkholderiales,Burkholderiaceae,Giesbergeria,Unclassified,Public,69.14241467,0.98888,53.70166667,-1.87694444,82.68,3.71,81.82,2999095,7565,6,0.641,taxonomic classification defined by topology and ANI,Defined,Unclassified public database SGBs,Medium-quality,16,0,0,2,2
ERR9527534.bin.28,1,Soil,MAG,Bacteria,Bacillota_A,Clostridia,DSM-8532,DSM-8532,JAEWSN01,Unclassified,Public,64.80446676,0.9635,53.70166667,-1.87694444,83.45,3.89,0,3337380,3228,1,0.561,taxonomic classification fully defined by topology,Defined,Unclassified public database SGBs,Medium-quality,18,0,0,0,0
ERR9527534.bin.30,3,Soil,MAG,Bacteria,Desulfobacterota,Desulfuromonadia,Desulfuromonadales,WTL,Unclassified,Unclassified,Public,102.4448896,0.79004,53.70166667,-1.87694444,100,0,0,3746864,63328,4,0.616,taxonomic novelty determined using RED,Novel,Unclassified public database SGBs,Medium-quality,24,0,0,0,0
ERR9527534.bin.8,0,Soil,MAG,Bacteria,Bacillota_I,Bacilli_A,Erysipelotrichales,Erysipelotrichaceae,UBA2227,Unclassified,Public,85.92981557,0.99058,53.70166667,-1.87694444,100,3.44,20,2119193,63403,4,0.411,taxonomic classification defined by topology and ANI,Defined,Unclassified public database SGBs,Medium-quality,23,2,0,2,4
ERR9527534.bin.9,0,Soil,MAG,Bacteria,Bacillota_I,Bacilli_A,Erysipelotrichales,Erysipelotrichaceae,UBA6182,Unclassified,Public,69.06110089,0.99564,53.70166667,-1.87694444,84.81,4.01,60,1718823,5350,4,0.357,taxonomic classification defined by topology and ANI,Defined,Unclassified public database SGBs,Medium-quality,13,0,0,3,3
ERR9527535.bin.30,0,Soil,MAG,Bacteria,Bacillota_A,Clostridia,Peptostreptococcales,Anaerovoracaceae,PHAE01,Unclassified,Public,86.48030265,0.98292,53.70166667,-1.87694444,90.52,1.3,40,1590251,6034,2,0.498,taxonomic classification defined by topology and ANI,Defined,Unclassified public database SGBs,Medium-quality,15,1,2,1,4
ERR9527535.bin.35,2,Soil,MAG,Bacteria,Desulfobacterota,Desulfovibrionia,Desulfovibrionales,Desulfomicrobiaceae,Desulfomicrobium,Desulfomicrobium sp018902545,Public,101.8333967,N/A,53.70166667,-1.87694444,99.35,0,0,3513791,74717,18,0.592,taxonomic classification defined by topology and ANI,Defined,Published genomes,High-quality,24,1,1,2,4
ERR9527536.bin.17,7,Soil,MAG,Bacteria,Desulfobacterota,Desulfuromonadia,Desulfuromonadales,Unclassified,Unclassified,Unclassified,Public,80.03776181,0.77747,53.70166667,-1.87694444,93.5,3.76,87.5,3687478,10667,7,0.618,taxonomic classification fully defined by topology,Defined,Unclassified public database SGBs,Medium-quality,22,0,0,1,1
ERR9527536.bin.25,1,Soil,MAG,Bacteria,Bacteroidota,Bacteroidia,Bacteroidales,Prolixibacteraceae,UBA1413,UBA1413 sp023428545,Public,93.32480011,N/A,53.70166667,-1.87694444,100,1.88,0,4007745,226739,2,0.463,taxonomic classification defined by topology and ANI,Defined,Published genomes,Medium-quality,21,0,0,2,2
ERR9527536.bin.31,1,Soil,MAG,Bacteria,Bacteroidota,Bacteroidia,Bacteroidales,Prolixibacteraceae,Draconibacterium,Unclassified,Public,89.16029248,0.96133,53.70166667,-1.87694444,97.63,2.15,0,5677602,29406,3,0.381,taxonomic classification fully defined by topology,Defined,Unclassified public database SGBs,Medium-quality,21,0,0,2,2
ERR9527536.bin.32,2,Soil,MAG,Bacteria,Bacteroidota,Bacteroidia,Bacteroidales,Marinilabiliaceae,CALEUX01,Unclassified,Public,88.28779838,0.93677,53.70166667,-1.87694444,99.46,2.72,0,4728441,57483,10,0.389,taxonomic novelty determined using RED,Novel,Unclassified public database SGBs,Medium-quality,21,0,1,1,2
ERR9527536.bin.33,0,Soil,MAG,Bacteria,Actinomycetota,Coriobacteriia,Anaerosomatales,JAHIQC01,Unclassified,Unclassified,Public,74.63233519,0.83757,53.70166667,-1.87694444,84.19,2.08,0,1984239,3843,1,0.653,taxonomic novelty determined using RED,Novel,Unclassified public database SGBs,Medium-quality,25,1,1,1,3
ERR9527536.bin.39,2,Soil,MAG,Bacteria,Bacteroidota,Bacteroidia,Bacteroidales,Prolixibacteraceae,UBA1413,Unclassified,Public,90.32524071,0.96111,53.70166667,-1.87694444,95.16,1.43,0,3505731,34412,5,0.465,taxonomic classification fully defined by topology,Defined,Unclassified public database SGBs,Medium-quality,23,0,0,2,2
ERR9527536.bin.7,0,Soil,MAG,Bacteria,Spirochaetota,Spirochaetia,Treponematales,UBA12059,MIBM01,Unclassified,Public,88.77868166,0.96632,53.70166667,-1.87694444,95.24,1.72,0,4136431,15044,2,0.545,taxonomic novelty determined using RED,Novel,Unclassified public database SGBs,Medium-quality,22,1,0,1,2
ERR9527537.bin.11,5,Soil,MAG,Bacteria,Pseudomonadota,Gammaproteobacteria,REEB76,REEB76,Unclassified,Unclassified,Public,77.65206972,0.86462,53.70166667,-1.87694444,88.2,2.8,41.18,2593322,31801,4,0.648,taxonomic novelty determined using RED,Novel,Unclassified public database SGBs,Medium-quality,23,1,0,0,1
ERR9527537.bin.13,5,Soil,MAG,Bacteria,Pseudomonadota,Alphaproteobacteria,ATCC43930,Stellaceae,Unclassified,Unclassified,Public,87.21617164,0.78179,53.70166667,-1.87694444,93.42,1.74,20,5755107,15824,3,0.666,taxonomic classification fully defined by topology,Defined,Unclassified public database SGBs,Medium-quality,20,0,0,0,0
ERR9527537.bin.14,4,Soil,MAG,Bacteria,Pseudomonadota,Gammaproteobacteria,REEB76,REEB76,REEB76,REEB76 sp027317045,Public,87.95870682,N/A,53.70166667,-1.87694444,96.2,2.15,11.11,2526473,28122,8,0.585,taxonomic classification defined by topology and ANI,Defined,Published genomes,Medium-quality,22,0,1,1,2
ERR9527537.bin.16,4,Soil,MAG,Bacteria,Acidobacteriota,Terriglobia,Acidoferrales,UBA7541,Palsa-295,Unclassified,Public,84.95831822,0.91888,53.70166667,-1.87694444,92.31,1.87,0,3532897,7882,2,0.585,taxonomic classification fully defined by topology,Defined,Unclassified public database SGBs,High-quality,22,1,1,1,3
ERR9527537.bin.8,1,Soil,MAG,Bacteria,Bacillota_G,UBA4882,JAAYXC01,JAAYXC01,Unclassified,Unclassified,Public,72.08186058,0.79334,53.70166667,-1.87694444,80.08,1.98,0,3306011,5055,2,0.627,taxonomic novelty determined using RED,Novel,Unclassified public database SGBs,Medium-quality,18,0,1,1,2
SRR1164896.bin.11,1,Soil,MAG,Bacteria,Bacteroidota,Bacteroidia,Flavobacteriales,Flavobacteriaceae,Planktosalinus,Planktosalinus sp018402385,Public,79.821366,N/A,38.7,117.5,86.22,1.57,28.57,2355814,8047,1,0.372,taxonomic classification defined by topology and ANI,Defined,Published genomes,Medium-quality,22,0,0,2,2
SRR1164896.bin.12,1,Soil,MAG,Bacteria,Pseudomonadota,Alphaproteobacteria,Rhodobacterales,Rhodobacteraceae,Yoonia,Unclassified,Public,85.77215946,0.99803,38.7,117.5,93.18,2.27,80,3684000,14201,2,0.578,taxonomic classification defined by topology and ANI,Defined,Unclassified public database SGBs,Medium-quality,22,0,0,0,0
SRR1164896.bin.19,6,Soil,MAG,Bacteria,Pseudomonadota,Gammaproteobacteria,Enterobacterales,Psychromonadaceae,Psychromonas,Unclassified,Public,89.55365044,0.98635,38.7,117.5,92.86,1.17,50,3280531,6566,2,0.419,taxonomic classification defined by topology and ANI,Defined,Unclassified public database SGBs,Medium-quality,18,1,0,2,3
SRR1164896.bin.2,3,Soil,MAG,Bacteria,Pseudomonadota,Gammaproteobacteria,Enterobacterales,Shewanellaceae,Shewanella,Shewanella frigidimarina,Public,89.66991927,N/A,38.7,117.5,95.84,1.61,37.5,4351171,28336,1,0.413,taxonomic classification defined by topology and ANI,Defined,Published genomes,Medium-quality,23,1,0,1,2
SRR1164896.bin.23,4,Soil,MAG,Bacteria,Actinomycetota,Actinomycetes,S36-B12,S36-B12,S36-B12,Unclassified,Public,56.09670466,0.94957,38.7,117.5,80.87,6.55,92.31,2140288,5765,2,0.622,taxonomic classification fully defined by topology,Defined,Unclassified public database SGBs,Medium-quality,23,1,1,1,3
SRR1164896.bin.24,1,Soil,MAG,Bacteria,Pseudomonadota,Gammaproteobacteria,Xanthomonadales,Wenzhouxiangellaceae,Wenzhouxiangella,Unclassified,Public,52.04796386,0.99347,38.7,117.5,83.62,7.94,77.5,1977047,7062,2,0.54,taxonomic classification defined by topology and ANI,Defined,Unclassified public database SGBs,Medium-quality,18,0,1,1,2
SRR1164896.bin.27,37,Soil,MAG,Bacteria,Bacillota,Bacilli,Bacillales,Bacillaceae,Bacillus,Bacillus velezensis,Public,102.0231186,N/A,38.7,117.5,99.81,0.12,0,3792110,335921,2,0.464,taxonomic classification defined by topology and ANI,Defined,Published genomes,Medium-quality,22,3,0,5,8
SRR1164896.bin.30,3,Soil,MAG,Bacteria,Pseudomonadota,Gammaproteobacteria,Pseudomonadales,Cellvibrionaceae,Marinagarivorans,Unclassified,Public,91.8455013,0.97129,38.7,117.5,97.56,1.4,9.09,3891359,16462,1,0.51,taxonomic classification fully defined by topology,Defined,Unclassified public database SGBs,Medium-quality,20,0,0,2,2
SRR1164896.bin.4,5,Soil,MAG,Bacteria,Pseudomonadota,Gammaproteobacteria,Pseudomonadales,Cellvibrionaceae,Unclassified,Unclassified,Public,77.99073825,0.88472,38.7,117.5,87.38,2.47,41.67,3202613,5794,2,0.525,taxonomic novelty determined using RED,Novel,Unclassified public database SGBs,Medium-quality,19,0,0,0,0
SRR14626313.bin.1,2,Soil,MAG,Bacteria,Pseudomonadota,Gammaproteobacteria,Nitrococcales,Nitrococcaceae,Spiribacter,Unclassified,Public,85.74764215,0.98862,37.4971,-122.133,91.02,1.75,71.43,1543188,23115,6,0.671,taxonomic classification defined by topology and ANI,Defined,Unclassified public database SGBs,Medium-quality,20,1,0,0,1
SRR14626313.bin.11,4,Soil,MAG,Bacteria,Desulfobacterota,Desulfobacteria,Desulfobacterales,Desulfosalsimonadaceae,M55B175,M55B175 sp018334555,Public,65.61733029,N/A,37.4971,-122.133,75.1,2.26,0,2404474,3425,2,0.515,taxonomic classification defined by topology and ANI,Defined,Published genomes,Medium-quality,18,0,0,0,0
SRR14626313.bin.24,2,Soil,MAG,Bacteria,Pseudomonadota,Gammaproteobacteria,Nitrococcales,Nitrococcaceae,Spiribacter,Unclassified,Public,48.38886218,0.98721,37.4971,-122.133,86.8,8.9,55.77,1770547,14147,1,0.613,taxonomic classification defined by topology and ANI,Defined,Unclassified public database SGBs,Medium-quality,20,1,0,0,1
SRR14626313.bin.6,1,Soil,MAG,Bacteria,Pseudomonadota,Alphaproteobacteria,Rhodobacterales,Rhodobacteraceae,JASJAR01,Unclassified,Public,80.14016151,0.97041,37.4971,-122.133,86.98,1.87,30.77,3059384,5882,2,0.669,taxonomic novelty determined using RED,Novel,Unclassified public database SGBs,Medium-quality,17,1,1,1,3
SRR16229770.bin.19,2,Soil,MAG,Bacteria,Pseudomonadota,Gammaproteobacteria,Burkholderiales,SG8-39,SCGC-AG-212-J23,Unclassified,Public,91.84099689,0.94633,40,111,92.9,0.71,33.33,4036984,26367,16,0.667,taxonomic classification defined by topology and ANI,Defined,Unclassified public database SGBs,Medium-quality,21,1,0,0,1
SRR16229770.bin.4,2,Soil,MAG,Bacteria,Pseudomonadota,Gammaproteobacteria,Burkholderiales,Chromobacteriaceae,Vogesella,Vogesella indigofera_A,Public,93.09388852,N/A,40,111,97.22,1.34,0,3489006,111629,2,0.644,taxonomic classification defined by topology and ANI,Defined,Published genomes,Medium-quality,22,0,2,3,5
SRR16229771.bin.10,2,Soil,MAG,Bacteria,Pseudomonadota,Gammaproteobacteria,Burkholderiales,SG8-39,JAABQT01,Unclassified,Public,76.55018433,0.93851,40,111,88.91,2.92,0,2836633,24043,2,0.683,taxonomic classification defined by topology and ANI,Defined,Unclassified public database SGBs,Medium-quality,19,0,1,1,2
SRR16229772.bin.3,1,Soil,MAG,Bacteria,Bacteroidota,Bacteroidia,Cytophagales,Cyclobacteriaceae,UBA2336,Unclassified,Public,70.83907637,0.92983,40,111,75.86,1.72,100,2001646,4151,2,0.423,taxonomic classification fully defined by topology,Defined,Unclassified public database SGBs,Medium-quality,11,0,0,0,0
SRR16229772.bin.8,0,Soil,MAG,Bacteria,Gemmatimonadota,Gemmatimonadetes,Gemmatimonadales,GWC2-71-9,Unclassified,Unclassified,Public,71.40500149,0.81802,40,111,81.35,2.2,0,2969408,10233,1,0.716,taxonomic classification fully defined by topology,Defined,Unclassified public database SGBs,Medium-quality,23,1,1,1,3
SRR16229772.bin.9,2,Soil,MAG,Bacteria,Actinomycetota,Acidimicrobiia,Acidimicrobiales,Ilumatobacteraceae,Ilumatobacter,Unclassified,Public,68.96524436,0.9527,40,111,78.95,2.59,42.86,2677328,4077,2,0.703,taxonomic classification fully defined by topology,Defined,Unclassified public database SGBs,Medium-quality,16,0,0,0,0
SRR16229774.bin.2,2,Soil,MAG,Bacteria,Pseudomonadota,Gammaproteobacteria,Xanthomonadales,Rhodanobacteraceae,Dokdonella,Unclassified,Public,65.58217323,0.96961,40,111,81.57,3.51,18.18,3042032,5599,1,0.649,taxonomic classification fully defined by topology,Defined,Unclassified public database SGBs,Medium-quality,20,0,2,2,4
SRR16229775.bin.24,1,Soil,MAG,Bacteria,Pseudomonadota,Gammaproteobacteria,Steroidobacterales,Steroidobacteraceae,ZC4RG30,Unclassified,Public,68.43144112,0.96404,40,111,86.56,4.52,50,3434527,21492,11,0.678,taxonomic classification defined by topology and ANI,Defined,Unclassified public database SGBs,Medium-quality,21,1,0,1,2
SRR16229776.bin.11,1,Soil,MAG,Bacteria,Pseudomonadota,Alphaproteobacteria,Caulobacterales,Hyphomonadaceae,UBA7672,Unclassified,Public,88.79000819,0.93469,40,111,93.6,1.52,42.86,3401335,15734,22,0.648,taxonomic classification fully defined by topology,Defined,Unclassified public database SGBs,High-quality,23,1,1,1,3
SRR16229776.bin.18,1,Soil,MAG,Bacteria,Chloroflexota,Anaerolineae,Anaerolineales,Villigracilaceae,Defluviilinea,Unclassified,Public,54.26857514,0.95097,40,111,79.09,6.21,70,4285536,5094,4,0.568,taxonomic classification fully defined by topology,Defined,Unclassified public database SGBs,Medium-quality,18,1,0,0,1
SRR16229776.bin.19,0,Soil,MAG,Bacteria,Gemmatimonadota,Gemmatimonadetes,Gemmatimonadales,GWC2-71-9,CAMLHP01,CAMLHP01 sp025937755,Public,91.63066358,N/A,40,111,89.46,0,0,2563551,18065,6,0.671,taxonomic classification defined by topology and ANI,Defined,Published genomes,Medium-quality,24,1,1,1,3
SRR16229776.bin.23,12,Soil,MAG,Bacteria,Myxococcota,Polyangia,Nannocystales,Nannocystaceae,Unclassified,Unclassified,Public,59.96966564,0.83644,40,111,77.61,3.71,0,9084337,5240,1,0.698,taxonomic novelty determined using RED,Novel,Unclassified public database SGBs,Medium-quality,18,0,0,0,0
SRR16229776.bin.28,6,Soil,MAG,Bacteria,Pseudomonadota,Gammaproteobacteria,Steroidobacterales,Steroidobacteraceae,CADEED01,Unclassified,Public,89.51670587,0.94486,40,111,98.28,2.35,31.25,3767462,26098,28,0.67,taxonomic classification defined by topology and ANI,Defined,Unclassified public database SGBs,High-quality,21,2,1,1,4
SRR16229776.bin.7,3,Soil,MAG,Bacteria,Pseudomonadota,Gammaproteobacteria,Xanthomonadales,Xanthomonadaceae,Arenimonas,Unclassified,Public,83.64924583,0.98345,40,111,90.15,1.94,60,2653060,9980,17,0.695,taxonomic classification defined by topology and ANI,Defined,Unclassified public database SGBs,Medium-quality,15,0,0,1,1
SRR16229776.bin.9,1,Soil,MAG,Bacteria,Acidobacteriota,Thermoanaerobaculia,Multivoradales,UBA5704,JACTMI01,Unclassified,Public,85.67029167,0.88584,40,111,88.82,1.03,0,2914070,8381,9,0.725,taxonomic classification fully defined by topology,Defined,Unclassified public database SGBs,Medium-quality,23,1,1,0,2
SRR16229778.bin.24,2,Soil,MAG,Bacteria,Pseudomonadota,Gammaproteobacteria,Woeseiales,Woeseiaceae,JACZWL01,Unclassified,Public,40.04045963,0.88359,40,111,77.27,7.85,14.58,3929999,4486,1,0.62,taxonomic novelty determined using RED,Novel,Unclassified public database SGBs,Medium-quality,24,1,2,2,5
SRR16229779.bin.10,1,Soil,MAG,Bacteria,Pseudomonadota,Gammaproteobacteria,Steroidobacterales,Steroidobacteraceae,JAAYXG01,Unclassified,Public,69.05923775,0.96247,40,111,79.63,2.54,7.69,4181319,5859,2,0.611,taxonomic classification fully defined by topology,Defined,Unclassified public database SGBs,Medium-quality,19,0,0,0,0
SRR16229779.bin.18,0,Soil,MAG,Bacteria,Pseudomonadota,Alphaproteobacteria,Rhizobiales,Xanthobacteraceae,JAUSIF01,Unclassified,Public,73.09941626,0.98845,40,111,83.06,2.24,9.09,2638493,9367,1,0.656,taxonomic classification defined by topology and ANI,Defined,Unclassified public database SGBs,Medium-quality,18,1,1,1,3
SRR16229779.bin.23,12,Soil,MAG,Bacteria,Acidobacteriota,Vicinamibacteria,Vicinamibacterales,SCN-69-37,SCN-69-37,Unclassified,Public,80.52187839,0.94127,40,111,96.25,3.59,0,4277901,22511,4,0.685,taxonomic classification fully defined by topology,Defined,Unclassified public database SGBs,High-quality,23,1,2,1,4
SRR16229779.bin.8,3,Soil,MAG,Bacteria,Pseudomonadota,Alphaproteobacteria,Kiloniellales,Kiloniellaceae,Pelagibius,Unclassified,Public,85.989161,0.95642,40,111,92.83,2.03,57.14,3825867,16470,6,0.685,taxonomic classification defined by topology and ANI,Defined,Unclassified public database SGBs,Medium-quality,16,0,0,0,0
SRR16229780.bin.25,0,Soil,MAG,Bacteria,Campylobacterota,Campylobacteria,Campylobacterales,Arcobacteraceae,Aliarcobacter,Aliarcobacter sp028681275,Public,83.86788601,N/A,40,111,93.7,2.64,57.14,2385710,4157,2,0.276,taxonomic classification defined by topology and ANI,Defined,Published genomes,High-quality,21,2,5,1,8
SRR16229780.bin.7,2,Soil,MAG,Bacteria,Pseudomonadota,Alphaproteobacteria,Sphingomonadales,Sphingomonadaceae,Sphingomicrobium,Unclassified,Public,100.1751792,0.97956,40,111,97.79,0.01,0,2398043,59597,24,0.642,taxonomic classification fully defined by topology,Defined,Unclassified public database SGBs,Medium-quality,21,1,0,0,1
SRR16229780.bin.8,1,Soil,MAG,Bacteria,Pseudomonadota,Gammaproteobacteria,Steroidobacterales,Steroidobacteraceae,ZC4RG30,Unclassified,Public,76.73777936,0.96326,40,111,84.35,2.11,40,3094709,12639,4,0.682,taxonomic classification defined by topology and ANI,Defined,Unclassified public database SGBs,Medium-quality,18,0,0,0,0
SRR16229781.bin.1,6,Soil,MAG,Bacteria,Pseudomonadota,Gammaproteobacteria,Enterobacterales,Shewanellaceae,Shewanella,Unclassified,Public,94.03182099,0.99655,40,111,98.27,1.47,62.5,4696295,19326,2,0.468,taxonomic classification defined by topology and ANI,Defined,Unclassified public database SGBs,High-quality,23,5,2,4,11
SRR16229781.bin.10,1,Soil,MAG,Bacteria,Gemmatimonadota,Gemmatimonadetes,Gemmatimonadales,Gemmatimonadaceae,Unclassified,Unclassified,Public,82.85862061,0.80824,40,111,91.86,2.2,0,3191749,8495,13,0.633,taxonomic novelty determined using RED,Novel,Unclassified public database SGBs,High-quality,23,1,2,2,5
SRR16229781.bin.11,0,Soil,MAG,Bacteria,Chloroflexota,Anaerolineae,Aggregatilineales,Aggregatilineaceae,DYGX01,Unclassified,Public,84.05965992,0.97522,40,111,91.82,1.97,0,4377928,12902,6,0.646,taxonomic classification fully defined by topology,Defined,Unclassified public database SGBs,Medium-quality,23,3,0,2,5
SRR16229781.bin.9,5,Soil,MAG,Bacteria,Pseudomonadota,Gammaproteobacteria,Enterobacterales,Aeromonadaceae,Aeromonas,Aeromonas media,Public,92.78264172,N/A,40,111,93.23,0.58,50,4124986,16799,2,0.619,taxonomic classification defined by topology and ANI,Defined,Published genomes,Medium-quality,21,0,1,5,6
SRR16229782.bin.10,1,Soil,MAG,Bacteria,Pseudomonadota,Gammaproteobacteria,Steroidobacterales,Steroidobacteraceae,CADEED01,CADEED01 sp029266835,Public,67.00990264,N/A,40,111,76.07,2.2,0,3597265,6675,3,0.65,taxonomic classification defined by topology and ANI,Defined,Published genomes,Medium-quality,19,0,0,0,0
SRR16229782.bin.19,6,Soil,MAG,Bacteria,Myxococcota,Polyangia,Polyangiales,Polyangiaceae,PMG-095,Unclassified,Public,84.20455716,0.95647,40,111,91.4,1.94,0,7569497,83779,8,0.696,taxonomic classification fully defined by topology,Defined,Unclassified public database SGBs,High-quality,22,1,1,1,3
SRR16229784.bin.3,5,Soil,MAG,Bacteria,Pseudomonadota,Alphaproteobacteria,Sphingomonadales,Sphingomonadaceae,Sphingomonas_B,Unclassified,Public,89.21342495,0.94105,40,111,100,2.72,10,3916686,96128,2,0.684,taxonomic classification fully defined by topology,Defined,Unclassified public database SGBs,Medium-quality,23,0,0,2,2
SRR16229785.bin.13,2,Soil,MAG,Bacteria,Pseudomonadota,Alphaproteobacteria,Sphingomonadales,Sphingomonadaceae,Allosphingosinicella,Unclassified,Public,89.41690704,0.95207,40,111,90.13,0.58,0,2681929,19685,7,0.694,taxonomic classification fully defined by topology,Defined,Unclassified public database SGBs,High-quality,21,1,1,1,3
SRR16229785.bin.20,3,Soil,MAG,Bacteria,Pseudomonadota,Alphaproteobacteria,Dongiales,Dongiaceae,Unclassified,Unclassified,Public,89.44654654,0.78383,40,111,95.2,1.78,50,4156457,26667,23,0.683,taxonomic novelty determined using RED,Novel,Unclassified public database SGBs,Medium-quality,19,0,1,1,2
SRR16229785.bin.24,0,Soil,MAG,Bacteria,Pseudomonadota,Alphaproteobacteria,Caulobacterales,TH1-2,Vitreimonas,Unclassified,Public,95.42648272,0.9484,40,111,95.52,0.49,20,3159949,26718,5,0.679,taxonomic classification defined by topology and ANI,Defined,Unclassified public database SGBs,High-quality,21,1,1,1,3
SRR16229787.bin.30,0,Soil,MAG,Bacteria,Pseudomonadota,Alphaproteobacteria,Caulobacterales,TH1-2,Vitreimonas,Unclassified,Public,60.43850384,0.99445,40,111,79.08,4.58,73.68,2883042,4655,1,0.65,taxonomic classification defined by topology and ANI,Defined,Unclassified public database SGBs,Medium-quality,20,1,0,0,1
SRR16229787.bin.5,3,Soil,MAG,Bacteria,Pseudomonadota,Gammaproteobacteria,Burkholderiales,Rhodocyclaceae,Azonexus,Unclassified,Public,54.74299205,0.97151,40,111,84.39,6.39,21.43,3550791,5851,1,0.647,taxonomic classification defined by topology and ANI,Defined,Unclassified public database SGBs,Medium-quality,20,0,0,0,0
SRR16229787.bin.8,7,Soil,MAG,Bacteria,Myxococcota,Polyangia,Haliangiales,Haliangiaceae,JABFXX01,Unclassified,Public,80.96510581,0.99341,40,111,96.43,3.84,33.33,9932590,66190,14,0.678,taxonomic classification defined by topology and ANI,Defined,Unclassified public database SGBs,High-quality,26,1,1,1,3
SRR19594458.bin.15,3,Soil,MAG,Bacteria,Pseudomonadota,Gammaproteobacteria,HTCC5015,HTCC5015,JAFGLM01,Unclassified,Public,72.39321987,0.92435,37.76,118.53,83.11,2.57,10,2483916,4492,2,0.514,taxonomic novelty determined using RED,Novel,Unclassified public database SGBs,Medium-quality,16,0,0,0,0
SRR19594458.bin.4,3,Soil,MAG,Bacteria,Pseudomonadota,Gammaproteobacteria,UBA4486,UBA4486,2-02-FULL-47-50,Unclassified,Public,55.07058202,0.90113,37.76,118.53,77.7,5.18,26.67,1866952,4766,2,0.542,taxonomic novelty determined using RED,Novel,Unclassified public database SGBs,Medium-quality,13,1,1,1,3
SRR19594458.bin.6,2,Soil,MAG,Bacteria,Chlamydiota,Chlamydiia,Chlamydiales,SM23-39,21-14-0-10-35-9,Unclassified,Public,79.46260207,0.87864,37.76,118.53,87.72,2.03,0,1500789,4844,2,0.358,taxonomic novelty determined using RED,Novel,Unclassified public database SGBs,Medium-quality,20,4,1,1,6
SRR19594458.bin.8,2,Soil,MAG,Bacteria,Pseudomonadota,Gammaproteobacteria,QNFN01,QNFN01,QNFN01,Unclassified,Public,82.96432222,0.93988,37.76,118.53,94.25,2.7,0,3059315,21904,3,0.708,taxonomic classification defined by topology and ANI,Defined,Unclassified public database SGBs,Medium-quality,21,1,0,0,1
SRR19594459.bin.1,2,Soil,MAG,Bacteria,Bacteroidota,Bacteroidia,Flavobacteriales,Flavobacteriaceae,Salinimicrobium,Unclassified,Public,83.45213725,0.95543,37.76,118.53,85.79,1.07,73.33,2473595,23186,4,0.404,taxonomic classification fully defined by topology,Defined,Unclassified public database SGBs,Medium-quality,21,0,1,1,2
SRR19594459.bin.17,0,Soil,MAG,Bacteria,Pseudomonadota,Alphaproteobacteria,Sphingomonadales,Sphingomonadaceae,Alteriqipengyuania_A,Unclassified,Public,35.5623996,0.97922,37.76,118.53,77.84,9.81,60.38,1924701,3965,1,0.653,taxonomic novelty determined using RED,Novel,Unclassified public database SGBs,Medium-quality,19,1,0,0,1
SRR19594459.bin.18,2,Soil,MAG,Bacteria,Pseudomonadota,Alphaproteobacteria,Sphingomonadales,Sphingomonadaceae,Qipengyuania,Unclassified,Public,60.6606376,0.99822,37.76,118.53,89.32,7.3,77.14,2348560,20837,2,0.608,taxonomic classification defined by topology and ANI,Defined,Unclassified public database SGBs,Medium-quality,21,1,1,1,3
SRR19594459.bin.20,2,Soil,MAG,Bacteria,Bacteroidota,Bacteroidia,Cytophagales,Cyclobacteriaceae,Cesiribacter,Unclassified,Public,63.46815743,0.95781,37.76,118.53,85.52,5.17,33.33,4403856,11220,2,0.517,taxonomic classification fully defined by topology,Defined,Unclassified public database SGBs,Medium-quality,17,0,0,0,0
SRR19594459.bin.21,3,Soil,MAG,Bacteria,Pseudomonadota,Gammaproteobacteria,Xanthomonadales,Xanthomonadaceae,Lysobacter,Unclassified,Public,61.99961791,0.98329,37.76,118.53,84.66,5.49,69.77,3032143,6584,1,0.703,taxonomic classification defined by topology and ANI,Defined,Unclassified public database SGBs,Medium-quality,19,0,0,0,0
SRR19594459.bin.22,3,Soil,MAG,Bacteria,Pseudomonadota,Gammaproteobacteria,Burkholderiales,Burkholderiaceae,Telluria,Unclassified,Public,75.28592203,0.99457,37.76,118.53,85.72,2.82,58.82,4016266,8211,2,0.67,taxonomic classification defined by topology and ANI,Defined,Unclassified public database SGBs,Medium-quality,19,2,0,1,3
SRR19594459.bin.23,15,Soil,MAG,Bacteria,Cyanobacteriota,Cyanobacteriia,Phormidesmiales,Phormidesmiaceae,Nodosilinea,Unclassified,Public,86.07603004,0.99083,37.76,118.53,98.91,3.35,47.06,5328159,37935,2,0.562,taxonomic classification defined by topology and ANI,Defined,Unclassified public database SGBs,Medium-quality,23,2,0,1,3
SRR19594459.bin.24,0,Soil,MAG,Bacteria,Actinomycetota,Nitriliruptoria,Nitriliruptorales,Nitriliruptoraceae,Unclassified,Unclassified,Public,79.62407958,0.77358,37.76,118.53,80.95,0.85,100,3074529,11184,2,0.721,taxonomic novelty determined using RED,Novel,Unclassified public database SGBs,Medium-quality,22,0,1,1,2
SRR19594459.bin.3,0,Soil,MAG,Bacteria,Pseudomonadota,Alphaproteobacteria,Rhodobacterales,Rhodobacteraceae,Palleronia,Unclassified,Public,91.37499857,0.9818,37.76,118.53,92.86,0.78,33.33,2917580,16707,4,0.709,taxonomic classification defined by topology and ANI,Defined,Unclassified public database SGBs,Medium-quality,18,0,0,0,0
SRR19594459.bin.33,2,Soil,MAG,Bacteria,Pseudomonadota,Gammaproteobacteria,Pseudomonadales,Oleiphilaceae,Marinobacter,Unclassified,Public,60.93736186,0.93268,37.76,118.53,75,3.45,66.67,3212471,4726,1,0.643,taxonomic classification fully defined by topology,Defined,Unclassified public database SGBs,Medium-quality,19,0,0,0,0
SRR19594459.bin.36,0,Soil,MAG,Bacteria,Pseudomonadota,Alphaproteobacteria,Sphingomonadales,Sphingomonadaceae,Sphingomonas_B,Unclassified,Public,52.9798075,0.9416,37.76,118.53,75.47,4.67,0,2651050,4165,1,0.686,taxonomic classification fully defined by topology,Defined,Unclassified public database SGBs,Medium-quality,21,1,1,1,3
SRR19594459.bin.41,3,Soil,MAG,Bacteria,Cyanobacteriota,Cyanobacteriia,Cyanobacteriales,SIO1D9,Unclassified,Unclassified,Public,93.40558149,0.83794,37.76,118.53,95,0.89,75,3848382,18887,2,0.425,taxonomic novelty determined using RED,Novel,Unclassified public database SGBs,High-quality,23,1,2,2,5
SRR19594459.bin.45,2,Soil,MAG,Bacteria,Bacteroidota,Bacteroidia,Flavobacteriales,Flavobacteriaceae,Salinimicrobium,Unclassified,Public,75.17338709,0.95629,37.76,118.53,86.3,2.8,64.29,2750588,11131,1,0.424,taxonomic classification fully defined by topology,Defined,Unclassified public database SGBs,Medium-quality,18,1,0,0,1
SRR19594459.bin.47,6,Soil,MAG,Bacteria,Bacteroidota,Bacteroidia,Flavobacteriales,Flavobacteriaceae,Gillisia,Unclassified,Public,96.06155105,0.96915,37.76,118.53,98.57,1,20,3535889,30416,2,0.375,taxonomic classification fully defined by topology,Defined,Unclassified public database SGBs,Medium-quality,22,0,0,0,0
SRR19594459.bin.52,0,Soil,MAG,Bacteria,Pseudomonadota,Gammaproteobacteria,Xanthomonadales,Xanthomonadaceae,Pseudoxanthomonas_A,Unclassified,Public,51.09586442,0.96412,37.76,118.53,87.68,7.62,7.55,3287543,6041,1,0.672,taxonomic classification fully defined by topology,Defined,Unclassified public database SGBs,Medium-quality,20,0,0,0,0
SRR19594459.bin.53,32,Soil,MAG,Bacteria,Gemmatimonadota,Gemmatimonadetes,Longimicrobiales,Longimicrobiaceae,JAQBQD01,Unclassified,Public,42.67678993,0.90048,37.76,118.53,86.26,9.07,8.33,5808462,8366,1,0.734,taxonomic novelty determined using RED,Novel,Unclassified public database SGBs,Medium-quality,23,1,0,1,2
SRR19594459.bin.54,1,Soil,MAG,Bacteria,Bacteroidota,Rhodothermia,Balneolales,Balneolaceae,Gracilimonas,Unclassified,Public,73.12646637,0.97469,37.76,118.53,86.15,3.18,28.57,2522410,6853,2,0.422,taxonomic classification defined by topology and ANI,Defined,Unclassified public database SGBs,Medium-quality,19,0,0,0,0
SRR19594459.bin.56,3,Soil,MAG,Bacteria,Pseudomonadota,Alphaproteobacteria,Sphingomonadales,Sphingomonadaceae,Tsuneonella,Unclassified,Public,89.45951634,0.97232,37.76,118.53,95.9,2.03,73.33,2456767,22324,4,0.675,taxonomic classification defined by topology and ANI,Defined,Unclassified public database SGBs,High-quality,22,1,1,1,3
SRR19594459.bin.58,2,Soil,MAG,Bacteria,Bacteroidota,Rhodothermia,Balneolales,Balneolaceae,Unclassified,Unclassified,Public,93.68495663,0.81352,37.76,118.53,96.45,1.09,33.33,3082839,35405,4,0.612,taxonomic classification fully defined by topology,Defined,Unclassified public database SGBs,Medium-quality,21,0,0,1,1
SRR19594459.bin.65,1,Soil,MAG,Bacteria,Bacteroidota,Bacteroidia,Flavobacteriales,Flavobacteriaceae,Salinimicrobium,Unclassified,Public,75.52470136,0.97508,37.76,118.53,85.84,2.81,54.55,2545822,20123,2,0.434,taxonomic classification defined by topology and ANI,Defined,Unclassified public database SGBs,Medium-quality,17,0,0,2,2
SRR19594459.bin.66,10,Soil,MAG,Bacteria,Pseudomonadota,Gammaproteobacteria,Pseudomonadales,Cellvibrionaceae,Unclassified,Unclassified,Public,85.27908585,0.87996,37.76,118.53,91.19,1.71,37.5,4491210,7885,2,0.517,taxonomic novelty determined using RED,Novel,Unclassified public database SGBs,High-quality,20,1,1,2,4
SRR19594460.bin.16,7,Soil,MAG,Bacteria,Nitrospirota,Nitrospiria,Nitrospirales,UBA8639,UBA8639,Unclassified,Public,83.58289272,0.98779,37.76,118.53,94.89,2.73,0,4522571,38554,2,0.51,taxonomic classification defined by topology and ANI,Defined,Unclassified public database SGBs,High-quality,23,4,5,1,10
SRR19594460.bin.19,1,Soil,MAG,Bacteria,Pseudomonadota,Gammaproteobacteria,Xanthomonadales,SZUA-36,JAUIBE01,Unclassified,Public,80.41432346,0.88459,37.76,118.53,92.21,2.81,0,3133090,25624,2,0.646,taxonomic novelty determined using RED,Novel,Unclassified public database SGBs,Medium-quality,20,1,0,1,2
SRR19594460.bin.5,63,Soil,MAG,Bacteria,Acidobacteriota,Thermoanaerobaculia,Multivoradales,UBA5704,Unclassified,Unclassified,Public,54.06397459,0.79862,37.76,118.53,97.44,9.31,7.14,10863791,82886,2,0.687,taxonomic classification fully defined by topology,Defined,Unclassified public database SGBs,Medium-quality,25,2,2,1,5
SRR19594461.bin.10,3,Soil,MAG,Bacteria,Bacteroidota,Rhodothermia,Balneolales,Balneolaceae,SMO-BIN1,Unclassified,Public,44.88757984,0.95247,37.76,118.53,83.59,8.25,18.18,2363447,9896,1,0.446,taxonomic classification fully defined by topology,Defined,Unclassified public database SGBs,Medium-quality,19,1,0,0,1
SRR19594461.bin.19,0,Soil,MAG,Bacteria,Gemmatimonadota,Gemmatimonadetes,Longimicrobiales,UBA6960,JAJCZZ01,Unclassified,Public,79.07002318,0.91096,37.76,118.53,96.55,3.92,20,4009237,37329,1,0.729,taxonomic classification fully defined by topology,Defined,Unclassified public database SGBs,High-quality,25,1,1,1,3
SRR19594461.bin.25,0,Soil,MAG,Bacteria,Pseudomonadota,Gammaproteobacteria,Pseudomonadales,Alcanivoracaceae,SLJS01,Unclassified,Public,64.42535608,0.89649,37.76,118.53,85.12,4.9,54.17,2869352,15924,1,0.632,taxonomic classification fully defined by topology,Defined,Unclassified public database SGBs,Medium-quality,20,2,0,0,2
SRR19594461.bin.31,2,Soil,MAG,Bacteria,Bacteroidota,Rhodothermia,Balneolales,Balneolaceae,Fodinibius,Unclassified,Public,90.33128008,0.94469,37.76,118.53,94.54,1.37,0,3267953,152251,2,0.47,taxonomic classification fully defined by topology,Defined,Unclassified public database SGBs,Medium-quality,22,0,0,2,2
SRR19594461.bin.33,3,Soil,MAG,Bacteria,Bacteroidota,Bacteroidia,Cytophagales,Cyclobacteriaceae,Nafulsella,Unclassified,Public,89.01467748,0.97281,37.76,118.53,96.43,2.08,28.57,4281868,47956,2,0.452,taxonomic classification defined by topology and ANI,Defined,Unclassified public database SGBs,Medium-quality,20,0,1,2,3
SRR19594461.bin.36,3,Soil,MAG,Bacteria,Bacteroidota,Bacteroidia,Flavobacteriales,Flavobacteriaceae,Gramella,Unclassified,Public,73.00649269,0.98948,37.76,118.53,77.74,1.72,100,3158800,15595,2,0.377,taxonomic classification defined by topology and ANI,Defined,Unclassified public database SGBs,Medium-quality,20,0,0,3,3
SRR19594461.bin.38,0,Soil,MAG,Bacteria,Bacteroidota,Bacteroidia,Flavobacteriales,Flavobacteriaceae,Salinimicrobium,Unclassified,Public,75.06503371,0.9697,37.76,118.53,85.63,2.89,66.67,2566431,7203,2,0.414,taxonomic classification fully defined by topology,Defined,Unclassified public database SGBs,Medium-quality,18,0,0,2,2
SRR19594461.bin.47,2,Soil,MAG,Bacteria,Bacteroidota,Rhodothermia,Balneolales,Balneolaceae,SMO-BIN1,Unclassified,Public,88.78768623,0.93053,37.76,118.53,90.44,0.82,0,2939024,62427,2,0.546,taxonomic classification fully defined by topology,Defined,Unclassified public database SGBs,Medium-quality,19,0,0,0,0
SRR19594461.bin.5,0,Soil,MAG,Bacteria,Actinomycetota,Nitriliruptoria,Nitriliruptorales,Nitriliruptoraceae,Unclassified,Unclassified,Public,68.54025884,0.77742,37.76,118.53,75.12,2.14,100,2863121,7253,2,0.725,taxonomic novelty determined using RED,Novel,Unclassified public database SGBs,Medium-quality,18,0,0,1,1
SRR19594461.bin.50,1,Soil,MAG,Bacteria,Pseudomonadota,Gammaproteobacteria,Pseudomonadales,Alcanivoracaceae,Alcanivorax,Unclassified,Public,70.43408087,0.99093,37.76,118.53,82.32,3.16,60,2679180,8633,2,0.596,taxonomic classification defined by topology and ANI,Defined,Unclassified public database SGBs,Medium-quality,19,0,0,1,1
SRR19594461.bin.60,3,Soil,MAG,Bacteria,Bacteroidota,Bacteroidia,Cytophagales,Cyclobacteriaceae,Cesiribacter,Unclassified,Public,89.6405358,0.9591,37.76,118.53,95.58,1.88,55.56,4651740,53953,2,0.482,taxonomic classification fully defined by topology,Defined,Unclassified public database SGBs,Medium-quality,20,0,0,2,2
SRR19594461.bin.62,2,Soil,MAG,Bacteria,Bacteroidota,Rhodothermia,Balneolales,Balneolaceae,SMO-BIN1,Unclassified,Public,91.47437586,0.98826,37.76,118.53,96.45,1.64,50,2573010,51388,4,0.451,taxonomic classification defined by topology and ANI,Defined,Unclassified public database SGBs,Medium-quality,21,0,0,0,0
SRR19594461.bin.63,2,Soil,MAG,Bacteria,Bacteroidota,Rhodothermia,Rhodothermales,VXPQ01,Unclassified,Unclassified,Public,71.22404074,0.78113,37.76,118.53,86.21,3.39,0,3508428,7097,4,0.625,taxonomic novelty determined using RED,Novel,Unclassified public database SGBs,Medium-quality,21,1,0,0,1
SRR19594461.bin.65,2,Soil,MAG,Bacteria,Gemmatimonadota,Gemmatimonadetes,Longimicrobiales,UBA6960,Unclassified,Unclassified,Public,68.82989106,0.82145,37.76,118.53,83.2,3.3,0,4439009,14881,3,0.682,taxonomic classification fully defined by topology,Defined,Unclassified public database SGBs,Medium-quality,22,0,0,0,0
SRR19594461.bin.66,2,Soil,MAG,Bacteria,Gemmatimonadota,Gemmatimonadetes,Longimicrobiales,Longimicrobiaceae,Unclassified,Unclassified,Public,70.44634838,0.82881,37.76,118.53,91.18,4.4,0,4199648,27083,1,0.732,taxonomic novelty determined using RED,Novel,Unclassified public database SGBs,Medium-quality,21,2,0,1,3
SRR19594461.bin.68,2,Soil,MAG,Bacteria,Pseudomonadota,Gammaproteobacteria,Xanthomonadales,Xanthomonadaceae,Lysobacter,Unclassified,Public,75.50179012,0.96352,37.76,118.53,84.66,2.25,42.86,2530469,14285,1,0.703,taxonomic classification defined by topology and ANI,Defined,Unclassified public database SGBs,Medium-quality,19,0,0,2,2
SRR19594461.bin.70,5,Soil,MAG,Bacteria,Bacteroidota,Bacteroidia,Cytophagales,Cyclobacteriaceae,Cesiribacter,Unclassified,Public,83.47443637,0.93876,37.76,118.53,92.15,2.54,70,4138477,24710,2,0.485,taxonomic classification fully defined by topology,Defined,Unclassified public database SGBs,Medium-quality,21,0,0,0,0
SRR19594461.bin.77,0,Soil,MAG,Bacteria,Bacteroidota,Bacteroidia,Cytophagales,Hymenobacteraceae,Pontibacter,Unclassified,Public,77.35734559,0.95768,37.76,118.53,85.55,2.03,44.44,3905931,10243,1,0.442,taxonomic classification fully defined by topology,Defined,Unclassified public database SGBs,Medium-quality,20,0,0,2,2
SRR19594461.bin.81,2,Soil,MAG,Bacteria,Gemmatimonadota,Gemmatimonadetes,Longimicrobiales,Longimicrobiaceae,Unclassified,Unclassified,Public,56.23246799,0.83654,37.76,118.53,87.27,6.63,17.65,3369390,6089,1,0.654,taxonomic novelty determined using RED,Novel,Unclassified public database SGBs,Medium-quality,16,1,1,2,4
SRR19594461.bin.83,1,Soil,MAG,Bacteria,Pseudomonadota,Gammaproteobacteria,Pseudomonadales,Alcanivoracaceae,SLJS01,Unclassified,Public,74.88304511,0.89479,37.76,118.53,79.51,1.42,20,2216270,18971,2,0.653,taxonomic classification fully defined by topology,Defined,Unclassified public database SGBs,Medium-quality,18,0,0,0,0
SRR19594462.bin.10,0,Soil,MAG,Bacteria,Chloroflexota,Anaerolineae,Anaerolineales,UBA11579,QWJF01,Unclassified,Public,46.44321478,0.93339,37.76,118.53,82.09,8.18,40,2199106,7285,2,0.604,taxonomic novelty determined using RED,Novel,Unclassified public database SGBs,Medium-quality,20,1,0,0,1
SRR19594462.bin.17,1,Soil,MAG,Bacteria,Chloroflexota,Dehalococcoidia,DSTF01,RBG-16-68-14,Unclassified,Unclassified,Public,72.05780522,0.79747,37.76,118.53,75.72,0.92,0,2187864,5965,1,0.687,taxonomic novelty determined using RED,Novel,Unclassified public database SGBs,Medium-quality,19,0,1,1,2
SRR19594462.bin.27,5,Soil,MAG,Bacteria,Acidobacteriota,Vicinamibacteria,Marinacidobacterales,SMYC01,Unclassified,Unclassified,Public,49.9006668,0.75371,37.76,118.53,77.81,5.8,4.76,4210279,3382,1,0.667,taxonomic classification fully defined by topology,Defined,Unclassified public database SGBs,Medium-quality,16,1,0,0,1
SRR19594462.bin.29,1,Soil,MAG,Bacteria,Pseudomonadota,Gammaproteobacteria,Woeseiales,Woeseiaceae,Unclassified,Unclassified,Public,66.73514845,0.90028,37.76,118.53,83.72,4.19,44.44,3839499,12771,2,0.659,taxonomic novelty determined using RED,Novel,Unclassified public database SGBs,Medium-quality,15,1,0,0,1
SRR19594462.bin.31,2,Soil,MAG,Bacteria,Pseudomonadota,Alphaproteobacteria,Rhizobiales,Afifellaceae,Faunimonas,Unclassified,Public,88.84311142,0.95543,37.76,118.53,88.06,0.07,0,3100725,14663,1,0.659,taxonomic classification fully defined by topology,Defined,Unclassified public database SGBs,Medium-quality,16,0,0,0,0
SRR19594462.bin.5,2,Soil,MAG,Bacteria,Gemmatimonadota,Gemmatimonadetes,Gemmatimonadales,GWC2-71-9,Unclassified,Unclassified,Public,70.28200081,0.84244,37.76,118.53,97.8,6.59,50,6019755,14928,2,0.647,taxonomic novelty determined using RED,Novel,Unclassified public database SGBs,Medium-quality,24,1,1,1,3
SRR19594462.bin.6,2,Soil,MAG,Bacteria,SAR324,SAR324,SAR324,JACQKK01,JACZVE01,Unclassified,Public,76.34855873,0.90157,37.76,118.53,86.05,2.52,33.33,4394881,11054,3,0.701,taxonomic novelty determined using RED,Novel,Unclassified public database SGBs,Medium-quality,22,0,0,0,0
SRR19594462.bin.7,3,Soil,MAG,Bacteria,Acidobacteriota,Terriglobia,Acidoferrales,2-02-FULL-67-57,JACPRL01,Unclassified,Public,67.67159854,0.85425,37.76,118.53,79.08,3.04,60,2578961,7412,7,0.63,taxonomic novelty determined using RED,Novel,Unclassified public database SGBs,Medium-quality,20,0,3,1,4
SRR19594463.bin.1,3,Soil,MAG,Bacteria,Pseudomonadota,Gammaproteobacteria,Xanthomonadales,Wenzhouxiangellaceae,GCA-2722315,Unclassified,Public,69.82188319,0.97712,37.76,118.53,98.28,6.9,55.17,3350274,23936,6,0.64,taxonomic classification defined by topology and ANI,Defined,Unclassified public database SGBs,Medium-quality,21,1,2,2,5
SRR19594463.bin.27,6,Soil,MAG,Bacteria,Desulfobacterota,Desulfovibrionia,Desulfovibrionales,Desulfovibrionaceae,Unclassified,Unclassified,Public,78.89008825,0.80999,37.76,118.53,87.41,2.04,33.33,3088151,7949,1,0.659,taxonomic novelty determined using RED,Novel,Unclassified public database SGBs,Medium-quality,20,1,0,2,3
SRR19594463.bin.37,3,Soil,MAG,Bacteria,Desulfobacterota,Desulfuromonadia,Desulfuromonadales,BM103,Unclassified,Unclassified,Public,65.75905797,0.88811,37.76,118.53,75.38,2.9,100,2211663,7213,2,0.593,taxonomic novelty determined using RED,Novel,Unclassified public database SGBs,Medium-quality,19,0,1,1,2
SRR19594463.bin.40,0,Soil,MAG,Bacteria,Gemmatimonadota,Gemmatimonadetes,Palauibacterales,Palauibacteraceae,Unclassified,Unclassified,Public,86.86162896,0.82875,37.76,118.53,84.48,0,0,2801162,46053,2,0.735,taxonomic novelty determined using RED,Novel,Unclassified public database SGBs,Medium-quality,20,0,0,2,2
SRR19594464.bin.1,0,Soil,MAG,Bacteria,Chloroflexota,Anaerolineae,Anaerolineales,UBA4823,Kmv39,Unclassified,Public,44.71690909,0.86775,37.76,118.53,81.72,7.91,20,4771282,6758,1,0.549,taxonomic novelty determined using RED,Novel,Unclassified public database SGBs,Medium-quality,22,0,0,0,0
SRR19594464.bin.15,1,Soil,MAG,Bacteria,Pseudomonadota,Gammaproteobacteria,Xanthomonadales,SZUA-36,JAUIBE01,Unclassified,Public,81.9610635,0.91199,37.76,118.53,95.34,3.12,0,3439131,22935,24,0.634,taxonomic novelty determined using RED,Novel,Unclassified public database SGBs,Medium-quality,20,0,0,0,0
SRR19594464.bin.18,3,Soil,MAG,Bacteria,Pseudomonadota,Gammaproteobacteria,UBA4486,UBA4486,Unclassified,Unclassified,Public,82.78382015,0.84711,37.76,118.53,94.27,3.05,53.33,2448955,15240,4,0.529,taxonomic classification fully defined by topology,Defined,Unclassified public database SGBs,Medium-quality,19,1,0,0,1
SRR19594464.bin.26,4,Soil,MAG,Bacteria,Gemmatimonadota,Gemmatimonadetes,Gemmatimonadales,GWC2-71-9,Unclassified,Unclassified,Public,85.02492504,0.82844,37.76,118.53,98.9,3.3,0,4862228,141205,2,0.656,taxonomic classification fully defined by topology,Defined,Unclassified public database SGBs,High-quality,25,1,1,1,3
SRR19594464.bin.27,3,Soil,MAG,Bacteria,Chloroflexota,Dehalococcoidia,SM23-28-2,RBG-16-64-32,JACZRQ01,Unclassified,Public,91.12385288,0.91953,37.76,118.53,91.42,0.5,0,3075040,20720,4,0.637,taxonomic novelty determined using RED,Novel,Unclassified public database SGBs,Medium-quality,22,0,0,0,0
SRR19594464.bin.31,5,Soil,MAG,Bacteria,Acidobacteriota,Thermoanaerobaculia,Multivoradales,Unclassified,Unclassified,Unclassified,Public,78.45827613,0.69108,37.76,118.53,93.42,3.42,0,7034311,15016,2,0.697,taxonomic novelty determined using RED,Novel,Unclassified public database SGBs,Medium-quality,21,1,0,0,1
SRR19594465.bin.10,1,Soil,MAG,Bacteria,Pseudomonadota,Gammaproteobacteria,JAABTG01,JAABTG01,JAABTG01,Unclassified,Public,67.31645316,0.90944,37.76,118.53,97.01,6.28,5.56,3874224,41169,1,0.698,taxonomic classification defined by topology and ANI,Defined,Unclassified public database SGBs,Medium-quality,23,1,1,1,3
SRR19594465.bin.11,7,Soil,MAG,Bacteria,Acidobacteriota,Thermoanaerobaculia,Multivoradales,UBA5704,JAUIJL01,Unclassified,Public,91.00892657,0.95714,37.76,118.53,93.16,0.85,100,6051862,24995,1,0.691,taxonomic classification fully defined by topology,Defined,Unclassified public database SGBs,Medium-quality,22,0,0,0,0
SRR19594465.bin.18,3,Soil,MAG,Bacteria,Pseudomonadota,Gammaproteobacteria,Xanthomonadales,Wenzhouxiangellaceae,GCA-2722315,Unclassified,Public,80.46337623,0.93904,37.76,118.53,93.48,3.13,5.88,3376831,62902,2,0.669,taxonomic classification fully defined by topology,Defined,Unclassified public database SGBs,High-quality,21,1,1,1,3
SRR19594465.bin.20,1,Soil,MAG,Bacteria,Marinisomatota,JAANXI01,JAANXI01,JAANXI01,Unclassified,Unclassified,Public,71.76319068,0.76113,37.76,118.53,76.41,1.1,0,3461456,4040,1,0.474,taxonomic novelty determined using RED,Novel,Unclassified public database SGBs,Medium-quality,19,0,0,0,0
SRR19594465.bin.28,5,Soil,MAG,Bacteria,Pseudomonadota,Alphaproteobacteria,DSM-16000,Inquilinaceae,JAAAOG01,JAAAOG01 sp009909005,Public,66.61527842,N/A,37.76,118.53,78.22,2.84,25,3127855,5006,3,0.674,taxonomic classification defined by topology and ANI,Defined,Published genomes,Medium-quality,18,1,0,1,2
SRR19594465.bin.29,2,Soil,MAG,Bacteria,Bacteroidota,Rhodothermia,Balneolales,Balneolaceae,Fodinibius,Unclassified,Public,81.44310234,0.9884,37.76,118.53,91.15,2.51,28.57,2873802,14747,3,0.424,taxonomic classification defined by topology and ANI,Defined,Unclassified public database SGBs,Medium-quality,21,0,0,2,2
SRR19594465.bin.38,3,Soil,MAG,Bacteria,Pseudomonadota,Gammaproteobacteria,Xanthomonadales,Wenzhouxiangellaceae,GCA-2722315,Unclassified,Public,75.57208593,0.9113,37.76,118.53,85.71,2.64,33.33,2946044,18868,2,0.681,taxonomic classification fully defined by topology,Defined,Unclassified public database SGBs,Medium-quality,17,0,1,1,2
SRR19594465.bin.39,67,Soil,MAG,Bacteria,Acidobacteriota,Thermoanaerobaculia,Multivoradales,Unclassified,Unclassified,Unclassified,Public,69.10604126,0.64773,37.76,118.53,75.58,1.57,33.33,3836107,4032,1,0.728,taxonomic novelty determined using RED,Novel,Unclassified public database SGBs,Medium-quality,20,0,0,0,0
SRR19594465.bin.43,47,Soil,MAG,Bacteria,Acidobacteriota,Thermoanaerobaculia,Multivoradales,UBA5704,Unclassified,Unclassified,Public,82.49611821,0.76056,37.76,118.53,97.38,3.42,0,6002362,21490,2,0.666,taxonomic novelty determined using RED,Novel,Unclassified public database SGBs,High-quality,24,2,1,1,4
SRR19594465.bin.44,2,Soil,MAG,Bacteria,Gemmatimonadota,Gemmatimonadetes,Longimicrobiales,UBA6960,IDS-52,Unclassified,Public,66.89274729,0.97133,37.76,118.53,97.8,7.14,37.5,3618945,13505,2,0.713,taxonomic classification defined by topology and ANI,Defined,Unclassified public database SGBs,Medium-quality,23,0,1,1,2
SRR19594465.bin.45,3,Soil,MAG,Bacteria,Pseudomonadota,Gammaproteobacteria,Nitrococcales,Nitrococcaceae,Unclassified,Unclassified,Public,54.8831402,0.82658,37.76,118.53,88.67,8.1,70.59,3516702,7775,1,0.708,taxonomic novelty determined using RED,Novel,Unclassified public database SGBs,Medium-quality,14,1,1,1,3
SRR19594466.bin.10,14,Soil,MAG,Bacteria,Acidobacteriota,Thermoanaerobaculia,Multivoradales,UBA5704,Unclassified,Unclassified,Public,78.11474155,0.74531,37.76,118.53,97.53,4.4,0,7054564,117350,2,0.682,taxonomic novelty determined using RED,Novel,Unclassified public database SGBs,High-quality,25,1,2,1,4
SRR19594466.bin.22,0,Soil,MAG,Bacteria,Actinomycetota,Acidimicrobiia,IMCC26256,JACPCJ01,Unclassified,Unclassified,Public,53.38431005,0.81217,37.76,118.53,75.21,5.51,87.5,1861032,5083,1,0.692,taxonomic novelty determined using RED,Novel,Unclassified public database SGBs,Medium-quality,13,0,0,0,0
SRR19594466.bin.23,0,Soil,MAG,Bacteria,Pseudomonadota,Gammaproteobacteria,Enterobacterales,Kangiellaceae,Kangiella,Unclassified,Public,49.77734913,0.98912,37.76,118.53,75.86,5.75,12.5,2091351,6269,2,0.445,taxonomic classification defined by topology and ANI,Defined,Unclassified public database SGBs,Medium-quality,16,1,0,0,1
SRR19594466.bin.26,1,Soil,MAG,Bacteria,Chloroflexota,Anaerolineae,Anaerolineales,E44-bin32,MGOM01,Unclassified,Public,70.62092374,0.84674,37.76,118.53,90.91,4.55,0,2915752,66351,2,0.617,taxonomic novelty determined using RED,Novel,Unclassified public database SGBs,Medium-quality,23,0,1,1,2
SRR19594466.bin.3,4,Soil,MAG,Bacteria,Pseudomonadota,Gammaproteobacteria,Methylococcales,Methylomonadaceae,Methylobacter,Unclassified,Public,87.60248572,0.9692,37.76,118.53,95.87,2.31,50,3724906,14288,2,0.521,taxonomic novelty determined using RED,Novel,Unclassified public database SGBs,Medium-quality,21,0,0,1,1
SRR19594466.bin.4,2,Soil,MAG,Bacteria,Acidobacteriota,Terriglobia,Acidoferrales,2-02-FULL-67-57,JACPRL01,Unclassified,Public,70.95199654,0.85756,37.76,118.53,83.28,3.47,80,2383786,24660,2,0.65,taxonomic novelty determined using RED,Novel,Unclassified public database SGBs,Medium-quality,17,0,1,1,2
SRR19594466.bin.7,0,Soil,MAG,Bacteria,Actinomycetota,Acidimicrobiia,UBA5794,ZC4RG35,Unclassified,Unclassified,Public,39.60870747,0.7812,37.76,118.53,84.95,9.4,8.33,2574444,4481,1,0.624,taxonomic classification fully defined by topology,Defined,Unclassified public database SGBs,Medium-quality,22,1,0,0,1
SRR19594466.bin.9,2,Soil,MAG,Bacteria,Acidobacteriota,Thermoanaerobaculia,Multivoradales,UBA5704,Unclassified,Unclassified,Public,99.7912338,0.74365,37.76,118.53,97.44,0,0,2784498,40678,3,0.71,taxonomic novelty determined using RED,Novel,Unclassified public database SGBs,Medium-quality,24,0,1,1,2
SRR19594467.bin.10,1,Soil,MAG,Bacteria,Pseudomonadota,Gammaproteobacteria,Xanthomonadales,Unclassified,Unclassified,Unclassified,Public,74.31503099,0.62773,37.76,118.53,86.8,3.09,25,2783497,19278,2,0.673,taxonomic novelty determined using RED,Novel,Unclassified public database SGBs,Medium-quality,21,1,1,1,3
SRR19594467.bin.18,2,Soil,MAG,Bacteria,Gemmatimonadota,Gemmatimonadetes,Longimicrobiales,UBA6960,Unclassified,Unclassified,Public,61.75626821,0.70741,37.76,118.53,84.68,4.76,0,3127498,4493,1,0.682,taxonomic classification fully defined by topology,Defined,Unclassified public database SGBs,Medium-quality,22,0,1,1,2
SRR19594467.bin.19,6,Soil,MAG,Bacteria,Verrucomicrobiota,Verrucomicrobiae,Verrucomicrobiales,Akkermansiaceae,Haloferula,Unclassified,Public,68.52269668,0.90243,37.76,118.53,81.09,2.89,0,3429926,4628,2,0.645,taxonomic classification fully defined by topology,Defined,Unclassified public database SGBs,Medium-quality,21,0,0,0,0
SRR19594467.bin.25,3,Soil,MAG,Bacteria,Bacteroidota,Rhodothermia,Balneolales,Balneolaceae,Fodinibius,Unclassified,Public,94.22455879,0.92663,37.76,118.53,96.45,1.02,50,3030068,43091,3,0.462,taxonomic classification fully defined by topology,Defined,Unclassified public database SGBs,Medium-quality,22,0,0,1,1
SRR19594467.bin.33,1,Soil,MAG,Bacteria,Bacteroidota,Bacteroidia,Flavobacteriales,Flavobacteriaceae,Salinimicrobium,Unclassified,Public,86.06970381,0.94919,37.76,118.53,91.97,1.88,54.55,3018245,71468,6,0.423,taxonomic classification fully defined by topology,Defined,Unclassified public database SGBs,Medium-quality,19,0,0,1,1
SRR19594467.bin.45,1,Soil,MAG,Bacteria,Pseudomonadota,Alphaproteobacteria,Sphingomonadales,Sphingomonadaceae,Alteriqipengyuania_A,Alteriqipengyuania_A marina,Public,72.04137381,N/A,37.76,118.53,77.29,1.48,71.43,1819796,12258,1,0.66,taxonomic classification defined by topology and ANI,Defined,Published genomes,Medium-quality,19,0,0,0,0
SRR19594467.bin.53,2,Soil,MAG,Bacteria,Pseudomonadota,Alphaproteobacteria,Rhodobacterales,Rhodobacteraceae,Sulfitobacter,Sulfitobacter sp025143985,Public,71.27532929,N/A,37.76,118.53,93.86,5.83,77.42,3208541,10680,4,0.611,taxonomic classification defined by topology and ANI,Defined,Published genomes,Medium-quality,20,0,0,1,1
SRR19594467.bin.56,2,Soil,MAG,Bacteria,Actinomycetota,Acidimicrobiia,Acidimicrobiales,JACDCH01,UBA9382,Unclassified,Public,78.18189702,0.94556,37.76,118.53,92.52,3.63,42.86,4149536,25832,2,0.708,taxonomic classification fully defined by topology,Defined,Unclassified public database SGBs,High-quality,21,1,1,1,3
SRR19594467.bin.59,1,Soil,MAG,Bacteria,Bacteroidota,Bacteroidia,Flavobacteriales,Flavobacteriaceae,Gillisia,Unclassified,Public,62.26494249,0.98234,37.76,118.53,84.72,5.49,55.56,3297255,7121,4,0.364,taxonomic classification defined by topology and ANI,Defined,Unclassified public database SGBs,Medium-quality,19,0,0,2,2
SRR19594467.bin.60,0,Soil,MAG,Bacteria,Pseudomonadota,Gammaproteobacteria,Pseudomonadales,Pseudohongiellaceae,PWQG01,Unclassified,Public,70.196929,0.89133,37.76,118.53,75.53,1.53,25,2437848,5873,2,0.634,taxonomic novelty determined using RED,Novel,Unclassified public database SGBs,Medium-quality,15,0,0,0,0
SRR19594467.bin.61,1,Soil,MAG,Bacteria,Pseudomonadota,Alphaproteobacteria,Rhodobacterales,Rhodobacteraceae,Palleronia,Unclassified,Public,78.92555282,0.99807,37.76,118.53,88.78,2.69,53.33,3208577,17005,3,0.666,taxonomic classification defined by topology and ANI,Defined,Unclassified public database SGBs,Medium-quality,19,0,0,1,1
SRR19594467.bin.63,2,Soil,MAG,Bacteria,Bacteroidota,Rhodothermia,Balneolales,Balneolaceae,Fodinibius,Unclassified,Public,94.32858846,0.96989,37.76,118.53,93.17,0.27,0,3028835,83104,3,0.471,taxonomic classification defined by topology and ANI,Defined,Unclassified public database SGBs,Medium-quality,22,0,0,2,2
SRR19594467.bin.69,3,Soil,MAG,Bacteria,Pseudomonadota,Gammaproteobacteria,Pseudomonadales,Oleiphilaceae,Marinobacter,Unclassified,Public,65.82124868,0.97397,37.76,118.53,81.03,3.45,0,3502821,9605,2,0.585,taxonomic classification defined by topology and ANI,Defined,Unclassified public database SGBs,Medium-quality,20,0,0,0,0
SRR19594467.bin.70,3,Soil,MAG,Bacteria,Bacteroidota,Rhodothermia,Balneolales,Balneolaceae,Fodinibius,Unclassified,Public,45.53083563,0.99106,37.76,118.53,79.63,7.65,41.18,3267988,7964,1,0.422,taxonomic classification defined by topology and ANI,Defined,Unclassified public database SGBs,Medium-quality,19,1,1,0,2
SRR19594468.bin.10,7,Soil,MAG,Bacteria,Myxococcota,Polyangia,Polyangiales,Polyangiaceae,NIC37A-2,Unclassified,Public,55.14547662,0.93881,37.76,118.53,75.25,4.19,0,5673699,3899,1,0.621,taxonomic classification fully defined by topology,Defined,Unclassified public database SGBs,Medium-quality,22,0,0,0,0
SRR19594468.bin.25,2,Soil,MAG,Bacteria,Chloroflexota,Anaerolineae,Anaerolineales,E44-bin32,Unclassified,Unclassified,Public,67.42484845,0.87332,37.76,118.53,86.36,4.55,33.33,2934181,31923,6,0.648,taxonomic novelty determined using RED,Novel,Unclassified public database SGBs,Medium-quality,25,1,1,1,3
SRR19594468.bin.3,0,Soil,MAG,Bacteria,Patescibacteria,Paceibacteria,UBA9973,UBA12088,Unclassified,Unclassified,Public,76.68387619,0.8448,37.76,118.53,83.91,1.88,0,969971,17691,2,0.562,taxonomic classification fully defined by topology,Defined,Unclassified public database SGBs,Medium-quality,20,2,5,1,8
SRR19594468.bin.30,8,Soil,MAG,Bacteria,Chloroflexota,Anaerolineae,Promineifilales,Promineifilaceae,Unclassified,Unclassified,Public,61.34831289,0.86771,37.76,118.53,97.27,8.36,43.75,6350350,22901,4,0.529,taxonomic novelty determined using RED,Novel,Unclassified public database SGBs,Medium-quality,24,0,1,1,2
SRR19594468.bin.37,0,Soil,MAG,Bacteria,Myxococcota,Myxococcia,Myxococcales,Anaeromyxobacteraceae,Anaeromyxobacter,Unclassified,Public,72.73207085,0.93732,37.76,118.53,75,0.95,60,2942752,5462,2,0.737,taxonomic classification defined by topology and ANI,Defined,Unclassified public database SGBs,Medium-quality,15,0,0,0,0
SRR19594468.bin.42,4,Soil,MAG,Bacteria,Gemmatimonadota,Gemmatimonadetes,Longimicrobiales,UBA6960,Unclassified,Unclassified,Public,70.84666201,0.70221,37.76,118.53,94.81,5.49,20,4228681,47569,2,0.719,taxonomic classification fully defined by topology,Defined,Unclassified public database SGBs,Medium-quality,24,0,0,2,2
SRR19594468.bin.45,1,Soil,MAG,Bacteria,Gemmatimonadota,Gemmatimonadetes,Palauibacterales,Palauibacteraceae,Unclassified,Unclassified,Public,78.73308248,0.76532,37.76,118.53,77.59,0,0,3136128,15352,1,0.743,taxonomic classification fully defined by topology,Defined,Unclassified public database SGBs,Medium-quality,13,0,0,0,0
SRR19594468.bin.46,10,Soil,MAG,Bacteria,Gemmatimonadota,Gemmatimonadetes,Longimicrobiales,UBA6960,UBA2589,Unclassified,Public,79.59234231,0.94487,37.76,118.53,98.9,4.5,16.67,5438453,62877,6,0.697,taxonomic classification fully defined by topology,Defined,Unclassified public database SGBs,High-quality,25,1,1,1,3
SRR19594468.bin.48,2,Soil,MAG,Bacteria,Chloroflexota,Anaerolineae,Aggregatilineales,Phototrophicaceae,Unclassified,Unclassified,Public,64.71326924,0.86054,37.76,118.53,86.52,4.55,0,5761925,6117,1,0.553,taxonomic classification fully defined by topology,Defined,Unclassified public database SGBs,Medium-quality,21,0,1,1,2
SRR19594468.bin.5,1,Soil,MAG,Bacteria,Desulfobacterota_E,Deferrimicrobia,Deferrimicrobiales,Deferrimicrobiaceae,GWC2-65-14,Unclassified,Public,96.46817701,0.90212,37.76,118.53,98.32,0.84,0,2834128,41591,4,0.683,taxonomic classification defined by topology and ANI,Defined,Unclassified public database SGBs,High-quality,25,1,1,1,3
SRR19594468.bin.50,13,Soil,MAG,Bacteria,Acidobacteriota,Thermoanaerobaculia,Multivoradales,UBA5704,Unclassified,Unclassified,Public,87.01668586,0.75249,37.76,118.53,95.23,1.88,0,5117080,18766,1,0.681,taxonomic novelty determined using RED,Novel,Unclassified public database SGBs,Medium-quality,22,1,0,0,1
SRR19594468.bin.51,1,Soil,MAG,Bacteria,Bacteroidota,Rhodothermia,Balneolales,Balneolaceae,Unclassified,Unclassified,Public,77.35953811,0.81177,37.76,118.53,78.13,0.55,0,2947448,7229,2,0.569,taxonomic classification fully defined by topology,Defined,Unclassified public database SGBs,Medium-quality,16,0,0,0,0
SRR19594468.bin.52,6,Soil,MAG,Bacteria,Pseudomonadota,Gammaproteobacteria,HK1,HK1,CAMYJH01,Unclassified,Public,78.93747034,0.9505,37.76,118.53,96.13,3.99,5.26,4391109,99789,4,0.621,taxonomic classification defined by topology and ANI,Defined,Unclassified public database SGBs,High-quality,22,1,1,1,3
SRR19594468.bin.53,3,Soil,MAG,Bacteria,Pseudomonadota,Gammaproteobacteria,UBA4486,UBA4486,Unclassified,Unclassified,Public,55.95911641,0.82556,37.76,118.53,81.83,6.54,74.07,2186054,7411,2,0.529,taxonomic classification fully defined by topology,Defined,Unclassified public database SGBs,Medium-quality,17,0,0,1,1
SRR19594468.bin.59,3,Soil,MAG,Bacteria,Acidobacteriota,Terriglobia,Acidoferrales,2-02-FULL-67-57,JACPRL01,Unclassified,Public,66.84203908,0.8553,37.76,118.53,77.68,2.61,50,2724849,5177,1,0.641,taxonomic novelty determined using RED,Novel,Unclassified public database SGBs,Medium-quality,23,0,2,1,3
SRR19594468.bin.6,1,Soil,MAG,Bacteria,Pseudomonadota,Alphaproteobacteria,Sphingomonadales,SMXR01,Unclassified,Unclassified,Public,83.57261886,0.84992,37.76,118.53,88.72,1.48,0,1621194,26248,9,0.654,taxonomic novelty determined using RED,Novel,Unclassified public database SGBs,Medium-quality,17,0,0,0,0
SRR19594468.bin.60,1,Soil,MAG,Bacteria,Pseudomonadota,Alphaproteobacteria,Sphingomonadales,SMXR01,JADFIA01,Unclassified,Public,85.73699085,0.89483,37.76,118.53,86,0.59,100,1940045,12416,2,0.627,taxonomic novelty determined using RED,Novel,Unclassified public database SGBs,Medium-quality,20,1,0,0,1
SRR19594468.bin.66,3,Soil,MAG,Bacteria,Gemmatimonadota,Gemmatimonadetes,Longimicrobiales,RSA9,JAHWKI01,Unclassified,Public,59.99243585,0.85849,37.76,118.53,82.06,4.95,33.33,4523507,9230,1,0.695,taxonomic novelty determined using RED,Novel,Unclassified public database SGBs,Medium-quality,21,1,0,2,3
SRR19594468.bin.67,1,Soil,MAG,Bacteria,Pseudomonadota,Gammaproteobacteria,Woeseiales,Woeseiaceae,JADFGH01,Unclassified,Public,77.24934135,0.92761,37.76,118.53,88.64,2.74,0,3928167,33700,6,0.595,taxonomic novelty determined using RED,Novel,Unclassified public database SGBs,Medium-quality,23,0,2,1,3
SRR19594468.bin.70,3,Soil,MAG,Bacteria,JADFOP01,JADFOP01,JADFOP01,JADFOP01,Unclassified,Unclassified,Public,93.07458169,0.79717,37.76,118.53,92.74,0.17,100,2828056,8495,1,0.627,taxonomic novelty determined using RED,Novel,Unclassified public database SGBs,Medium-quality,22,0,2,1,3
SRR19594469.bin.25,1,Soil,MAG,Bacteria,Gemmatimonadota,Gemmatimonadetes,Longimicrobiales,RSA9,SLCC01,Unclassified,Public,61.71343831,0.86268,37.76,118.53,93.16,7.82,70,3963740,18150,2,0.697,taxonomic novelty determined using RED,Novel,Unclassified public database SGBs,Medium-quality,23,1,1,1,3
SRR19594469.bin.3,3,Soil,MAG,Bacteria,Desulfobacterota,Desulfuromonadia,Desulfuromonadales,BM103,BM103,Unclassified,Public,73.99288737,0.88552,37.76,118.53,78.95,1.75,100,2777874,10287,5,0.627,taxonomic novelty determined using RED,Novel,Unclassified public database SGBs,Medium-quality,22,0,0,0,0
SRR19594469.bin.31,1,Soil,MAG,Bacteria,Electryoneota,Electryoneia,Electryoneales,Electryoneaceae,Unclassified,Unclassified,Public,89.06873729,0.80675,37.76,118.53,92.36,1.1,0,3231990,21360,4,0.659,taxonomic novelty determined using RED,Novel,Unclassified public database SGBs,Medium-quality,21,1,1,0,2
SRR19594469.bin.35,1,Soil,MAG,Bacteria,Pseudomonadota,Gammaproteobacteria,XN24,XN24,XN24,Unclassified,Public,76.69809827,0.92515,37.76,118.53,92.19,3.61,6.67,2613468,34247,2,0.683,taxonomic classification defined by topology and ANI,Defined,Unclassified public database SGBs,High-quality,21,1,1,1,3
SRR19594469.bin.37,2,Soil,MAG,Bacteria,Bacteroidota,Rhodothermia,Balneolales,Balneolaceae,Fodinibius,Unclassified,Public,90.25476976,0.97157,37.76,118.53,96.99,1.91,25,3345748,38233,8,0.466,taxonomic classification fully defined by topology,Defined,Unclassified public database SGBs,Medium-quality,21,0,0,2,2
SRR19594469.bin.38,37,Soil,MAG,Bacteria,Acidobacteriota,Thermoanaerobaculia,Multivoradales,UBA5704,Unclassified,Unclassified,Public,85.84786756,0.75834,37.76,118.53,95.3,2.56,33.33,5469267,78587,6,0.725,taxonomic novelty determined using RED,Novel,Unclassified public database SGBs,High-quality,22,2,2,1,5
SRR21412968.bin.18,8,Soil,MAG,Bacteria,Actinomycetota,Actinomycetes,Actinomycetales,Micrococcaceae,Kocuria,Kocuria sp031179495,Public,75.90031233,N/A,44.68,85.8,85.3,2.85,100,2913662,8382,5,0.736,taxonomic classification defined by topology and ANI,Defined,Published genomes,Medium-quality,24,1,0,0,1
SRR21412968.bin.2,4,Soil,MAG,Bacteria,Bacteroidota,Bacteroidia,Cytophagales,Cyclobacteriaceae,Nafulsella,Unclassified,Public,81.7208309,0.93036,44.68,85.8,91.26,2.63,58.33,5514112,11724,6,0.469,taxonomic classification fully defined by topology,Defined,Unclassified public database SGBs,Medium-quality,18,0,0,2,2
SRR21412968.bin.24,1,Soil,MAG,Bacteria,Bacteroidota,Bacteroidia,Flavobacteriales,Flavobacteriaceae,Salinimicrobium,Unclassified,Public,53.61603558,0.98692,44.68,85.8,81.85,6.83,55.56,2653148,13886,2,0.43,taxonomic classification defined by topology and ANI,Defined,Unclassified public database SGBs,Medium-quality,15,0,0,1,1
SRR21412968.bin.5,3,Soil,MAG,Bacteria,Bacteroidota,Bacteroidia,Flavobacteriales,Flavobacteriaceae,Gillisia,Unclassified,Public,79.92889032,0.97946,44.68,85.8,84.48,1.72,100,3138329,36632,5,0.388,taxonomic classification fully defined by topology,Defined,Unclassified public database SGBs,Medium-quality,19,1,0,3,4
SRR21412969.bin.13,0,Soil,MAG,Bacteria,Gemmatimonadota,Gemmatimonadetes,Palauibacterales,Palauibacteraceae,Unclassified,Unclassified,Public,84.99817716,0.83275,45.6,84.87,82.76,0,0,2748630,24438,4,0.739,taxonomic novelty determined using RED,Novel,Unclassified public database SGBs,Medium-quality,24,2,0,1,3
SRR21412969.bin.18,3,Soil,MAG,Bacteria,Pseudomonadota,Gammaproteobacteria,XJ16,Halofilaceae,Halofilum,Unclassified,Public,84.5957798,0.93202,45.6,84.87,95.66,2.73,0,3071218,118271,4,0.677,taxonomic classification fully defined by topology,Defined,Unclassified public database SGBs,High-quality,23,1,1,1,3
SRR21412969.bin.19,2,Soil,MAG,Bacteria,Actinomycetota,Nitriliruptoria,Euzebyales,Egibacteraceae,Unclassified,Unclassified,Public,72.1431542,0.77049,45.6,84.87,78.45,1.72,0,2817749,31176,3,0.736,taxonomic novelty determined using RED,Novel,Unclassified public database SGBs,Medium-quality,21,1,1,1,3
SRR21412969.bin.22,2,Soil,MAG,Bacteria,Pseudomonadota,Gammaproteobacteria,Pseudomonadales,Halomonadaceae,Aidingimonas,Aidingimonas halophila,Public,80.73118197,N/A,45.6,84.87,85.86,1.53,33.33,2653315,8365,2,0.585,taxonomic classification defined by topology and ANI,Defined,Published genomes,Medium-quality,19,0,0,1,1
SRR21412969.bin.23,3,Soil,MAG,Bacteria,Pseudomonadota,Gammaproteobacteria,Pseudomonadales,Pseudohongiellaceae,Unclassified,Unclassified,Public,82.21971902,0.77154,45.6,84.87,86.62,1.33,14.29,3038936,10455,2,0.611,taxonomic classification fully defined by topology,Defined,Unclassified public database SGBs,Medium-quality,22,0,0,2,2
SRR21412969.bin.29,6,Soil,MAG,Bacteria,Actinomycetota,Nitriliruptoria,Euzebyales,Egibacteraceae,Unclassified,Unclassified,Public,84.83379739,0.78078,45.6,84.87,94.87,2.71,44.44,3074298,33480,4,0.726,taxonomic classification fully defined by topology,Defined,Unclassified public database SGBs,High-quality,24,1,1,1,3
SRR21412969.bin.31,5,Soil,MAG,Bacteria,Pseudomonadota,Alphaproteobacteria,Kiloniellales,DSM-21159,Fodinicurvata,Unclassified,Public,87.33366357,0.94489,45.6,84.87,96.24,2.61,66.67,3522408,52257,4,0.626,taxonomic novelty determined using RED,Novel,Unclassified public database SGBs,Medium-quality,19,2,1,0,3
SRR21412969.bin.34,1,Soil,MAG,Bacteria,Pseudomonadota,Gammaproteobacteria,Xanthomonadales,Wenzhouxiangellaceae,Unclassified,Unclassified,Public,91.00366326,0.85333,45.6,84.87,93.99,1.08,11.11,2667921,30715,2,0.668,taxonomic novelty determined using RED,Novel,Unclassified public database SGBs,High-quality,22,1,1,1,3
SRR21412969.bin.39,1,Soil,MAG,Bacteria,Gemmatimonadota,Gemmatimonadetes,Longimicrobiales,UBA6960,Unclassified,Unclassified,Public,83.75849454,0.80408,45.6,84.87,92.49,2.2,0,2714458,27352,2,0.721,taxonomic classification fully defined by topology,Defined,Unclassified public database SGBs,Medium-quality,17,0,2,1,3
SRR21412969.bin.4,0,Soil,MAG,Bacteria,Actinomycetota,Nitriliruptoria,Nitriliruptorales,Nitriliruptoraceae,Unclassified,Unclassified,Public,64.68628693,0.79317,45.6,84.87,85.94,4.7,0,3323533,24693,2,0.729,taxonomic novelty determined using RED,Novel,Unclassified public database SGBs,Medium-quality,24,0,0,1,1
SRR21412969.bin.41,2,Soil,MAG,Bacteria,Bacteroidota,Rhodothermia,Balneolales,Balneolaceae,Rhodohalobacter,Unclassified,Public,57.71238083,0.97439,45.6,84.87,81.82,5.56,31.25,3156968,6453,2,0.435,taxonomic classification fully defined by topology,Defined,Unclassified public database SGBs,Medium-quality,19,0,0,2,2
SRR21412969.bin.50,28,Soil,MAG,Bacteria,Actinomycetota,Actinomycetes,Mycobacteriales,Micromonosporaceae,Natronosporangium,Unclassified,Public,82.30497094,0.96204,45.6,84.87,92.89,2.98,75,3705024,11480,2,0.719,taxonomic classification fully defined by topology,Defined,Unclassified public database SGBs,Medium-quality,20,0,0,0,0
SRR21412969.bin.7,2,Soil,MAG,Bacteria,Gemmatimonadota,Gemmatimonadetes,Longimicrobiales,UBA6960,Unclassified,Unclassified,Public,78.40416521,0.85809,45.6,84.87,93.41,3.69,37.5,3774577,10689,4,0.686,taxonomic novelty determined using RED,Novel,Unclassified public database SGBs,Medium-quality,18,2,0,0,2
SRR21412970.bin.25,1,Soil,MAG,Bacteria,Actinomycetota,UBA4738,JAHWKV01,JAHWKV01,JAHWKV01,Unclassified,Public,84.17058493,0.98022,45.6,84.87,84.47,0.57,100,1587287,7649,6,0.631,taxonomic classification defined by topology and ANI,Defined,Unclassified public database SGBs,Medium-quality,15,2,3,1,6
SRR21412971.bin.13,0,Soil,MAG,Bacteria,Bacteroidota,Bacteroidia,Chitinophagales,S012-47,Unclassified,Unclassified,Public,85.01315947,0.86648,45.6,84.87,92.12,1.99,33.33,3296605,18188,2,0.483,taxonomic novelty determined using RED,Novel,Unclassified public database SGBs,High-quality,24,1,1,1,3
SRR21412971.bin.20,0,Soil,MAG,Bacteria,Gemmatimonadota,Gemmatimonadetes,Palauibacterales,Palauibacteraceae,Unclassified,Unclassified,Public,77.34548924,0.82236,45.6,84.87,96.7,4.4,0,3368921,155487,6,0.698,taxonomic novelty determined using RED,Novel,Unclassified public database SGBs,Medium-quality,25,2,0,2,4
SRR21412971.bin.24,1,Soil,MAG,Bacteria,Pseudomonadota,Gammaproteobacteria,XJ16,Halofilaceae,Halofilum,Unclassified,Public,49.88018067,0.8892,45.6,84.87,78.7,6.45,19.57,2633935,17212,2,0.655,taxonomic classification fully defined by topology,Defined,Unclassified public database SGBs,Medium-quality,22,0,0,0,0
SRR21412971.bin.28,0,Soil,MAG,Bacteria,Patescibacteria,Saccharimonadia,QS-5-54-17,QS-5-54-17,Unclassified,Unclassified,Public,77.37889316,0.76889,45.6,84.87,84.48,1.88,0,856453,31462,2,0.496,taxonomic novelty determined using RED,Novel,Unclassified public database SGBs,Medium-quality,20,0,2,1,3
SRR21412972.bin.10,1,Soil,MAG,Bacteria,Bacteroidota,Rhodothermia,Rhodothermales,Salinibacteraceae,JAAAPH01,Unclassified,Public,84.16051442,0.94216,47.28,90.2,96.05,3.11,41.67,4319993,43086,4,0.623,taxonomic novelty determined using RED,Novel,Unclassified public database SGBs,High-quality,22,2,1,1,4
SRR21412972.bin.12,6,Soil,MAG,Bacteria,Desulfobacterota,Desulfobacteria,Desulfobacterales,SKZT01,SKZT01,Unclassified,Public,46.81690639,0.93513,47.28,90.2,78.23,7.35,60,3477922,5673,1,0.441,taxonomic classification fully defined by topology,Defined,Unclassified public database SGBs,Medium-quality,21,1,0,1,2
SRR21412972.bin.24,4,Soil,MAG,Bacteria,Pseudomonadota,Gammaproteobacteria,Chromatiales,Chromatiaceae,Lamprobacter,Unclassified,Public,76.76109801,0.9947,47.28,90.2,91.75,3.71,44,3835999,5720,2,0.627,taxonomic classification defined by topology and ANI,Defined,Unclassified public database SGBs,Medium-quality,19,0,0,0,0
SRR21412972.bin.27,2,Soil,MAG,Bacteria,Bacteroidota,Rhodothermia,Balneolales,Balneolaceae,Fodinibius,Unclassified,Public,85.26800448,0.96096,47.28,90.2,87.78,1.09,66.67,2773152,21433,4,0.419,taxonomic classification fully defined by topology,Defined,Unclassified public database SGBs,Medium-quality,18,0,0,2,2
SRR21412972.bin.28,0,Soil,MAG,Bacteria,Bacteroidota,Rhodothermia,Balneolales,Balneolaceae,Rhodohalobacter,Unclassified,Public,65.39802912,0.97578,47.28,90.2,76.78,2.51,11.11,2888250,4768,1,0.485,taxonomic classification defined by topology and ANI,Defined,Unclassified public database SGBs,Medium-quality,15,1,0,0,1
SRR21412972.bin.31,1,Soil,MAG,Bacteria,Bacteroidota,Rhodothermia,Rhodothermales,Salinibacteraceae,Salinibacter,Unclassified,Public,81.61882681,0.96019,47.28,90.2,90.12,2.14,11.11,3637213,7033,3,0.618,taxonomic classification fully defined by topology,Defined,Unclassified public database SGBs,Medium-quality,21,1,0,0,1
SRR21412972.bin.4,1,Soil,MAG,Bacteria,Desulfobacterota,Desulfobacteria,Desulfobacterales,Desulfosalsimonadaceae,Desulfosalsimonas,Unclassified,Public,91.37350062,0.95572,47.28,90.2,96.13,1.45,25,2894851,14924,4,0.515,taxonomic classification fully defined by topology,Defined,Unclassified public database SGBs,High-quality,24,1,1,2,4
SRR21412972.bin.46,0,Soil,MAG,Bacteria,Chloroflexota,Anaerolineae,Anaerolineales,Anaerolineaceae,Brevefilum,Unclassified,Public,69.72219492,0.96573,47.28,90.2,75,1.82,100,2249542,8285,4,0.446,taxonomic classification fully defined by topology,Defined,Unclassified public database SGBs,Medium-quality,12,1,1,1,3
SRR21412972.bin.49,2,Soil,MAG,Bacteria,Bacteroidota,Rhodothermia,Balneolales,Balneolaceae,Rhodohalobacter,Unclassified,Public,68.00945087,0.97849,47.28,90.2,81.47,3.43,81.82,2581599,4635,1,0.419,taxonomic classification defined by topology and ANI,Defined,Unclassified public database SGBs,Medium-quality,18,1,0,2,3
SRR21412972.bin.50,1,Soil,MAG,Bacteria,Gemmatimonadota,Gemmatimonadetes,Longimicrobiales,RSA9,SLCC01,Unclassified,Public,81.91731387,0.86239,47.28,90.2,96.15,3.3,0,3799872,27657,4,0.7,taxonomic novelty determined using RED,Novel,Unclassified public database SGBs,Medium-quality,24,0,1,0,1
SRR21412972.bin.57,6,Soil,MAG,Bacteria,Desulfobacterota,Desulfobulbia,Desulfobulbales,Desulfocapsaceae,Desulforhopalus,Unclassified,Public,74.09122698,0.95853,47.28,90.2,86.81,3.03,13.33,4197378,9788,2,0.452,taxonomic classification fully defined by topology,Defined,Unclassified public database SGBs,Medium-quality,20,0,0,1,1
SRR21412972.bin.59,2,Soil,MAG,Bacteria,Bacteroidota,Rhodothermia,Balneolales,Balneolaceae,Fodinibius,Unclassified,Public,79.45826079,0.9831,47.28,90.2,91.8,3.01,16.67,3474909,20821,3,0.425,taxonomic classification defined by topology and ANI,Defined,Unclassified public database SGBs,Medium-quality,23,0,0,2,2
SRR21412972.bin.69,4,Soil,MAG,Bacteria,Pseudomonadota,Gammaproteobacteria,SLND01,SLND01,Natronospira,Unclassified,Public,70.09375726,0.95215,47.28,90.2,83.16,3.4,53.85,2584673,12756,2,0.629,taxonomic classification fully defined by topology,Defined,Unclassified public database SGBs,Medium-quality,20,1,0,0,1
SRR21412972.bin.71,4,Soil,MAG,Bacteria,Pseudomonadota,Gammaproteobacteria,Nitrococcales,Aquisalimonadaceae,Aquisalimonas,Unclassified,Public,84.9156971,0.98708,47.28,90.2,91.08,1.84,44.44,2705522,22486,3,0.679,taxonomic classification defined by topology and ANI,Defined,Unclassified public database SGBs,Medium-quality,20,0,0,0,0
SRR21412972.bin.9,1,Soil,MAG,Bacteria,Bacillota,Bacilli,Bacillales_A,Planococcaceae,Planococcus,Unclassified,Public,60.49215752,0.97642,47.28,90.2,94.6,7.67,42.11,2754806,8407,1,0.486,taxonomic classification defined by topology and ANI,Defined,Unclassified public database SGBs,Medium-quality,18,1,1,6,8
SRR21412974.bin.11,2,Soil,MAG,Bacteria,Actinomycetota,Nitriliruptoria,Euzebyales,Egibacteraceae,QS-5-72-10,Unclassified,Public,71.56382271,0.92118,39.8,78.57,87.31,4.27,83.33,3052189,10175,3,0.723,taxonomic novelty determined using RED,Novel,Unclassified public database SGBs,Medium-quality,20,1,1,1,3
SRR21412975.bin.10,3,Soil,MAG,Bacteria,Hydrogenedentota,Hydrogenedentia,Hydrogenedentiales,GCA-2746185,Unclassified,Unclassified,Public,76.66434635,0.75786,47.28,90.2,88.07,2.69,0,3163918,9743,2,0.591,taxonomic classification fully defined by topology,Defined,Unclassified public database SGBs,Medium-quality,22,1,2,1,4
SRR21412975.bin.11,9,Soil,MAG,Bacteria,Gemmatimonadota,Gemmatimonadetes,Longimicrobiales,UBA6960,UBA2589,Unclassified,Public,69.20248674,0.94997,47.28,90.2,95.42,6.19,40,5997360,29461,5,0.69,taxonomic classification fully defined by topology,Defined,Unclassified public database SGBs,Medium-quality,24,1,1,1,3
SRR21412975.bin.14,0,Soil,MAG,Bacteria,Gemmatimonadota,Gemmatimonadetes,Palauibacterales,KS3-K002,Unclassified,Unclassified,Public,71.43261915,0.84368,47.28,90.2,95.6,5.49,20,4365911,18601,2,0.666,taxonomic classification fully defined by topology,Defined,Unclassified public database SGBs,Medium-quality,21,0,0,2,2
SRR21412975.bin.15,1,Soil,MAG,Bacteria,Bacteroidota,Bacteroidia,Bacteroidales,UBA10428,JAAAOM01,Unclassified,Public,35.42560431,0.93657,47.28,90.2,79.13,9.41,25,3134360,7695,1,0.413,taxonomic novelty determined using RED,Novel,Unclassified public database SGBs,Medium-quality,18,0,1,1,2
SRR21412975.bin.16,2,Soil,MAG,Bacteria,Pseudomonadota,Gammaproteobacteria,UBA4486,UBA4486,Unclassified,Unclassified,Public,51.2986655,0.8243,47.28,90.2,77.82,6.32,65.71,2425298,5644,1,0.568,taxonomic novelty determined using RED,Novel,Unclassified public database SGBs,Medium-quality,16,1,0,1,2
SRR21412975.bin.18,1,Soil,MAG,Bacteria,Chloroflexota,Anaerolineae,Aggregatilineales,Phototrophicaceae,JAUZRW01,Unclassified,Public,71.89201063,0.93238,47.28,90.2,95,5.3,25,5616721,10820,2,0.457,taxonomic novelty determined using RED,Novel,Unclassified public database SGBs,Medium-quality,22,0,0,2,2
SRR21412975.bin.2,0,Soil,MAG,Bacteria,Gemmatimonadota,Gemmatimonadetes,Longimicrobiales,UBA6960,Unclassified,Unclassified,Public,79.04550486,0.71639,47.28,90.2,94.14,3.85,50,4142951,22962,2,0.701,taxonomic classification fully defined by topology,Defined,Unclassified public database SGBs,Medium-quality,19,0,0,2,2
SRR21412975.bin.30,3,Soil,MAG,Bacteria,Actinomycetota,Nitriliruptoria,Euzebyales,JAHELV01,Unclassified,Unclassified,Public,89.85049526,0.87838,47.28,90.2,96.3,1.71,0,4341849,12618,2,0.707,taxonomic novelty determined using RED,Novel,Unclassified public database SGBs,Medium-quality,25,1,1,0,2
SRR21412975.bin.34,3,Soil,MAG,Bacteria,Verrucomicrobiota,Verrucomicrobiae,Opitutales,T3Sed10-336,Unclassified,Unclassified,Public,52.37398176,0.91276,47.28,90.2,77.58,6.11,72.73,2635922,5016,1,0.623,taxonomic novelty determined using RED,Novel,Unclassified public database SGBs,Medium-quality,17,0,0,0,0
SRR21412975.bin.36,0,Soil,MAG,Bacteria,Pseudomonadota,Gammaproteobacteria,Xanthomonadales,SZUA-36,JABDJL01,Unclassified,Public,68.48306923,0.90017,47.28,90.2,86.67,4.53,50,2462009,19776,2,0.63,taxonomic novelty determined using RED,Novel,Unclassified public database SGBs,Medium-quality,18,1,0,0,1
SRR21412975.bin.4,1,Soil,MAG,Bacteria,Bacteroidota,Rhodothermia,Balneolales,Balneolaceae,Rhodohalobacter,Unclassified,Public,91.17175886,0.96004,47.28,90.2,96.78,1.64,25,4499033,18345,2,0.424,taxonomic classification fully defined by topology,Defined,Unclassified public database SGBs,Medium-quality,23,2,0,2,4
SRR21412975.bin.41,0,Soil,MAG,Bacteria,Bacteroidota,Bacteroidia,Cytophagales,Cyclobacteriaceae,Unclassified,Unclassified,Public,72.22994982,0.81813,47.28,90.2,83.98,2.78,5.88,3440486,7464,2,0.427,taxonomic novelty determined using RED,Novel,Unclassified public database SGBs,Medium-quality,19,0,0,1,1
SRR21412975.bin.43,1,Soil,MAG,Bacteria,Pseudomonadota,Gammaproteobacteria,Pseudomonadales,Cellvibrionaceae,Marinimicrobium,Unclassified,Public,66.08249982,0.94031,47.28,90.2,81.44,3.74,38.1,2582487,5434,2,0.605,taxonomic novelty determined using RED,Novel,Unclassified public database SGBs,Medium-quality,18,0,0,0,0
SRR21412975.bin.54,2,Soil,MAG,Bacteria,Bacteroidota,Rhodothermia,Balneolales,Balneolaceae,SKRC01,Unclassified,Public,76.73818485,0.93237,47.28,90.2,96.45,4.64,30,4049534,12370,2,0.432,taxonomic classification fully defined by topology,Defined,Unclassified public database SGBs,High-quality,20,2,1,1,4
SRR21412975.bin.57,0,Soil,MAG,Bacteria,Chloroflexota,Anaerolineae,Aggregatilineales,J027,JAKEEQ01,Unclassified,Public,84.83998233,0.89227,47.28,90.2,94.55,2.73,66.67,4449558,13797,2,0.594,taxonomic novelty determined using RED,Novel,Unclassified public database SGBs,Medium-quality,23,0,1,2,3
SRR21412975.bin.6,3,Soil,MAG,Bacteria,Nitrospinota,Nitrospinia,Nitrospinales,Nitrospinaceae,Unclassified,Unclassified,Public,77.72668169,0.89931,47.28,90.2,95.73,4.32,33.33,2895595,18220,3,0.589,taxonomic novelty determined using RED,Novel,Unclassified public database SGBs,High-quality,24,1,1,1,3
SRR21412975.bin.7,2,Soil,MAG,Bacteria,Verrucomicrobiota,Verrucomicrobiae,Opitutales,Opitutaceae,Pelagicoccus,Unclassified,Public,76.66055554,0.9572,47.28,90.2,78.91,0.83,0,4249853,5044,2,0.623,taxonomic classification fully defined by topology,Defined,Unclassified public database SGBs,Medium-quality,20,0,0,0,0
SRR21412976.bin.13,5,Soil,MAG,Bacteria,Actinomycetota,Actinomycetes,Streptosporangiales,Streptosporangiaceae,Unclassified,Unclassified,Public,96.87288971,0.79297,39.8,78.57,97.07,0.53,0,2428824,63941,2,0.703,taxonomic novelty determined using RED,Novel,Unclassified public database SGBs,High-quality,25,2,1,1,4
SRR21412976.bin.14,1,Soil,MAG,Bacteria,Bacteroidota,Rhodothermia,Rhodothermales,Salinibacteraceae,Unclassified,Unclassified,Public,60.3027081,0.75406,39.8,78.57,84.6,5.56,25,3589559,13348,2,0.576,taxonomic classification fully defined by topology,Defined,Unclassified public database SGBs,Medium-quality,21,0,0,1,1
SRR21412976.bin.2,0,Soil,MAG,Bacteria,Patescibacteria,Paceibacteria,UBA9973,SW-6-46-9,Unclassified,Unclassified,Public,83.53778854,0.81631,39.8,78.57,81.32,0,0,644751,22082,4,0.452,taxonomic novelty determined using RED,Novel,Unclassified public database SGBs,Medium-quality,21,1,1,1,3
SRR21412976.bin.21,1,Soil,MAG,Bacteria,Gemmatimonadota,Gemmatimonadetes,Palauibacterales,Palauibacteraceae,Caribbeanibacter,Unclassified,Public,86.89680592,0.97799,39.8,78.57,84.48,0,0,2815361,54835,6,0.72,taxonomic classification defined by topology and ANI,Defined,Unclassified public database SGBs,Medium-quality,23,0,1,2,3
SRR21412976.bin.5,1,Soil,MAG,Bacteria,Bacteroidota,Rhodothermia,Rhodothermales,Salinibacteraceae,Salinibacter,Unclassified,Public,60.83507296,0.93813,39.8,78.57,76.69,4.36,88.89,3806876,10938,2,0.602,taxonomic classification fully defined by topology,Defined,Unclassified public database SGBs,Medium-quality,20,0,0,0,0
SRR21412976.bin.8,3,Soil,MAG,Bacteria,Pseudomonadota,Alphaproteobacteria,Geminicoccales,Geminicoccaceae,Unclassified,Unclassified,Public,63.40046115,0.81382,39.8,78.57,79.53,3.68,10,3032314,5069,2,0.696,taxonomic classification fully defined by topology,Defined,Unclassified public database SGBs,Medium-quality,18,1,0,0,1
SRR21412977.bin.10,3,Soil,MAG,Bacteria,Deinococcota,Deinococci,Deinococcales,Trueperaceae,Unclassified,Unclassified,Public,85.40316086,0.77429,40.5,79.05,90.61,1.48,0,2844780,19334,2,0.69,taxonomic classification fully defined by topology,Defined,Unclassified public database SGBs,Medium-quality,21,0,1,1,2
SRR21412977.bin.11,0,Soil,MAG,Bacteria,Actinomycetota,Nitriliruptoria,Nitriliruptorales,Unclassified,Unclassified,Unclassified,Public,79.35268987,0.71138,40.5,79.05,89.84,2.56,0,2819926,33526,2,0.729,taxonomic novelty determined using RED,Novel,Unclassified public database SGBs,Medium-quality,21,0,0,1,1
SRR21412977.bin.15,55,Soil,MAG,Bacteria,Gemmatimonadota,Gemmatimonadetes,Longimicrobiales,Longimicrobiaceae,JAFAYN01,Unclassified,Public,75.44497109,0.88492,40.5,79.05,90.11,3.63,42.86,3807564,5732,2,0.726,taxonomic novelty determined using RED,Novel,Unclassified public database SGBs,Medium-quality,20,0,0,2,2
SRR21412977.bin.21,7,Soil,MAG,Bacteria,Planctomycetota,Planctomycetia,Pirellulales,Pirellulaceae,Unclassified,Unclassified,Public,100.9708266,0.82668,40.5,79.05,98.36,0,0,6485921,135250,5,0.624,taxonomic novelty determined using RED,Novel,Unclassified public database SGBs,High-quality,24,2,2,1,5
SRR21412977.bin.25,0,Soil,MAG,Bacteria,Actinomycetota,Thermoleophilia,Gaiellales,SKUG01,JAGQUL01,Unclassified,Public,70.35060363,0.93135,40.5,79.05,87.83,4.22,33.33,2580383,21289,2,0.707,taxonomic classification fully defined by topology,Defined,Unclassified public database SGBs,Medium-quality,23,0,0,0,0
SRR21412977.bin.26,6,Soil,MAG,Bacteria,Actinomycetota,Nitriliruptoria,Euzebyales,Egibacteraceae,Unclassified,Unclassified,Public,92.24720143,0.77622,40.5,79.05,94.16,0.85,0,2824611,38018,6,0.716,taxonomic novelty determined using RED,Novel,Unclassified public database SGBs,High-quality,21,1,1,1,3
SRR21412977.bin.28,3,Soil,MAG,Bacteria,Bacteroidota,Rhodothermia,Balneolales,Balneolaceae,Fodinibius,Unclassified,Public,68.87377382,0.94505,40.5,79.05,96.23,6.14,15.79,3617714,44518,2,0.429,taxonomic classification fully defined by topology,Defined,Unclassified public database SGBs,Medium-quality,22,0,0,2,2
SRR21412977.bin.29,3,Soil,MAG,Bacteria,Bacteroidota,Rhodothermia,Rhodothermales,Salinibacteraceae,Unclassified,Unclassified,Public,80.46555417,0.81822,40.5,79.05,87.55,1.88,0,3847643,33971,2,0.609,taxonomic novelty determined using RED,Novel,Unclassified public database SGBs,Medium-quality,21,0,0,1,1
SRR21412977.bin.32,1,Soil,MAG,Bacteria,Actinomycetota,JAICYB01,JAICYB01,Unclassified,Unclassified,Unclassified,Public,83.39920344,0.6817,40.5,79.05,85.66,0.85,0,2989567,7558,2,0.719,taxonomic novelty determined using RED,Novel,Unclassified public database SGBs,Medium-quality,15,0,0,0,0
SRR21412977.bin.43,8,Soil,MAG,Bacteria,Actinomycetota,Actinomycetes,Mycobacteriales,Pseudonocardiaceae,WHSY01,Unclassified,Public,85.54343109,0.96086,40.5,79.05,99.14,3.65,62.5,3664084,44379,4,0.709,taxonomic classification defined by topology and ANI,Defined,Unclassified public database SGBs,Medium-quality,24,0,0,1,1
SRR21412977.bin.44,2,Soil,MAG,Bacteria,Bacteroidota,Bacteroidia,Cytophagales,Cyclobacteriaceae,Nafulsella,Unclassified,Public,56.93004648,0.93099,40.5,79.05,82.47,6.11,65.52,4411220,8195,1,0.479,taxonomic classification fully defined by topology,Defined,Unclassified public database SGBs,Medium-quality,18,0,0,0,0
SRR21412977.bin.45,4,Soil,MAG,Bacteria,Planctomycetota,Phycisphaerae,Phycisphaerales,Zrk34,Unclassified,Unclassified,Public,71.48789933,0.76384,40.5,79.05,78.64,2.27,100,3335187,5699,2,0.673,taxonomic classification fully defined by topology,Defined,Unclassified public database SGBs,Medium-quality,20,0,0,0,0
SRR21412977.bin.5,2,Soil,MAG,Bacteria,Bacteroidota,Rhodothermia,Balneolales,Balneolaceae,Unclassified,Unclassified,Public,78.54179672,0.85862,40.5,79.05,77.6,0.27,100,2969673,8782,2,0.44,taxonomic novelty determined using RED,Novel,Unclassified public database SGBs,Medium-quality,18,1,0,1,2
SRR21412977.bin.50,0,Soil,MAG,Bacteria,Actinomycetota,Nitriliruptoria,Nitriliruptorales,Nitriliruptoraceae,Unclassified,Unclassified,Public,73.25935088,0.79036,40.5,79.05,83.12,2.85,75,3816829,25334,2,0.716,taxonomic novelty determined using RED,Novel,Unclassified public database SGBs,Medium-quality,18,1,1,1,3
SRR21412977.bin.54,5,Soil,MAG,Bacteria,Pseudomonadota,Gammaproteobacteria,Pseudomonadales,Halomonadaceae,Litchfieldella,Unclassified,Public,98.20471907,0.95047,40.5,79.05,98.51,0.52,0,3584120,30863,2,0.62,taxonomic classification fully defined by topology,Defined,Unclassified public database SGBs,High-quality,24,1,1,3,5
SRR21412977.bin.62,1,Soil,MAG,Bacteria,Bacteroidota,Rhodothermia,Balneolales,Balneolaceae,Unclassified,Unclassified,Public,90.32121897,0.85825,40.5,79.05,94.81,1.37,0,3812709,43342,3,0.437,taxonomic novelty determined using RED,Novel,Unclassified public database SGBs,Medium-quality,23,0,0,1,1
SRR21412977.bin.64,4,Soil,MAG,Bacteria,Actinomycetota,Nitriliruptoria,Euzebyales,Egibacteraceae,QS-5-72-10,Unclassified,Public,58.67201999,0.92233,40.5,79.05,84.05,5.7,36.36,4351998,9977,1,0.718,taxonomic novelty determined using RED,Novel,Unclassified public database SGBs,Medium-quality,23,0,1,1,2
SRR21412977.bin.66,2,Soil,MAG,Bacteria,Actinomycetota,Nitriliruptoria,Euzebyales,Egibacteraceae,Unclassified,Unclassified,Public,61.13802514,0.77646,40.5,79.05,88.89,6.07,20,2549294,46564,1,0.713,taxonomic novelty determined using RED,Novel,Unclassified public database SGBs,Medium-quality,18,2,0,0,2
SRR21412977.bin.68,1,Soil,MAG,Bacteria,Deinococcota,Deinococci,Deinococcales,Trueperaceae,CALKAI01,Unclassified,Public,93.37078838,0.84085,40.5,79.05,93.24,0.42,0,2708941,22992,2,0.656,taxonomic novelty determined using RED,Novel,Unclassified public database SGBs,High-quality,24,1,1,2,4
SRR21412977.bin.71,0,Soil,MAG,Bacteria,Actinomycetota,Nitriliruptoria,Nitriliruptorales,JAHWKO01,Unclassified,Unclassified,Public,88.70949718,0.76066,40.5,79.05,91.45,0.85,0,2885705,82984,1,0.698,taxonomic novelty determined using RED,Novel,Unclassified public database SGBs,High-quality,22,1,1,1,3
SRR21412977.bin.76,2,Soil,MAG,Bacteria,Bacteroidota,Rhodothermia,Rhodothermales,Salinibacteraceae,Unclassified,Unclassified,Public,64.44864758,0.82229,40.5,79.05,93.79,7.34,69.23,3824794,29837,2,0.608,taxonomic novelty determined using RED,Novel,Unclassified public database SGBs,Medium-quality,19,1,0,0,1
SRR21412977.bin.77,0,Soil,MAG,Bacteria,Gemmatimonadota,Gemmatimonadetes,Longimicrobiales,RSA9,JAHWKI01,Unclassified,Public,73.92012979,0.86274,40.5,79.05,78.61,1.72,100,3020466,19066,2,0.693,taxonomic novelty determined using RED,Novel,Unclassified public database SGBs,Medium-quality,20,0,1,1,2
SRR21412977.bin.78,2,Soil,MAG,Bacteria,Planctomycetota,Planctomycetia,Planctomycetales,Planctomycetaceae,Unclassified,Unclassified,Public,72.72233057,0.69391,40.5,79.05,86.03,3.47,60,6033340,6617,2,0.647,taxonomic classification fully defined by topology,Defined,Unclassified public database SGBs,Medium-quality,23,1,1,0,2
SRR21412977.bin.80,0,Soil,MAG,Bacteria,Acidobacteriota,Thermoanaerobaculia,Gp7-AA8,JAHWKK01,Unclassified,Unclassified,Public,92.72269305,0.74334,40.5,79.05,98.2,1.76,66.67,3811075,15798,2,0.604,taxonomic novelty determined using RED,Novel,Unclassified public database SGBs,High-quality,24,1,1,1,3
SRR21412977.bin.81,1,Soil,MAG,Bacteria,Actinomycetota,Actinomycetes,Mycobacteriales,Pseudonocardiaceae,Haloechinothrix,Unclassified,Public,67.40969075,0.99233,40.5,79.05,83.07,3.75,55.56,3424007,8173,1,0.69,taxonomic novelty determined using RED,Novel,Unclassified public database SGBs,Medium-quality,22,1,0,1,2
SRR21412978.bin.11,5,Soil,MAG,Bacteria,Pseudomonadota,Gammaproteobacteria,Enterobacterales,Enterobacteriaceae,Pantoea,Pantoea agglomerans,Public,73.19423718,N/A,40.5,79.05,87.3,3.68,61.76,3311452,9739,3,0.562,taxonomic classification defined by topology and ANI,Defined,Published genomes,Medium-quality,17,0,0,4,4
SRR21412978.bin.14,1,Soil,MAG,Bacteria,Actinomycetota,Nitriliruptoria,Nitriliruptorales,Unclassified,Unclassified,Unclassified,Public,83.37116924,0.71259,40.5,79.05,95.3,3.04,25,3240783,83903,5,0.735,taxonomic novelty determined using RED,Novel,Unclassified public database SGBs,High-quality,24,1,1,1,3
SRR21412978.bin.16,2,Soil,MAG,Bacteria,Actinomycetota,Nitriliruptoria,Euzebyales,Egibacteraceae,Unclassified,Unclassified,Public,80.59868623,0.7784,40.5,79.05,89.76,2.56,50,2802043,41850,3,0.706,taxonomic classification fully defined by topology,Defined,Unclassified public database SGBs,Medium-quality,24,1,1,1,3
SRR21412978.bin.19,9,Soil,MAG,Bacteria,Pseudomonadota,Gammaproteobacteria,Pseudomonadales,Moraxellaceae,Acinetobacter,Acinetobacter nosocomialis,Public,92.26309596,N/A,40.5,79.05,94.99,0.97,11.11,3519438,8753,3,0.391,taxonomic classification defined by topology and ANI,Defined,Published genomes,Medium-quality,20,0,0,2,2
SRR21412978.bin.8,0,Soil,MAG,Bacteria,Actinomycetota,Nitriliruptoria,Euzebyales,Egibacteraceae,Unclassified,Unclassified,Public,99.85322355,0.74127,40.5,79.05,97.44,0,0,2525046,53738,6,0.709,taxonomic classification fully defined by topology,Defined,Unclassified public database SGBs,High-quality,23,1,1,1,3
SRR21412979.bin.11,2,Soil,MAG,Bacteria,Actinomycetota,Nitriliruptoria,Euzebyales,Egibacteraceae,Unclassified,Unclassified,Public,77.19362389,0.78076,40.5,79.05,85.37,2.14,66.67,2801697,12410,1,0.707,taxonomic classification fully defined by topology,Defined,Unclassified public database SGBs,Medium-quality,24,0,0,1,1
SRR21412979.bin.3,4,Soil,MAG,Bacteria,Actinomycetota,Nitriliruptoria,Euzebyales,Egibacteraceae,QS-5-72-10,Unclassified,Public,51.10006489,0.9239,40.5,79.05,87.75,8.9,76.47,3714441,9738,1,0.722,taxonomic novelty determined using RED,Novel,Unclassified public database SGBs,Medium-quality,23,0,0,1,1
SRR21412979.bin.32,0,Soil,MAG,Bacteria,Actinomycetota,Nitriliruptoria,Nitriliruptorales,Unclassified,Unclassified,Unclassified,Public,72.71928314,0.71412,40.5,79.05,85.9,2.99,20,3110650,17481,1,0.694,taxonomic novelty determined using RED,Novel,Unclassified public database SGBs,Medium-quality,20,1,1,1,3
SRR21412979.bin.8,1,Soil,MAG,Bacteria,Actinomycetota,Nitriliruptoria,Nitriliruptorales,Nitriliruptoraceae,SKLC01,Unclassified,Public,75.79607975,0.9468,40.5,79.05,83.05,1.71,0,2970842,31057,1,0.727,taxonomic classification defined by topology and ANI,Defined,Unclassified public database SGBs,Medium-quality,20,0,1,1,2
SRR21412980.bin.14,1,Soil,MAG,Bacteria,Actinomycetota,Nitriliruptoria,Euzebyales,Egibacteraceae,Unclassified,Unclassified,Public,87.38319708,0.78976,41.72,82.97,92.74,1.71,50,2691192,38794,6,0.708,taxonomic novelty determined using RED,Novel,Unclassified public database SGBs,High-quality,21,1,1,1,3
SRR21412980.bin.15,1,Soil,MAG,Bacteria,Actinomycetota,Nitriliruptoria,Euzebyales,Egibacteraceae,Unclassified,Unclassified,Public,79.70486433,0.78772,41.72,82.97,96.2,4.27,60,3030640,30983,6,0.728,taxonomic novelty determined using RED,Novel,Unclassified public database SGBs,High-quality,25,1,1,1,3
SRR21412980.bin.21,0,Soil,MAG,Bacteria,Gemmatimonadota,Gemmatimonadetes,Palauibacterales,Palauibacteraceae,Caribbeanibacter,Unclassified,Public,81.41698806,0.98712,41.72,82.97,79.31,0,0,2545670,13308,4,0.717,taxonomic classification defined by topology and ANI,Defined,Unclassified public database SGBs,Medium-quality,24,0,2,0,2
SRR21412981.bin.17,0,Soil,MAG,Bacteria,Actinomycetota,Actinomycetes,Actinomycetales,Bifidobacteriaceae,Bifidobacterium,Bifidobacterium animalis_B,Public,82.74669736,N/A,41.72,82.97,96.78,3.28,38.89,1872509,12084,1,0.605,taxonomic classification defined by topology and ANI,Defined,Published genomes,Medium-quality,23,0,0,0,0
SRR21412981.bin.23,36,Soil,MAG,Bacteria,Myxococcota,Myxococcia,Myxococcales,Myxococcaceae,Hyalangium,Unclassified,Public,71.98105869,0.96578,41.72,82.97,94.75,4.87,11.11,10806830,9550,1,0.683,taxonomic classification defined by topology and ANI,Defined,Unclassified public database SGBs,High-quality,24,2,2,4,8
SRR21412981.bin.7,0,Soil,MAG,Bacteria,Actinomycetota,Nitriliruptoria,Euzebyales,Egibacteraceae,Unclassified,Unclassified,Public,58.55712328,0.78813,41.72,82.97,93.73,8.55,75,2882700,16953,1,0.741,taxonomic novelty determined using RED,Novel,Unclassified public database SGBs,Medium-quality,23,2,1,0,3
SRR21412982.bin.11,1,Soil,MAG,Bacteria,Pseudomonadota,Gammaproteobacteria,Enterobacterales,Enterobacteriaceae,Escherichia,Escherichia coli,Public,79.48113529,N/A,41.72,82.97,89.94,3.01,81.13,3747982,15785,2,0.511,taxonomic classification defined by topology and ANI,Defined,Published genomes,Medium-quality,21,0,0,3,3
SRR21412983.bin.19,1,Soil,MAG,Bacteria,Actinomycetota,Nitriliruptoria,Euzebyales,Egibacteraceae,QS-5-72-10,Unclassified,Public,94.62338999,0.9262,41.87,85.67,96.58,0.85,0,3382840,32127,11,0.725,taxonomic novelty determined using RED,Novel,Unclassified public database SGBs,High-quality,25,1,1,1,3
SRR21412985.bin.20,0,Soil,MAG,Bacteria,Pseudomonadota,Gammaproteobacteria,XJ16,Halofilaceae,Halofilum,Unclassified,Public,38.22365172,0.90184,41.87,85.67,75.61,8.28,38.1,2327967,4149,1,0.72,taxonomic classification fully defined by topology,Defined,Unclassified public database SGBs,Medium-quality,18,0,0,0,0
SRR21412985.bin.21,4,Soil,MAG,Bacteria,Bacteroidota,Rhodothermia,Rhodothermales,Salinibacteraceae,Salinibacter,Unclassified,Public,61.72303869,0.94546,41.87,85.67,87.58,5.91,26.67,3544035,13944,4,0.585,taxonomic classification fully defined by topology,Defined,Unclassified public database SGBs,Medium-quality,22,0,0,1,1
SRR21412985.bin.37,0,Soil,MAG,Bacteria,Gemmatimonadota,Gemmatimonadetes,Palauibacterales,Palauibacteraceae,Unclassified,Unclassified,Public,80.02444109,0.83068,41.87,85.67,77.59,0,0,2061241,58733,2,0.741,taxonomic novelty determined using RED,Novel,Unclassified public database SGBs,Medium-quality,24,1,1,1,3
SRR21412986.bin.10,0,Soil,MAG,Bacteria,Bacteroidota,Bacteroidia,Bacteroidales,VadinHA17,UBA9300,Unclassified,Public,78.69579488,0.95994,47.28,90.2,89.09,2.54,10,3365884,10083,2,0.438,taxonomic classification fully defined by topology,Defined,Unclassified public database SGBs,Medium-quality,20,0,2,2,4
SRR21412986.bin.100,1,Soil,MAG,Bacteria,Bacteroidota,Bacteroidia,Bacteroidales,VadinHA17,UBA9300,Unclassified,Public,85.50601776,0.91561,47.28,90.2,93.81,2.14,0,2742684,51116,4,0.445,taxonomic classification fully defined by topology,Defined,Unclassified public database SGBs,Medium-quality,15,2,0,2,4
SRR21412986.bin.13,0,Soil,MAG,Bacteria,Bacillota_F,Halanaerobiia,Halanaerobiales,M55B127,M55B127,Unclassified,Public,61.23812262,0.88301,47.28,90.2,94.44,6.96,7.69,2408023,10612,1,0.308,taxonomic classification fully defined by topology,Defined,Unclassified public database SGBs,Medium-quality,24,1,0,2,3
SRR21412986.bin.18,1,Soil,MAG,Bacteria,Chloroflexota,Anaerolineae,Anaerolineales,UBA11858,B10-G9,Unclassified,Public,72.66454523,0.93194,47.28,90.2,93.15,4.55,0,3057569,27438,4,0.529,taxonomic classification fully defined by topology,Defined,Unclassified public database SGBs,High-quality,25,1,1,1,3
SRR21412986.bin.19,4,Soil,MAG,Bacteria,Bacteroidota,Bacteroidia,Flavobacteriales,Flavobacteriaceae,Gillisia,Unclassified,Public,46.44859998,0.98811,47.28,90.2,77.76,7.76,83.33,2722011,8798,1,0.381,taxonomic classification defined by topology and ANI,Defined,Unclassified public database SGBs,Medium-quality,16,0,0,1,1
SRR21412986.bin.22,8,Soil,MAG,Bacteria,Desulfobacterota,Desulfobacteria,Desulfobacterales,Desulfosalsimonadaceae,M55B175,Unclassified,Public,77.38316788,0.90838,47.28,90.2,99.33,4.84,0,4053303,25488,2,0.547,taxonomic classification fully defined by topology,Defined,Unclassified public database SGBs,Medium-quality,23,0,1,1,2
SRR21412986.bin.37,1,Soil,MAG,Bacteria,Desulfobacterota,Desulfobacteria,Desulfobacterales,Desulfosalsimonadaceae,Unclassified,Unclassified,Public,94.59912472,0.85444,47.28,90.2,98.71,1.29,0,3531064,37866,2,0.563,taxonomic classification fully defined by topology,Defined,Unclassified public database SGBs,Medium-quality,22,2,0,2,4
SRR21412986.bin.45,0,Soil,MAG,Bacteria,Bacillota_I,Bacilli_A,Izemoplasmatales,Izemoplasmataceae,UBA3566,Unclassified,Public,45.72851286,0.95002,47.28,90.2,84,9.2,75,1278705,3606,1,0.359,taxonomic classification defined by topology and ANI,Defined,Unclassified public database SGBs,Medium-quality,12,0,0,0,0
SRR21412986.bin.50,0,Soil,MAG,Bacteria,Bacteroidota,Bacteroidia,Bacteroidales,GCA-2748055,M55B112,Unclassified,Public,80.13878542,0.98942,47.28,90.2,86.9,1.93,40,3524978,13601,2,0.501,taxonomic classification defined by topology and ANI,Defined,Unclassified public database SGBs,Medium-quality,13,0,1,1,2
SRR21412986.bin.53,1,Soil,MAG,Bacteria,Desulfobacterota,Desulfobacteria,Desulfobacterales,Desulfosalsimonadaceae,Desulfosalsimonas,Unclassified,Public,77.72991751,0.95569,47.28,90.2,85.77,2.17,33.33,2700033,11839,2,0.518,taxonomic classification fully defined by topology,Defined,Unclassified public database SGBs,Medium-quality,23,1,0,1,2
SRR21412986.bin.55,1,Soil,MAG,Bacteria,Bacteroidota,Bacteroidia,Bacteroidales,JAGXLC01,Unclassified,Unclassified,Public,73.48689335,0.8584,47.28,90.2,97.62,5.3,0,3931757,44209,3,0.36,taxonomic novelty determined using RED,Novel,Unclassified public database SGBs,Medium-quality,21,2,1,3,6
SRR21412986.bin.57,1,Soil,MAG,Bacteria,Patescibacteria,Paceibacteria,UBA9973,CSBR16-193,SKVL01,Unclassified,Public,78.63629128,0.90832,47.28,90.2,86.34,1.72,0,865171,4927,1,0.413,taxonomic novelty determined using RED,Novel,Unclassified public database SGBs,Medium-quality,16,1,2,1,4
SRR21412986.bin.6,1,Soil,MAG,Bacteria,Spirochaetota,Spirochaetia,DSM-16054,Sediminispirochaetaceae,DSBN01,Unclassified,Public,78.44319643,0.95322,47.28,90.2,96.52,4.1,0,4366300,55769,2,0.525,taxonomic classification defined by topology and ANI,Defined,Unclassified public database SGBs,Medium-quality,23,0,1,1,2
SRR21412986.bin.60,5,Soil,MAG,Bacteria,Desulfobacterota,Desulfobacteria,Desulfobacterales,Desulfobacteraceae,Desulfotignum,Unclassified,Public,46.77717417,0.98681,47.28,90.2,82.12,8.06,50,3021804,5680,1,0.53,taxonomic classification defined by topology and ANI,Defined,Unclassified public database SGBs,Medium-quality,20,3,0,2,5
SRR21412986.bin.61,3,Soil,MAG,Bacteria,Pseudomonadota,Gammaproteobacteria,Thiohalorhabdales,Thiohalorhabdaceae,Unclassified,Unclassified,Public,99.05305376,0.85172,47.28,90.2,96.64,0,0,2523075,53224,2,0.687,taxonomic novelty determined using RED,Novel,Unclassified public database SGBs,Medium-quality,22,2,0,1,3
SRR21412986.bin.62,1,Soil,MAG,Bacteria,Bacteroidota,Bacteroidia,Bacteroidales,JAGOPY01,DAOWEV01,Unclassified,Public,94.41415136,0.85017,47.28,90.2,97.13,1.08,0,3993384,186137,4,0.491,taxonomic novelty determined using RED,Novel,Unclassified public database SGBs,Medium-quality,24,1,1,0,2
SRR21412986.bin.71,4,Soil,MAG,Bacteria,Desulfobacterota,Desulfobacteria,Desulfobacterales,Desulfosalsimonadaceae,Desulfosalsimonas,Unclassified,Public,83.60931842,0.99246,47.28,90.2,90.97,2.1,50,2908830,12332,4,0.551,taxonomic classification defined by topology and ANI,Defined,Unclassified public database SGBs,Medium-quality,19,2,0,1,3
SRR21412986.bin.86,2,Soil,MAG,Bacteria,Bacteroidota,Rhodothermia,Balneolales,Balneolaceae,Halalkalibaculum,Unclassified,Public,74.04786413,0.92583,47.28,90.2,84.7,2.73,33.33,2850324,12277,4,0.469,taxonomic novelty determined using RED,Novel,Unclassified public database SGBs,Medium-quality,17,0,0,0,0
SRR21412986.bin.87,7,Soil,MAG,Bacteria,Pseudomonadota,Gammaproteobacteria,XJ16,Halofilaceae,Halofilum,Unclassified,Public,61.02708356,0.97719,47.28,90.2,78.56,4.35,50,3109041,9642,2,0.661,taxonomic classification defined by topology and ANI,Defined,Unclassified public database SGBs,Medium-quality,16,0,0,0,0
SRR21412986.bin.89,1,Soil,MAG,Bacteria,Pseudomonadota,Gammaproteobacteria,Thiohalospirales,Thiohalospiraceae,Thiohalospira,Unclassified,Public,72.573294,0.9814,47.28,90.2,84.24,3.07,54.55,2157128,8275,2,0.707,taxonomic classification defined by topology and ANI,Defined,Unclassified public database SGBs,Medium-quality,20,0,1,1,2
SRR21412986.bin.91,0,Soil,MAG,Bacteria,Bacillota_I,Bacilli_A,Izemoplasmatales,Izemoplasmataceae,Unclassified,Unclassified,Public,80.62136701,0.82266,47.28,90.2,89.33,2.67,100,1434542,6962,2,0.376,taxonomic novelty determined using RED,Novel,Unclassified public database SGBs,Medium-quality,12,1,0,0,1
SRR21412986.bin.93,3,Soil,MAG,Bacteria,Desulfobacterota,Desulfobacteria,Desulfobacterales,Desulfobacteraceae,Desulfotignum,Desulfotignum sp011389835,Public,85.1178309,N/A,47.28,90.2,89.8,1.55,62.5,2763728,12957,4,0.543,taxonomic classification defined by topology and ANI,Defined,Published genomes,Medium-quality,19,0,0,2,2
SRR21412986.bin.96,1,Soil,MAG,Bacteria,Pseudomonadota,Gammaproteobacteria,Thiohalospirales,Thiohalospiraceae,Thiohalospira,Unclassified,Public,90.28056897,0.88249,47.28,90.2,92,0.88,66.67,2139672,12239,2,0.682,taxonomic novelty determined using RED,Novel,Unclassified public database SGBs,Medium-quality,20,1,0,0,1
SRR21412986.bin.98,0,Soil,MAG,Bacteria,Bacillota_A,Clostridia,Peptostreptococcales,Acidaminobacteraceae,Unclassified,Unclassified,Public,80.12057019,0.80454,47.28,90.2,92.48,2.93,37.5,2421189,19215,1,0.317,taxonomic novelty determined using RED,Novel,Unclassified public database SGBs,Medium-quality,20,0,0,0,0
SRR21412986.bin.99,3,Soil,MAG,Bacteria,Pseudomonadota,Gammaproteobacteria,Pseudomonadales,Oleiphilaceae,Halospina,Unclassified,Public,77.59814303,0.97952,47.28,90.2,90.49,3.43,61.54,2918021,15847,3,0.623,taxonomic classification defined by topology and ANI,Defined,Unclassified public database SGBs,Medium-quality,16,1,1,4,6
SRR21412987.bin.1,7,Soil,MAG,Bacteria,Bacillota,Bacilli,Staphylococcales,Staphylococcaceae,Staphylococcus,Staphylococcus aureus,Public,101.7866032,N/A,41.33,86.25,99.51,0.08,0,2708999,186984,3,0.326,taxonomic classification defined by topology and ANI,Defined,Published genomes,Medium-quality,18,1,0,3,4
SRR21412988.bin.21,0,Soil,MAG,Bacteria,Actinomycetota,Nitriliruptoria,Nitriliruptorales,Nitriliruptoraceae,Unclassified,Unclassified,Public,76.53833259,0.80109,41.33,86.25,86.38,2.56,33.33,2771760,13493,4,0.735,taxonomic novelty determined using RED,Novel,Unclassified public database SGBs,Medium-quality,21,0,1,1,2
SRR21412988.bin.22,2,Soil,MAG,Bacteria,Actinomycetota,Nitriliruptoria,Euzebyales,Egibacteraceae,QS-5-72-10,Unclassified,Public,88.53312376,0.92475,41.33,86.25,97.44,2.52,60,3939433,18595,4,0.718,taxonomic novelty determined using RED,Novel,Unclassified public database SGBs,High-quality,22,1,2,1,4
SRR21412988.bin.8,2,Soil,MAG,Bacteria,Bacteroidota,Rhodothermia,Rhodothermales,Salinibacteraceae,Salinibacter,Unclassified,Public,90.17226853,0.96498,41.33,86.25,90.7,0.58,0,4127311,44110,2,0.601,taxonomic classification fully defined by topology,Defined,Unclassified public database SGBs,High-quality,21,1,1,1,3
SRR21412989.bin.12,4,Soil,MAG,Bacteria,Pseudomonadota,Gammaproteobacteria,Arenicellales,JAANXG01,JAANXG01,Unclassified,Public,93.20596601,0.92322,41.33,86.25,98.78,1.63,16.67,4847061,35829,7,0.647,taxonomic novelty determined using RED,Novel,Unclassified public database SGBs,Medium-quality,23,0,0,0,0
SRR21412989.bin.6,1,Soil,MAG,Bacteria,Bacteroidota,Bacteroidia,Flavobacteriales,Flavobacteriaceae,Salinimicrobium,Unclassified,Public,93.61352634,0.9427,41.33,86.25,97.53,1.4,33.33,3160633,137285,6,0.424,taxonomic classification fully defined by topology,Defined,Unclassified public database SGBs,Medium-quality,22,0,1,3,4
SRR21412990.bin.14,0,Soil,MAG,Bacteria,Actinomycetota,JAICYB01,JAICYB01,JAICYB01,Unclassified,Unclassified,Public,85.86349821,0.69197,42.32,86.38,88.03,0.85,0,2827298,11668,2,0.703,taxonomic novelty determined using RED,Novel,Unclassified public database SGBs,Medium-quality,20,1,0,0,1
SRR21412990.bin.20,1,Soil,MAG,Bacteria,Actinomycetota,Nitriliruptoria,Euzebyales,Egibacteraceae,QS-5-72-10,Unclassified,Public,89.90863526,0.90454,42.32,86.38,97.15,2.09,57.14,3576750,9087,3,0.72,taxonomic novelty determined using RED,Novel,Unclassified public database SGBs,Medium-quality,22,1,0,0,1
SRR21412990.bin.4,2,Soil,MAG,Bacteria,Actinomycetota,Nitriliruptoria,Euzebyales,Egibacteraceae,QS-5-72-10,Unclassified,Public,51.42281216,0.92249,42.32,86.38,77.86,6.61,88.24,3043316,2886,1,0.726,taxonomic novelty determined using RED,Novel,Unclassified public database SGBs,Medium-quality,18,3,2,0,5
SRR21412991.bin.11,3,Soil,MAG,Bacteria,Pseudomonadota,Alphaproteobacteria,Rhodobacterales,Rhodobacteraceae,Palleronia,Unclassified,Public,71.78264558,0.95234,42.32,86.38,78.27,2.02,74.07,2228359,13596,2,0.662,taxonomic classification fully defined by topology,Defined,Unclassified public database SGBs,Medium-quality,13,0,0,0,0
SRR21412991.bin.13,2,Soil,MAG,Bacteria,Actinomycetota,Actinomycetes,Actinomycetales,Cellulomonadaceae,Actinotalea,Unclassified,Public,73.51486161,0.88592,42.32,86.38,82.92,2.36,50,2611118,21366,1,0.742,taxonomic classification fully defined by topology,Defined,Unclassified public database SGBs,Medium-quality,20,0,0,2,2
SRR21412991.bin.15,6,Soil,MAG,Bacteria,Bacteroidota,Bacteroidia,Cytophagales,Cyclobacteriaceae,Nafulsella,Unclassified,Public,46.0468892,0.93009,42.32,86.38,77.31,7.29,59.26,3406131,4302,1,0.475,taxonomic classification fully defined by topology,Defined,Unclassified public database SGBs,Medium-quality,13,0,0,0,0
SRR21412991.bin.19,1,Soil,MAG,Bacteria,Pseudomonadota,Gammaproteobacteria,Xanthomonadales,Unclassified,Unclassified,Unclassified,Public,91.75902808,0.62807,42.32,86.38,91.67,0.53,0,3073409,239415,6,0.654,taxonomic novelty determined using RED,Novel,Unclassified public database SGBs,High-quality,23,1,1,1,3
SRR21412991.bin.2,7,Soil,MAG,Bacteria,Pseudomonadota,Gammaproteobacteria,Pseudomonadales,Cellvibrionaceae,Unclassified,Unclassified,Public,55.90253909,0.86991,42.32,86.38,88.58,7.13,30.77,3706129,2866,1,0.568,taxonomic novelty determined using RED,Novel,Unclassified public database SGBs,Medium-quality,17,2,6,3,11
SRR21412992.bin.15,2,Soil,MAG,Bacteria,Pseudomonadota,Gammaproteobacteria,XJ16,Halofilaceae,Halofilum,Unclassified,Public,78.40237208,0.97518,42.32,86.38,87.93,2.35,12.5,2735394,5718,2,0.667,taxonomic classification defined by topology and ANI,Defined,Unclassified public database SGBs,Medium-quality,23,0,0,0,0
SRR21412992.bin.18,2,Soil,MAG,Bacteria,Pseudomonadota,Gammaproteobacteria,Xanthomonadales,Wenzhouxiangellaceae,Wenzhouxiangella,Unclassified,Public,76.28994433,0.91484,42.32,86.38,83.67,1.66,0,2794344,5494,1,0.632,taxonomic classification fully defined by topology,Defined,Unclassified public database SGBs,Medium-quality,20,1,0,0,1
SRR21412992.bin.19,1,Soil,MAG,Bacteria,Pseudomonadota,Gammaproteobacteria,Xanthomonadales,Unclassified,Unclassified,Unclassified,Public,63.90816489,0.68507,42.32,86.38,75.64,2.62,17.65,2572596,5146,1,0.658,taxonomic classification fully defined by topology,Defined,Unclassified public database SGBs,Medium-quality,20,1,0,0,1
SRR21412993.bin.1,4,Soil,MAG,Bacteria,Pseudomonadota,Alphaproteobacteria,Sphingomonadales,Sphingomonadaceae,Sphingomonas,Sphingomonas sp003355005,Public,87.47918159,N/A,42.27,86.85,92.92,1.54,20,3381836,6344,2,0.678,taxonomic classification defined by topology and ANI,Defined,Published genomes,Medium-quality,21,0,0,0,0
SRR21412993.bin.10,2,Soil,MAG,Bacteria,Actinomycetota,Actinomycetes,Propionibacteriales,Propionibacteriaceae,Cutibacterium,Cutibacterium acnes,Public,102.8622626,N/A,42.27,86.85,100,0,0,2479876,441482,12,0.6,taxonomic classification defined by topology and ANI,Defined,Published genomes,High-quality,23,2,1,1,4
SRR21412993.bin.11,11,Soil,MAG,Bacteria,Pseudomonadota,Gammaproteobacteria,Pseudomonadales,Pseudomonadaceae,Pseudomonas_E,Pseudomonas_E putida_H,Public,72.2207537,N/A,42.27,86.85,89.93,3.98,5.66,5433232,6776,2,0.625,taxonomic classification defined by topology and ANI,Defined,Published genomes,Medium-quality,17,0,0,0,0
SRR21412993.bin.13,0,Soil,MAG,Bacteria,Patescibacteria,Saccharimonadia,QS-5-54-17,QS-5-54-17,Unclassified,Unclassified,Public,68.05432137,0.80471,42.27,86.85,82.45,3.29,0,786170,10201,2,0.527,taxonomic novelty determined using RED,Novel,Unclassified public database SGBs,Medium-quality,18,1,1,1,3
SRR21412993.bin.17,5,Soil,MAG,Bacteria,Bacillota,Bacilli,Paenibacillales,Paenibacillaceae,Paenibacillus,Paenibacillus chibensis,Public,100.8951389,N/A,42.27,86.85,99.84,0.34,0,6131909,257204,2,0.511,taxonomic classification defined by topology and ANI,Defined,Published genomes,High-quality,22,7,1,5,13
SRR21412993.bin.18,4,Soil,MAG,Bacteria,Bacillota,Bacilli,Staphylococcales,Staphylococcaceae,Staphylococcus,Staphylococcus epidermidis,Public,66.8439664,N/A,42.27,86.85,80.22,3.03,33.33,2011947,2680,1,0.318,taxonomic classification defined by topology and ANI,Defined,Published genomes,Medium-quality,18,1,3,3,7
SRR21412993.bin.6,4,Soil,MAG,Bacteria,Actinomycetota,Actinomycetes,Mycobacteriales,Mycobacteriaceae,Corynebacterium,Corynebacterium kefirresidentii,Public,99.98106772,N/A,42.27,86.85,98.46,0.26,100,2346073,105229,2,0.586,taxonomic classification defined by topology and ANI,Defined,Published genomes,Medium-quality,23,0,1,3,4
SRR21412993.bin.7,1,Soil,MAG,Bacteria,Actinomycetota,Actinomycetes,Mycobacteriales,Mycobacteriaceae,Lawsonella,Lawsonella clevelandensis_A,Public,97.80752077,N/A,42.27,86.85,95,0,0,1603801,327372,2,0.526,taxonomic classification defined by topology and ANI,Defined,Published genomes,Medium-quality,23,0,0,2,2
SRR21412994.bin.1,0,Soil,MAG,Bacteria,Actinomycetota,Acidimicrobiia,UBA5794,ZC4RG35,JANQRA01,Unclassified,Public,89.57266454,0.9389,42.27,86.85,95.3,1.71,33.33,2796445,25683,4,0.639,taxonomic classification fully defined by topology,Defined,Unclassified public database SGBs,High-quality,22,1,2,1,4
SRR21412994.bin.17,2,Soil,MAG,Bacteria,Bacteroidota,Rhodothermia,Balneolales,Balneolaceae,Unclassified,Unclassified,Public,79.66715328,0.87475,42.27,86.85,77.59,0,0,4109905,11332,2,0.446,taxonomic novelty determined using RED,Novel,Unclassified public database SGBs,Medium-quality,19,0,0,0,0
SRR21412994.bin.18,0,Soil,MAG,Bacteria,Gemmatimonadota,Gemmatimonadetes,Palauibacterales,Palauibacteraceae,Unclassified,Unclassified,Public,70.4014376,0.83671,42.27,86.85,81.03,2.59,0,2795899,34904,2,0.737,taxonomic novelty determined using RED,Novel,Unclassified public database SGBs,Medium-quality,20,0,0,1,1
SRR21412994.bin.19,0,Soil,MAG,Bacteria,Actinomycetota,Nitriliruptoria,Nitriliruptorales,Nitriliruptoraceae,Unclassified,Unclassified,Public,82.18655852,0.7874,42.27,86.85,89.32,1.99,33.33,3191102,16091,2,0.725,taxonomic novelty determined using RED,Novel,Unclassified public database SGBs,Medium-quality,23,1,1,1,3
SRR21412994.bin.33,0,Soil,MAG,Bacteria,Actinomycetota,JAICYB01,JAICYB01,Unclassified,Unclassified,Unclassified,Public,86.95953161,0.67353,42.27,86.85,91.22,1.28,0,2874698,15103,2,0.711,taxonomic novelty determined using RED,Novel,Unclassified public database SGBs,High-quality,23,1,1,1,3
SRR21412994.bin.46,0,Soil,MAG,Bacteria,Bacteroidota,Rhodothermia,Rhodothermales,Salinibacteraceae,Unclassified,Unclassified,Public,71.83061354,0.79651,42.27,86.85,87.08,3.52,11.11,2963279,6593,2,0.663,taxonomic novelty determined using RED,Novel,Unclassified public database SGBs,Medium-quality,19,0,0,0,0
SRR21412994.bin.5,3,Soil,MAG,Bacteria,Pseudomonadota,Gammaproteobacteria,XJ16,Halofilaceae,Halofilum,Unclassified,Public,91.10473495,0.90185,42.27,86.85,95.89,1.44,0,2569830,53973,4,0.671,taxonomic classification fully defined by topology,Defined,Unclassified public database SGBs,High-quality,23,1,2,1,4
SRR21412995.bin.11,1,Soil,MAG,Bacteria,T1Sed10-126,T1Sed10-126,T1Sed10-126,Unclassified,Unclassified,Unclassified,Public,68.03014569,0.65923,42.27,86.85,96.63,6.18,0,2505730,31644,2,0.613,taxonomic novelty determined using RED,Novel,Unclassified public database SGBs,Medium-quality,21,1,1,1,3
SRR21412995.bin.16,2,Soil,MAG,Bacteria,Pseudomonadota,Gammaproteobacteria,Rariloculales,Rariloculaceae,JAHEEO01,Unclassified,Public,73.77885697,0.86579,42.27,86.85,90.23,3.76,42.11,3201189,2698,1,0.679,taxonomic novelty determined using RED,Novel,Unclassified public database SGBs,Medium-quality,15,0,0,0,0
SRR21412995.bin.22,5,Soil,MAG,Bacteria,Bacteroidota,Bacteroidia,Flavobacteriales,PHOS-HE28,Unclassified,Unclassified,Public,84.67784521,0.7547,42.27,86.85,88.98,1.52,75,2424165,16432,2,0.55,taxonomic novelty determined using RED,Novel,Unclassified public database SGBs,Medium-quality,20,0,0,0,0
SRR21412995.bin.28,1,Soil,MAG,Bacteria,Pseudomonadota,Gammaproteobacteria,Xanthomonadales,Unclassified,Unclassified,Unclassified,Public,85.49124066,0.62849,42.27,86.85,86.49,0.73,75,2794268,12808,2,0.657,taxonomic novelty determined using RED,Novel,Unclassified public database SGBs,Medium-quality,22,1,1,1,3
SRR21412995.bin.43,6,Soil,MAG,Bacteria,Myxococcota,Polyangia,Haliangiales,Haliangiaceae,SLNH01,Unclassified,Public,76.7984058,0.90242,42.27,86.85,90.91,3.41,28.57,5126064,6735,2,0.674,taxonomic novelty determined using RED,Novel,Unclassified public database SGBs,Medium-quality,18,1,0,0,1
SRR21412995.bin.45,1,Soil,MAG,Bacteria,Pseudomonadota,Gammaproteobacteria,XJ16,Halofilaceae,Halofilum,Unclassified,Public,78.88026666,0.89964,42.27,86.85,88.29,2.55,46.15,2181373,16861,2,0.714,taxonomic classification fully defined by topology,Defined,Unclassified public database SGBs,Medium-quality,22,1,1,1,3
SRR21412995.bin.55,0,Soil,MAG,Bacteria,Actinomycetota,Nitriliruptoria,Euzebyales,Egibacteraceae,Unclassified,Unclassified,Public,87.59221828,0.74078,42.27,86.85,91.88,1.53,75,2100791,21352,2,0.707,taxonomic classification fully defined by topology,Defined,Unclassified public database SGBs,Medium-quality,19,0,0,0,0
SRR21412995.bin.59,5,Soil,MAG,Bacteria,Bacteroidota,Bacteroidia,Flavobacteriales,PHOS-HE28,Unclassified,Unclassified,Public,95.9641179,0.75525,42.27,86.85,96.04,0.54,100,2787140,11724,2,0.555,taxonomic novelty determined using RED,Novel,Unclassified public database SGBs,High-quality,20,1,1,1,3
SRR21412995.bin.60,5,Soil,MAG,Bacteria,Myxococcota,Bradymonadia,Bradymonadales,Bradymonadaceae,CAJXPB01,Unclassified,Public,76.49085163,0.89736,42.27,86.85,92.9,3.89,14.29,5522948,74121,2,0.631,taxonomic classification fully defined by topology,Defined,Unclassified public database SGBs,Medium-quality,23,0,0,0,0
SRR21412995.bin.62,1,Soil,MAG,Bacteria,Bacteroidota,Bacteroidia,Flavobacteriales,PHOS-HE28,Unclassified,Unclassified,Public,59.18343945,0.75301,42.27,86.85,92.19,7.02,18.18,2505481,3423,1,0.574,taxonomic novelty determined using RED,Novel,Unclassified public database SGBs,Medium-quality,21,1,1,1,3
SRR21412995.bin.7,2,Soil,MAG,Bacteria,Actinomycetota,Nitriliruptoria,Nitriliruptorales,Nitriliruptoraceae,SKLC01,Unclassified,Public,81.81869432,0.93431,42.27,86.85,93.11,2.71,0,2809314,26145,2,0.74,taxonomic classification defined by topology and ANI,Defined,Unclassified public database SGBs,Medium-quality,22,1,0,0,1
SRR21412996.bin.1,1,Soil,MAG,Bacteria,Bacteroidota,Bacteroidia,Cytophagales,Cyclobacteriaceae,Nafulsella,Unclassified,Public,71.2233399,0.92585,41.72,86.17,79.98,2.43,54.55,3334854,10853,2,0.474,taxonomic classification fully defined by topology,Defined,Unclassified public database SGBs,Medium-quality,16,0,0,2,2
SRR21412997.bin.2,4,Soil,MAG,Bacteria,Pseudomonadota,Gammaproteobacteria,Enterobacterales,Enterobacteriaceae,Klebsiella,Klebsiella pneumoniae,Public,92.28840012,N/A,44.6,82.9,97,1.55,56.25,4897531,17730,5,0.579,taxonomic classification defined by topology and ANI,Defined,Published genomes,Medium-quality,23,0,1,6,7
SRR21412997.bin.9,3,Soil,MAG,Bacteria,Bacteroidota,Bacteroidia,Bacteroidales,Bacteroidaceae,Phocaeicola,Phocaeicola vulgatus,Public,42.74425895,N/A,44.6,82.9,75.49,7.22,36.73,3217650,2017,1,0.426,taxonomic classification defined by topology and ANI,Defined,Published genomes,Medium-quality,17,2,0,1,3
SRR21412998.bin.2,44,Soil,MAG,Bacteria,Pseudomonadota,Gammaproteobacteria,Pseudomonadales,Pseudomonadaceae,Pseudomonas_E,Unclassified,Public,71.47413598,0.995,41.72,86.17,84.3,2.81,13.04,4914271,4125,1,0.619,taxonomic classification defined by topology and ANI,Defined,Unclassified public database SGBs,Medium-quality,20,0,0,3,3
SRR21413000.bin.10,7,Soil,MAG,Bacteria,Myxococcota,Polyangia,Polyangiales,Polyangiaceae,Unclassified,Unclassified,Public,53.59314035,0.82544,43.5,87.92,76.12,4.75,9.09,4978059,3039,1,0.649,taxonomic classification fully defined by topology,Defined,Unclassified public database SGBs,Medium-quality,17,0,0,0,0
SRR21413000.bin.13,2,Soil,MAG,Bacteria,Pseudomonadota,Gammaproteobacteria,XN24,XN24,XN24,Unclassified,Public,81.59433447,0.93324,43.5,87.92,92.25,2.61,0,3286114,48828,2,0.664,taxonomic classification fully defined by topology,Defined,Unclassified public database SGBs,High-quality,20,1,1,1,3
SRR21413000.bin.26,2,Soil,MAG,Bacteria,Pseudomonadota,Alphaproteobacteria,Sphingomonadales,Sphingomonadaceae,Croceibacterium,Unclassified,Public,80.97051862,0.96445,43.5,87.92,92.79,2.97,62.5,3300872,17723,1,0.677,taxonomic classification defined by topology and ANI,Defined,Unclassified public database SGBs,High-quality,23,1,1,1,3
SRR21413000.bin.36,1,Soil,MAG,Bacteria,Pseudomonadota,Gammaproteobacteria,XN24,XN24,Unclassified,Unclassified,Public,83.36990557,0.8882,43.5,87.92,88.53,1.54,22.22,3096484,19744,2,0.664,taxonomic novelty determined using RED,Novel,Unclassified public database SGBs,Medium-quality,21,1,0,0,1
SRR21413001.bin.13,0,Soil,MAG,Bacteria,Chloroflexota,Limnocylindria,QHBO01,QHBO01,JACDBZ01,Unclassified,Public,84.2620211,0.94338,43.5,87.92,85.7,0.93,100,2217929,29110,2,0.709,taxonomic classification defined by topology and ANI,Defined,Unclassified public database SGBs,Medium-quality,23,2,1,0,3
SRR21413001.bin.20,1,Soil,MAG,Bacteria,Pseudomonadota,Gammaproteobacteria,Nitrococcales,Aquisalimonadaceae,Aquisalimonas,Unclassified,Public,83.34125415,0.98081,43.5,87.92,91.9,2.27,27.27,3265911,17557,2,0.652,taxonomic classification defined by topology and ANI,Defined,Unclassified public database SGBs,Medium-quality,17,1,0,0,1
SRR21413001.bin.25,1,Soil,MAG,Bacteria,Actinomycetota,Actinomycetes,Jiangellales,Jiangellaceae,JASLBX01,Unclassified,Public,76.36607917,0.87779,43.5,87.92,81.86,1.76,75,3292201,7825,3,0.701,taxonomic novelty determined using RED,Novel,Unclassified public database SGBs,Medium-quality,17,0,0,0,0
SRR21413001.bin.3,5,Soil,MAG,Bacteria,Actinomycetota,Actinomycetes,Actinomycetales,Micrococcaceae,Kocuria,Unclassified,Public,68.07467027,0.99364,43.5,87.92,75.9,2.3,75,2788136,6300,2,0.736,taxonomic classification defined by topology and ANI,Defined,Unclassified public database SGBs,Medium-quality,19,0,0,0,0
SRR21413001.bin.31,2,Soil,MAG,Bacteria,Actinomycetota,Acidimicrobiia,Acidimicrobiales,JACDCH01,Unclassified,Unclassified,Public,86.81693341,0.84186,43.5,87.92,95.22,2.23,20,3598133,31759,2,0.732,taxonomic novelty determined using RED,Novel,Unclassified public database SGBs,High-quality,23,1,1,1,3
SRR21413001.bin.32,3,Soil,MAG,Bacteria,Actinomycetota,Nitriliruptoria,Euzebyales,Egibacteraceae,WHTC01,Unclassified,Public,87.98337687,0.93329,43.5,87.92,94.02,1.71,0,4510580,85131,6,0.687,taxonomic novelty determined using RED,Novel,Unclassified public database SGBs,Medium-quality,23,0,0,2,2
SRR21413001.bin.39,1,Soil,MAG,Bacteria,Bacillota,Bacilli,Bacillales_A,Planococcaceae,Planococcus,Unclassified,Public,49.22116614,0.94248,43.5,87.92,77.66,7.34,100,2629630,5525,1,0.463,taxonomic classification fully defined by topology,Defined,Unclassified public database SGBs,Medium-quality,8,2,0,1,3
SRR21413001.bin.45,15,Soil,MAG,Bacteria,Actinomycetota,Actinomycetes,Streptosporangiales,Streptosporangiaceae,Spiractinospora,Unclassified,Public,96.19309822,0.89161,43.5,87.92,96.72,0.55,0,4749070,22192,2,0.706,taxonomic novelty determined using RED,Novel,Unclassified public database SGBs,Medium-quality,22,2,0,1,3
SRR21413001.bin.5,5,Soil,MAG,Bacteria,Pseudomonadota,Gammaproteobacteria,SLND01,SLND01,Natronospira,Unclassified,Public,84.49760164,0.94845,43.5,87.92,90.14,1.69,37.5,2826435,17689,2,0.612,taxonomic classification fully defined by topology,Defined,Unclassified public database SGBs,Medium-quality,23,1,0,0,1
SRR21413001.bin.51,1,Soil,MAG,Bacteria,Bacteroidota,Bacteroidia,Cytophagales,Cyclobacteriaceae,Anditalea,Unclassified,Public,81.71911328,0.97754,43.5,87.92,79.66,0,0,4389228,10851,6,0.38,taxonomic novelty determined using RED,Novel,Unclassified public database SGBs,Medium-quality,19,1,1,1,3
SRR21413001.bin.54,0,Soil,MAG,Bacteria,Bacillota,Bacilli,Bacillales_H,Salisediminibacteriaceae,Alkalicoccus,Unclassified,Public,90.91893135,0.97943,43.5,87.92,92.88,0.88,33.33,3374473,15871,6,0.446,taxonomic classification fully defined by topology,Defined,Unclassified public database SGBs,High-quality,25,1,3,6,10
SRR21413001.bin.55,2,Soil,MAG,Bacteria,Actinomycetota,Nitriliruptoria,Euzebyales,JAHELV01,Unclassified,Unclassified,Public,86.78858221,0.86348,43.5,87.92,98.58,2.91,16.67,4773574,28543,6,0.692,taxonomic novelty determined using RED,Novel,Unclassified public database SGBs,High-quality,22,1,1,1,3
SRR21413001.bin.57,0,Soil,MAG,Bacteria,Actinomycetota,UBA4738,UBA4738,CALAEC01,CALAEC01,Unclassified,Public,82.2701839,0.90239,43.5,87.92,88.03,1.71,50,1874604,6191,3,0.708,taxonomic classification defined by topology and ANI,Defined,Unclassified public database SGBs,Medium-quality,25,1,0,1,2
SRR21413001.bin.58,4,Soil,MAG,Bacteria,Actinomycetota,Actinomycetes,Actinomycetales,Micrococcaceae,Citricoccus,Unclassified,Public,91.35872942,0.98422,43.5,87.92,96.3,1.53,33.33,3121621,20413,4,0.715,taxonomic classification defined by topology and ANI,Defined,Unclassified public database SGBs,Medium-quality,24,0,1,1,2
SRR21413001.bin.6,2,Soil,MAG,Bacteria,Pseudomonadota,Alphaproteobacteria,Caulobacterales,Hyphomonadaceae,Hyphomonas,Unclassified,Public,55.59514292,0.97365,43.5,87.92,77.47,4.71,17.39,2877484,4094,1,0.635,taxonomic classification defined by topology and ANI,Defined,Unclassified public database SGBs,Medium-quality,22,1,1,1,3
SRR21413002.bin.31,2,Soil,MAG,Bacteria,Pseudomonadota,Gammaproteobacteria,Xanthomonadales,Wenzhouxiangellaceae,SLIZ01,Unclassified,Public,90.23076359,0.89131,43.5,87.92,94.64,1.41,33.33,3084446,17443,2,0.621,taxonomic novelty determined using RED,Novel,Unclassified public database SGBs,Medium-quality,20,0,1,1,2
SRR21413002.bin.4,3,Soil,MAG,Bacteria,Pseudomonadota,Alphaproteobacteria,Geminicoccales,Geminicoccaceae,Unclassified,Unclassified,Public,70.14381247,0.81117,43.5,87.92,76.61,1.74,16.67,3690705,6539,6,0.698,taxonomic classification fully defined by topology,Defined,Unclassified public database SGBs,Medium-quality,17,1,0,0,1
SRR21413002.bin.41,0,Soil,MAG,Bacteria,Pseudomonadota,Gammaproteobacteria,Pseudomonadales,Cellvibrionaceae,Marinimicrobium,Unclassified,Public,83.97428511,0.94161,43.5,87.92,90.73,1.82,10,3442483,16811,4,0.593,taxonomic novelty determined using RED,Novel,Unclassified public database SGBs,Medium-quality,20,1,0,1,2
SRR21413002.bin.5,10,Soil,MAG,Bacteria,Actinomycetota,Actinomycetes,Mycobacteriales,Pseudonocardiaceae,WHSY01,Unclassified,Public,87.8622925,0.97462,43.5,87.92,89.1,0.71,0,3349165,33798,3,0.702,taxonomic classification defined by topology and ANI,Defined,Unclassified public database SGBs,Medium-quality,24,0,1,1,2
SRR21413002.bin.53,0,Soil,MAG,Bacteria,Actinomycetota,Acidimicrobiia,UBA5794,ZC4RG35,JANQRA01,Unclassified,Public,81.53973121,0.93954,43.5,87.92,92.66,2.91,40,2635093,27607,6,0.651,taxonomic classification fully defined by topology,Defined,Unclassified public database SGBs,High-quality,21,1,1,1,3
SRR21413003.bin.17,1,Soil,MAG,Bacteria,Actinomycetota,Actinomycetes,Actinomycetales,Dermatophilaceae,Ornithinicoccus_A,Unclassified,Public,94.41048774,0.97304,44.17,87.98,94.59,0.62,100,3025406,33292,11,0.736,taxonomic classification defined by topology and ANI,Defined,Unclassified public database SGBs,Medium-quality,22,0,0,0,0
SRR21413003.bin.2,1,Soil,MAG,Bacteria,Gemmatimonadota,Gemmatimonadetes,Longimicrobiales,UBA6960,Unclassified,Unclassified,Public,54.16048251,0.81963,44.17,87.98,80.67,5.49,0,2422223,6039,1,0.669,taxonomic classification fully defined by topology,Defined,Unclassified public database SGBs,Medium-quality,13,0,0,0,0
SRR21413003.bin.20,2,Soil,MAG,Bacteria,Pseudomonadota,Gammaproteobacteria,Pseudomonadales,Cellvibrionaceae,Marinimicrobium,Unclassified,Public,76.46208883,0.93903,44.17,87.98,92.8,3.81,43.75,3737079,9782,1,0.552,taxonomic novelty determined using RED,Novel,Unclassified public database SGBs,Medium-quality,21,0,0,1,1
SRR21413003.bin.21,4,Soil,MAG,Bacteria,Pseudomonadota,Gammaproteobacteria,SLND01,SLND01,Natronospira,Unclassified,Public,84.17429997,0.93334,44.17,87.98,81.9,0,0,2656038,30967,6,0.653,taxonomic classification fully defined by topology,Defined,Unclassified public database SGBs,Medium-quality,21,1,0,0,1
SRR21413003.bin.37,1,Soil,MAG,Bacteria,Pseudomonadota,Gammaproteobacteria,Xanthomonadales,Xanthomonadaceae,Lysobacter_C,Unclassified,Public,61.38829147,0.99357,44.17,87.98,76.79,3.54,41.18,2377818,3811,1,0.683,taxonomic classification defined by topology and ANI,Defined,Unclassified public database SGBs,Medium-quality,18,1,0,2,3
SRR21413003.bin.40,0,Soil,MAG,Bacteria,Chloroflexota,Chloroflexia,Thermomicrobiales,UBA6265,UBA6265,Unclassified,Public,100.3015434,0.93057,44.17,87.98,98.11,0,0,3163454,19688,6,0.582,taxonomic classification fully defined by topology,Defined,Unclassified public database SGBs,Medium-quality,21,0,0,0,0
SRR21413003.bin.46,2,Soil,MAG,Bacteria,Pseudomonadota,Gammaproteobacteria,Pseudomonadales,Cellvibrionaceae,Unclassified,Unclassified,Public,74.27102081,0.87801,44.17,87.98,87.15,3.03,42.86,3683752,6994,1,0.536,taxonomic novelty determined using RED,Novel,Unclassified public database SGBs,Medium-quality,19,1,0,2,3
SRR21413003.bin.48,0,Soil,MAG,Bacteria,Chloroflexota,Limnocylindria,QHBO01,QHBO01,JACDBZ01,Unclassified,Public,81.4924094,0.93254,44.17,87.98,88.53,1.83,50,2009319,19716,1,0.707,taxonomic classification fully defined by topology,Defined,Unclassified public database SGBs,Medium-quality,20,1,1,1,3
SRR21413003.bin.52,2,Soil,MAG,Bacteria,Bacteroidota,Bacteroidia,Flavobacteriales,Flavobacteriaceae,Gillisia,Unclassified,Public,70.06926194,0.97423,44.17,87.98,83.43,3.01,20,2688902,11872,1,0.403,taxonomic classification fully defined by topology,Defined,Unclassified public database SGBs,Medium-quality,14,0,0,1,1
SRR21413003.bin.6,1,Soil,MAG,Bacteria,Actinomycetota,Nitriliruptoria,Nitriliruptorales,JAHWKO01,Unclassified,Unclassified,Public,97.92002718,0.76107,44.17,87.98,95.73,0,0,3114373,19489,6,0.705,taxonomic novelty determined using RED,Novel,Unclassified public database SGBs,Medium-quality,24,1,0,0,1
SRR21413004.bin.14,2,Soil,MAG,Bacteria,Gemmatimonadota,Gemmatimonadetes,Longimicrobiales,UBA6960,Unclassified,Unclassified,Public,77.87522537,0.72525,44.17,87.98,91.36,3.3,33.33,3139097,5994,2,0.671,taxonomic classification fully defined by topology,Defined,Unclassified public database SGBs,Medium-quality,14,0,0,0,0
SRR21413004.bin.24,1,Soil,MAG,Bacteria,Bacteroidota,Bacteroidia,Cytophagales,Cyclobacteriaceae,JALZND01,Unclassified,Public,78.21095402,0.90888,44.17,87.98,90.42,3.29,71.43,4427918,5377,5,0.357,taxonomic novelty determined using RED,Novel,Unclassified public database SGBs,Medium-quality,17,0,2,2,4
SRR21413004.bin.3,2,Soil,MAG,Bacteria,Actinomycetota,UBA4738,JAHWKV01,JAHWKV01,JAHWKV01,Unclassified,Public,66.81298973,0.97564,44.17,87.98,76.25,2.12,16.67,1552793,3305,1,0.629,taxonomic classification defined by topology and ANI,Defined,Unclassified public database SGBs,Medium-quality,20,0,0,1,1
SRR21413004.bin.31,7,Soil,MAG,Bacteria,Actinomycetota,Nitriliruptoria,Euzebyales,Egibacteraceae,SKQL01,Unclassified,Public,73.64180428,0.8853,44.17,87.98,92.74,4.27,0,3337301,25618,4,0.724,taxonomic novelty determined using RED,Novel,Unclassified public database SGBs,High-quality,24,1,1,1,3
SRR21413004.bin.39,2,Soil,MAG,Bacteria,Pseudomonadota,Alphaproteobacteria,Sphingomonadales,Sphingomonadaceae,Allosphingosinicella,Unclassified,Public,59.84470501,0.95372,44.17,87.98,76.27,3.57,15.38,1783938,4480,1,0.632,taxonomic classification fully defined by topology,Defined,Unclassified public database SGBs,Medium-quality,19,0,0,0,0
SRR21413004.bin.41,1,Soil,MAG,Bacteria,Bacteroidota,Rhodothermia,Balneolales,Balneolaceae,Rhodohalobacter,Unclassified,Public,89.00873146,0.86149,44.17,87.98,90.93,0.82,0,3640145,18499,4,0.444,taxonomic classification fully defined by topology,Defined,Unclassified public database SGBs,Medium-quality,22,0,0,1,1
SRR21413004.bin.9,3,Soil,MAG,Bacteria,Bacteroidota,Bacteroidia,Cytophagales,Cyclobacteriaceae,Nafulsella,Unclassified,Public,76.03389677,0.93126,44.17,87.98,90.28,3.82,71.43,4604638,14143,2,0.476,taxonomic classification fully defined by topology,Defined,Unclassified public database SGBs,Medium-quality,18,0,0,3,3
SRR21413005.bin.1,2,Soil,MAG,Bacteria,Actinomycetota,Rubrobacteria,Rubrobacterales,Rubrobacteraceae,Rubrobacter_A,Unclassified,Public,92.40492384,0.95989,44.17,87.98,96.64,1.49,75,3036914,12779,6,0.655,taxonomic classification defined by topology and ANI,Defined,Unclassified public database SGBs,Medium-quality,22,0,0,1,1
SRR21413005.bin.10,6,Soil,MAG,Bacteria,Pseudomonadota,Gammaproteobacteria,Pseudomonadales,Oleiphilaceae,Marinobacter,Unclassified,Public,90.72029548,0.95369,44.17,87.98,97.31,1.88,33.33,3515213,18509,2,0.594,taxonomic classification fully defined by topology,Defined,Unclassified public database SGBs,Medium-quality,22,0,0,0,0
SRR21413005.bin.11,0,Soil,MAG,Bacteria,Actinomycetota,Nitriliruptoria,Nitriliruptorales,Nitriliruptoraceae,SKLC01,Unclassified,Public,82.20297368,0.9324,44.17,87.98,83.29,0.85,100,2761460,34137,4,0.734,taxonomic classification defined by topology and ANI,Defined,Unclassified public database SGBs,Medium-quality,20,0,1,1,2
SRR21413005.bin.15,2,Soil,MAG,Bacteria,Bacteroidota,Bacteroidia,Flavobacteriales,Flavobacteriaceae,Salinimicrobium,Unclassified,Public,71.70313307,0.93052,44.17,87.98,81.41,2.15,7.14,2347629,4778,1,0.465,taxonomic classification fully defined by topology,Defined,Unclassified public database SGBs,Medium-quality,11,1,0,1,2
SRR21413005.bin.25,5,Soil,MAG,Bacteria,Actinomycetota,Rubrobacteria,Rubrobacterales,Rubrobacteraceae,Unclassified,Unclassified,Public,76.18158996,0.88579,44.17,87.98,92.95,4.01,28.57,3361230,15319,5,0.657,taxonomic novelty determined using RED,Novel,Unclassified public database SGBs,Medium-quality,22,0,1,1,2
SRR21413005.bin.36,1,Soil,MAG,Bacteria,Actinomycetota,Nitriliruptoria,Euzebyales,Egibacteraceae,Unclassified,Unclassified,Public,89.54130372,0.77509,44.17,87.98,95,1.71,50,2954565,23860,3,0.723,taxonomic novelty determined using RED,Novel,Unclassified public database SGBs,High-quality,22,2,1,1,4
SRR21413005.bin.6,1,Soil,MAG,Bacteria,Bacteroidota,Rhodothermia,Balneolales,Balneolaceae,Unclassified,Unclassified,Public,42.06249228,0.85354,44.17,87.98,76.12,7.58,37.5,2563215,7943,1,0.395,taxonomic novelty determined using RED,Novel,Unclassified public database SGBs,Medium-quality,19,0,1,3,4
SRR21413006.bin.14,1,Soil,MAG,Bacteria,Bacteroidota,Bacteroidia,Cytophagales,Hymenobacteraceae,Pontibacter,Unclassified,Public,82.49465317,0.98838,44.68,85.8,93.01,2.97,70,3664163,26587,5,0.507,taxonomic classification defined by topology and ANI,Defined,Unclassified public database SGBs,Medium-quality,20,0,1,1,2
SRR21413006.bin.19,1,Soil,MAG,Bacteria,Pseudomonadota,Alphaproteobacteria,Sphingomonadales,Sphingomonadaceae,Allosphingosinicella,Unclassified,Public,96.70532955,0.9532,44.68,85.8,97.83,0.84,87.5,2278037,38515,6,0.63,taxonomic classification fully defined by topology,Defined,Unclassified public database SGBs,Medium-quality,22,1,0,0,1
SRR21413006.bin.2,5,Soil,MAG,Bacteria,Bacteroidota,Bacteroidia,Cytophagales,Cyclobacteriaceae,Cesiribacter,Unclassified,Public,65.90772,0.97835,44.68,85.8,86.55,5.08,52.17,4249971,13449,3,0.496,taxonomic classification fully defined by topology,Defined,Unclassified public database SGBs,Medium-quality,16,0,0,3,3
SRR21413006.bin.31,2,Soil,MAG,Bacteria,Actinomycetota,Actinomycetes,Actinomycetales,Dermatophilaceae,Ornithinimicrobium,Unclassified,Public,83.83575828,0.98228,44.68,85.8,89.58,1.82,60,2531787,26762,2,0.732,taxonomic classification defined by topology and ANI,Defined,Unclassified public database SGBs,Medium-quality,22,0,1,1,2
SRR21413006.bin.7,2,Soil,MAG,Bacteria,Actinomycetota,Actinomycetes,Actinomycetales,Micrococcaceae,Arthrobacter_D,Unclassified,Public,73.11371894,0.97822,44.68,85.8,83.61,2.95,78.57,2538578,5913,2,0.64,taxonomic classification defined by topology and ANI,Defined,Unclassified public database SGBs,Medium-quality,22,0,0,0,0
SRR21413007.bin.13,0,Soil,MAG,Bacteria,Pseudomonadota,Gammaproteobacteria,Burkholderiales,Burkholderiaceae,Sutterella,Sutterella wadsworthensis,Public,67.95160217,N/A,44.68,85.8,90.48,4.76,9.09,2164952,3783,1,0.556,taxonomic classification defined by topology and ANI,Defined,Published genomes,Medium-quality,22,0,0,1,1
SRR21413007.bin.15,3,Soil,MAG,Bacteria,Bacteroidota,Bacteroidia,Bacteroidales,Bacteroidaceae,Phocaeicola,Phocaeicola coprocola,Public,81.8232989,N/A,44.68,85.8,97.41,3.54,22.22,5313837,35762,1,0.416,taxonomic classification defined by topology and ANI,Defined,Published genomes,Medium-quality,23,2,0,1,3
SRR21413007.bin.24,1,Soil,MAG,Bacteria,Bacillota_A,Clostridia,Lachnospirales,Lachnospiraceae,Lachnospira,Lachnospira pectinoschiza_A,Public,88.28670879,N/A,44.68,85.8,96.06,2.04,20,2420067,8658,2,0.361,taxonomic classification defined by topology and ANI,Defined,Published genomes,Medium-quality,15,0,0,1,1
SRR21413007.bin.32,4,Soil,MAG,Bacteria,Bacteroidota,Bacteroidia,Flavobacteriales,Flavobacteriaceae,Gillisia,Unclassified,Public,67.75947563,0.98805,44.68,85.8,93.96,6.02,28,3112220,21905,2,0.419,taxonomic classification defined by topology and ANI,Defined,Unclassified public database SGBs,Medium-quality,20,0,0,1,1
SRR21413008.bin.1,1,Soil,MAG,Bacteria,Acidobacteriota,Thermoanaerobaculia,Multivoradales,JAIOJS01,Unclassified,Unclassified,Public,47.65837186,0.70451,44.6,82.9,76.64,6.27,25,3678752,3175,1,0.683,taxonomic novelty determined using RED,Novel,Unclassified public database SGBs,Medium-quality,20,4,1,0,5
SRR21413008.bin.10,0,Soil,MAG,Bacteria,Actinomycetota,Actinomycetes,Actinomycetales,Bifidobacteriaceae,Bifidobacterium,Bifidobacterium longum,Public,101.6470996,N/A,44.6,82.9,99.08,0,0,2233506,108193,2,0.602,taxonomic classification defined by topology and ANI,Defined,Published genomes,Medium-quality,23,0,1,1,2
SRR21413008.bin.13,2,Soil,MAG,Bacteria,Pseudomonadota,Alphaproteobacteria,Caulobacterales,Caulobacteraceae,PUIC01,PUIC01 sp017418605,Public,74.09270407,N/A,44.6,82.9,80.32,1.44,0,3128474,7005,1,0.705,taxonomic classification defined by topology and ANI,Defined,Published genomes,Medium-quality,20,0,0,0,0
SRR21413008.bin.3,1,Soil,MAG,Bacteria,Pseudomonadota,Gammaproteobacteria,Xanthomonadales,Wenzhouxiangellaceae,Wenzhouxiangella,Unclassified,Public,76.26921193,0.91819,44.6,82.9,79.98,1.26,50,2295103,6583,2,0.639,taxonomic classification fully defined by topology,Defined,Unclassified public database SGBs,Medium-quality,20,1,1,1,3
SRR21413008.bin.7,9,Soil,MAG,Bacteria,Pseudomonadota,Gammaproteobacteria,XJ16,Halofilaceae,Halofilum,Unclassified,Public,93.56426228,0.89331,44.6,82.9,96.13,0.97,0,3648800,29412,2,0.66,taxonomic classification fully defined by topology,Defined,Unclassified public database SGBs,Medium-quality,24,1,1,0,2
SRR21413009.bin.1,1,Soil,MAG,Bacteria,Actinomycetota,Nitriliruptoria,Nitriliruptorales,Unclassified,Unclassified,Unclassified,Public,58.07176885,0.71039,44.6,82.9,77.34,4.13,12.5,2115721,4276,1,0.731,taxonomic novelty determined using RED,Novel,Unclassified public database SGBs,Medium-quality,19,0,1,1,2
SRR21413009.bin.4,0,Soil,MAG,Bacteria,Actinomycetota,Acidimicrobiia,UBA5794,ZC4RG35,JANQRA01,Unclassified,Public,68.2195359,0.93868,44.6,82.9,76.64,2.38,71.43,2207033,3267,4,0.639,taxonomic classification fully defined by topology,Defined,Unclassified public database SGBs,Medium-quality,15,0,0,0,0
SRR23851168.bin.16,1,Soil,MAG,Bacteria,Chloroflexota,Anaerolineae,Anaerolineales,Villigracilaceae,Defluviilinea,Unclassified,Public,33.01041565,0.96768,39.03,115.9,77.73,9.95,40.91,3795528,6603,1,0.565,taxonomic classification fully defined by topology,Defined,Unclassified public database SGBs,Medium-quality,19,0,1,1,2
SRR23851170.bin.25,2,Soil,MAG,Bacteria,Pseudomonadota,Gammaproteobacteria,Burkholderiales,SG8-41,CAKKQX01,Unclassified,Public,94.79356888,0.95536,39.03,115.9,96.08,0.73,50,3526215,8431,4,0.598,taxonomic classification defined by topology and ANI,Defined,Unclassified public database SGBs,Medium-quality,22,1,0,1,2
SRR23851171.bin.11,2,Soil,MAG,Bacteria,Actinomycetota,Acidimicrobiia,Acidimicrobiales,JACDCH01,UBA9382,Unclassified,Public,83.53598373,0.93421,39.03,115.9,91.88,2.14,0,4032803,40923,2,0.716,taxonomic classification fully defined by topology,Defined,Unclassified public database SGBs,Medium-quality,20,1,0,0,1
SRR23851171.bin.14,1,Soil,MAG,Bacteria,Gemmatimonadota,Gemmatimonadetes,Longimicrobiales,RSA9,SH-MAG3,Unclassified,Public,67.41269619,0.92775,39.03,115.9,94.32,5.86,0,3891896,48461,2,0.686,taxonomic novelty determined using RED,Novel,Unclassified public database SGBs,Medium-quality,25,3,0,2,5
SRR23851171.bin.17,1,Soil,MAG,Bacteria,Pseudomonadota,Alphaproteobacteria,Sphingomonadales,Sphingomonadaceae,Sphingomicrobium,Unclassified,Public,60.89505884,0.96525,39.03,115.9,76.11,4.02,72.73,1635508,6647,2,0.656,taxonomic classification fully defined by topology,Defined,Unclassified public database SGBs,Medium-quality,19,0,1,1,2
SRR23851171.bin.18,1,Soil,MAG,Bacteria,Pseudomonadota,Gammaproteobacteria,Xanthomonadales,Xanthomonadaceae,CAMPJU01,Unclassified,Public,64.09660854,0.93323,39.03,115.9,88.4,6.11,68.97,2232983,9641,3,0.715,taxonomic novelty determined using RED,Novel,Unclassified public database SGBs,Medium-quality,20,1,0,2,3
SRR23851171.bin.20,0,Soil,MAG,Bacteria,Gemmatimonadota,Gemmatimonadetes,Gemmatimonadales,Gemmatimonadaceae,Unclassified,Unclassified,Public,50.50911723,0.8628,39.03,115.9,78.97,5.89,0,2993161,7555,1,0.66,taxonomic novelty determined using RED,Novel,Unclassified public database SGBs,Medium-quality,18,2,0,0,2
SRR23851171.bin.22,9,Soil,MAG,Bacteria,Cyanobacteriota,Cyanobacteriia,Cyanobacteriales,Coleofasciculaceae,Allocoleopsis,Unclassified,Public,85.54023457,0.98788,39.03,115.9,92.49,2.19,83.33,6808270,17808,2,0.464,taxonomic classification defined by topology and ANI,Defined,Unclassified public database SGBs,Medium-quality,23,0,0,0,0
SRR23851171.bin.3,24,Soil,MAG,Bacteria,Myxococcota,Polyangia,Polyangiales,Unclassified,Unclassified,Unclassified,Public,59.37737106,0.69405,39.03,115.9,92.9,6.95,0,9235878,22633,1,0.675,taxonomic classification fully defined by topology,Defined,Unclassified public database SGBs,Medium-quality,24,0,0,0,0
SRR23851172.bin.13,84,Soil,MAG,Bacteria,Acidobacteriota,Thermoanaerobaculia,Multivoradales,UBA5704,UBA5704,Unclassified,Public,77.96061474,0.87801,39.03,115.9,85.47,1.71,0,6209750,9577,1,0.68,taxonomic classification fully defined by topology,Defined,Unclassified public database SGBs,Medium-quality,19,1,1,1,3
SRR23851173.bin.10,3,Soil,MAG,Bacteria,Actinomycetota,Thermoleophilia,Solirubrobacterales,Solirubrobacteraceae,CADCVQ01,Unclassified,Public,66.73648414,0.93228,39.03,115.9,89.69,5.21,22.22,4147681,5993,2,0.726,taxonomic classification defined by topology and ANI,Defined,Unclassified public database SGBs,Medium-quality,23,1,0,0,1
SRR23851173.bin.3,1,Soil,MAG,Bacteria,Actinomycetota,Actinomycetes,Actinomycetales,Microbacteriaceae,Microbacterium,Microbacterium sp002979655,Public,84.07774178,N/A,39.03,115.9,90.05,1.85,62.5,3620774,13899,2,0.687,taxonomic classification defined by topology and ANI,Defined,Published genomes,Medium-quality,20,0,0,0,0
SRR23851173.bin.6,9,Soil,MAG,Bacteria,Pseudomonadota,Gammaproteobacteria,Enterobacterales,Enterobacteriaceae,Dryocola,Unclassified,Public,97.12267181,0.99511,39.03,115.9,98.21,0.46,14.29,4413073,15627,1,0.547,taxonomic classification defined by topology and ANI,Defined,Unclassified public database SGBs,Medium-quality,22,0,0,3,3
SRR23851174.bin.24,3,Soil,MAG,Bacteria,Acidobacteriota,UBA890,UBA890,Unclassified,Unclassified,Unclassified,Public,78.15056115,0.74285,39.03,115.9,84.48,1.72,0,4601567,28074,5,0.713,taxonomic novelty determined using RED,Novel,Unclassified public database SGBs,Medium-quality,23,1,1,1,3
SRR23851175.bin.35,1,Soil,MAG,Bacteria,Bacteroidota,Bacteroidia,Flavobacteriales,Flavobacteriaceae,Salinimicrobium,Salinimicrobium sp026676115,Public,87.1518953,N/A,39.03,115.9,92.95,1.85,77.78,2896343,8432,2,0.41,taxonomic classification defined by topology and ANI,Defined,Published genomes,Medium-quality,21,0,0,0,0
SRR23851175.bin.37,1,Soil,MAG,Bacteria,Gemmatimonadota,Gemmatimonadetes,Palauibacterales,Palauibacteraceae,Unclassified,Unclassified,Public,73.39607696,0.79293,39.03,115.9,83.07,2.59,50,2858579,7871,2,0.732,taxonomic classification fully defined by topology,Defined,Unclassified public database SGBs,Medium-quality,21,1,0,0,1
SRR23851175.bin.55,0,Soil,MAG,Bacteria,Gemmatimonadota,Gemmatimonadetes,Palauibacterales,KS3-K002,Unclassified,Unclassified,Public,71.8091506,0.84418,39.03,115.9,96.7,5.49,0,5706109,106219,3,0.674,taxonomic classification fully defined by topology,Defined,Unclassified public database SGBs,Medium-quality,24,1,1,1,3
SRR23851175.bin.59,0,Soil,MAG,Bacteria,Chloroflexota,Anaerolineae,Promineifilales,Promineifilaceae,JAAYYY01,Unclassified,Public,36.54519087,0.93186,39.03,115.9,77.59,8.82,23.08,6110697,8691,1,0.601,taxonomic classification fully defined by topology,Defined,Unclassified public database SGBs,Medium-quality,19,0,0,0,0
SRR23851175.bin.6,2,Soil,MAG,Bacteria,Gemmatimonadota,Gemmatimonadetes,Palauibacterales,Palauibacteraceae,Unclassified,Unclassified,Public,77.04012222,0.74854,39.03,115.9,89.16,3.3,66.67,3658773,18832,2,0.724,taxonomic classification fully defined by topology,Defined,Unclassified public database SGBs,Medium-quality,22,1,1,1,3
SRR23851175.bin.67,2,Soil,MAG,Bacteria,Chloroflexota,Anaerolineae,Anaerolineales,E44-bin32,Unclassified,Unclassified,Public,66.50372072,0.87318,39.03,115.9,85.45,4.55,33.33,2585901,30416,7,0.659,taxonomic novelty determined using RED,Novel,Unclassified public database SGBs,Medium-quality,25,1,1,1,3
SRR23851176.bin.13,0,Soil,MAG,Bacteria,Gemmatimonadota,Gemmatimonadetes,Longimicrobiales,RSA9,Unclassified,Unclassified,Public,56.49561986,0.72061,39.03,115.9,89.01,7.14,14.29,4680510,17007,2,0.712,taxonomic classification fully defined by topology,Defined,Unclassified public database SGBs,Medium-quality,15,1,0,1,2
SRR23851176.bin.16,6,Soil,MAG,Bacteria,Pseudomonadota,Gammaproteobacteria,Pseudomonadales,Cellvibrionaceae,Microbulbifer,Unclassified,Public,93.18171373,0.98261,39.03,115.9,95.47,0.91,0,4319234,27509,4,0.627,taxonomic classification defined by topology and ANI,Defined,Unclassified public database SGBs,Medium-quality,20,0,0,2,2
SRR23851176.bin.2,1,Soil,MAG,Bacteria,Gemmatimonadota,Gemmatimonadetes,Longimicrobiales,RSA9,Unclassified,Unclassified,Public,53.41009968,0.79116,39.03,115.9,84.27,6.59,16.67,4269864,7640,1,0.708,taxonomic novelty determined using RED,Novel,Unclassified public database SGBs,Medium-quality,16,2,1,1,4
SRR23851176.bin.21,12,Soil,MAG,Bacteria,Pseudomonadota,Gammaproteobacteria,Burkholderiales,Burkholderiaceae,Comamonas,Comamonas tsuruhatensis,Public,92.14003286,N/A,39.03,115.9,94.48,0.91,16.67,5890575,10998,4,0.673,taxonomic classification defined by topology and ANI,Defined,Published genomes,Medium-quality,20,1,0,3,4
SRR23851176.bin.26,2,Soil,MAG,Bacteria,Chloroflexota,Anaerolineae,Ardenticatenales,Ardenticatenaceae,Unclassified,Unclassified,Public,73.69063215,0.77046,39.03,115.9,90.83,3.85,0,5887595,13221,2,0.614,taxonomic classification fully defined by topology,Defined,Unclassified public database SGBs,High-quality,21,1,2,2,5
SRR23851176.bin.32,2,Soil,MAG,Bacteria,Chloroflexota,Dehalococcoidia,SM23-28-2,RBG-16-64-32,JACZRQ01,Unclassified,Public,72.20372996,0.91732,39.03,115.9,75.69,1.1,100,2477533,5339,1,0.636,taxonomic novelty determined using RED,Novel,Unclassified public database SGBs,Medium-quality,19,0,0,0,0
SRR23851176.bin.34,0,Soil,MAG,Bacteria,Actinomycetota,Acidimicrobiia,UBA5794,ZC4RG35,ZC4RG17,Unclassified,Public,81.8237572,0.8922,39.03,115.9,89.13,1.71,0,3316738,24407,1,0.669,taxonomic novelty determined using RED,Novel,Unclassified public database SGBs,Medium-quality,22,1,1,0,2
SRR23851176.bin.35,2,Soil,MAG,Bacteria,Actinomycetota,Actinomycetes,Jiangellales,Jiangellaceae,JASLBX01,Unclassified,Public,67.47719824,0.85533,39.03,115.9,86.67,4.12,12.5,4239787,4835,1,0.676,taxonomic novelty determined using RED,Novel,Unclassified public database SGBs,Medium-quality,17,0,0,0,0
SRR23851176.bin.46,2,Soil,MAG,Bacteria,Chloroflexota,Anaerolineae,Promineifilales,Promineifilaceae,JAAYYY01,Unclassified,Public,70.0613954,0.94889,39.03,115.9,90.91,4.73,14.29,5783738,14634,9,0.591,taxonomic classification fully defined by topology,Defined,Unclassified public database SGBs,Medium-quality,22,0,1,2,3
SRR23851176.bin.48,1,Soil,MAG,Bacteria,Gemmatimonadota,Gemmatimonadetes,Palauibacterales,Palauibacteraceae,Unclassified,Unclassified,Public,76.82607915,0.75109,39.03,115.9,91.21,3.81,63.64,3668631,24780,15,0.719,taxonomic classification fully defined by topology,Defined,Unclassified public database SGBs,High-quality,18,1,1,1,3
SRR23851176.bin.5,24,Soil,MAG,Bacteria,Actinomycetota,Actinomycetes,Mycobacteriales,Micromonosporaceae,Natronosporangium,Unclassified,Public,96.43077968,0.95932,39.03,115.9,97.98,0.79,0,5811942,50299,2,0.712,taxonomic classification fully defined by topology,Defined,Unclassified public database SGBs,Medium-quality,25,0,0,2,2
SRR23851176.bin.56,4,Soil,MAG,Bacteria,Pseudomonadota,Gammaproteobacteria,Woeseiales,Woeseiaceae,JACZWL01,Unclassified,Public,73.15796327,0.88309,39.03,115.9,82.46,2.35,7.14,3735432,28944,2,0.663,taxonomic novelty determined using RED,Novel,Unclassified public database SGBs,Medium-quality,18,0,0,0,0
SRR23851176.bin.60,1,Soil,MAG,Bacteria,Pseudomonadota,Gammaproteobacteria,Nevskiales,Salinisphaeraceae,Unclassified,Unclassified,Public,84.55770814,0.79017,39.03,115.9,86.84,0.88,0,2013282,14827,3,0.661,taxonomic classification fully defined by topology,Defined,Unclassified public database SGBs,Medium-quality,20,0,0,0,0
SRR23851176.bin.62,2,Soil,MAG,Bacteria,Chloroflexota,Dehalococcoidia,UBA3495,UBA3495,Unclassified,Unclassified,Public,47.38612223,0.87545,39.03,115.9,80.66,8.02,76.47,3329310,1934,1,0.613,taxonomic novelty determined using RED,Novel,Unclassified public database SGBs,Medium-quality,22,0,0,1,1
SRR23851177.bin.1,1,Soil,MAG,Bacteria,Gemmatimonadota,Gemmatimonadetes,Palauibacterales,Palauibacteraceae,Unclassified,Unclassified,Public,87.11951791,0.7265,39.03,115.9,95.6,2.2,0,3111590,87819,4,0.715,taxonomic classification fully defined by topology,Defined,Unclassified public database SGBs,High-quality,24,1,2,2,5
SRR23851177.bin.19,0,Soil,MAG,Bacteria,Actinomycetota,Acidimicrobiia,UBA5794,UBA11373,Unclassified,Unclassified,Public,62.53807744,0.78951,39.03,115.9,87.18,5.3,11.11,2278394,27447,1,0.684,taxonomic classification fully defined by topology,Defined,Unclassified public database SGBs,Medium-quality,23,2,2,1,5
SRR23851177.bin.2,2,Soil,MAG,Bacteria,Gemmatimonadota,Gemmatimonadetes,JACCXV01,JAHWKZ01,Unclassified,Unclassified,Public,84.36810746,0.78828,39.03,115.9,82.42,0,0,2293761,6387,3,0.728,taxonomic classification fully defined by topology,Defined,Unclassified public database SGBs,Medium-quality,17,2,1,0,3
SRR23851177.bin.32,7,Soil,MAG,Bacteria,Pseudomonadota,Alphaproteobacteria,Geminicoccales,Geminicoccaceae,Unclassified,Unclassified,Public,46.16155408,0.815,39.03,115.9,84.57,8.98,60,5072605,12797,1,0.678,taxonomic classification fully defined by topology,Defined,Unclassified public database SGBs,Medium-quality,20,0,0,0,0
SRR23851177.bin.34,20,Soil,MAG,Bacteria,Actinomycetota,Actinomycetes,Mycobacteriales,Mycobacteriaceae,Rhodococcus,Rhodococcus qingshengii,Public,99.65906069,N/A,39.03,115.9,99.94,0.57,0,6251632,111772,142,0.625,taxonomic classification defined by topology and ANI,Defined,Published genomes,Medium-quality,24,1,0,1,2
SRR23851177.bin.38,8,Soil,MAG,Bacteria,Acidobacteriota,Vicinamibacteria,Marinacidobacterales,SMYC01,CAMYKY01,Unclassified,Public,49.4776423,0.8776,39.03,115.9,87.87,8.33,28.57,7770011,4524,1,0.637,taxonomic novelty determined using RED,Novel,Unclassified public database SGBs,Medium-quality,20,1,0,0,1
SRR23851177.bin.56,6,Soil,MAG,Bacteria,Planctomycetota,Planctomycetia,Planctomycetales,Planctomycetaceae,Unclassified,Unclassified,Public,89.21829231,0.80653,39.03,115.9,97.12,2.29,66.67,6384762,8772,2,0.654,taxonomic novelty determined using RED,Novel,Unclassified public database SGBs,High-quality,25,1,2,1,4
SRR23851178.bin.5,1,Soil,MAG,Bacteria,Actinomycetota,Actinomycetes,Propionibacteriales,Nocardioidaceae,Nocardioides,Unclassified,Public,97.8509888,0.95661,39.03,115.9,96.89,0.26,0,2894290,27114,4,0.722,taxonomic classification defined by topology and ANI,Defined,Unclassified public database SGBs,Medium-quality,22,1,0,2,3
SRR23851178.bin.7,0,Soil,MAG,Bacteria,Actinomycetota,UBA4738,JAHWKV01,JAHWKV01,JAHWKV01,Unclassified,Public,84.14006401,0.95116,39.03,115.9,87.04,1.12,66.67,1892658,6755,4,0.654,taxonomic novelty determined using RED,Novel,Unclassified public database SGBs,Medium-quality,23,0,0,0,0
SRR23851179.bin.14,32,Soil,MAG,Bacteria,Acidobacteriota,Thermoanaerobaculia,Multivoradales,UBA5704,Unclassified,Unclassified,Public,80.26012313,0.75931,39.03,115.9,90.72,2.61,25,4291813,5960,2,0.669,taxonomic novelty determined using RED,Novel,Unclassified public database SGBs,Medium-quality,22,0,1,1,2
SRR23851179.bin.8,4,Soil,MAG,Bacteria,Pseudomonadota,Alphaproteobacteria,UBA8366,JADFVY01,Unclassified,Unclassified,Public,89.00666523,0.77667,39.03,115.9,96.96,2.1,10,3679684,40223,18,0.678,taxonomic novelty determined using RED,Novel,Unclassified public database SGBs,Medium-quality,22,0,0,1,1
SRR23851181.bin.1,1,Soil,MAG,Bacteria,Bacteroidota,Bacteroidia,Flavobacteriales,Flavobacteriaceae,Salinimicrobium,Unclassified,Public,76.89593167,0.9818,39.03,115.9,84.18,2.13,64.29,2521868,8208,5,0.43,taxonomic classification defined by topology and ANI,Defined,Unclassified public database SGBs,Medium-quality,20,0,0,0,0
SRR23851181.bin.11,1,Soil,MAG,Bacteria,Bacteroidota,Bacteroidia,Flavobacteriales,Flavobacteriaceae,Salinimicrobium,Unclassified,Public,65.1599581,0.98709,39.03,115.9,87.96,5.54,71.43,2799367,6102,1,0.437,taxonomic classification defined by topology and ANI,Defined,Unclassified public database SGBs,Medium-quality,16,0,0,2,2
SRR23851181.bin.18,1,Soil,MAG,Bacteria,Actinomycetota,Acidimicrobiia,IMCC26256,JAOSJL01,Unclassified,Unclassified,Public,90.34310251,0.79958,39.03,115.9,97.44,1.85,0,2839971,16077,2,0.721,taxonomic novelty determined using RED,Novel,Unclassified public database SGBs,High-quality,24,1,1,1,3
SRR23851181.bin.3,0,Soil,MAG,Bacteria,Actinomycetota,Thermoleophilia,Solirubrobacterales,Sep-70,VRUE01,Unclassified,Public,87.03163652,0.9109,39.03,115.9,96.98,2.45,0,2654998,31862,2,0.703,taxonomic classification defined by topology and ANI,Defined,Unclassified public database SGBs,High-quality,24,1,3,2,6
SRR23851182.bin.19,1,Soil,MAG,Bacteria,Pseudomonadota,Gammaproteobacteria,Pseudomonadales,Cellvibrionaceae,Marinimicrobium,Unclassified,Public,93.39800099,0.97964,39.03,115.9,97.58,1.44,50,3765580,31333,2,0.58,taxonomic classification defined by topology and ANI,Defined,Unclassified public database SGBs,Medium-quality,22,0,0,0,0
SRR23851183.bin.23,2,Soil,MAG,Bacteria,Myxococcota_A,UBA9160,UBA9160,UBA4427,Unclassified,Unclassified,Public,77.9974511,0.90399,39.03,115.9,75.76,0,0,4146618,24029,13,0.72,taxonomic novelty determined using RED,Novel,Unclassified public database SGBs,Medium-quality,18,0,0,0,0
SRR23851183.bin.25,3,Soil,MAG,Bacteria,Bacteroidota,Bacteroidia,Cytophagales,Cyclobacteriaceae,Echinicola,Unclassified,Public,73.1534521,0.94591,39.03,115.9,85.46,2.89,46.15,4603730,3307,1,0.415,taxonomic classification fully defined by topology,Defined,Unclassified public database SGBs,Medium-quality,19,1,1,3,5
SRR23851183.bin.28,5,Soil,MAG,Bacteria,Acidobacteriota,Thermoanaerobaculia,Multivoradales,UBA5704,Unclassified,Unclassified,Public,94.37827171,0.78824,39.03,115.9,96.37,0.85,0,3831197,26570,15,0.727,taxonomic novelty determined using RED,Novel,Unclassified public database SGBs,Medium-quality,21,0,1,1,2
SRR23851184.bin.7,2,Soil,MAG,Bacteria,Actinomycetota,Actinomycetes,Actinomycetales,Microbacteriaceae,Microcella,Unclassified,Public,75.03550134,0.94647,39.03,115.9,93.11,4.47,50,2545233,9572,2,0.684,taxonomic classification fully defined by topology,Defined,Unclassified public database SGBs,Medium-quality,20,1,0,0,1
SRR23851184.bin.8,0,Soil,MAG,Bacteria,Cyanobacteriota,Cyanobacteriia,Phormidesmiales,Phormidesmiaceae,Nodosilinea,Unclassified,Public,56.83636536,0.99532,39.03,115.9,76.61,4.86,76.92,3930625,2993,1,0.586,taxonomic classification defined by topology and ANI,Defined,Unclassified public database SGBs,Medium-quality,20,0,0,1,1
SRR23851185.bin.10,1,Soil,MAG,Bacteria,Pseudomonadota,Gammaproteobacteria,Xanthomonadales,Xanthomonadaceae,Arenimonas,Unclassified,Public,66.25919515,0.99503,39.03,115.9,77.38,2.48,6.67,2349706,13414,1,0.699,taxonomic classification defined by topology and ANI,Defined,Unclassified public database SGBs,Medium-quality,19,0,0,1,1
SRR23851185.bin.4,2,Soil,MAG,Bacteria,Pseudomonadota,Gammaproteobacteria,Burkholderiales,Thiobacillaceae,Thiobacillus,Unclassified,Public,53.88375835,0.99267,39.03,115.9,80.01,5.69,25,2323534,5041,1,0.642,taxonomic classification defined by topology and ANI,Defined,Unclassified public database SGBs,Medium-quality,17,0,1,1,2
SRR23851186.bin.1,4,Soil,MAG,Bacteria,Pseudomonadota,Alphaproteobacteria,Kiloniellales,J153,JACZVL01,Unclassified,Public,75.76900522,0.90441,39.03,115.9,96.33,4.9,36.67,4171615,15877,5,0.69,taxonomic classification defined by topology and ANI,Defined,Unclassified public database SGBs,Medium-quality,21,1,0,0,1
SRR23851186.bin.10,22,Soil,MAG,Bacteria,Acidobacteriota,UBA6911,RPQK01,RPQK01,JANQFM01,Unclassified,Public,56.83358605,0.88485,39.03,115.9,82.44,5.3,0,5055034,4866,1,0.63,taxonomic novelty determined using RED,Novel,Unclassified public database SGBs,Medium-quality,18,1,0,0,1
SRR23851186.bin.12,14,Soil,MAG,Bacteria,Acidobacteriota,Thermoanaerobaculia,Multivoradales,UBA5704,Unclassified,Unclassified,Public,76.10690102,0.74497,39.03,115.9,97.06,4.7,0,7467599,98583,2,0.678,taxonomic novelty determined using RED,Novel,Unclassified public database SGBs,High-quality,23,1,1,1,3
SRR23851186.bin.22,1,Soil,MAG,Bacteria,Actinomycetota,Actinomycetes,Jiangellales,Jiangellaceae,JASLBX01,Unclassified,Public,65.99172768,0.86598,39.03,115.9,79.67,3.53,60,2944687,4401,3,0.71,taxonomic novelty determined using RED,Novel,Unclassified public database SGBs,Medium-quality,17,0,0,0,0
SRR23851186.bin.3,4,Soil,MAG,Bacteria,Pseudomonadota,Gammaproteobacteria,HK1,Unclassified,Unclassified,Unclassified,Public,72.82951259,0.71264,39.03,115.9,97.65,5.41,3.85,3825694,9009,28,0.678,taxonomic novelty determined using RED,Novel,Unclassified public database SGBs,Medium-quality,18,0,0,0,0
SRR23851186.bin.32,2,Soil,MAG,Bacteria,Gemmatimonadota,Gemmatimonadetes,Palauibacterales,KS3-K002,Kutchimonas,Unclassified,Public,45.81069035,0.85285,39.03,115.9,78.68,6.92,9.09,4948007,12686,1,0.679,taxonomic novelty determined using RED,Novel,Unclassified public database SGBs,Medium-quality,23,1,0,1,2
SRR23851187.bin.14,4,Soil,MAG,Bacteria,Pseudomonadota,Gammaproteobacteria,SLDE01,SLDE01,JAPHTQ01,Unclassified,Public,72.07735962,0.93004,39.03,115.9,88.08,3.76,18.75,2403765,12154,2,0.558,taxonomic novelty determined using RED,Novel,Unclassified public database SGBs,Medium-quality,23,0,0,1,1
SRR23851188.bin.9,3,Soil,MAG,Bacteria,Chloroflexota,Anaerolineae,Anaerolineales,Villigracilaceae,Defluviilinea,Unclassified,Public,71.67591635,0.9518,39.03,115.9,79.27,2.08,40,4020807,7530,8,0.581,taxonomic classification fully defined by topology,Defined,Unclassified public database SGBs,Medium-quality,16,1,1,1,3
SRR23851189.bin.1,2,Soil,MAG,Bacteria,Actinomycetota,UBA4738,UBA4738,CALAEC01,Unclassified,Unclassified,Public,95.02822992,0.71883,39.03,115.9,94.87,0.43,0,2680272,32885,2,0.709,taxonomic novelty determined using RED,Novel,Unclassified public database SGBs,High-quality,24,3,7,2,12
SRR23851189.bin.11,6,Soil,MAG,Bacteria,Acidobacteriota,Vicinamibacteria,Marinacidobacterales,SMYC01,Unclassified,Unclassified,Public,85.41636116,0.73039,39.03,115.9,95.96,2.56,0,6222265,26246,6,0.626,taxonomic novelty determined using RED,Novel,Unclassified public database SGBs,High-quality,23,1,1,1,3
SRR23851189.bin.14,5,Soil,MAG,Bacteria,Gemmatimonadota,Gemmatimonadetes,Palauibacterales,KS3-K002,Unclassified,Unclassified,Public,59.80652036,0.74431,39.03,115.9,83.69,5.69,62.5,4096496,8328,1,0.678,taxonomic classification fully defined by topology,Defined,Unclassified public database SGBs,Medium-quality,21,0,0,0,0
SRR23851189.bin.17,3,Soil,MAG,Bacteria,Gemmatimonadota,Gemmatimonadetes,JACCXV01,JAHWKZ01,JAHWKZ01,Unclassified,Public,89.21010181,0.85143,39.03,115.9,97.8,2.2,0,2665193,53210,12,0.728,taxonomic novelty determined using RED,Novel,Unclassified public database SGBs,High-quality,25,2,2,1,5
SRR23851189.bin.20,2,Soil,MAG,Bacteria,Chloroflexota,Anaerolineae,Anaerolineales,UBA4823,Kmv39,Unclassified,Public,66.37777444,0.86455,39.03,115.9,84.27,4.27,33.33,5430507,9741,4,0.549,taxonomic novelty determined using RED,Novel,Unclassified public database SGBs,Medium-quality,18,0,1,1,2
SRR23851189.bin.32,9,Soil,MAG,Bacteria,KSB1,UBA2214,CR04bin15,Unclassified,Unclassified,Unclassified,Public,70.16157194,0.67317,39.03,115.9,78.99,2.2,0,5439529,18297,5,0.469,taxonomic novelty determined using RED,Novel,Unclassified public database SGBs,Medium-quality,18,1,0,0,1
SRR23851189.bin.36,12,Soil,MAG,Bacteria,Chloroflexota,Anaerolineae,Promineifilales,Promineifilaceae,Leptofilum,Unclassified,Public,46.78024428,0.90694,39.03,115.9,81.62,7.37,0,5697067,8327,2,0.56,taxonomic novelty determined using RED,Novel,Unclassified public database SGBs,Medium-quality,19,0,0,0,0
SRR23851189.bin.46,2,Soil,MAG,Bacteria,Chloroflexota,Anaerolineae,Anaerolineales,E44-bin32,Unclassified,Unclassified,Public,59.12018668,0.77899,39.03,115.9,80.92,4.55,0,3240694,6315,1,0.611,taxonomic novelty determined using RED,Novel,Unclassified public database SGBs,Medium-quality,20,0,1,1,2
SRR23851189.bin.48,0,Soil,MAG,Bacteria,Gemmatimonadota,Gemmatimonadetes,Palauibacterales,KS3-K002,Unclassified,Unclassified,Public,71.02890773,0.84304,39.03,115.9,91.76,5.14,57.14,4696218,10987,7,0.659,taxonomic classification fully defined by topology,Defined,Unclassified public database SGBs,Medium-quality,23,1,0,0,1
SRR23851189.bin.62,1,Soil,MAG,Bacteria,Gemmatimonadota,Gemmatimonadetes,Palauibacterales,Palauibacteraceae,Unclassified,Unclassified,Public,58.6130948,0.8917,39.03,115.9,76.14,4.16,57.14,1780604,4922,1,0.688,taxonomic novelty determined using RED,Novel,Unclassified public database SGBs,Medium-quality,13,0,0,1,1
SRR23851189.bin.7,1,Soil,MAG,Bacteria,Calditrichota,Calditrichia,RBG-13-44-9,J042,Unclassified,Unclassified,Public,79.66399407,0.67416,39.03,115.9,85.26,1.65,50,3589082,3614,2,0.437,taxonomic classification fully defined by topology,Defined,Unclassified public database SGBs,Medium-quality,19,0,0,0,0
SRR23851190.bin.16,0,Soil,MAG,Bacteria,Chloroflexota,Anaerolineae,Anaerolineales,E44-bin32,Unclassified,Unclassified,Public,47.05053866,0.85836,39.03,115.9,77.73,6.31,0,2725433,4376,1,0.58,taxonomic classification fully defined by topology,Defined,Unclassified public database SGBs,Medium-quality,19,0,0,0,0
SRR23851190.bin.2,1,Soil,MAG,Bacteria,Pseudomonadota,Gammaproteobacteria,Thiohalobacterales,Thiohalobacteraceae,Thiohalobacter,Unclassified,Public,84.35972677,0.93232,39.03,115.9,91.15,1.79,0,3223082,16575,2,0.622,taxonomic novelty determined using RED,Novel,Unclassified public database SGBs,Medium-quality,20,0,1,1,2
SRR23851190.bin.25,4,Soil,MAG,Bacteria,Pseudomonadota,Gammaproteobacteria,Rariloculales,Rariloculaceae,JAHEEO01,Unclassified,Public,71.18592227,0.86598,39.03,115.9,86.16,3.45,7.14,3929080,9103,2,0.67,taxonomic novelty determined using RED,Novel,Unclassified public database SGBs,Medium-quality,23,1,1,1,3
SRR23851190.bin.27,0,Soil,MAG,Bacteria,Actinomycetota,Acidimicrobiia,UBA5794,ZC4RG35,JAHEDH01,Unclassified,Public,76.98866706,0.90295,39.03,115.9,91.45,3.7,50,3813044,18938,2,0.663,taxonomic novelty determined using RED,Novel,Unclassified public database SGBs,Medium-quality,22,1,0,0,1
SRR23851190.bin.28,1,Soil,MAG,Bacteria,Bacteroidota,Rhodothermia,Balneolales,Balneolaceae,Unclassified,Unclassified,Public,80.76349326,0.87597,39.03,115.9,89.25,2.19,16.67,3911232,12498,2,0.434,taxonomic novelty determined using RED,Novel,Unclassified public database SGBs,Medium-quality,19,0,0,0,0
SRR23851190.bin.29,2,Soil,MAG,Bacteria,Bacteroidota,Rhodothermia,Rhodothermales,Salinibacteraceae,JAAAPH01,Unclassified,Public,51.97787636,0.95363,39.03,115.9,78.57,5.5,0,4383269,5197,1,0.612,taxonomic novelty determined using RED,Novel,Unclassified public database SGBs,Medium-quality,16,0,1,1,2
SRR23851190.bin.31,8,Soil,MAG,Bacteria,Chloroflexota,Anaerolineae,Aggregatilineales,UBA3940,UBA3940,Unclassified,Public,81.23760721,0.91899,39.03,115.9,88.18,1.82,0,4000146,16414,2,0.648,taxonomic novelty determined using RED,Novel,Unclassified public database SGBs,Medium-quality,21,2,0,3,5
SRR23851190.bin.33,2,Soil,MAG,Bacteria,Chloroflexota,Anaerolineae,Anaerolineales,UBA4823,Kmv39,Unclassified,Public,90.68756954,0.86552,39.03,115.9,100,2.35,6.67,5150964,29745,41,0.553,taxonomic novelty determined using RED,Novel,Unclassified public database SGBs,High-quality,24,1,1,1,3
SRR23851190.bin.37,6,Soil,MAG,Bacteria,Pseudomonadota,Gammaproteobacteria,XJ16,Halofilaceae,Halofilum,Unclassified,Public,87.07476456,0.98955,39.03,115.9,90.29,1.17,40,2877370,17121,2,0.662,taxonomic classification defined by topology and ANI,Defined,Unclassified public database SGBs,High-quality,21,1,1,1,3
SRR23851190.bin.39,4,Soil,MAG,Bacteria,Desulfobacterota,Desulfuromonadia,Desulfuromonadales,BM103,Unclassified,Unclassified,Public,72.76988112,0.88617,39.03,115.9,83.53,2.67,25,2611788,5556,2,0.597,taxonomic novelty determined using RED,Novel,Unclassified public database SGBs,Medium-quality,18,1,0,0,1
SRR23851190.bin.40,1,Soil,MAG,Bacteria,Gemmatimonadota,Gemmatimonadetes,Palauibacterales,Palauibacteraceae,Unclassified,Unclassified,Public,77.00010451,0.88076,39.03,115.9,96.7,4.4,0,2736794,31638,2,0.696,taxonomic novelty determined using RED,Novel,Unclassified public database SGBs,Medium-quality,23,1,0,2,3
SRR23851190.bin.42,1,Soil,MAG,Bacteria,Bacteroidota,Ignavibacteria,Ignavibacteriales,Ignavibacteriaceae,Unclassified,Unclassified,Public,86.51255613,0.79725,39.03,115.9,95.7,2.47,50,4324851,5690,2,0.34,taxonomic classification fully defined by topology,Defined,Unclassified public database SGBs,Medium-quality,20,1,0,0,1
SRR23851190.bin.47,5,Soil,MAG,Bacteria,Pseudomonadota,Gammaproteobacteria,Competibacterales,Competibacteraceae,Unclassified,Unclassified,Public,80.26124042,0.76976,39.03,115.9,96.6,3.79,6.67,3964032,42128,7,0.558,taxonomic classification fully defined by topology,Defined,Unclassified public database SGBs,Medium-quality,22,0,0,2,2
SRR23851190.bin.50,2,Soil,MAG,Bacteria,Gemmatimonadota,Gemmatimonadetes,Palauibacterales,Palauibacteraceae,Unclassified,Unclassified,Public,78.73771731,0.87959,39.03,115.9,86.6,2.2,50,2485186,9763,4,0.687,taxonomic novelty determined using RED,Novel,Unclassified public database SGBs,Medium-quality,20,0,0,2,2
SRR23851190.bin.52,1,Soil,MAG,Bacteria,Actinomycetota,Acidimicrobiia,UBA5794,ZC4RG35,ZC4RG17,Unclassified,Public,71.74906775,0.88076,39.03,115.9,89.74,3.85,0,2901922,26190,1,0.672,taxonomic novelty determined using RED,Novel,Unclassified public database SGBs,Medium-quality,21,1,2,1,4
SRR23851190.bin.54,2,Soil,MAG,Bacteria,Bacteroidota,Rhodothermia,Balneolales,Balneolaceae,Halalkalibaculum,Unclassified,Public,66.89572736,0.96941,39.03,115.9,88.25,4.92,42.86,3164836,14929,1,0.458,taxonomic novelty determined using RED,Novel,Unclassified public database SGBs,Medium-quality,16,1,0,2,3
SRR23851190.bin.58,7,Soil,MAG,Bacteria,Pseudomonadota,Alphaproteobacteria,Kiloniellales,Kiloniellaceae,Pelagibius,Unclassified,Public,89.05163932,0.949,39.03,115.9,95.78,1.88,75,4473997,26502,1,0.662,taxonomic classification defined by topology and ANI,Defined,Unclassified public database SGBs,Medium-quality,21,1,0,0,1
SRR23851190.bin.59,3,Soil,MAG,Bacteria,Gemmatimonadota,Gemmatimonadetes,Longimicrobiales,UBA6960,UBA2589,Unclassified,Public,60.36431553,0.94831,39.03,115.9,75.78,3.3,0,3596656,11712,1,0.695,taxonomic classification fully defined by topology,Defined,Unclassified public database SGBs,Medium-quality,16,0,1,1,2
SRR23851191.bin.10,0,Soil,MAG,Bacteria,Actinomycetota,UBA4738,UBA4738,CALAEC01,Unclassified,Unclassified,Public,81.70021283,0.71599,39.03,115.9,88.89,1.99,33.33,1904338,12668,6,0.711,taxonomic novelty determined using RED,Novel,Unclassified public database SGBs,Medium-quality,22,2,1,1,4
SRR23851191.bin.14,1,Soil,MAG,Bacteria,Chloroflexota,Anaerolineae,Anaerolineales,E44-bin32,Unclassified,Unclassified,Public,76.88075263,0.83565,39.03,115.9,88.18,2.73,0,3361237,41099,22,0.63,taxonomic novelty determined using RED,Novel,Unclassified public database SGBs,Medium-quality,23,0,1,1,2
SRR23851191.bin.15,0,Soil,MAG,Bacteria,Gemmatimonadota,Gemmatimonadetes,Palauibacterales,Palauibacteraceae,Unclassified,Unclassified,Public,68.41860083,0.78846,39.03,115.9,93.41,5.49,0,4181791,65645,2,0.73,taxonomic classification fully defined by topology,Defined,Unclassified public database SGBs,Medium-quality,24,2,1,0,3
SRR23851191.bin.17,0,Soil,MAG,Bacteria,Actinomycetota,Thermoleophilia,Solirubrobacterales,Sep-70,VRUE01,Unclassified,Public,82.5545,0.90787,39.03,115.9,95.26,3.19,33.33,1930102,18304,2,0.725,taxonomic classification defined by topology and ANI,Defined,Unclassified public database SGBs,High-quality,20,1,2,1,4
SRR23851191.bin.24,2,Soil,MAG,Bacteria,Pseudomonadota,Gammaproteobacteria,Pseudomonadales,Oleiphilaceae,Marinobacter,Unclassified,Public,50.71589092,0.99238,39.03,115.9,84.14,8.62,100,3515714,10275,1,0.575,taxonomic classification defined by topology and ANI,Defined,Unclassified public database SGBs,Medium-quality,22,0,0,2,2
SRR23851191.bin.32,2,Soil,MAG,Bacteria,Chloroflexota,Anaerolineae,Anaerolineales,E44-bin32,Unclassified,Unclassified,Public,72.62819071,0.83494,39.03,115.9,90,4.55,62.5,3353087,95996,8,0.63,taxonomic novelty determined using RED,Novel,Unclassified public database SGBs,Medium-quality,23,1,1,1,3
SRR23851191.bin.72,1,Soil,MAG,Bacteria,Pseudomonadota,Gammaproteobacteria,XJ16,Halofilaceae,Halofilum,Unclassified,Public,83.46460321,0.90053,39.03,115.9,90.06,1.85,25,2279775,19731,4,0.709,taxonomic classification fully defined by topology,Defined,Unclassified public database SGBs,High-quality,19,1,1,1,3
SRR23851191.bin.74,46,Soil,MAG,Bacteria,Acidobacteriota,Thermoanaerobaculia,Multivoradales,UBA5704,Unclassified,Unclassified,Public,86.86228581,0.76191,39.03,115.9,95.01,1.9,0,6275072,40232,1,0.713,taxonomic novelty determined using RED,Novel,Unclassified public database SGBs,High-quality,23,1,1,1,3
SRR23851192.bin.15,4,Soil,MAG,Bacteria,Actinomycetota,Acidimicrobiia,Acidimicrobiales,JACDCH01,Unclassified,Unclassified,Public,87.62134619,0.88463,39.03,115.9,97.44,2.42,0,4474249,29744,9,0.73,taxonomic novelty determined using RED,Novel,Unclassified public database SGBs,Medium-quality,21,0,0,2,2
SRR23851192.bin.2,3,Soil,MAG,Bacteria,Pseudomonadota,Gammaproteobacteria,Burkholderiales,SG8-39,JAABQT01,Unclassified,Public,90.99580314,0.9415,39.03,115.9,97.95,1.9,11.11,3477447,40841,26,0.701,taxonomic classification defined by topology and ANI,Defined,Unclassified public database SGBs,High-quality,25,1,1,1,3
SRR23851192.bin.21,3,Soil,MAG,Bacteria,Pseudomonadota,Alphaproteobacteria,Kiloniellales,Kiloniellaceae,Unclassified,Unclassified,Public,71.30899688,0.89136,39.03,115.9,84.52,3.26,33.33,3101073,8033,2,0.617,taxonomic novelty determined using RED,Novel,Unclassified public database SGBs,Medium-quality,18,1,0,0,1
SRR23851192.bin.26,1,Soil,MAG,Bacteria,Gemmatimonadota,Gemmatimonadetes,JACCXV01,JAHWKZ01,Unclassified,Unclassified,Public,59.34416248,0.79034,39.03,115.9,80.22,4.4,0,2608798,14071,1,0.706,taxonomic classification fully defined by topology,Defined,Unclassified public database SGBs,Medium-quality,20,1,0,0,1
SRR23851193.bin.11,3,Soil,MAG,Bacteria,Pseudomonadota,Alphaproteobacteria,Kiloniellales,J153,Unclassified,Unclassified,Public,66.86131284,0.80233,39.03,115.9,75.17,2.06,50,2551559,6647,1,0.693,taxonomic classification fully defined by topology,Defined,Unclassified public database SGBs,Medium-quality,13,1,0,0,1
SRR23851193.bin.18,4,Soil,MAG,Bacteria,Pseudomonadota,Gammaproteobacteria,Pseudomonadales,Oleiphilaceae,Marinobacter,Unclassified,Public,48.51036128,0.98614,39.03,115.9,87.69,9.91,94.59,4212869,7816,1,0.573,taxonomic classification defined by topology and ANI,Defined,Unclassified public database SGBs,Medium-quality,20,0,1,2,3
SRR23851193.bin.3,1,Soil,MAG,Bacteria,Pseudomonadota,Alphaproteobacteria,Sphingomonadales,SMXR01,Unclassified,Unclassified,Public,91.9091167,0.84611,39.03,115.9,91.9,0.45,0,1766851,27111,16,0.634,taxonomic novelty determined using RED,Novel,Unclassified public database SGBs,Medium-quality,20,0,0,0,0
SRR23851193.bin.33,4,Soil,MAG,Bacteria,Pseudomonadota,Gammaproteobacteria,Arenicellales,JAANXG01,JAANXG01,Unclassified,Public,81.52330628,0.92907,39.03,115.9,88.11,1.83,20,3700202,20005,3,0.657,taxonomic novelty determined using RED,Novel,Unclassified public database SGBs,Medium-quality,17,0,0,1,1
SRR23851193.bin.35,3,Soil,MAG,Bacteria,Planctomycetota,Planctomycetia,Planctomycetales,Planctomycetaceae,JABURQ01,Unclassified,Public,85.24674695,0.91899,39.03,115.9,88.91,1.12,0,5879684,5936,2,0.594,taxonomic novelty determined using RED,Novel,Unclassified public database SGBs,Medium-quality,17,2,0,0,2
SRR23851193.bin.39,0,Soil,MAG,Bacteria,Gemmatimonadota,Gemmatimonadetes,Palauibacterales,Palauibacteraceae,Unclassified,Unclassified,Public,63.65636813,0.88463,39.03,115.9,89.06,5.61,8.33,2621314,18118,2,0.686,taxonomic novelty determined using RED,Novel,Unclassified public database SGBs,Medium-quality,17,0,1,2,3
SRR23851193.bin.42,3,Soil,MAG,Bacteria,Pseudomonadota,Gammaproteobacteria,UBA4486,UBA4486,Unclassified,Unclassified,Public,88.81254068,0.82122,39.03,115.9,94.23,1.74,63.64,2888875,18810,8,0.567,taxonomic novelty determined using RED,Novel,Unclassified public database SGBs,High-quality,21,1,2,1,4
SRR23851193.bin.50,6,Soil,MAG,Bacteria,Bacteroidota,Rhodothermia,Unclassified,Unclassified,Unclassified,Unclassified,Public,74.33216219,0.53315,39.03,115.9,84.7,2.48,0,4271081,9550,5,0.594,taxonomic novelty determined using RED,Novel,Unclassified public database SGBs,Medium-quality,17,0,0,0,0
SRR23851193.bin.60,32,Soil,MAG,Bacteria,Acidobacteriota,Thermoanaerobaculia,Multivoradales,UBA5704,Unclassified,Unclassified,Public,69.47801986,0.76138,39.03,115.9,88.61,4.4,21.43,4750554,5626,2,0.668,taxonomic novelty determined using RED,Novel,Unclassified public database SGBs,Medium-quality,21,0,0,0,0
SRR23851194.bin.12,2,Soil,MAG,Bacteria,Bacteroidota,Rhodothermia,Balneolales,Balneolaceae,Unclassified,Unclassified,Public,84.72404603,0.81225,39.03,115.9,95.4,2.55,0,4137498,11171,2,0.527,taxonomic classification fully defined by topology,Defined,Unclassified public database SGBs,Medium-quality,19,0,1,1,2
SRR23851194.bin.17,4,Soil,MAG,Bacteria,Chloroflexota,Anaerolineae,Promineifilales,Promineifilaceae,JAAYYY01,Unclassified,Public,57.2398506,0.93366,39.03,115.9,77.19,4.73,37.5,4180606,6056,7,0.6,taxonomic classification fully defined by topology,Defined,Unclassified public database SGBs,Medium-quality,18,1,0,1,2
SRR23851194.bin.23,1,Soil,MAG,Bacteria,Desulfobacterota_D,UBA1144,RKRQ01,JAJCZQ01,Unclassified,Unclassified,Public,82.75289111,0.70382,39.03,115.9,95.24,3.15,40,2278324,8066,2,0.439,taxonomic novelty determined using RED,Novel,Unclassified public database SGBs,High-quality,19,1,1,1,3
SRR23851194.bin.26,1,Soil,MAG,Bacteria,SAR324,SAR324,SAR324,JACQKK01,JACZVE01,Unclassified,Public,85.58891579,0.90579,39.03,115.9,90.76,1.52,25,4294425,10399,4,0.715,taxonomic novelty determined using RED,Novel,Unclassified public database SGBs,Medium-quality,25,0,1,2,3
SRR23851194.bin.3,1,Soil,MAG,Bacteria,Gemmatimonadota,Gemmatimonadetes,Longimicrobiales,RSA9,SLCC01,Unclassified,Public,82.68040082,0.86288,39.03,115.9,84.48,0.86,0,4422004,80171,7,0.707,taxonomic novelty determined using RED,Novel,Unclassified public database SGBs,Medium-quality,22,0,0,0,0
SRR23851194.bin.38,4,Soil,MAG,Bacteria,Acidobacteriota,Vicinamibacteria,Marinacidobacterales,SMYC01,CAMYKY01,Unclassified,Public,72.23483253,0.8895,39.03,115.9,85.21,2.99,0,5882600,7074,2,0.628,taxonomic novelty determined using RED,Novel,Unclassified public database SGBs,Medium-quality,19,0,1,1,2
SRR23851194.bin.52,1,Soil,MAG,Bacteria,Desulfobacterota_D,UBA1144,UBA2774,Unclassified,Unclassified,Unclassified,Public,59.78411389,0.70437,39.03,115.9,76.09,3.51,14.29,1807812,2427,1,0.452,taxonomic novelty determined using RED,Novel,Unclassified public database SGBs,Medium-quality,15,0,1,0,1
SRR23851194.bin.60,1,Soil,MAG,Bacteria,Chloroflexota,Anaerolineae,Anaerolineales,E44-bin32,Unclassified,Unclassified,Public,75.02032266,0.8365,39.03,115.9,90,3.64,25,3107095,34328,18,0.608,taxonomic novelty determined using RED,Novel,Unclassified public database SGBs,Medium-quality,22,1,2,1,4
SRR23851194.bin.67,1,Soil,MAG,Bacteria,Gemmatimonadota,Gemmatimonadetes,Longimicrobiales,UBA6960,Unclassified,Unclassified,Public,70.34452359,0.78381,39.03,115.9,93.41,5.31,22.22,4210591,32306,2,0.714,taxonomic novelty determined using RED,Novel,Unclassified public database SGBs,Medium-quality,24,1,0,2,3
SRR23851194.bin.71,11,Soil,MAG,Bacteria,Planctomycetota,UBA8108,UBA8108,UBA8108,Unclassified,Unclassified,Public,56.97211329,0.81931,39.03,115.9,79.24,5.54,62.5,5899663,6906,2,0.67,taxonomic novelty determined using RED,Novel,Unclassified public database SGBs,Medium-quality,22,1,0,0,1
SRR23851194.bin.8,0,Soil,MAG,Bacteria,Actinomycetota,Thermoleophilia,Solirubrobacterales,Thermoleophilaceae,JAAYBF01,Unclassified,Public,63.11976782,0.89587,39.03,115.9,76.35,3.16,20,2004685,5964,2,0.73,taxonomic classification defined by topology and ANI,Defined,Unclassified public database SGBs,Medium-quality,19,0,1,1,2
SRR23851195.bin.11,6,Soil,MAG,Bacteria,Nitrospirota,Nitrospiria,Nitrospirales,Unclassified,Unclassified,Unclassified,Public,78.15174043,0.69487,39.03,115.9,89.55,2.73,0,3141984,25321,2,0.665,taxonomic novelty determined using RED,Novel,Unclassified public database SGBs,Medium-quality,20,1,0,0,1
SRR23851195.bin.15,125,Soil,MAG,Bacteria,Acidobacteriota,Thermoanaerobaculia,Multivoradales,UBA5704,Unclassified,Unclassified,Public,59.03823692,0.7997,39.03,115.9,97.44,8.22,0,12522640,197993,2,0.68,taxonomic classification fully defined by topology,Defined,Unclassified public database SGBs,Medium-quality,25,1,2,1,4
SRR23851195.bin.16,7,Soil,MAG,Bacteria,Desulfobacterota_B,Binatia,UBA9968,UBA9968,JAUXIP01,Unclassified,Public,76.05016004,0.95483,39.03,115.9,88.77,3.04,14.29,3401141,10192,4,0.552,taxonomic classification defined by topology and ANI,Defined,Unclassified public database SGBs,Medium-quality,23,1,1,1,3
SRR23851195.bin.23,6,Soil,MAG,Bacteria,Planctomycetota,Planctomycetia,Pirellulales,Lacipirellulaceae,Unclassified,Unclassified,Public,73.52767548,0.82531,39.03,115.9,86.14,3.05,20,6993106,9023,2,0.627,taxonomic novelty determined using RED,Novel,Unclassified public database SGBs,Medium-quality,23,2,0,0,2
SRR23851195.bin.30,5,Soil,MAG,Bacteria,Myxococcota_A,UBA9160,UBA9160,JAFDET01,Unclassified,Unclassified,Public,77.17484136,0.83914,39.03,115.9,86.99,2.47,20,4111350,9587,2,0.745,taxonomic novelty determined using RED,Novel,Unclassified public database SGBs,Medium-quality,18,1,0,1,2
SRR23851195.bin.31,3,Soil,MAG,Bacteria,Planctomycetota,Planctomycetia,Planctomycetales,Planctomycetaceae,Unclassified,Unclassified,Public,78.81550325,0.71696,39.03,115.9,92.78,3.7,66.67,6335841,10900,2,0.628,taxonomic classification fully defined by topology,Defined,Unclassified public database SGBs,High-quality,23,1,1,1,3
SRR23851195.bin.44,4,Soil,MAG,Bacteria,Pseudomonadota,Alphaproteobacteria,Kiloniellales,J153,J153,Unclassified,Public,70.04791319,0.86924,39.03,115.9,85.02,3.48,10,2725577,11477,2,0.711,taxonomic novelty determined using RED,Novel,Unclassified public database SGBs,Medium-quality,19,1,0,0,1
SRR23851195.bin.55,4,Soil,MAG,Bacteria,Pseudomonadota,Gammaproteobacteria,Pseudomonadales,Oleiphilaceae,Marinobacter,Unclassified,Public,54.15035611,0.98898,39.03,115.9,76.44,5.59,84.62,3578204,5757,1,0.574,taxonomic classification defined by topology and ANI,Defined,Unclassified public database SGBs,Medium-quality,16,0,1,1,2
SRR23851195.bin.57,1,Soil,MAG,Bacteria,Bacteroidota,Rhodothermia,Unclassified,Unclassified,Unclassified,Unclassified,Public,71.9617627,0.53381,39.03,115.9,78.31,1.66,0,3793193,6361,2,0.583,taxonomic novelty determined using RED,Novel,Unclassified public database SGBs,Medium-quality,16,0,0,0,0
SRR23851195.bin.58,2,Soil,MAG,Bacteria,Methylomirabilota,Methylomirabilia,Methylomirabilales,CSP1-5,CSP1-5,Unclassified,Public,58.10608142,0.93911,39.03,115.9,75.62,3.93,33.33,1914821,3568,1,0.609,taxonomic classification fully defined by topology,Defined,Unclassified public database SGBs,Medium-quality,18,0,0,0,0
SRR23851195.bin.59,7,Soil,MAG,Bacteria,Pseudomonadota,Alphaproteobacteria,MPNO01,Unclassified,Unclassified,Unclassified,Public,79.73643449,0.73589,39.03,115.9,93.62,3.04,0,4593781,34109,1,0.658,taxonomic novelty determined using RED,Novel,Unclassified public database SGBs,Medium-quality,21,0,0,0,0
SRR23851195.bin.7,8,Soil,MAG,Bacteria,Pseudomonadota,Gammaproteobacteria,Acidiferrobacterales,Sulfurifustaceae,JACQFZ01,Unclassified,Public,83.17782343,0.92934,39.03,115.9,96.34,3.12,0,4117441,59655,2,0.671,taxonomic classification fully defined by topology,Defined,Unclassified public database SGBs,Medium-quality,24,1,1,0,2
SRR23851196.bin.11,0,Soil,MAG,Bacteria,Actinomycetota,Acidimicrobiia,UBA5794,ZC4RG35,MA-ANB-1,Unclassified,Public,77.21456186,0.92867,39.03,115.9,79.49,0.95,50,1607587,8295,4,0.617,taxonomic novelty determined using RED,Novel,Unclassified public database SGBs,Medium-quality,11,1,0,0,1
SRR23851196.bin.29,1,Soil,MAG,Bacteria,Bacteroidota,Bacteroidia,Flavobacteriales,Flavobacteriaceae,Lutibacter,Unclassified,Public,48.32022248,0.98145,39.03,115.9,76.07,6.31,47.62,2228549,3096,1,0.359,taxonomic classification defined by topology and ANI,Defined,Unclassified public database SGBs,Medium-quality,16,0,0,2,2
SRR23851196.bin.8,4,Soil,MAG,Bacteria,Pseudomonadota,Alphaproteobacteria,UBA8366,JADFVY01,Unclassified,Unclassified,Public,75.12238001,0.88187,39.03,115.9,82.51,1.91,8.33,3770670,8462,3,0.627,taxonomic novelty determined using RED,Novel,Unclassified public database SGBs,Medium-quality,18,0,0,0,0
SRR23851197.bin.20,0,Soil,MAG,Bacteria,Actinomycetota,Nitriliruptoria,Nitriliruptorales,Nitriliruptoraceae,Unclassified,Unclassified,Public,72.66275415,0.807,39.03,115.9,88.7,4.13,66.67,2837646,4649,9,0.737,taxonomic novelty determined using RED,Novel,Unclassified public database SGBs,Medium-quality,15,1,1,1,3
SRR23851197.bin.22,24,Soil,MAG,Bacteria,Acidobacteriota,UBA6911,RPQK01,RPQK01,Unclassified,Unclassified,Public,64.02791088,0.80143,39.03,115.9,76.03,2.56,0,4999371,3132,1,0.64,taxonomic novelty determined using RED,Novel,Unclassified public database SGBs,Medium-quality,19,2,1,1,4
SRR23851197.bin.25,1,Soil,MAG,Bacteria,Chloroflexota,Anaerolineae,Promineifilales,Promineifilaceae,JAAYYY01,Unclassified,Public,56.9208451,0.9348,39.03,115.9,82.69,6.51,75,5842103,5506,3,0.602,taxonomic classification fully defined by topology,Defined,Unclassified public database SGBs,Medium-quality,20,3,1,2,6
SRR23851197.bin.8,28,Soil,MAG,Bacteria,Chloroflexota,Anaerolineae,Promineifilales,Promineifilaceae,CAADGU01,Unclassified,Public,75.80091652,0.93699,39.03,115.9,97.09,4.73,0,7767591,41881,2,0.581,taxonomic classification fully defined by topology,Defined,Unclassified public database SGBs,High-quality,26,1,2,1,4
SRR23851198.bin.15,21,Soil,MAG,Bacteria,Actinomycetota,Actinomycetes,Streptomycetales,Streptomycetaceae,Streptomyces,Unclassified,Public,87.0151954,0.97787,39.03,115.9,92.17,1.47,0,6162502,19516,2,0.717,taxonomic classification defined by topology and ANI,Defined,Unclassified public database SGBs,Medium-quality,24,0,2,6,8
SRR23851198.bin.2,47,Soil,MAG,Bacteria,Acidobacteriota,Thermoanaerobaculia,Multivoradales,Unclassified,Unclassified,Unclassified,Public,73.76203489,0.64668,39.03,115.9,88.82,3.65,37.5,4402683,4251,4,0.73,taxonomic novelty determined using RED,Novel,Unclassified public database SGBs,Medium-quality,22,1,1,1,3
SRR23851198.bin.21,12,Soil,MAG,Bacteria,Acidobacteriota,Vicinamibacteria,Marinacidobacterales,SMYC01,Unclassified,Unclassified,Public,48.24463377,0.7527,39.03,115.9,82.99,8.62,86.67,6905084,4649,1,0.652,taxonomic classification fully defined by topology,Defined,Unclassified public database SGBs,Medium-quality,18,0,0,0,0
SRR23851198.bin.25,55,Soil,MAG,Bacteria,Acidobacteriota,Thermoanaerobaculia,Multivoradales,UBA5704,Unclassified,Unclassified,Public,50.26202376,0.77275,39.03,115.9,87.75,7.72,0,10193400,13306,1,0.687,taxonomic classification fully defined by topology,Defined,Unclassified public database SGBs,Medium-quality,23,1,2,1,4
SRR23851198.bin.26,1,Soil,MAG,Bacteria,Gemmatimonadota,Gemmatimonadetes,Longimicrobiales,RSA9,Unclassified,Unclassified,Public,75.88731935,0.80284,39.03,115.9,95.6,4.4,0,4031258,29829,2,0.709,taxonomic classification fully defined by topology,Defined,Unclassified public database SGBs,Medium-quality,24,2,0,2,4
SRR23851198.bin.28,4,Soil,MAG,Bacteria,Pseudomonadota,Gammaproteobacteria,Pseudomonadales,Cellvibrionaceae,Microbulbifer,Unclassified,Public,91.63095556,0.9732,39.03,115.9,96.98,1.56,0,4422895,63374,2,0.624,taxonomic classification defined by topology and ANI,Defined,Unclassified public database SGBs,Medium-quality,21,0,0,1,1
SRR23851198.bin.29,20,Soil,MAG,Bacteria,Actinomycetota,Actinomycetes,Mycobacteriales,Micromonosporaceae,Natronosporangium,Unclassified,Public,81.27668913,0.95818,39.03,115.9,92.46,2.84,22.22,5725502,48754,6,0.711,taxonomic classification fully defined by topology,Defined,Unclassified public database SGBs,Medium-quality,26,0,2,2,4
SRR23851198.bin.38,0,Soil,MAG,Bacteria,Myxococcota_A,UBA9160,UBA9160,SMWR01,CALDCK01,Unclassified,Public,84.34705712,0.89498,39.03,115.9,91.56,1.97,25,4988547,15469,2,0.722,taxonomic novelty determined using RED,Novel,Unclassified public database SGBs,High-quality,23,1,2,1,4
SRR23851198.bin.7,157,Soil,MAG,Bacteria,Acidobacteriota,Thermoanaerobaculia,Multivoradales,UBA5704,Unclassified,Unclassified,Public,70.26290799,0.80753,39.03,115.9,93.49,5.13,0,8434631,55706,2,0.715,taxonomic novelty determined using RED,Novel,Unclassified public database SGBs,Medium-quality,23,1,2,1,4
SRR23851199.bin.10,0,Soil,MAG,Bacteria,Actinomycetota,Acidimicrobiia,UBA5794,ZC4RG35,Ww567,Unclassified,Public,77.5618058,0.94321,39.03,115.9,88.03,2.56,0,2727462,36611,2,0.66,taxonomic novelty determined using RED,Novel,Unclassified public database SGBs,Medium-quality,17,1,1,1,3
SRR23851199.bin.11,1,Soil,MAG,Bacteria,Chloroflexota,Anaerolineae,Aggregatilineales,UBA3940,UBA3940,Unclassified,Public,71.35554142,0.86855,39.03,115.9,81.36,2.57,37.5,3542330,5120,10,0.677,taxonomic novelty determined using RED,Novel,Unclassified public database SGBs,Medium-quality,22,1,0,2,3
SRR23851199.bin.19,0,Soil,MAG,Bacteria,Pseudomonadota,Gammaproteobacteria,SLDE01,SLDE01,JAPHTQ01,Unclassified,Public,94.5725932,0.88961,39.03,115.9,96.19,0.81,40,2991115,13557,11,0.578,taxonomic novelty determined using RED,Novel,Unclassified public database SGBs,Medium-quality,21,0,0,0,0
SRR23851199.bin.28,0,Soil,MAG,Bacteria,Gemmatimonadota,Gemmatimonadetes,Longimicrobiales,UBA6960,Unclassified,Unclassified,Public,83.56155669,0.68992,39.03,115.9,97.8,3.6,42.86,4107029,22930,4,0.717,taxonomic classification fully defined by topology,Defined,Unclassified public database SGBs,Medium-quality,23,1,0,0,1
SRR23851199.bin.30,10,Soil,MAG,Bacteria,Myxococcota,Polyangia,Polyangiales,SG8-38,Unclassified,Unclassified,Public,78.80007789,0.8475,39.03,115.9,96.13,3.92,0,5036697,27574,2,0.696,taxonomic novelty determined using RED,Novel,Unclassified public database SGBs,Medium-quality,22,0,0,0,0
SRR23851200.bin.39,1,Soil,MAG,Bacteria,Gemmatimonadota,Gemmatimonadetes,Longimicrobiales,RSA9,SLCC01,Unclassified,Public,77.78441764,0.85999,39.03,115.9,81.1,1.1,0,3037503,18571,2,0.714,taxonomic novelty determined using RED,Novel,Unclassified public database SGBs,Medium-quality,17,0,0,0,0
SRR23851201.bin.14,6,Soil,MAG,Bacteria,Desulfobacterota,Desulfobulbia,Desulfobulbales,Desulfurivibrionaceae,BM506,Unclassified,Public,72.19718054,0.99243,39.03,115.9,82.79,2.74,50,2205167,2760,5,0.562,taxonomic classification defined by topology and ANI,Defined,Unclassified public database SGBs,Medium-quality,18,0,0,0,0
SRR23851201.bin.15,1,Soil,MAG,Bacteria,Pseudomonadota,Gammaproteobacteria,UBA6429,Unclassified,Unclassified,Unclassified,Public,80.53004272,0.70789,39.03,115.9,95.84,3.57,5.88,3460070,36329,2,0.641,taxonomic novelty determined using RED,Novel,Unclassified public database SGBs,High-quality,21,1,2,2,5
SRR23851201.bin.41,5,Soil,MAG,Bacteria,Pseudomonadota,Gammaproteobacteria,Pseudomonadales,Oleiphilaceae,Marinobacter,Unclassified,Public,61.83542092,0.99583,39.03,115.9,79.86,4.44,75,3133127,3898,1,0.573,taxonomic classification defined by topology and ANI,Defined,Unclassified public database SGBs,Medium-quality,16,0,0,0,0
SRR23851202.bin.10,1,Soil,MAG,Bacteria,Pseudomonadota,Gammaproteobacteria,Xanthomonadales,SZUA-36,JABDJL01,Unclassified,Public,78.12851309,0.9075,39.03,115.9,88.38,2.69,38.46,2532630,17445,6,0.643,taxonomic novelty determined using RED,Novel,Unclassified public database SGBs,Medium-quality,20,1,1,1,3
SRR23851203.bin.11,4,Soil,MAG,Bacteria,Actinomycetota,Actinomycetes,Jiangellales,Jiangellaceae,JASLBX01,Unclassified,Public,99.0424582,0.85912,39.03,115.9,99.71,0.59,0,4445468,29870,47,0.678,taxonomic novelty determined using RED,Novel,Unclassified public database SGBs,High-quality,25,2,1,1,4
SRR23851203.bin.13,0,Soil,MAG,Bacteria,Actinomycetota,Acidimicrobiia,UBA5794,ZC4RG35,JANQRA01,Unclassified,Public,68.22217497,0.94043,39.03,115.9,84.33,3.85,20,3497911,44091,2,0.622,taxonomic classification fully defined by topology,Defined,Unclassified public database SGBs,Medium-quality,24,1,0,0,1
SRR23851203.bin.19,4,Soil,MAG,Bacteria,Actinomycetota,Nitriliruptoria,Euzebyales,Egibacteraceae,Unclassified,Unclassified,Public,81.44043056,0.77155,39.03,115.9,82.74,0.85,100,2919596,12850,4,0.715,taxonomic novelty determined using RED,Novel,Unclassified public database SGBs,Medium-quality,23,0,0,0,0
SRR23851203.bin.5,1,Soil,MAG,Bacteria,Actinomycetota,Acidimicrobiia,UBA5794,ZC4RG35,JANQRA01,Unclassified,Public,85.07799932,0.94128,39.03,115.9,95.44,2.56,0,3579194,60271,9,0.632,taxonomic classification fully defined by topology,Defined,Unclassified public database SGBs,High-quality,23,1,1,1,3
SRR23851205.bin.16,34,Soil,MAG,Bacteria,Myxococcota,Polyangia,Polyangiales,Polyangiaceae,JAICQQ01,Unclassified,Public,79.1531873,0.92855,39.03,115.9,80.61,0.7,0,8829103,9696,2,0.642,taxonomic novelty determined using RED,Novel,Unclassified public database SGBs,Medium-quality,24,1,0,0,1
SRR23851205.bin.19,5,Soil,MAG,Bacteria,Pseudomonadota,Gammaproteobacteria,Woeseiales,Woeseiaceae,Unclassified,Unclassified,Public,71.57788156,0.87388,39.03,115.9,89.29,3.92,10.53,4339423,70829,1,0.652,taxonomic novelty determined using RED,Novel,Unclassified public database SGBs,Medium-quality,21,0,0,0,0
SRR23851205.bin.2,4,Soil,MAG,Bacteria,Pseudomonadota,Alphaproteobacteria,Caulobacterales,Parvularculaceae,Hyphococcus,Unclassified,Public,73.39263305,0.96633,39.03,115.9,82.58,2.13,22.22,3325990,7563,1,0.631,taxonomic classification defined by topology and ANI,Defined,Unclassified public database SGBs,Medium-quality,21,1,0,0,1
SRR23851205.bin.24,23,Soil,MAG,Bacteria,Acidobacteriota,Thermoanaerobaculia,Multivoradales,UBA5704,Unclassified,Unclassified,Public,64.87447061,0.6918,39.03,115.9,77.92,2.9,18.18,3597658,5682,1,0.719,taxonomic classification fully defined by topology,Defined,Unclassified public database SGBs,Medium-quality,17,1,0,0,1
SRR23851205.bin.28,3,Soil,MAG,Bacteria,Desulfobacterota,Desulfuromonadia,Desulfuromonadales,WTL,Deferrimonas,Unclassified,Public,53.43967292,0.99121,39.03,115.9,75.03,4.7,26.32,2050844,1759,1,0.624,taxonomic classification defined by topology and ANI,Defined,Unclassified public database SGBs,Medium-quality,17,0,0,0,0
SRR23851205.bin.40,2,Soil,MAG,Bacteria,Pseudomonadota,Gammaproteobacteria,Rariloculales,Rariloculaceae,JAHEEO01,Unclassified,Public,81.063353,0.86677,39.03,115.9,88.73,2.05,0,4249693,116602,2,0.64,taxonomic novelty determined using RED,Novel,Unclassified public database SGBs,Medium-quality,23,1,2,1,4
SRR23851205.bin.7,1,Soil,MAG,Bacteria,Gemmatimonadota,Gemmatimonadetes,Longimicrobiales,RSA9,SLCC01,Unclassified,Public,77.40054925,0.85964,39.03,115.9,92.11,3.4,0,4844725,30276,2,0.702,taxonomic novelty determined using RED,Novel,Unclassified public database SGBs,Medium-quality,25,1,1,0,2
SRR23851206.bin.11,0,Soil,MAG,Bacteria,Actinomycetota,UBA4738,CADDZG01,WHSQ01,CALMBW01,Unclassified,Public,93.89725287,0.85417,39.03,115.9,94.87,0.85,100,2427247,58358,4,0.635,taxonomic novelty determined using RED,Novel,Unclassified public database SGBs,High-quality,24,3,3,1,7
SRR23851206.bin.12,5,Soil,MAG,Bacteria,Actinomycetota,Acidimicrobiia,Acidimicrobiales,GCA-2861595,JAHFUS01,Unclassified,Public,58.34670066,0.88905,39.03,115.9,85.82,6.84,66.67,3346027,17098,2,0.737,taxonomic novelty determined using RED,Novel,Unclassified public database SGBs,Medium-quality,21,0,0,0,0
SRR23851206.bin.19,8,Soil,MAG,Bacteria,Cyanobacteriota,Cyanobacteriia,Cyanobacteriales,Coleofasciculaceae,Allocoleopsis,Unclassified,Public,87.10714775,0.91127,39.03,115.9,93.22,1.7,11.11,7219486,19795,2,0.457,taxonomic novelty determined using RED,Novel,Unclassified public database SGBs,Medium-quality,23,2,0,1,3
SRR23851206.bin.2,0,Soil,MAG,Bacteria,Actinomycetota,Acidimicrobiia,UBA5794,ZC4RG35,ZC4RG17,Unclassified,Public,71.44429845,0.88066,39.03,115.9,95.63,5.56,25,2846555,22315,2,0.706,taxonomic novelty determined using RED,Novel,Unclassified public database SGBs,Medium-quality,18,1,1,1,3
SRR23851206.bin.22,4,Soil,MAG,Bacteria,Actinomycetota,Acidimicrobiia,Acidimicrobiales,AC-14,Unclassified,Unclassified,Public,88.29219736,0.85419,39.03,115.9,94.02,1.71,33.33,3334401,25381,2,0.735,taxonomic novelty determined using RED,Novel,Unclassified public database SGBs,High-quality,23,1,1,1,3
SRR23851206.bin.9,1,Soil,MAG,Bacteria,Actinomycetota,UBA4738,CADDZG01,WHSQ01,Unclassified,Unclassified,Public,33.38506768,0.88804,39.03,115.9,76.92,9.05,9.09,2180978,4840,1,0.655,taxonomic novelty determined using RED,Novel,Unclassified public database SGBs,Medium-quality,22,0,2,1,3
SRR23851207.bin.24,3,Soil,MAG,Bacteria,Actinomycetota,Nitriliruptoria,Nitriliruptorales,Nitriliruptoraceae,Unclassified,Unclassified,Public,97.68109782,0.78986,39.03,115.9,95.35,0,0,4122915,37795,15,0.729,taxonomic novelty determined using RED,Novel,Unclassified public database SGBs,High-quality,22,1,1,1,3
SRR23851208.bin.15,4,Soil,MAG,Bacteria,Pseudomonadota,Gammaproteobacteria,Pseudomonadales,Oleiphilaceae,Marinobacter,Unclassified,Public,93.00756386,0.97347,39.03,115.9,92.59,0.4,60,3846013,17994,2,0.591,taxonomic classification defined by topology and ANI,Defined,Unclassified public database SGBs,Medium-quality,22,1,0,1,2
SRR23851209.bin.9,1,Soil,MAG,Bacteria,Chloroflexota,Limnocylindria,QHBO01,QHBO01,JACDBZ01,Unclassified,Public,79.94168788,0.93407,39.03,115.9,85.26,1.83,100,2409632,8414,9,0.708,taxonomic classification fully defined by topology,Defined,Unclassified public database SGBs,Medium-quality,19,1,1,1,3
SRR23851210.bin.19,5,Soil,MAG,Bacteria,Cyanobacteriota,Cyanobacteriia,Phormidesmiales,Phormidesmiaceae,Unclassified,Unclassified,Public,95.51148882,0.78246,39.03,115.9,99.37,1.27,14.29,5010874,33114,2,0.519,taxonomic novelty determined using RED,Novel,Unclassified public database SGBs,Medium-quality,22,1,0,0,1
SRR23851210.bin.20,0,Soil,MAG,Bacteria,Actinomycetota,Acidimicrobiia,UBA5794,ZC4RG35,ZC4RG17,Unclassified,Public,71.28100046,0.8833,39.03,115.9,85.09,3.42,40,2825452,5980,16,0.682,taxonomic novelty determined using RED,Novel,Unclassified public database SGBs,Medium-quality,13,1,0,1,2
SRR23851210.bin.9,2,Soil,MAG,Bacteria,Pseudomonadota,Gammaproteobacteria,SLDE01,SLDE01,JAPHTQ01,Unclassified,Public,81.10387407,0.88375,39.03,115.9,95.58,3.76,59.09,3266710,13271,5,0.63,taxonomic novelty determined using RED,Novel,Unclassified public database SGBs,Medium-quality,23,0,0,0,0
SRR23851211.bin.1,2,Soil,MAG,Bacteria,Actinomycetota,Actinomycetes,Actinomycetales,Microbacteriaceae,Microbacterium,Unclassified,Public,99.42907183,0.99848,39.03,115.9,98.69,0.29,0,3478092,19393,4,0.678,taxonomic classification defined by topology and ANI,Defined,Unclassified public database SGBs,Medium-quality,23,0,0,1,1
SRR23851212.bin.12,1,Soil,MAG,Bacteria,Pseudomonadota,Gammaproteobacteria,XN24,XN24,XN24,Unclassified,Public,73.36628285,0.93131,39.03,115.9,77.57,1.32,20,2283125,14632,2,0.685,taxonomic classification defined by topology and ANI,Defined,Unclassified public database SGBs,Medium-quality,20,0,1,1,2
SRR23851212.bin.14,1,Soil,MAG,Bacteria,Pseudomonadota,Gammaproteobacteria,DSM-19610,DSM-19610,JAIVHA01,Unclassified,Public,66.17735689,0.9723,39.03,115.9,75.08,2.02,20,2097221,3067,1,0.638,taxonomic novelty determined using RED,Novel,Unclassified public database SGBs,Medium-quality,16,0,0,0,0
SRR23851212.bin.6,0,Soil,MAG,Bacteria,Chloroflexota,Anaerolineae,Promineifilales,Promineifilaceae,JAAYYY01,Unclassified,Public,69.33236785,0.93947,39.03,115.9,90.91,4.73,0,4442621,11085,2,0.623,taxonomic classification fully defined by topology,Defined,Unclassified public database SGBs,Medium-quality,21,1,0,1,2
SRR23851213.bin.11,0,Soil,MAG,Bacteria,Actinomycetota,Nitriliruptoria,Nitriliruptorales,Nitriliruptoraceae,Unclassified,Unclassified,Public,95.50506663,0.78418,39.03,115.9,98.96,1.14,0,4671174,25096,9,0.719,taxonomic novelty determined using RED,Novel,Unclassified public database SGBs,High-quality,25,1,1,1,3
SRR23851213.bin.13,5,Soil,MAG,Bacteria,Gemmatimonadota,Gemmatimonadetes,Longimicrobiales,UBA6960,UBA2589,Unclassified,Public,82.21048285,0.94703,39.03,115.9,96.51,3.3,0,4638734,20603,22,0.696,taxonomic classification fully defined by topology,Defined,Unclassified public database SGBs,Medium-quality,23,0,0,1,1
SRR23851213.bin.19,4,Soil,MAG,Bacteria,Pseudomonadota,Alphaproteobacteria,UBA8366,UBA8366,WHUA01,Unclassified,Public,87.10700796,0.92562,39.03,115.9,92.5,1.52,0,4691018,21194,3,0.666,taxonomic classification defined by topology and ANI,Defined,Unclassified public database SGBs,Medium-quality,20,0,0,0,0
SRR23851213.bin.9,3,Soil,MAG,Bacteria,Pseudomonadota,Gammaproteobacteria,Burkholderiales,SG8-39,JAABQT01,Unclassified,Public,76.65008833,0.93807,39.03,115.9,94.21,4.27,35.71,3129283,26949,2,0.696,taxonomic classification defined by topology and ANI,Defined,Unclassified public database SGBs,Medium-quality,21,1,0,0,1
SRR23851214.bin.11,3,Soil,MAG,Bacteria,Desulfobacterota,Desulfobacteria,Desulfobacterales,UBA11574,UBA11574,Unclassified,Public,82.8773954,0.92588,39.03,115.9,96.77,3.39,33.33,3685915,6321,7,0.449,taxonomic classification fully defined by topology,Defined,Unclassified public database SGBs,High-quality,22,1,1,1,3
SRR23851214.bin.22,5,Soil,MAG,Bacteria,Gemmatimonadota,Gemmatimonadetes,Longimicrobiales,UBA6960,SZUA-318,Unclassified,Public,90.32861809,0.89484,39.03,115.9,98.9,2.2,0,5370550,58353,13,0.715,taxonomic classification fully defined by topology,Defined,Unclassified public database SGBs,Medium-quality,24,1,1,0,2
SRR23851215.bin.17,2,Soil,MAG,Bacteria,Pseudomonadota,Alphaproteobacteria,Rhizobiales,Devosiaceae,Devosia,Unclassified,Public,63.47967723,0.98978,39.03,115.9,83.39,5.24,84.21,3461087,4886,3,0.6,taxonomic classification defined by topology and ANI,Defined,Unclassified public database SGBs,Medium-quality,17,0,0,0,0
SRR23851215.bin.29,6,Soil,MAG,Bacteria,Pseudomonadota,Alphaproteobacteria,Rhodobacterales,Rhodobacteraceae,Paracoccus,Paracoccus marcusii,Public,76.61935732,N/A,39.03,115.9,93.17,4.25,63.64,3276107,8454,6,0.681,taxonomic classification defined by topology and ANI,Defined,Published genomes,Medium-quality,22,0,0,0,0
SRR23851216.bin.20,0,Soil,MAG,Bacteria,Actinomycetota,Nitriliruptoria,Euzebyales,Egibacteraceae,Unclassified,Unclassified,Public,80.49895094,0.80706,39.03,115.9,81.9,0.85,100,2263399,7905,2,0.728,taxonomic classification fully defined by topology,Defined,Unclassified public database SGBs,Medium-quality,18,0,0,0,0
SRR23851216.bin.3,6,Soil,MAG,Bacteria,Pseudomonadota,Gammaproteobacteria,Pseudomonadales,Pseudomonadaceae,Stutzerimonas,Stutzerimonas zhaodongensis,Public,97.78935226,N/A,39.03,115.9,98.77,0.75,50,4473479,48832,2,0.597,taxonomic classification defined by topology and ANI,Defined,Published genomes,Medium-quality,21,0,0,0,0
SRR23851216.bin.4,3,Soil,MAG,Bacteria,Pseudomonadota,Gammaproteobacteria,Nitrosococcales,Methylophagaceae,Methylophaga,Unclassified,Public,52.80302453,0.94953,39.03,115.9,83.81,6.38,2.22,2375901,2528,1,0.531,taxonomic classification fully defined by topology,Defined,Unclassified public database SGBs,Medium-quality,13,0,0,0,0
SRR23851217.bin.12,2,Soil,MAG,Bacteria,Myxococcota,Polyangia,Polyangiales,SG8-38,SG8-38,Unclassified,Public,79.2970682,0.97598,39.03,115.9,90,2.62,12.5,4152628,10943,2,0.632,taxonomic classification defined by topology and ANI,Defined,Unclassified public database SGBs,Medium-quality,21,1,1,0,2
SRR23851217.bin.17,50,Soil,MAG,Bacteria,Actinomycetota,Actinomycetes,Mycobacteriales,Micromonosporaceae,Natronosporangium,Unclassified,Public,94.78373945,0.95291,39.03,115.9,97.73,1.05,0,4818877,33720,4,0.706,taxonomic classification fully defined by topology,Defined,Unclassified public database SGBs,Medium-quality,23,0,0,0,0
SRR23851217.bin.27,10,Soil,MAG,Bacteria,Pseudomonadota,Gammaproteobacteria,Pseudomonadales,Nitrincolaceae,Marinobacterium_A,Unclassified,Public,72.23908903,0.94819,39.03,115.9,95.97,6.01,70,4958684,13310,2,0.63,taxonomic classification defined by topology and ANI,Defined,Unclassified public database SGBs,Medium-quality,22,0,0,0,0
SRR23851217.bin.33,1,Soil,MAG,Bacteria,Pseudomonadota,Gammaproteobacteria,Woeseiales,Woeseiaceae,IDS-8,Unclassified,Public,39.13941107,0.88558,39.03,115.9,78.82,8.27,6.12,4162358,16849,1,0.682,taxonomic novelty determined using RED,Novel,Unclassified public database SGBs,Medium-quality,21,1,0,0,1
SRR23851217.bin.4,2,Soil,MAG,Bacteria,Pseudomonadota,Gammaproteobacteria,JAJUFS01,JAJUFS01,JAJUFS01,Unclassified,Public,66.26884759,0.88735,39.03,115.9,81.92,3.52,31.25,2232434,3960,1,0.583,taxonomic novelty determined using RED,Novel,Unclassified public database SGBs,Medium-quality,18,0,0,0,0
SRR23851217.bin.8,6,Soil,MAG,Bacteria,Pseudomonadota,Gammaproteobacteria,Pseudomonadales,Halomonadaceae,Bisbaumannia,Unclassified,Public,97.12145474,0.98855,39.03,115.9,98.96,0.9,50,3757253,23707,10,0.675,taxonomic classification defined by topology and ANI,Defined,Unclassified public database SGBs,Medium-quality,23,0,1,0,1
SRR23929137.bin.7,16,Soil,MAG,Bacteria,Actinomycetota,Actinomycetes,Mycobacteriales,Mycobacteriaceae,Mycobacterium,Mycobacterium monacense,Public,88.81252293,N/A,37.28,118.03,92.07,1.28,66.67,5079870,31186,42,0.69,taxonomic classification defined by topology and ANI,Defined,Published genomes,Medium-quality,23,0,0,2,2
SRR23929139.bin.23,1,Soil,MAG,Bacteria,Pseudomonadota,Gammaproteobacteria,Burkholderiales,Burkholderiaceae,Methylibium,Unclassified,Public,52.66903151,0.95747,37.28,118.03,80.42,6.67,54.17,3726747,8039,3,0.727,taxonomic classification fully defined by topology,Defined,Unclassified public database SGBs,Medium-quality,19,0,0,1,1
SRR23929140.bin.19,2,Soil,MAG,Bacteria,Actinomycetota,Actinomycetes,Propionibacteriales,Nocardioidaceae,Nocardioides_C,Unclassified,Public,66.31466097,0.92774,37.28,118.03,83.26,3.97,18.18,3866501,19233,12,0.708,taxonomic classification defined by topology and ANI,Defined,Unclassified public database SGBs,Medium-quality,23,0,0,2,2
SRR23929140.bin.20,0,Soil,MAG,Bacteria,Actinomycetota,Actinomycetes,Propionibacteriales,Nocardioidaceae,Nocardioides,Unclassified,Public,92.82722078,0.95722,37.28,118.03,93.18,0.52,0,4002223,25483,9,0.737,taxonomic classification defined by topology and ANI,Defined,Unclassified public database SGBs,Medium-quality,22,2,0,2,4
SRR23929144.bin.12,4,Soil,MAG,Bacteria,Actinomycetota,Actinomycetes,Actinomycetales,Micrococcaceae,Arthrobacter,Arthrobacter sp018613835,Public,70.05496682,N/A,37.28,118.03,78.16,2.59,100,4227134,26428,4,0.665,taxonomic classification defined by topology and ANI,Defined,Published genomes,Medium-quality,22,1,0,0,1
SRR23929144.bin.17,3,Soil,MAG,Bacteria,Actinomycetota,Actinomycetes,Actinomycetales,Micrococcaceae,Arthrobacter,Unclassified,Public,87.76821624,0.99184,37.28,118.03,92.41,1.75,100,3847507,42313,56,0.659,taxonomic classification defined by topology and ANI,Defined,Unclassified public database SGBs,High-quality,23,1,1,1,3
SRR23929150.bin.12,2,Soil,MAG,Bacteria,Actinomycetota,Actinomycetes,Actinomycetales,Microbacteriaceae,Agromyces,Unclassified,Public,33.13722751,0.97953,37.28,118.03,77.38,9.94,46.88,2850822,3124,1,0.72,taxonomic classification defined by topology and ANI,Defined,Unclassified public database SGBs,Medium-quality,10,1,0,0,1
SRR23929150.bin.4,13,Soil,MAG,Bacteria,Actinomycetota,Actinomycetes,Mycobacteriales,Mycobacteriaceae,Mycobacterium,Mycobacterium neoaurum,Public,64.56251653,N/A,37.28,118.03,75.36,2.72,62.5,4709808,12736,1,0.666,taxonomic classification defined by topology and ANI,Defined,Published genomes,Medium-quality,18,0,0,1,1
SRR23929152.bin.6,0,Soil,MAG,Bacteria,Patescibacteria,Saccharimonadia,Saccharimonadales,UBA5946,UBA5946,Unclassified,Public,49.79692848,0.92558,37.28,118.03,78.29,6.43,41.67,818063,7163,1,0.542,taxonomic classification fully defined by topology,Defined,Unclassified public database SGBs,Medium-quality,18,0,0,0,0
SRR23929155.bin.2,8,Soil,MAG,Bacteria,Pseudomonadota,Gammaproteobacteria,Pseudomonadales,Pseudomonadaceae,Pseudomonas_E,Pseudomonas_E putida_Y,Public,94.46881905,N/A,37.28,118.03,98.14,1.2,7.14,5678986,24765,27,0.615,taxonomic classification defined by topology and ANI,Defined,Published genomes,Medium-quality,22,0,0,2,2
SRR23929166.bin.15,14,Soil,MAG,Bacteria,Actinomycetota,Actinomycetes,Mycobacteriales,Mycobacteriaceae,Mycobacterium,Mycobacterium gallinarum,Public,91.92886736,N/A,37.28,118.03,96.16,1.55,87.5,5619815,17568,61,0.659,taxonomic classification defined by topology and ANI,Defined,Published genomes,Medium-quality,22,0,0,1,1
SRR23929179.bin.1,29,Soil,MAG,Bacteria,Actinomycetota,Actinomycetes,Mycobacteriales,Mycobacteriaceae,Rhodococcus,Rhodococcus aetherivorans,Public,99.29868445,N/A,37.28,118.03,99.75,0.61,33.33,5686731,49653,119,0.708,taxonomic classification defined by topology and ANI,Defined,Published genomes,Medium-quality,21,1,0,4,5
SRR23929179.bin.11,6,Soil,MAG,Bacteria,Pseudomonadota,Gammaproteobacteria,Burkholderiales,Burkholderiaceae,Paucimonas,Paucimonas sp003537575,Public,82.69209257,N/A,37.28,118.03,95.36,3.4,61.54,3929102,26095,13,0.599,taxonomic classification defined by topology and ANI,Defined,Published genomes,High-quality,23,1,1,1,3
SRR23929180.bin.14,6,Soil,MAG,Bacteria,Actinomycetota,Actinomycetes,Actinomycetales,Micrococcaceae,Arthrobacter,Unclassified,Public,91.89330301,0.98951,37.28,118.03,95.03,1.22,60,4507583,23505,109,0.655,taxonomic classification defined by topology and ANI,Defined,Unclassified public database SGBs,Medium-quality,22,0,0,0,0
SRR23929181.bin.8,21,Soil,MAG,Bacteria,Pseudomonadota,Gammaproteobacteria,Pseudomonadales,Pseudomonadaceae,Pseudomonas_E,Pseudomonas_E bijieensis,Public,98.14223548,N/A,37.28,118.03,99.22,0.71,0,6607304,69899,2,0.605,taxonomic classification defined by topology and ANI,Defined,Published genomes,Medium-quality,21,0,0,5,5
SRR23929182.bin.1,1,Soil,MAG,Bacteria,Chloroflexota,Limnocylindria,QHBO01,QHBO01,JACDBZ01,JACDBZ01 sp025937535,Public,98.19132687,N/A,37.28,118.03,95.99,0,0,2338322,20867,96,0.699,taxonomic classification defined by topology and ANI,Defined,Published genomes,Medium-quality,22,0,1,1,2
SRR23929191.bin.7,1,Soil,MAG,Bacteria,Chloroflexota,Anaerolineae,Aggregatilineales,Phototrophicaceae,Flexicrinis,Unclassified,Public,76.82560771,0.9695,37.28,118.03,86,2.45,50,4152095,4454,6,0.6,taxonomic classification fully defined by topology,Defined,Unclassified public database SGBs,Medium-quality,20,0,0,1,1
SRR26786791.bin.16,0,Soil,MAG,Bacteria,Patescibacteria,Paceibacteria,UBA9973,PALSA-1337,CAIOGI01,Unclassified,Public,85.74046087,0.95554,38.19077,-123.04106,82.89,0,0,617427,398974,8,0.37,taxonomic classification fully defined by topology,Defined,Unclassified public database SGBs,Medium-quality,23,1,1,1,3
SRR26786791.bin.18,0,Soil,MAG,Bacteria,Patescibacteria,Saccharimonadia,Saccharimonadales,VXPC01,Unclassified,Unclassified,Public,85.08210531,0.7899,38.19077,-123.04106,82.64,0,0,787580,60843,2,0.449,taxonomic novelty determined using RED,Novel,Unclassified public database SGBs,Medium-quality,22,1,2,0,3
SRR26786791.bin.19,0,Soil,MAG,Bacteria,Patescibacteria,Paceibacteria,UBA9973,21-14-all-36-13,21-14-all-36-13,Unclassified,Public,81.63372755,0.85844,38.19077,-123.04106,79.52,0,0,554465,13834,4,0.402,taxonomic novelty determined using RED,Novel,Unclassified public database SGBs,Medium-quality,20,1,1,1,3
SRR26786791.bin.31,0,Soil,MAG,Bacteria,Pseudomonadota,Alphaproteobacteria,JAUHZY01,Unclassified,Unclassified,Unclassified,Public,90.02763582,0.59371,38.19077,-123.04106,98.75,2.15,0,1515699,9495,7,0.477,taxonomic novelty determined using RED,Novel,Unclassified public database SGBs,High-quality,23,1,2,1,4
SRR26786792.bin.16,0,Soil,MAG,Bacteria,Patescibacteria,Paceibacteria,UBA9973,DSPV01,Unclassified,Unclassified,Public,59.10454158,0.8751,38.19077,-123.04106,75.13,3.45,0,830560,22340,1,0.433,taxonomic novelty determined using RED,Novel,Unclassified public database SGBs,Medium-quality,21,2,4,1,7
SRR28842982.bin.10,0,Soil,MAG,Bacteria,Pseudomonadota,Gammaproteobacteria,JAJUFS01,JAJUFS01,JAJUFS01,Unclassified,Public,65.50117399,0.87499,31.9,104.9,86.05,4.63,35.71,1861241,6246,1,0.587,taxonomic novelty determined using RED,Novel,Unclassified public database SGBs,Medium-quality,16,1,0,0,1
SRR28842982.bin.102,2,Soil,MAG,Bacteria,Pseudomonadota,Gammaproteobacteria,Nevskiales,Nevskiaceae,Solimonas,Unclassified,Public,66.45128832,0.96294,31.9,104.9,77.39,2.66,0,2497438,41935,2,0.663,taxonomic classification defined by topology and ANI,Defined,Unclassified public database SGBs,Medium-quality,18,1,0,0,1
SRR28842982.bin.104,0,Soil,MAG,Bacteria,Actinomycetota,Acidimicrobiia,UBA5794,ZC4RG35,Unclassified,Unclassified,Public,88.60343086,0.8348,31.9,104.9,93.16,1.45,33.33,2724654,20907,2,0.658,taxonomic novelty determined using RED,Novel,Unclassified public database SGBs,Medium-quality,22,0,1,1,2
SRR28842982.bin.106,0,Soil,MAG,Bacteria,Pseudomonadota,Gammaproteobacteria,Pseudomonadales,Porticoccaceae,JAGPUQ01,Unclassified,Public,81.58986971,0.98196,31.9,104.9,89.44,2.14,33.33,2437047,14901,2,0.684,taxonomic classification defined by topology and ANI,Defined,Unclassified public database SGBs,Medium-quality,22,1,0,0,1
SRR28842982.bin.107,2,Soil,MAG,Bacteria,Pseudomonadota,Gammaproteobacteria,Halothiobacillales,Halothiobacillaceae,Halothiobacillus,Halothiobacillus sp002282715,Public,96.83957449,N/A,31.9,104.9,95.4,0,0,2098267,60138,1,0.555,taxonomic classification defined by topology and ANI,Defined,Published genomes,High-quality,19,1,2,2,5
SRR28842982.bin.112,1,Soil,MAG,Bacteria,Pseudomonadota,Gammaproteobacteria,Nevskiales,Nevskiaceae,Polycyclovorans,Polycyclovorans sp002706265,Public,69.946309,N/A,31.9,104.9,89.27,4.92,83.87,2577402,15842,1,0.662,taxonomic classification defined by topology and ANI,Defined,Published genomes,Medium-quality,15,2,0,0,2
SRR28842982.bin.114,0,Soil,MAG,Bacteria,Pseudomonadota,Gammaproteobacteria,Steroidobacterales,Steroidobacteraceae,SCUD01,Unclassified,Public,69.47014586,0.96639,31.9,104.9,75.86,1.72,0,1826979,20907,2,0.702,taxonomic classification defined by topology and ANI,Defined,Unclassified public database SGBs,Medium-quality,16,0,0,0,0
SRR28842982.bin.115,4,Soil,MAG,Bacteria,Pseudomonadota,Gammaproteobacteria,Nevskiales,Nevskiaceae,CAU-1509,Unclassified,Public,43.86778615,0.9393,31.9,104.9,75.24,6.58,0,2289609,90276,1,0.661,taxonomic novelty determined using RED,Novel,Unclassified public database SGBs,Medium-quality,19,0,0,0,0
SRR28842982.bin.117,1,Soil,MAG,Bacteria,Gemmatimonadota,Gemmatimonadetes,Gemmatimonadales,GWC2-71-9,Unclassified,Unclassified,Public,79.07675138,0.83425,31.9,104.9,95.6,3.91,20,3176973,24519,2,0.693,taxonomic classification fully defined by topology,Defined,Unclassified public database SGBs,Medium-quality,22,0,1,1,2
SRR28842982.bin.119,3,Soil,MAG,Bacteria,Pseudomonadota,Gammaproteobacteria,Halothiobacillales,Halothiobacillaceae,Halothiobacillus,Unclassified,Public,91.47347044,0.99637,31.9,104.9,92.34,0.67,33.33,2672215,26322,2,0.611,taxonomic classification defined by topology and ANI,Defined,Unclassified public database SGBs,Medium-quality,18,0,0,1,1
SRR28842982.bin.120,1,Soil,MAG,Bacteria,Pseudomonadota,Alphaproteobacteria,Sphingomonadales,Sphingomonadaceae,Qipengyuania,Unclassified,Public,84.08731467,0.98027,31.9,104.9,84.8,0.59,60,2228111,464119,1,0.6,taxonomic classification fully defined by topology,Defined,Unclassified public database SGBs,Medium-quality,21,0,1,1,2
SRR28842982.bin.121,1,Soil,MAG,Bacteria,Actinomycetota,Actinomycetes,Actinomycetales,Microbacteriaceae,Terrimesophilobacter,Unclassified,Public,62.16972892,0.95993,31.9,104.9,75.94,3.15,33.33,2012577,5750,1,0.681,taxonomic classification defined by topology and ANI,Defined,Unclassified public database SGBs,Medium-quality,18,0,1,1,2
SRR28842982.bin.122,1,Soil,MAG,Bacteria,Pseudomonadota,Gammaproteobacteria,Pseudomonadales,Alcanivoracaceae,Alloalcanivorax,Unclassified,Public,79.81836126,0.99398,31.9,104.9,80.25,0.31,50,2601654,6710,1,0.653,taxonomic classification defined by topology and ANI,Defined,Unclassified public database SGBs,Medium-quality,17,0,0,0,0
SRR28842982.bin.126,1,Soil,MAG,Bacteria,Pseudomonadota,Alphaproteobacteria,Ferrovibrionales,Ferrovibrionaceae,Ferrovibrio,Unclassified,Public,59.30222158,0.93195,31.9,104.9,88.24,7.43,84.21,3158763,6469,2,0.655,taxonomic classification defined by topology and ANI,Defined,Unclassified public database SGBs,Medium-quality,17,0,0,0,0
SRR28842982.bin.128,0,Soil,MAG,Bacteria,Eisenbacteria,RBG-16-71-46,JABDJR01,Unclassified,Unclassified,Unclassified,Public,72.25840434,0.54615,31.9,104.9,84.37,3.3,75,3167469,5331,2,0.699,taxonomic novelty determined using RED,Novel,Unclassified public database SGBs,Medium-quality,17,0,1,1,2
SRR28842982.bin.129,2,Soil,MAG,Bacteria,Myxococcota,Polyangia,Haliangiales,Haliangiaceae,JABFXX01,Unclassified,Public,83.66875038,0.94211,31.9,104.9,88.85,1.45,0,6391361,10910,2,0.722,taxonomic classification fully defined by topology,Defined,Unclassified public database SGBs,Medium-quality,22,2,0,0,2
SRR28842982.bin.13,0,Soil,MAG,Bacteria,Actinomycetota,Acidimicrobiia,UBA5794,ZC4RG35,Unclassified,Unclassified,Public,88.09426115,0.87895,31.9,104.9,96.58,2.14,0,2004015,21307,2,0.681,taxonomic classification fully defined by topology,Defined,Unclassified public database SGBs,High-quality,21,1,1,1,3
SRR28842982.bin.17,5,Soil,MAG,Bacteria,Actinomycetota,UBA4738,JAHWKV01,JAHWKV01,JAJCYE01,Unclassified,Public,86.71200424,0.9362,31.9,104.9,88.03,0.85,100,2522313,11588,2,0.68,taxonomic classification fully defined by topology,Defined,Unclassified public database SGBs,Medium-quality,20,0,0,0,0
SRR28842982.bin.18,0,Soil,MAG,Bacteria,Pseudomonadota,Alphaproteobacteria,Caulobacterales,Caulobacteraceae,Brevundimonas,Unclassified,Public,60.71523603,0.98885,31.9,104.9,81.8,5.14,50,2291129,9783,2,0.701,taxonomic classification defined by topology and ANI,Defined,Unclassified public database SGBs,Medium-quality,19,0,0,0,0
SRR28842982.bin.20,3,Soil,MAG,Bacteria,Pseudomonadota,Gammaproteobacteria,Halothiobacillales,Halothiobacillaceae,Halothiobacillus,Unclassified,Public,101.5385905,0.97134,31.9,104.9,99.14,0.04,0,2759009,125078,2,0.595,taxonomic classification defined by topology and ANI,Defined,Unclassified public database SGBs,Medium-quality,21,0,0,2,2
SRR28842982.bin.21,5,Soil,MAG,Bacteria,Pseudomonadota,Gammaproteobacteria,Burkholderiales,Burkholderiaceae,Pusillimonas_C,Pusillimonas_C sp000209655,Public,92.92825943,N/A,31.9,104.9,92.96,0.48,50,2779066,14339,2,0.573,taxonomic classification defined by topology and ANI,Defined,Published genomes,Medium-quality,18,1,0,0,1
SRR28842982.bin.24,0,Soil,MAG,Bacteria,Actinomycetota,Acidimicrobiia,UBA5794,ZC4RG35,Unclassified,Unclassified,Public,77.69015944,0.83635,31.9,104.9,86.13,2.14,0,3039217,26322,2,0.679,taxonomic novelty determined using RED,Novel,Unclassified public database SGBs,Medium-quality,22,1,0,1,2
SRR28842982.bin.32,3,Soil,MAG,Bacteria,Pseudomonadota,Gammaproteobacteria,JAHJQQ01,JAHJQQ01,JAHJQQ01,Unclassified,Public,55.36357086,0.89609,31.9,104.9,84.48,6.27,11.9,3307874,74969,1,0.592,taxonomic classification fully defined by topology,Defined,Unclassified public database SGBs,Medium-quality,18,1,1,1,3
SRR28842982.bin.37,2,Soil,MAG,Bacteria,Acidobacteriota,Polarisedimenticolia,Polarisedimenticolales,JAIQFR01,Unclassified,Unclassified,Public,75.93523888,0.7306,31.9,104.9,94.75,4.39,25,3382826,9451,2,0.706,taxonomic novelty determined using RED,Novel,Unclassified public database SGBs,High-quality,19,1,1,1,3
SRR28842982.bin.39,1,Soil,MAG,Bacteria,Pseudomonadota,Gammaproteobacteria,Xanthomonadales,Xanthomonadaceae,Lysobacter,Unclassified,Public,83.77217255,0.97099,31.9,104.9,92.5,2.4,38.46,3205314,39652,2,0.672,taxonomic classification defined by topology and ANI,Defined,Unclassified public database SGBs,Medium-quality,22,0,1,1,2
SRR28842982.bin.41,1,Soil,MAG,Bacteria,Pseudomonadota,Gammaproteobacteria,DSM-19610,DSM-19610,JAIVHA01,Unclassified,Public,70.23287782,0.98349,31.9,104.9,80.24,2.34,33.33,2384010,5320,1,0.641,taxonomic classification defined by topology and ANI,Defined,Unclassified public database SGBs,Medium-quality,9,0,0,0,0
SRR28842982.bin.43,1,Soil,MAG,Bacteria,Pseudomonadota,Gammaproteobacteria,Xanthomonadales,Xanthomonadaceae,Lysobacter,Unclassified,Public,63.36143196,0.99089,31.9,104.9,79.31,3.45,0,2820424,31832,1,0.719,taxonomic classification defined by topology and ANI,Defined,Unclassified public database SGBs,Medium-quality,19,0,0,0,0
SRR28842982.bin.44,2,Soil,MAG,Bacteria,Pseudomonadota,Alphaproteobacteria,Caulobacterales,Parvularculaceae,CV81,Unclassified,Public,47.82537535,0.94282,31.9,104.9,80.58,6.92,8.57,2498501,25390,1,0.658,taxonomic classification fully defined by topology,Defined,Unclassified public database SGBs,Medium-quality,15,0,0,0,0
SRR28842982.bin.58,4,Soil,MAG,Bacteria,Pseudomonadota,Gammaproteobacteria,Burkholderiales,Thiobacillaceae,Unclassified,Unclassified,Public,62.54608769,0.86011,31.9,104.9,77.05,3.46,50,1832326,10769,1,0.574,taxonomic novelty determined using RED,Novel,Unclassified public database SGBs,Medium-quality,17,0,0,0,0
SRR28842982.bin.6,11,Soil,MAG,Bacteria,Pseudomonadota,Gammaproteobacteria,Acidiferrobacterales,Sulfurifustaceae,Unclassified,Unclassified,Public,40.92966226,0.84703,31.9,104.9,81.12,9.28,56,2877830,8428,1,0.639,taxonomic classification fully defined by topology,Defined,Unclassified public database SGBs,Medium-quality,19,0,1,1,2
SRR28842982.bin.60,0,Soil,MAG,Bacteria,Gemmatimonadota,Gemmatimonadetes,Gemmatimonadales,GWC2-71-9,Palsa-1233,Unclassified,Public,66.4542006,0.97717,31.9,104.9,95.2,6.59,28.57,2857938,34904,2,0.708,taxonomic classification defined by topology and ANI,Defined,Unclassified public database SGBs,Medium-quality,22,1,0,0,1
SRR28842982.bin.64,1,Soil,MAG,Bacteria,Gemmatimonadota,Gemmatimonadetes,Gemmatimonadales,Gemmatimonadaceae,UBA4720,Unclassified,Public,66.3386333,0.94675,31.9,104.9,96.7,6.66,25,2939124,28007,1,0.646,taxonomic classification fully defined by topology,Defined,Unclassified public database SGBs,Medium-quality,17,1,1,1,3
SRR28842982.bin.70,1,Soil,MAG,Bacteria,Pseudomonadota,Alphaproteobacteria,Sphingomonadales,Sphingomonadaceae,Qipengyuania,Unclassified,Public,64.73249162,0.97643,31.9,104.9,95.34,7.16,50,2778518,133347,1,0.628,taxonomic classification defined by topology and ANI,Defined,Unclassified public database SGBs,Medium-quality,23,1,1,1,3
SRR28842982.bin.77,2,Soil,MAG,Bacteria,Pseudomonadota,Alphaproteobacteria,Sphingomonadales,Sphingomonadaceae,Erythrobacter,Unclassified,Public,88.57889825,0.98482,31.9,104.9,95.25,1.93,27.27,2654742,63852,2,0.631,taxonomic classification defined by topology and ANI,Defined,Unclassified public database SGBs,High-quality,23,1,1,1,3
SRR28842982.bin.8,3,Soil,MAG,Bacteria,Actinomycetota,Acidimicrobiia,Acidimicrobiales,Ilumatobacteraceae,Ilumatobacter,Unclassified,Public,50.95753448,0.9078,31.9,104.9,78.65,6.41,50,3132834,16035,1,0.699,taxonomic classification fully defined by topology,Defined,Unclassified public database SGBs,Medium-quality,22,0,0,0,0
SRR28842982.bin.83,0,Soil,MAG,Bacteria,Actinomycetota,Thermoleophilia,Gaiellales,Gaiellaceae,Gaiellasilicea,Unclassified,Public,72.33032831,0.93784,31.9,104.9,91.41,4.38,14.29,2660128,19447,2,0.722,taxonomic classification defined by topology and ANI,Defined,Unclassified public database SGBs,High-quality,25,1,2,1,4
SRR28842982.bin.86,2,Soil,MAG,Bacteria,Pseudomonadota,Gammaproteobacteria,Acidiferrobacterales,UBA6901,UBA6901,Unclassified,Public,83.31710077,0.85237,31.9,104.9,93.09,2.64,42.86,2076577,30988,2,0.627,taxonomic novelty determined using RED,Novel,Unclassified public database SGBs,Medium-quality,20,1,0,0,1
SRR28842982.bin.90,1,Soil,MAG,Bacteria,Pseudomonadota,Gammaproteobacteria,Burkholderiales,Burkholderiaceae,Hydrogenophaga,Hydrogenophaga intermedia_A,Public,64.23576354,N/A,31.9,104.9,80.76,4.41,81.25,2803258,6516,4,0.684,taxonomic classification defined by topology and ANI,Defined,Published genomes,Medium-quality,16,1,0,0,1
SRR28842982.bin.92,4,Soil,MAG,Bacteria,Pseudomonadota,Alphaproteobacteria,Sphingomonadales,Sphingomonadaceae,Allosphingosinicella,Unclassified,Public,78.03671155,0.94188,31.9,104.9,91.3,3.37,36.84,2814083,38941,2,0.666,taxonomic classification fully defined by topology,Defined,Unclassified public database SGBs,High-quality,22,1,1,1,3
SRR28842982.bin.96,0,Soil,MAG,Bacteria,Pseudomonadota,Gammaproteobacteria,Pseudomonadales,Porticoccaceae,Unclassified,Unclassified,Public,70.77998645,0.84304,31.9,104.9,89.26,4.01,5.56,2643294,39270,1,0.648,taxonomic novelty determined using RED,Novel,Unclassified public database SGBs,Medium-quality,21,1,0,1,2
SRR28842982.bin.97,0,Soil,MAG,Bacteria,Pseudomonadota,Gammaproteobacteria,JAIVGZ01,JAIVGZ01,Unclassified,Unclassified,Public,65.22145176,0.81601,31.9,104.9,78.09,3.45,100,2209230,5793,1,0.701,taxonomic novelty determined using RED,Novel,Unclassified public database SGBs,Medium-quality,19,1,0,0,1
SRR28842986.bin.1,0,Soil,MAG,Bacteria,Pseudomonadota,Gammaproteobacteria,Burkholderiales,Burkholderiaceae,Acidovorax,Acidovorax sp000238595,Public,52.56724599,N/A,31.9,104.9,81.42,6.72,55.26,3554309,9280,1,0.653,taxonomic classification defined by topology and ANI,Defined,Published genomes,Medium-quality,20,0,0,1,1
SRR28842986.bin.14,1,Soil,MAG,Bacteria,Actinomycetota,Actinomycetes,Actinomycetales,Microbacteriaceae,Agrococcus,Agrococcus sediminis,Public,65.33923679,N/A,31.9,104.9,85.97,4.6,27.78,2051644,12098,1,0.735,taxonomic classification defined by topology and ANI,Defined,Published genomes,Medium-quality,22,1,0,1,2
SRR28842986.bin.16,4,Soil,MAG,Bacteria,Pseudomonadota,Alphaproteobacteria,UBA11222,Unclassified,Unclassified,Unclassified,Public,85.38866868,0.69256,31.9,104.9,90.28,1.46,28.57,2847430,7640,2,0.684,taxonomic novelty determined using RED,Novel,Unclassified public database SGBs,Medium-quality,20,0,0,0,0
SRR28842986.bin.17,0,Soil,MAG,Bacteria,Pseudomonadota,Alphaproteobacteria,Caulobacterales,Caulobacteraceae,Phenylobacterium,Phenylobacterium sp002441055,Public,90.79545756,N/A,31.9,104.9,97.4,1.97,44.44,3025369,44145,6,0.673,taxonomic classification defined by topology and ANI,Defined,Published genomes,Medium-quality,20,0,0,0,0
SRR28842986.bin.18,2,Soil,MAG,Bacteria,Pseudomonadota,Alphaproteobacteria,Rhodobacterales,Rhodobacteraceae,Tabrizicola,Unclassified,Public,84.26387657,0.99589,31.9,104.9,91.83,2.05,20,3437902,28425,4,0.672,taxonomic classification defined by topology and ANI,Defined,Unclassified public database SGBs,Medium-quality,20,0,0,0,0
SRR28842986.bin.2,3,Soil,MAG,Bacteria,Pseudomonadota,Gammaproteobacteria,Pseudomonadales,Pseudomonadaceae,Pseudomonas_E,Pseudomonas_E alcaliphila_B,Public,71.22730902,N/A,31.9,104.9,82.71,3.25,82.14,3980196,12460,2,0.632,taxonomic classification defined by topology and ANI,Defined,Published genomes,Medium-quality,12,0,0,3,3
SRR28842986.bin.24,1,Soil,MAG,Bacteria,Pseudomonadota,Alphaproteobacteria,Sphingomonadales,Sphingomonadaceae,34-65-8,34-65-8 sp002278985,Public,87.63064248,N/A,31.9,104.9,94.4,1.88,11.11,2632983,55405,2,0.654,taxonomic classification defined by topology and ANI,Defined,Published genomes,High-quality,23,1,1,1,3
SRR28842986.bin.34,1,Soil,MAG,Bacteria,Actinomycetota,Actinomycetes,Actinomycetales,Microbacteriaceae,Microcella,Microcella sp005502445,Public,66.17136794,N/A,31.9,104.9,75.57,2.69,75,1926522,9956,3,0.709,taxonomic classification defined by topology and ANI,Defined,Published genomes,Medium-quality,21,0,0,0,0
SRR28842986.bin.46,1,Soil,MAG,Bacteria,Actinomycetota,Acidimicrobiia,Acidimicrobiales,JACDCH01,UBA9382,Unclassified,Public,62.2150678,0.9779,31.9,104.9,82.48,4.56,33.33,3311443,8520,1,0.733,taxonomic classification defined by topology and ANI,Defined,Unclassified public database SGBs,Medium-quality,20,0,0,0,0
SRR28842986.bin.56,5,Soil,MAG,Bacteria,Pseudomonadota,Gammaproteobacteria,Xanthomonadales,Xanthomonadaceae,Aquimonas,Unclassified,Public,53.71322502,0.96853,31.9,104.9,79.93,5.95,42.86,4331284,7347,1,0.688,taxonomic classification defined by topology and ANI,Defined,Unclassified public database SGBs,Medium-quality,18,0,0,0,0
SRR28842986.bin.58,3,Soil,MAG,Bacteria,Actinomycetota,Actinomycetes,Mycobacteriales,Mycobacteriaceae,Dietzia,Dietzia maris,Public,86.96802195,N/A,31.9,104.9,90.1,1.18,50,3086846,18032,2,0.71,taxonomic classification defined by topology and ANI,Defined,Published genomes,Medium-quality,25,0,0,1,1
SRR28842986.bin.66,1,Soil,MAG,Bacteria,Pseudomonadota,Gammaproteobacteria,Burkholderiales,Thiobacillaceae,UBA6918,UBA6918 sp021847835,Public,52.2450963,N/A,31.9,104.9,78.39,6,24,2160931,53727,2,0.637,taxonomic classification defined by topology and ANI,Defined,Published genomes,Medium-quality,21,0,0,2,2
SRR28842987.bin.103,3,Soil,MAG,Bacteria,Desulfobacterota,Desulfobulbia,Desulfobulbales,Desulfurivibrionaceae,Thiovibrio,Unclassified,Public,82.02721429,0.98966,31.9,104.9,80.7,0,0,2030710,35845,1,0.558,taxonomic classification defined by topology and ANI,Defined,Unclassified public database SGBs,Medium-quality,22,1,1,1,3
SRR28842987.bin.104,0,Soil,MAG,Bacteria,Pseudomonadota,Gammaproteobacteria,Xanthomonadales,Xanthomonadaceae,Silanimonas,Silanimonas sp018333835,Public,61.90072752,N/A,31.9,104.9,81.55,4.62,29.63,1936083,11915,3,0.722,taxonomic classification defined by topology and ANI,Defined,Published genomes,Medium-quality,18,1,0,1,2
SRR28842987.bin.106,1,Soil,MAG,Bacteria,Pseudomonadota,Gammaproteobacteria,Burkholderiales,Gallionellaceae,Gallionella,Unclassified,Public,81.66153594,0.8926,31.9,104.9,82.33,0.4,50,2225557,14557,1,0.579,taxonomic classification fully defined by topology,Defined,Unclassified public database SGBs,Medium-quality,20,1,0,0,1
SRR28842987.bin.108,2,Soil,MAG,Bacteria,Pseudomonadota,Alphaproteobacteria,Rhizobiales,Stappiaceae,Pannonibacter,Pannonibacter sp026672425,Public,38.16393885,N/A,31.9,104.9,76.04,7.76,0,4005460,5596,1,0.643,taxonomic classification defined by topology and ANI,Defined,Published genomes,Medium-quality,17,0,0,0,0
SRR28842987.bin.22,3,Soil,MAG,Bacteria,Pseudomonadota,Alphaproteobacteria,Rhodobacterales,Rhodobacteraceae,Tabrizicola,Tabrizicola sp013824055,Public,76.73787904,N/A,31.9,104.9,90.42,3.41,33.33,3280141,23049,2,0.671,taxonomic classification defined by topology and ANI,Defined,Published genomes,Medium-quality,19,0,0,0,0
SRR28842987.bin.35,1,Soil,MAG,Bacteria,Pseudomonadota,Alphaproteobacteria,Sphingomonadales,Sphingomonadaceae,Sphingorhabdus_B,Unclassified,Public,96.56346659,0.99057,31.9,104.9,97.87,0.84,60,2597199,48592,6,0.592,taxonomic classification defined by topology and ANI,Defined,Unclassified public database SGBs,High-quality,22,1,1,1,3
SRR28842987.bin.42,1,Soil,MAG,Bacteria,Actinomycetota,Actinomycetes,Actinomycetales,Dermatophilaceae,Ornithinimicrobium,Ornithinimicrobium kibberense,Public,77.92699321,N/A,31.9,104.9,86.61,2.46,60,2633582,15205,2,0.74,taxonomic classification defined by topology and ANI,Defined,Published genomes,Medium-quality,24,1,0,1,2
SRR28842987.bin.43,2,Soil,MAG,Bacteria,Pseudomonadota,Gammaproteobacteria,Xanthomonadales,Xanthomonadaceae,Pseudomarimonas,Unclassified,Public,85.44831644,0.95128,31.9,104.9,96.17,2.68,4.55,3388984,102980,2,0.688,taxonomic classification defined by topology and ANI,Defined,Unclassified public database SGBs,Medium-quality,18,0,1,1,2
SRR28842987.bin.47,1,Soil,MAG,Bacteria,Pseudomonadota,Gammaproteobacteria,JAHJQQ01,JAHJQQ01,JAHJQQ01,Unclassified,Public,80.45492756,0.89931,31.9,104.9,79.31,0,0,2548604,15483,1,0.672,taxonomic classification fully defined by topology,Defined,Unclassified public database SGBs,Medium-quality,19,1,1,1,3
SRR28842987.bin.48,2,Soil,MAG,Bacteria,Pseudomonadota,Gammaproteobacteria,Burkholderiales,Rhodocyclaceae,Pseudazoarcus,Unclassified,Public,75.22746051,0.90514,31.9,104.9,84.65,2.19,11.11,3514477,29397,1,0.689,taxonomic novelty determined using RED,Novel,Unclassified public database SGBs,Medium-quality,19,0,0,0,0
SRR28842987.bin.50,1,Soil,MAG,Bacteria,Acidobacteriota,Thermoanaerobaculia,Gp7-AA8,Gp7-AA8,Unclassified,Unclassified,Public,53.28374458,0.74785,31.9,104.9,80.09,5.7,12.5,3546353,7286,1,0.651,taxonomic classification fully defined by topology,Defined,Unclassified public database SGBs,Medium-quality,15,0,0,0,0
SRR28842987.bin.52,0,Soil,MAG,Bacteria,Pseudomonadota,Alphaproteobacteria,Sphingomonadales,Sphingomonadaceae,Qipengyuania,Qipengyuania huizhouensis,Public,64.16827481,N/A,31.9,104.9,78.05,3.6,57.14,2299488,10531,2,0.61,taxonomic classification defined by topology and ANI,Defined,Published genomes,Medium-quality,23,0,0,1,1
SRR28842987.bin.53,0,Soil,MAG,Bacteria,Pseudomonadota,Gammaproteobacteria,Burkholderiales,Burkholderiaceae,Diaphorobacter,Diaphorobacter nitroreducens,Public,70.61160337,N/A,31.9,104.9,87.87,4.01,41.94,3231187,13171,1,0.674,taxonomic classification defined by topology and ANI,Defined,Published genomes,Medium-quality,16,2,0,1,3
SRR28842987.bin.54,0,Soil,MAG,Bacteria,Pseudomonadota,Gammaproteobacteria,Burkholderiales,Burkholderiaceae,Aquabacterium,Aquabacterium sp017989885,Public,80.35116101,N/A,31.9,104.9,94.24,3.57,50,2922698,18442,3,0.653,taxonomic classification defined by topology and ANI,Defined,Published genomes,Medium-quality,22,0,0,0,0
SRR28842987.bin.55,3,Soil,MAG,Bacteria,Pseudomonadota,Gammaproteobacteria,Burkholderiales,Burkholderiaceae,Limnohabitans_A,Unclassified,Public,60.36802197,0.99731,31.9,104.9,79.45,4.5,57.69,2171734,3499,1,0.604,taxonomic classification defined by topology and ANI,Defined,Unclassified public database SGBs,Medium-quality,19,0,0,0,0
SRR28842987.bin.59,2,Soil,MAG,Bacteria,Pseudomonadota,Alphaproteobacteria,Sphingomonadales,Sphingomonadaceae,Novosphingobium,Unclassified,Public,67.96629417,0.9899,31.9,104.9,77.26,2.25,46.15,2147833,5443,1,0.653,taxonomic classification defined by topology and ANI,Defined,Unclassified public database SGBs,Medium-quality,20,0,0,0,0
SRR28842987.bin.61,1,Soil,MAG,Bacteria,Pseudomonadota,Alphaproteobacteria,Rhodobacterales,Rhodobacteraceae,EhC02,EhC02 sp002282555,Public,89.81166633,N/A,31.9,104.9,93.7,1.32,11.11,3511505,107159,2,0.628,taxonomic classification defined by topology and ANI,Defined,Published genomes,Medium-quality,22,0,0,0,0
SRR28842987.bin.62,4,Soil,MAG,Bacteria,Elusimicrobiota,Elusimicrobia,Elusimicrobiales,UBA9959,UBA2231,Unclassified,Public,87.03346851,0.98433,31.9,104.9,92.32,1.69,50,2416144,34430,2,0.652,taxonomic classification defined by topology and ANI,Defined,Unclassified public database SGBs,Medium-quality,22,0,0,0,0
SRR28842987.bin.64,0,Soil,MAG,Bacteria,Actinomycetota,Actinomycetes,Actinomycetales,Dermatophilaceae,Marihabitans,Unclassified,Public,62.34860844,0.98295,31.9,104.9,93.78,7,20,2558553,17267,2,0.716,taxonomic classification defined by topology and ANI,Defined,Unclassified public database SGBs,Medium-quality,23,0,1,1,2
SRR28842987.bin.66,2,Soil,MAG,Bacteria,Pseudomonadota,Gammaproteobacteria,Burkholderiales,Thiobacillaceae,PFJX01,Unclassified,Public,88.7487311,0.95343,31.9,104.9,92.17,1.14,0,2447258,29005,4,0.685,taxonomic classification fully defined by topology,Defined,Unclassified public database SGBs,Medium-quality,20,0,0,0,0
SRR28842987.bin.68,3,Soil,MAG,Bacteria,Gemmatimonadota,Gemmatimonadetes,Longimicrobiales,UBA6960,SZUA-318,Unclassified,Public,74.73245022,0.8675,31.9,104.9,89.29,3.3,0,3628583,6094,2,0.709,taxonomic classification fully defined by topology,Defined,Unclassified public database SGBs,Medium-quality,16,0,0,2,2
SRR28842987.bin.77,1,Soil,MAG,Bacteria,Pseudomonadota,Alphaproteobacteria,Sphingomonadales,Sphingomonadaceae,Novosphingobium,Unclassified,Public,100.4395665,0.99306,31.9,104.9,98.98,0.22,0,2708062,104504,2,0.655,taxonomic classification defined by topology and ANI,Defined,Unclassified public database SGBs,High-quality,22,1,1,1,3
SRR28842987.bin.79,0,Soil,MAG,Bacteria,Pseudomonadota,Gammaproteobacteria,Burkholderiales,Burkholderiaceae,Giesbergeria,Unclassified,Public,62.17770649,0.94943,31.9,104.9,87.12,5.77,27.59,2880180,34109,2,0.643,taxonomic classification defined by topology and ANI,Defined,Unclassified public database SGBs,Medium-quality,22,0,0,3,3
SRR28842987.bin.80,0,Soil,MAG,Bacteria,Pseudomonadota,Alphaproteobacteria,Rhodobacterales,Rhodobacteraceae,Paracoccus,Unclassified,Public,72.31161497,0.99386,31.9,104.9,83.54,2.91,45.83,2359962,8196,6,0.683,taxonomic classification defined by topology and ANI,Defined,Unclassified public database SGBs,Medium-quality,20,0,0,0,0
SRR28842987.bin.81,0,Soil,MAG,Bacteria,Pseudomonadota,Gammaproteobacteria,Pseudomonadales,Porticoccaceae,BRH-c0,Unclassified,Public,86.68462756,0.94392,31.9,104.9,93.73,2.1,57.14,3019595,25667,2,0.67,taxonomic classification fully defined by topology,Defined,Unclassified public database SGBs,Medium-quality,20,0,0,1,1
SRR28842987.bin.84,1,Soil,MAG,Bacteria,Pseudomonadota,Gammaproteobacteria,Thiomicrospirales,Thiomicrospiraceae,GCA-002282575,GCA-002282575 sp002281095,Public,86.50285585,N/A,31.9,104.9,84.38,0,0,1447460,14357,4,0.462,taxonomic classification defined by topology and ANI,Defined,Published genomes,Medium-quality,20,0,0,2,2
SRR28842987.bin.85,2,Soil,MAG,Bacteria,Pseudomonadota,Alphaproteobacteria,Rhodobacterales,Rhodobacteraceae,Paracoccus,Unclassified,Public,62.00131376,0.99751,31.9,104.9,75.53,3.51,57.89,2261427,7564,2,0.691,taxonomic classification defined by topology and ANI,Defined,Unclassified public database SGBs,Medium-quality,19,0,0,0,0
SRR28842987.bin.87,2,Soil,MAG,Bacteria,Pseudomonadota,Gammaproteobacteria,Xanthomonadales,Xanthomonadaceae,UBA11164,Unclassified,Public,84.22377388,0.92837,31.9,104.9,95.3,2.76,6.25,3229068,101329,4,0.661,taxonomic novelty determined using RED,Novel,Unclassified public database SGBs,Medium-quality,20,0,1,1,2
SRR28842987.bin.89,0,Soil,MAG,Bacteria,Pseudomonadota,Gammaproteobacteria,Burkholderiales,Burkholderiaceae,Quisquiliibacterium,Unclassified,Public,63.7366114,0.96524,31.9,104.9,87.11,5.24,30,3706269,25658,1,0.71,taxonomic classification defined by topology and ANI,Defined,Unclassified public database SGBs,Medium-quality,19,0,0,1,1
SRR28842987.bin.90,2,Soil,MAG,Bacteria,Chloroflexota,Anaerolineae,Anaerolineales,Villigracilaceae,Villigracilis,Unclassified,Public,69.11710813,0.97379,31.9,104.9,79.08,2.15,0,2956291,2980,1,0.567,taxonomic classification fully defined by topology,Defined,Unclassified public database SGBs,Medium-quality,18,0,0,0,0
SRR28842987.bin.94,1,Soil,MAG,Bacteria,Actinomycetota,Thermoleophilia,Miltoncostaeales,Miltoncostaeaceae,Unclassified,Unclassified,Public,73.83653602,0.83692,31.9,104.9,86.21,3.02,20,2046649,13966,2,0.731,taxonomic novelty determined using RED,Novel,Unclassified public database SGBs,Medium-quality,22,0,1,1,2
SRR28842987.bin.99,0,Soil,MAG,Bacteria,Pseudomonadota,Alphaproteobacteria,Caulobacterales,Caulobacteraceae,Brevundimonas,Brevundimonas sp937870815,Public,70.40354636,N/A,31.9,104.9,80.77,3,85.71,2187914,11098,5,0.709,taxonomic classification defined by topology and ANI,Defined,Published genomes,Medium-quality,21,1,0,0,1
SRR28842988.bin.100,1,Soil,MAG,Bacteria,Pseudomonadota,Alphaproteobacteria,Sphingomonadales,Sphingomonadaceae,Sphingomicrobium,Unclassified,Public,48.10914305,0.95831,31.9,104.9,78.82,6.87,38.1,1887596,8777,1,0.687,taxonomic classification fully defined by topology,Defined,Unclassified public database SGBs,Medium-quality,16,0,0,1,1
SRR28842988.bin.102,2,Soil,MAG,Bacteria,Pseudomonadota,Gammaproteobacteria,JAADHS01,JAADHS01,Unclassified,Unclassified,Public,59.98715853,0.80637,31.9,104.9,91.38,6.55,0,4495282,41145,1,0.596,taxonomic novelty determined using RED,Novel,Unclassified public database SGBs,Medium-quality,22,0,0,0,0
SRR28842988.bin.113,3,Soil,MAG,Bacteria,Pseudomonadota,Gammaproteobacteria,Burkholderiales,Usitatibacteraceae,Usitatibacter,Unclassified,Public,60.57985717,0.91525,31.9,104.9,78.95,4.32,53.57,3354049,5386,1,0.704,taxonomic classification fully defined by topology,Defined,Unclassified public database SGBs,Medium-quality,13,0,0,0,0
SRR28842988.bin.118,4,Soil,MAG,Bacteria,Pseudomonadota,Gammaproteobacteria,Burkholderiales,Unclassified,Unclassified,Unclassified,Public,91.51666264,0.76251,31.9,104.9,96.45,1.49,0,3168468,85768,2,0.595,taxonomic classification fully defined by topology,Defined,Unclassified public database SGBs,Medium-quality,22,2,0,2,4
SRR28842988.bin.119,0,Soil,MAG,Bacteria,Actinomycetota,Actinomycetes,Propionibacteriales,Nocardioidaceae,Nocardioides,Unclassified,Public,81.36328486,0.94897,31.9,104.9,90.29,2.5,54.55,2924912,21338,3,0.741,taxonomic classification defined by topology and ANI,Defined,Unclassified public database SGBs,High-quality,22,2,1,3,6
SRR28842988.bin.12,5,Soil,MAG,Bacteria,Pseudomonadota,Gammaproteobacteria,Burkholderiales,Thiobacillaceae,Unclassified,Unclassified,Public,77.02767516,0.88495,31.9,104.9,95.73,4.22,0,3648123,49585,2,0.665,taxonomic classification fully defined by topology,Defined,Unclassified public database SGBs,Medium-quality,23,0,0,1,1
SRR28842988.bin.120,5,Soil,MAG,Bacteria,Myxococcota,Polyangia,Haliangiales,Haliangiaceae,JABFXX01,Unclassified,Public,78.92982972,0.95823,31.9,104.9,92.31,3.25,16.67,8597652,35984,2,0.682,taxonomic classification fully defined by topology,Defined,Unclassified public database SGBs,Medium-quality,23,1,0,0,1
SRR28842988.bin.122,6,Soil,MAG,Bacteria,Nitrospirota,Nitrospiria,Nitrospirales,Nitrospiraceae,Nitrospira_C,Nitrospira_C sp002420105,Public,78.64035239,N/A,31.9,104.9,76.32,0,0,2863690,34730,2,0.632,taxonomic classification defined by topology and ANI,Defined,Published genomes,Medium-quality,19,0,0,0,0
SRR28842988.bin.124,5,Soil,MAG,Bacteria,Actinomycetota,Actinomycetes,Propionibacteriales,Nocardioidaceae,Nocardioides,Unclassified,Public,50.65123198,0.97545,31.9,104.9,93.63,9.67,30.3,2822668,60596,2,0.714,taxonomic classification defined by topology and ANI,Defined,Unclassified public database SGBs,Medium-quality,22,1,0,4,5
SRR28842988.bin.130,2,Soil,MAG,Bacteria,Pseudomonadota,Alphaproteobacteria,Micropepsales,Micropepsaceae,JACADY01,Unclassified,Public,80.64231554,0.96452,31.9,104.9,91.67,3.19,91.67,2388668,7872,2,0.636,taxonomic classification defined by topology and ANI,Defined,Unclassified public database SGBs,Medium-quality,17,0,0,1,1
SRR28842988.bin.136,2,Soil,MAG,Bacteria,Pseudomonadota,Gammaproteobacteria,Acidiferrobacterales,Acidiferrobacteraceae,Unclassified,Unclassified,Public,48.83549529,0.76937,31.9,104.9,85.92,8.23,36.84,2000776,9271,1,0.632,taxonomic novelty determined using RED,Novel,Unclassified public database SGBs,Medium-quality,19,0,0,0,0
SRR28842988.bin.139,17,Soil,MAG,Bacteria,Pseudomonadota,Gammaproteobacteria,Burkholderiales,Burkholderiaceae,Burkholderia,Burkholderia contaminans,Public,98.15506132,N/A,31.9,104.9,96.37,0.18,50,7969168,123127,4,0.666,taxonomic classification defined by topology and ANI,Defined,Published genomes,Medium-quality,22,0,2,2,4
SRR28842988.bin.147,1,Soil,MAG,Bacteria,Pseudomonadota,Alphaproteobacteria,Caulobacterales,TH1-2,Vitreimonas,Unclassified,Public,93.43433175,0.97941,31.9,104.9,95.02,0.81,0,3017480,67569,4,0.655,taxonomic classification defined by topology and ANI,Defined,Unclassified public database SGBs,Medium-quality,22,0,1,1,2
SRR28842988.bin.16,3,Soil,MAG,Bacteria,Actinomycetota,Acidimicrobiia,Acidimicrobiales,JACDCH01,UBA9382,Unclassified,Public,55.56159034,0.9488,31.9,104.9,76.37,5.13,50,2907243,28391,2,0.731,taxonomic classification defined by topology and ANI,Defined,Unclassified public database SGBs,Medium-quality,20,1,0,0,1
SRR28842988.bin.28,0,Soil,MAG,Bacteria,Pseudomonadota,Alphaproteobacteria,Caulobacterales,TH1-2,Vitreimonas,Unclassified,Public,70.385934,0.94265,31.9,104.9,82.7,2.8,7.14,2548401,74478,1,0.67,taxonomic classification fully defined by topology,Defined,Unclassified public database SGBs,Medium-quality,14,1,0,0,1
SRR28842988.bin.3,2,Soil,MAG,Bacteria,Pseudomonadota,Gammaproteobacteria,Burkholderiales,REEB80,Unclassified,Unclassified,Public,82.87318903,0.72323,31.9,104.9,89.11,1.9,50,2229246,33603,2,0.6,taxonomic novelty determined using RED,Novel,Unclassified public database SGBs,Medium-quality,20,0,0,2,2
SRR28842988.bin.30,5,Soil,MAG,Bacteria,Nitrospirota,Nitrospiria,Nitrospirales,Nitrospiraceae,Nitrospira_D,Unclassified,Public,57.35780212,0.90341,31.9,104.9,86.76,6.36,0,3253260,49614,2,0.603,taxonomic classification fully defined by topology,Defined,Unclassified public database SGBs,Medium-quality,21,0,0,0,0
SRR28842988.bin.34,9,Soil,MAG,Bacteria,Pseudomonadota,Gammaproteobacteria,JAHJQQ01,JAHJQQ01,JAHJQQ01,Unclassified,Public,51.7789016,0.90343,31.9,104.9,89.89,8.41,33.33,3201244,14849,1,0.658,taxonomic classification fully defined by topology,Defined,Unclassified public database SGBs,Medium-quality,21,1,0,1,2
SRR28842988.bin.36,8,Soil,MAG,Bacteria,Pseudomonadota,Alphaproteobacteria,Acetobacterales,Acetobacteraceae,Neoroseomonas,Unclassified,Public,69.14523845,0.99209,31.9,104.9,80.15,2.4,0,3891630,7771,1,0.722,taxonomic classification defined by topology and ANI,Defined,Unclassified public database SGBs,Medium-quality,15,0,0,0,0
SRR28842988.bin.4,1,Soil,MAG,Bacteria,Gemmatimonadota,Gemmatimonadetes,Gemmatimonadales,GWC2-71-9,SZUA-320,Unclassified,Public,81.82660973,0.88683,31.9,104.9,91.21,2.3,0,3112208,13590,2,0.702,taxonomic novelty determined using RED,Novel,Unclassified public database SGBs,Medium-quality,20,0,1,1,2
SRR28842988.bin.43,0,Soil,MAG,Bacteria,Pseudomonadota,Alphaproteobacteria,Caulobacterales,Caulobacteraceae,Unclassified,Unclassified,Public,69.62988328,0.88038,31.9,104.9,77.57,2.09,30,1835932,4632,2,0.692,taxonomic novelty determined using RED,Novel,Unclassified public database SGBs,Medium-quality,14,0,0,0,0
SRR28842988.bin.46,0,Soil,MAG,Bacteria,Actinomycetota,Actinomycetes,Propionibacteriales,Nocardioidaceae,Nocardioides_C,Unclassified,Public,80.12760331,0.92766,31.9,104.9,89.79,2.7,57.14,2852642,31406,5,0.723,taxonomic classification defined by topology and ANI,Defined,Unclassified public database SGBs,Medium-quality,18,0,1,1,2
SRR28842988.bin.48,0,Soil,MAG,Bacteria,Acidobacteriota,Thermoanaerobaculia,Gp7-AA8,Gp7-AA8,Unclassified,Unclassified,Public,90.1698764,0.75467,31.9,104.9,96.58,1.71,0,3980791,15127,2,0.616,taxonomic classification fully defined by topology,Defined,Unclassified public database SGBs,Medium-quality,23,0,0,1,1
SRR28842988.bin.56,1,Soil,MAG,Bacteria,Pseudomonadota,Gammaproteobacteria,Burkholderiales,Burkholderiaceae,Hydrogenophaga,Hydrogenophaga sp021166755,Public,84.6562472,N/A,31.9,104.9,92.48,2.22,50,3177143,17728,7,0.654,taxonomic classification defined by topology and ANI,Defined,Published genomes,Medium-quality,22,0,0,0,0
SRR28842988.bin.7,0,Soil,MAG,Bacteria,Pseudomonadota,Gammaproteobacteria,Burkholderiales,REEB80,Unclassified,Unclassified,Public,77.54558431,0.72143,31.9,104.9,94.51,4.15,30.77,2454393,82653,2,0.597,taxonomic novelty determined using RED,Novel,Unclassified public database SGBs,Medium-quality,21,0,0,2,2
SRR28842988.bin.74,8,Soil,MAG,Bacteria,Bacteroidota,Rhodothermia,Balneolales,HLUCCA01,UBA11400,Unclassified,Public,88.13145047,0.90397,31.9,104.9,92.26,1.52,85.71,2892892,17511,2,0.441,taxonomic novelty determined using RED,Novel,Unclassified public database SGBs,Medium-quality,22,0,1,1,2
SRR28842988.bin.77,1,Soil,MAG,Bacteria,Pseudomonadota,Alphaproteobacteria,Caulobacterales,Caulobacteraceae,Brevundimonas,Unclassified,Public,88.4099995,0.97267,31.9,104.9,95.29,2.03,44.44,2729640,43225,2,0.682,taxonomic classification defined by topology and ANI,Defined,Unclassified public database SGBs,Medium-quality,21,1,0,0,1
SRR28842988.bin.81,1,Soil,MAG,Bacteria,Pseudomonadota,Alphaproteobacteria,Sphingomonadales,Sphingomonadaceae,Sphingomicrobium,Unclassified,Public,61.71759527,0.96938,31.9,104.9,76.76,3.55,36.36,1741185,54154,1,0.671,taxonomic classification defined by topology and ANI,Defined,Unclassified public database SGBs,Medium-quality,20,0,1,1,2
SRR28842988.bin.83,3,Soil,MAG,Bacteria,Pseudomonadota,Alphaproteobacteria,Sphingomonadales,Sphingomonadaceae,Tsuneonella,Unclassified,Public,55.98047902,0.9808,31.9,104.9,90.42,7.6,32.69,2455925,11274,1,0.695,taxonomic classification defined by topology and ANI,Defined,Unclassified public database SGBs,Medium-quality,22,0,0,0,0
SRR28842988.bin.84,23,Soil,MAG,Bacteria,Acidobacteriota,Thermoanaerobaculia,Gp7-AA8,Gp7-AA8,QHVT01,Unclassified,Public,65.50292218,0.94357,31.9,104.9,94.87,6.84,37.5,5512138,27280,2,0.665,taxonomic classification fully defined by topology,Defined,Unclassified public database SGBs,Medium-quality,20,0,0,0,0
SRR28842988.bin.85,5,Soil,MAG,Bacteria,Planctomycetota,Planctomycetia,Gemmatales,Gemmataceae,JAIXLE01,Unclassified,Public,67.02412258,0.90287,31.9,104.9,76.62,2.33,50,4459469,4767,1,0.677,taxonomic novelty determined using RED,Novel,Unclassified public database SGBs,Medium-quality,21,0,0,0,0
SRR28842988.bin.86,0,Soil,MAG,Bacteria,Acidobacteriota,Thermoanaerobaculia,Gp7-AA8,Gp7-AA8,JAENWF01,Unclassified,Public,69.00359816,0.98854,31.9,104.9,76.55,1.71,0,3930212,8076,1,0.635,taxonomic classification defined by topology and ANI,Defined,Unclassified public database SGBs,Medium-quality,20,0,0,1,1
SRR28842988.bin.90,5,Soil,MAG,Bacteria,Myxococcota,Myxococcia,Myxococcales,Myxococcaceae,JALYOC01,Unclassified,Public,71.46727979,0.90607,31.9,104.9,86.23,3.55,28.57,5902251,7016,2,0.7,taxonomic novelty determined using RED,Novel,Unclassified public database SGBs,Medium-quality,19,0,0,0,0
SRR28842988.bin.93,1,Soil,MAG,Bacteria,Pseudomonadota,Gammaproteobacteria,Burkholderiales,JAJZQI01,JAJZQI01,JAJZQI01 sp021851875,Public,57.78716884,N/A,31.9,104.9,89.53,6.79,14.63,2654637,21261,1,0.593,taxonomic classification defined by topology and ANI,Defined,Published genomes,Medium-quality,21,0,0,0,0
SRR28842988.bin.94,2,Soil,MAG,Bacteria,Chloroflexota,Chloroflexia,Thermomicrobiales,UBA6265,UBA6265,Unclassified,Public,72.23879088,0.90982,31.9,104.9,85.66,3.56,66.67,3527895,8141,2,0.655,taxonomic classification fully defined by topology,Defined,Unclassified public database SGBs,Medium-quality,18,0,0,0,0
SRR28842988.bin.95,0,Soil,MAG,Bacteria,Pseudomonadota,Alphaproteobacteria,Caulobacterales,TH1-2,Vitreimonas,Unclassified,Public,70.20288486,0.97839,31.9,104.9,81.51,2.6,13.33,3150569,39139,1,0.64,taxonomic classification fully defined by topology,Defined,Unclassified public database SGBs,Medium-quality,23,0,1,1,2
SRR28842989.bin.1,1,Soil,MAG,Bacteria,Pseudomonadota,Gammaproteobacteria,Enterobacterales,Alteromonadaceae,Rheinheimera,Unclassified,Public,62.64904563,0.99564,31.9,104.9,87.1,6.03,81.58,2902464,2881,1,0.513,taxonomic classification defined by topology and ANI,Defined,Unclassified public database SGBs,Medium-quality,18,0,0,1,1
SRR28842989.bin.13,3,Soil,MAG,Bacteria,Pseudomonadota,Alphaproteobacteria,Caulobacterales,Hyphomonadaceae,Hyphomonas,Unclassified,Public,45.23702931,0.98893,31.9,104.9,81.01,9,90,3031680,14258,1,0.628,taxonomic classification defined by topology and ANI,Defined,Unclassified public database SGBs,Medium-quality,20,0,0,0,0
SRR28842989.bin.15,0,Soil,MAG,Bacteria,Pseudomonadota,Alphaproteobacteria,Micavibrionales,UBA2020,Unclassified,Unclassified,Public,78.08851793,0.84178,31.9,104.9,94.72,3.84,0,2594182,108902,2,0.536,taxonomic novelty determined using RED,Novel,Unclassified public database SGBs,Medium-quality,22,1,1,0,2
SRR28842989.bin.18,1,Soil,MAG,Bacteria,Pseudomonadota,Gammaproteobacteria,JAHJQQ01,JAHJQQ01,JAHJQQ01,Unclassified,Public,63.07005498,0.90238,31.9,104.9,86.32,5.86,60.98,2987951,71327,2,0.644,taxonomic classification fully defined by topology,Defined,Unclassified public database SGBs,Medium-quality,21,1,1,1,3
SRR28842989.bin.2,0,Soil,MAG,Bacteria,Pseudomonadota,Gammaproteobacteria,Pseudomonadales,Moraxellaceae,UBA2031,Unclassified,Public,79.75911265,0.95648,31.9,104.9,94.32,3.43,38.46,2569777,27534,1,0.621,taxonomic classification defined by topology and ANI,Defined,Unclassified public database SGBs,Medium-quality,20,0,0,0,0
SRR28842989.bin.24,1,Soil,MAG,Bacteria,Pseudomonadota,Alphaproteobacteria,Sphingomonadales,Sphingomonadaceae,Qipengyuania,Qipengyuania gaetbuli,Public,91.42015957,N/A,31.9,104.9,96.08,1.53,36.36,2825926,58931,4,0.643,taxonomic classification defined by topology and ANI,Defined,Published genomes,Medium-quality,21,1,0,0,1
SRR28842989.bin.27,7,Soil,MAG,Bacteria,Verrucomicrobiota,Verrucomicrobiae,Opitutales,Opitutaceae,Didemnitutus,Unclassified,Public,77.51806996,0.92689,31.9,104.9,99.05,4.97,15.38,4607821,101711,2,0.674,taxonomic novelty determined using RED,Novel,Unclassified public database SGBs,High-quality,24,1,1,1,3
SRR28842989.bin.30,1,Soil,MAG,Bacteria,Pseudomonadota,Alphaproteobacteria,Sphingomonadales,Sphingomonadaceae,Sphingopyxis,Unclassified,Public,83.98957052,0.99271,31.9,104.9,96.18,3.16,42.86,3307221,26046,4,0.65,taxonomic classification defined by topology and ANI,Defined,Unclassified public database SGBs,High-quality,23,1,1,1,3
SRR28842989.bin.42,3,Soil,MAG,Bacteria,Myxococcota,Bradymonadia,Bradymonadales,Bradymonadaceae,Microvenator,Unclassified,Public,75.83954664,0.84877,31.9,104.9,83.72,1.96,0,4785856,5836,2,0.607,taxonomic novelty determined using RED,Novel,Unclassified public database SGBs,Medium-quality,20,0,0,2,2
SRR28842989.bin.43,2,Soil,MAG,Bacteria,Pseudomonadota,Gammaproteobacteria,Burkholderiales,Burkholderiaceae,Limnobacter,Limnobacter sp018815245,Public,92.9178885,N/A,31.9,104.9,93.9,0.78,66.67,2865406,50141,8,0.533,taxonomic classification defined by topology and ANI,Defined,Published genomes,Medium-quality,21,0,0,0,0
SRR28842989.bin.49,2,Soil,MAG,Bacteria,Pseudomonadota,Gammaproteobacteria,Halothiobacillales,Halothiobacillaceae,JARJMX02,Unclassified,Public,85.1594992,0.89575,31.9,104.9,93.46,2.11,0,2089075,25061,2,0.676,taxonomic classification defined by topology and ANI,Defined,Unclassified public database SGBs,Medium-quality,20,0,1,1,2
SRR28842989.bin.5,1,Soil,MAG,Bacteria,Pseudomonadota,Gammaproteobacteria,SURF-13,SURF-13,SURF-13,SURF-13 sp003599485,Public,69.78753886,N/A,31.9,104.9,82.41,3.62,93.33,1398891,12531,2,0.623,taxonomic classification defined by topology and ANI,Defined,Published genomes,Medium-quality,16,1,1,1,3
SRR28842989.bin.51,1,Soil,MAG,Bacteria,Pseudomonadota,Alphaproteobacteria,Sphingomonadales,Sphingomonadaceae,Alteraurantiacibacter,Unclassified,Public,92.1640844,0.98977,31.9,104.9,96.99,1.49,22.22,2402638,31107,4,0.612,taxonomic classification defined by topology and ANI,Defined,Unclassified public database SGBs,High-quality,20,1,1,1,3
SRR28842989.bin.61,0,Soil,MAG,Bacteria,Pseudomonadota,Gammaproteobacteria,SURF-13,SURF-13,JAQBXX01,Unclassified,Public,89.01185277,0.97768,31.9,104.9,92.34,1.29,57.14,1659354,46719,2,0.594,taxonomic classification defined by topology and ANI,Defined,Unclassified public database SGBs,High-quality,21,1,1,2,4
SRR28842989.bin.65,3,Soil,MAG,Bacteria,Pseudomonadota,Alphaproteobacteria,Sphingomonadales,Sphingomonadaceae,Qipengyuania,Unclassified,Public,89.1436278,0.99269,31.9,104.9,94.2,1.53,14.29,2483388,45196,6,0.673,taxonomic classification defined by topology and ANI,Defined,Unclassified public database SGBs,High-quality,21,1,1,1,3
SRR28842989.bin.66,0,Soil,MAG,Bacteria,Pseudomonadota,Alphaproteobacteria,Caulobacterales,Caulobacteraceae,Brevundimonas,Unclassified,Public,100.0825889,0.98771,31.9,104.9,99.18,0.43,100,2591282,139694,2,0.672,taxonomic classification defined by topology and ANI,Defined,Unclassified public database SGBs,Medium-quality,21,0,0,0,0
SRR28842989.bin.75,2,Soil,MAG,Bacteria,Bdellovibrionota,Bdellovibrionia,Bdellovibrionales,Bdellovibrionaceae,Bdellovibrio,Unclassified,Public,65.09098534,0.96619,31.9,104.9,86.65,4.5,0,2572119,6053,1,0.462,taxonomic classification fully defined by topology,Defined,Unclassified public database SGBs,Medium-quality,20,1,1,1,3
SRR28842989.bin.8,4,Soil,MAG,Bacteria,Verrucomicrobiota,Verrucomicrobiae,Limisphaerales,RI-55,RI-55,Unclassified,Public,53.40193093,0.9366,31.9,104.9,76.16,5.29,33.33,3886391,5722,2,0.645,taxonomic classification fully defined by topology,Defined,Unclassified public database SGBs,Medium-quality,22,0,0,0,0
SRR28842989.bin.83,3,Soil,MAG,Bacteria,Bdellovibrionota,Bdellovibrionia,Bdellovibrionales,Bdellovibrionaceae,UBA2316,Unclassified,Public,91.01406134,0.98692,31.9,104.9,97.32,1.79,0,2800745,154798,4,0.408,taxonomic classification defined by topology and ANI,Defined,Unclassified public database SGBs,High-quality,21,1,1,1,3
SRR28842989.bin.93,2,Soil,MAG,Bacteria,Pseudomonadota,Alphaproteobacteria,Sphingomonadales,Sphingomonadaceae,Qipengyuania,Qipengyuania sp021794525,Public,82.62013613,N/A,31.9,104.9,95.23,3.18,28.57,2359497,46443,3,0.667,taxonomic classification defined by topology and ANI,Defined,Published genomes,High-quality,22,1,1,1,3
SRR28842989.bin.94,0,Soil,MAG,Bacteria,Pseudomonadota,Gammaproteobacteria,Burkholderiales,Burkholderiaceae,Serpentinimonas,Unclassified,Public,44.28407099,0.99527,31.9,104.9,75.77,7.58,71.74,1884374,7118,1,0.68,taxonomic classification defined by topology and ANI,Defined,Unclassified public database SGBs,Medium-quality,18,0,0,1,1
SRR28842992.bin.1,0,Soil,MAG,Bacteria,Pseudomonadota,Gammaproteobacteria,Burkholderiales,Rhodocyclaceae,Pseudothauera,Pseudothauera hydrothermalis,Public,74.94318791,N/A,31.9,104.9,90.59,3.78,56.25,3090589,14252,1,0.637,taxonomic classification defined by topology and ANI,Defined,Published genomes,Medium-quality,19,0,1,2,3
SRR28842992.bin.11,2,Soil,MAG,Bacteria,Pseudomonadota,Alphaproteobacteria,Rhodobacterales,Rhodobacteraceae,Paracoccus,Paracoccus sp009696685,Public,91.18141886,N/A,31.9,104.9,96.87,1.67,12.5,2739626,63876,2,0.66,taxonomic classification defined by topology and ANI,Defined,Published genomes,Medium-quality,20,0,0,0,0
SRR28842992.bin.12,6,Soil,MAG,Bacteria,Planctomycetota,Phycisphaerae,Phycisphaerales,UBA1924,JACKHC01,Unclassified,Public,81.70286195,0.95077,31.9,104.9,81.34,0.1,0,2665297,4224,1,0.683,taxonomic novelty determined using RED,Novel,Unclassified public database SGBs,Medium-quality,17,0,1,1,2
SRR28842992.bin.13,3,Soil,MAG,Bacteria,Pseudomonadota,Alphaproteobacteria,Rhodobacterales,Rhodobacteraceae,JAOADN01,Unclassified,Public,88.79974275,0.95725,31.9,104.9,92.9,1.4,50,3011391,19929,2,0.7,taxonomic novelty determined using RED,Novel,Unclassified public database SGBs,Medium-quality,20,0,0,0,0
SRR28842992.bin.15,3,Soil,MAG,Bacteria,Pseudomonadota,Gammaproteobacteria,Burkholderiales,Rhodocyclaceae,Methyloversatilis,Unclassified,Public,93.17957647,0.98486,31.9,104.9,99.86,1.84,7.14,3608606,47468,2,0.665,taxonomic classification defined by topology and ANI,Defined,Unclassified public database SGBs,Medium-quality,23,0,0,0,0
SRR28842992.bin.21,0,Soil,MAG,Bacteria,Pseudomonadota,Gammaproteobacteria,Burkholderiales,Burkholderiaceae,Tepidimonas,Tepidimonas fonticaldi,Public,60.41548397,N/A,31.9,104.9,77.04,4.3,66.67,1989370,8267,2,0.7,taxonomic classification defined by topology and ANI,Defined,Published genomes,Medium-quality,20,0,0,1,1
SRR28842992.bin.27,2,Soil,MAG,Bacteria,Actinomycetota,Actinomycetes,Actinomycetales,Microbacteriaceae,Microbacterium,Unclassified,Public,95.49517014,0.98398,31.9,104.9,98.99,1.22,16.67,2927338,50535,2,0.681,taxonomic classification defined by topology and ANI,Defined,Unclassified public database SGBs,High-quality,23,1,2,1,4
SRR28842992.bin.29,6,Soil,MAG,Bacteria,Verrucomicrobiota,Verrucomicrobiae,Verrucomicrobiales,Akkermansiaceae,Luteolibacter,Unclassified,Public,45.24555349,0.97008,31.9,104.9,77.26,7.14,38.46,3276586,6012,1,0.603,taxonomic classification fully defined by topology,Defined,Unclassified public database SGBs,Medium-quality,17,1,1,1,3
SRR28842992.bin.31,0,Soil,MAG,Bacteria,Pseudomonadota,Gammaproteobacteria,Burkholderiales,Burkholderiaceae,Tepidicella,Tepidicella xavieri,Public,64.48034383,N/A,31.9,104.9,81.91,4.47,87.5,2185871,8283,1,0.662,taxonomic classification defined by topology and ANI,Defined,Published genomes,Medium-quality,18,0,1,1,2
SRR28842992.bin.7,5,Soil,MAG,Bacteria,Pseudomonadota,Alphaproteobacteria,Rhodobacterales,Rhodobacteraceae,Tabrizicola,Unclassified,Public,65.45192968,0.99794,31.9,104.9,84.48,4.31,33.33,3096290,11771,1,0.68,taxonomic classification defined by topology and ANI,Defined,Unclassified public database SGBs,Medium-quality,19,1,0,0,1
SRR28842992.bin.9,0,Soil,MAG,Bacteria,Bacillota,Bacilli,Exiguobacterales,Exiguobacteraceae,Exiguobacterium,Exiguobacterium chiriqhucha,Public,70.04789833,N/A,31.9,104.9,76.72,2.15,100,2034148,5699,2,0.534,taxonomic classification defined by topology and ANI,Defined,Published genomes,Medium-quality,8,1,0,1,2
SRR29646150.bin.11,1,Sesbania cannabina,MAG,Bacteria,Actinomycetota,Actinomycetes,Propionibacteriales,Nocardioidaceae,Aeromicrobium,Unclassified,Public,92.61899078,0.9218,35.32,119.37,97.75,1.69,38.46,2058597,172995,2,0.683,taxonomic classification fully defined by topology,Defined,Unclassified public database SGBs,High-quality,22,1,1,1,3
SRR29646150.bin.17,2,Sesbania cannabina,MAG,Bacteria,Pseudomonadota,Alphaproteobacteria,Rhizobiales,Rhizobiaceae,JAURWE01,Unclassified,Public,92.69210633,0.95949,35.32,119.37,90.27,0,0,4074132,62091,4,0.615,taxonomic novelty determined using RED,Novel,Unclassified public database SGBs,Medium-quality,22,3,0,0,3
SRR29646150.bin.22,5,Sesbania cannabina,MAG,Bacteria,Bacteroidota,Bacteroidia,Flavobacteriales,Flavobacteriaceae,HKST-UBA85,Unclassified,Public,90.04434365,0.97273,35.32,119.37,94.36,1.47,45.45,3122510,42900,2,0.385,taxonomic novelty determined using RED,Novel,Unclassified public database SGBs,Medium-quality,22,0,0,2,2
SRR29646150.bin.26,0,Sesbania cannabina,MAG,Bacteria,Pseudomonadota,Alphaproteobacteria,Rhodobacterales,Rhodobacteraceae,Albidovulum,Unclassified,Public,89.3196429,0.99322,35.32,119.37,99.19,2.72,43.48,4656973,98622,2,0.654,taxonomic classification defined by topology and ANI,Defined,Unclassified public database SGBs,High-quality,23,1,1,1,3
SRR29646150.bin.29,8,Sesbania cannabina,MAG,Bacteria,Pseudomonadota,Gammaproteobacteria,Pseudomonadales,Nitrincolaceae,Marinobacterium_A,Unclassified,Public,84.42702796,0.94434,35.32,119.37,92.79,1.93,0,5058806,29789,1,0.63,taxonomic classification defined by topology and ANI,Defined,Unclassified public database SGBs,Medium-quality,20,0,0,1,1
SRR29646150.bin.43,4,Sesbania cannabina,MAG,Bacteria,Pseudomonadota,Alphaproteobacteria,Zavarziniales,Zavarziniaceae,JAJFJE01,Unclassified,Public,98.97030763,0.94166,35.32,119.37,98.7,0.43,0,2972725,55911,6,0.673,taxonomic classification defined by topology and ANI,Defined,Unclassified public database SGBs,Medium-quality,22,0,1,1,2
SRR29646150.bin.48,1,Sesbania cannabina,MAG,Bacteria,Pseudomonadota,Alphaproteobacteria,Sphingomonadales,Rhodothalassiaceae,Unclassified,Unclassified,Public,80.68514332,0.8216,35.32,119.37,90,2.55,60,2349478,5132,2,0.643,taxonomic classification fully defined by topology,Defined,Unclassified public database SGBs,Medium-quality,20,0,0,0,0
SRR29646150.bin.5,2,Sesbania cannabina,MAG,Bacteria,Acidobacteriota,Blastocatellia,Pyrinomonadales,Pyrinomonadaceae,OLB17,Unclassified,Public,79.24398345,0.94289,35.32,119.37,82.66,0.85,0,2660338,3698,1,0.514,taxonomic classification fully defined by topology,Defined,Unclassified public database SGBs,Medium-quality,18,1,0,0,1
SRR29646150.bin.6,0,Sesbania cannabina,MAG,Bacteria,Pseudomonadota,Gammaproteobacteria,Burkholderiales,SG8-41,Ga0077527,Unclassified,Public,64.68510042,0.95029,35.32,119.37,78.28,3.74,84.62,2433417,6367,3,0.632,taxonomic classification defined by topology and ANI,Defined,Unclassified public database SGBs,Medium-quality,22,1,1,1,3
SRR29646150.bin.60,2,Sesbania cannabina,MAG,Bacteria,Bacteroidota,Bacteroidia,Chitinophagales,Chitinophagaceae,Niastella,Unclassified,Public,85.39132804,0.97771,35.32,119.37,97.39,2.96,22.22,5086029,15800,5,0.46,taxonomic classification defined by topology and ANI,Defined,Unclassified public database SGBs,High-quality,20,1,1,1,3
SRR29646151.bin.22,0,Sesbania cannabina,MAG,Bacteria,Actinomycetota,Actinomycetes,Actinomycetales,Demequinaceae,Unclassified,Unclassified,Public,96.46401817,0.8701,35.32,119.37,95.66,0.29,0,1841060,25588,2,0.72,taxonomic novelty determined using RED,Novel,Unclassified public database SGBs,High-quality,23,2,1,1,4
SRR29646151.bin.27,1,Sesbania cannabina,MAG,Bacteria,Bacteroidota,Bacteroidia,Cytophagales,Cyclobacteriaceae,ZC4RG29,Unclassified,Public,87.62051554,0.91646,35.32,119.37,91.87,1.49,80,4054635,8984,16,0.458,taxonomic novelty determined using RED,Novel,Unclassified public database SGBs,Medium-quality,18,2,0,0,2
SRR29646151.bin.30,1,Sesbania cannabina,MAG,Bacteria,Pseudomonadota,Gammaproteobacteria,JAHJQQ01,JAHJQQ01,JAHJQQ01,Unclassified,Public,90.18566602,0.93368,35.32,119.37,94.89,1.5,37.5,3056319,23736,5,0.67,taxonomic classification defined by topology and ANI,Defined,Unclassified public database SGBs,Medium-quality,21,0,1,1,2
SRR29646151.bin.34,1,Sesbania cannabina,MAG,Bacteria,Planctomycetota,Phycisphaerae,Phycisphaerales,UBA1924,UBA1924,Unclassified,Public,87.79927932,0.95666,35.32,119.37,87.33,0.34,50,2852582,7917,2,0.665,taxonomic classification fully defined by topology,Defined,Unclassified public database SGBs,Medium-quality,22,1,0,0,1
SRR29646151.bin.35,0,Sesbania cannabina,MAG,Bacteria,Chloroflexota,Anaerolineae,Anaerolineales,UBA11579,JAMCZK01,Unclassified,Public,52.96768294,0.95487,35.32,119.37,81.82,6.36,14.29,2184160,9499,2,0.623,taxonomic classification fully defined by topology,Defined,Unclassified public database SGBs,Medium-quality,19,0,0,0,0
SRR29646151.bin.39,2,Sesbania cannabina,MAG,Bacteria,Pseudomonadota,Gammaproteobacteria,Steroidobacterales,Steroidobacteraceae,Povalibacter,Unclassified,Public,80.53254007,0.94881,35.32,119.37,98.19,4.24,28.57,4390625,37021,3,0.624,taxonomic classification fully defined by topology,Defined,Unclassified public database SGBs,High-quality,22,1,1,1,3
SRR29646151.bin.40,15,Sesbania cannabina,MAG,Bacteria,Myxococcota,Polyangia,Polyangiales,Polyangiaceae,SZUA-265,Unclassified,Public,84.60114433,0.91607,35.32,119.37,91.08,1.94,33.33,8566719,112278,4,0.612,taxonomic classification fully defined by topology,Defined,Unclassified public database SGBs,Medium-quality,21,2,0,0,2
SRR29646152.bin.12,1,Suaeda glauca,MAG,Bacteria,Chlamydiota,Chlamydiia,Chlamydiales,SM23-39,O2-12-FULL-49-9,Unclassified,Public,45.69402485,0.89569,35.32,119.37,76.6,7.88,84.62,1577442,3564,2,0.476,taxonomic novelty determined using RED,Novel,Unclassified public database SGBs,Medium-quality,17,0,0,0,0
SRR29646152.bin.27,1,Suaeda glauca,MAG,Bacteria,Planctomycetota,B15-G4,B15-G4,Unclassified,Unclassified,Unclassified,Public,96.76258073,0.72037,35.32,119.37,95.45,0,0,6134015,33509,1,0.665,taxonomic novelty determined using RED,Novel,Unclassified public database SGBs,Medium-quality,23,0,0,0,0
SRR29646152.bin.3,1,Suaeda glauca,MAG,Bacteria,Pseudomonadota,Gammaproteobacteria,Pseudomonadales,Pseudomonadaceae,Pseudomonas_E,Unclassified,Public,52.85111998,0.98772,35.32,119.37,78.43,5.42,12.24,3409404,4125,1,0.669,taxonomic classification defined by topology and ANI,Defined,Unclassified public database SGBs,Medium-quality,17,0,0,0,0
SRR29646152.bin.5,5,Suaeda glauca,MAG,Bacteria,Pseudomonadota,Gammaproteobacteria,Rariloculales,Rariloculaceae,FEN-1219,Unclassified,Public,55.46108372,0.95917,35.32,119.37,94.5,8.17,4.88,5841198,53061,1,0.674,taxonomic classification defined by topology and ANI,Defined,Unclassified public database SGBs,Medium-quality,21,1,1,1,3
SRR29646154.bin.1,1,Suaeda glauca,MAG,Bacteria,Actinomycetota,Actinomycetes,Actinomycetales,Microbacteriaceae,Pseudolysinimonas,Unclassified,Public,80.22236727,0.97993,35.32,119.37,88.04,2.08,71.43,2236925,12395,1,0.702,taxonomic classification defined by topology and ANI,Defined,Unclassified public database SGBs,Medium-quality,20,0,1,1,2
SRR29646154.bin.11,1,Suaeda glauca,MAG,Bacteria,Gemmatimonadota,Gemmatimonadetes,Gemmatimonadales,GWC2-71-9,Palsa-1233,Unclassified,Public,74.86880292,0.94231,35.32,119.37,82.44,2.2,66.67,2580873,6670,2,0.671,taxonomic classification fully defined by topology,Defined,Unclassified public database SGBs,Medium-quality,22,0,1,1,2
SRR29646154.bin.12,4,Suaeda glauca,MAG,Bacteria,Acidobacteriota,Vicinamibacteria,Vicinamibacterales,UBA2999,Gp6-AA40,Unclassified,Public,50.75578247,0.87232,35.32,119.37,83.76,7.05,10,6219704,95844,1,0.684,taxonomic classification fully defined by topology,Defined,Unclassified public database SGBs,Medium-quality,23,0,1,1,2
SRR29646154.bin.13,5,Suaeda glauca,MAG,Bacteria,Bacteroidota,Bacteroidia,Cytophagales,Cyclobacteriaceae,Chryseolinea,Unclassified,Public,91.47795038,0.97303,35.32,119.37,97.9,1.79,0,6138500,90908,4,0.445,taxonomic classification fully defined by topology,Defined,Unclassified public database SGBs,Medium-quality,22,0,0,2,2
SRR29646154.bin.15,1,Suaeda glauca,MAG,Bacteria,Gemmatimonadota,Gemmatimonadetes,Longimicrobiales,RSA9,SH-MAG3,Unclassified,Public,87.20958427,0.94677,35.32,119.37,86.36,0.34,100,3625844,20853,2,0.674,taxonomic novelty determined using RED,Novel,Unclassified public database SGBs,Medium-quality,24,1,1,0,2
SRR29646154.bin.19,4,Suaeda glauca,MAG,Bacteria,Pseudomonadota,Gammaproteobacteria,Steroidobacterales,Steroidobacteraceae,CADEED01,CADEED01 sp023423065,Public,71.82907289,N/A,35.32,119.37,95.39,5.24,23.81,4418763,48179,1,0.66,taxonomic classification defined by topology and ANI,Defined,Published genomes,Medium-quality,21,1,1,1,3
SRR29646154.bin.2,33,Suaeda glauca,MAG,Bacteria,Myxococcota,Polyangia,Polyangiales,Polyangiaceae,SZUA-265,Unclassified,Public,71.90561681,0.94378,35.32,119.37,89.3,4.06,11.11,9896644,64432,2,0.69,taxonomic classification fully defined by topology,Defined,Unclassified public database SGBs,Medium-quality,22,0,0,2,2
SRR29646154.bin.30,7,Suaeda glauca,MAG,Bacteria,Bacteroidota,Bacteroidia,Cytophagales,Cyclobacteriaceae,Chryseolinea,Unclassified,Public,80.44623861,0.9723,35.32,119.37,89.52,2.37,28.57,5623888,13320,3,0.438,taxonomic classification fully defined by topology,Defined,Unclassified public database SGBs,Medium-quality,19,0,0,1,1
SRR29646154.bin.34,1,Suaeda glauca,MAG,Bacteria,Pseudomonadota,Alphaproteobacteria,Micropepsales,Micropepsaceae,Rhizomicrobium,Unclassified,Public,65.82438152,0.97283,35.32,119.37,75.62,2.77,77.78,2590641,5009,2,0.634,taxonomic classification defined by topology and ANI,Defined,Unclassified public database SGBs,Medium-quality,17,0,0,0,0
SRR29646154.bin.36,2,Suaeda glauca,MAG,Bacteria,Bacteroidota,Bacteroidia,Chitinophagales,Chitinophagaceae,JJ008,Unclassified,Public,89.32960956,0.95868,35.32,119.37,91.66,0.99,50,3190689,14100,2,0.456,taxonomic classification fully defined by topology,Defined,Unclassified public database SGBs,Medium-quality,18,0,0,0,0
SRR29646154.bin.37,1,Suaeda glauca,MAG,Bacteria,Desulfobacterota_B,Binatia,UBA1149,CAITLU01,Unclassified,Unclassified,Public,83.10938306,0.85691,35.32,119.37,93.28,2.52,0,4839631,57740,4,0.697,taxonomic novelty determined using RED,Novel,Unclassified public database SGBs,High-quality,23,1,1,1,3
SRR29646154.bin.4,1,Suaeda glauca,MAG,Bacteria,Bacteroidota,Bacteroidia,Flavobacteriales,Flavobacteriaceae,Zeaxanthinibacter,Unclassified,Public,98.78869568,0.96316,35.32,119.37,98.84,0.52,0,3394106,101606,5,0.486,taxonomic classification fully defined by topology,Defined,Unclassified public database SGBs,Medium-quality,22,0,0,2,2
SRR29646154.bin.43,2,Suaeda glauca,MAG,Bacteria,Acidobacteriota,Blastocatellia,Pyrinomonadales,Pyrinomonadaceae,OLB17,Unclassified,Public,73.71322416,0.96543,35.32,119.37,88.27,3.47,50,4011168,10386,1,0.556,taxonomic classification fully defined by topology,Defined,Unclassified public database SGBs,Medium-quality,22,1,1,1,3
SRR29646154.bin.46,1,Suaeda glauca,MAG,Bacteria,Pseudomonadota,Gammaproteobacteria,Steroidobacterales,Steroidobacteraceae,CADEED01,Unclassified,Public,88.20126383,0.98221,35.32,119.37,92.58,1.44,25,3822549,66455,2,0.67,taxonomic classification defined by topology and ANI,Defined,Unclassified public database SGBs,High-quality,19,1,1,1,3
SRR29646154.bin.48,46,Suaeda glauca,MAG,Bacteria,Acidobacteriota,Thermoanaerobaculia,Multivoradales,Unclassified,Unclassified,Unclassified,Public,40.04107066,0.65936,35.32,119.37,79.08,8.12,9.09,4507654,3515,1,0.72,taxonomic novelty determined using RED,Novel,Unclassified public database SGBs,Medium-quality,18,0,0,0,0
SRR29646154.bin.51,13,Suaeda glauca,MAG,Bacteria,Myxococcota,Polyangia,Polyangiales,Polyangiaceae,JAICQQ01,Unclassified,Public,78.36850449,0.97633,35.32,119.37,93.08,3.41,0,9699476,37758,2,0.646,taxonomic classification defined by topology and ANI,Defined,Unclassified public database SGBs,High-quality,24,1,1,1,3
SRR29646154.bin.6,12,Suaeda glauca,MAG,Bacteria,Myxococcota,Polyangia,Polyangiales,Polyangiaceae,SZUA-265,Unclassified,Public,61.61261907,0.91493,35.32,119.37,81,4.27,20,7179222,13099,1,0.587,taxonomic classification fully defined by topology,Defined,Unclassified public database SGBs,Medium-quality,19,1,0,0,1
SRR29646155.bin.13,3,Suaeda glauca,MAG,Bacteria,Acidobacteriota,Terriglobia,Bryobacterales,UBA6623,CAMPKL01,Unclassified,Public,77.08984558,0.96324,35.32,119.37,87.84,2.67,20,5491020,10757,2,0.61,taxonomic novelty determined using RED,Novel,Unclassified public database SGBs,Medium-quality,22,1,1,1,3
SRR29646155.bin.15,2,Suaeda glauca,MAG,Bacteria,Chloroflexota,Anaerolineae,Aggregatilineales,Phototrophicaceae,JAUZRW01,Unclassified,Public,65.96040914,0.96171,35.32,119.37,75.42,2.78,88.89,7736428,6895,2,0.484,taxonomic novelty determined using RED,Novel,Unclassified public database SGBs,Medium-quality,23,0,0,1,1
SRR29646155.bin.21,1,Suaeda glauca,MAG,Bacteria,Bacteroidota,Ignavibacteria,SJA-28,B-1AR,JAEYVS01,Unclassified,Public,83.09907894,0.94969,35.32,119.37,87.39,1.25,0,2655467,6579,2,0.417,taxonomic classification fully defined by topology,Defined,Unclassified public database SGBs,Medium-quality,21,0,1,1,2
SRR29646155.bin.23,0,Suaeda glauca,MAG,Bacteria,Actinomycetota,Actinomycetes,Propionibacteriales,Nocardioidaceae,Nocardioides_C,Unclassified,Public,95.68106513,0.923,35.32,119.37,99.48,1.3,25,4009427,44888,2,0.707,taxonomic classification defined by topology and ANI,Defined,Unclassified public database SGBs,Medium-quality,25,0,0,2,2
SRR29646155.bin.25,1,Suaeda glauca,MAG,Bacteria,Pseudomonadota,Gammaproteobacteria,Burkholderiales,SG8-41,Ga0077527,Unclassified,Public,90.41509128,0.96197,35.32,119.37,90.54,0.47,50,2723377,7589,2,0.653,taxonomic classification defined by topology and ANI,Defined,Unclassified public database SGBs,Medium-quality,20,1,0,0,1
SRR29646155.bin.28,2,Suaeda glauca,MAG,Bacteria,Bacteroidota,Bacteroidia,Cytophagales,Cyclobacteriaceae,UBA2336,Unclassified,Public,90.35306144,0.90463,35.32,119.37,96.13,1.49,20,3623577,44681,1,0.389,taxonomic classification fully defined by topology,Defined,Unclassified public database SGBs,Medium-quality,22,1,0,1,2
SRR29646155.bin.30,3,Suaeda glauca,MAG,Bacteria,Acidobacteriota,Vicinamibacteria,Vicinamibacterales,SCN-69-37,SCN-69-37,Unclassified,Public,83.18860845,0.95114,35.32,119.37,93.97,2.56,0,4491438,8654,2,0.67,taxonomic classification fully defined by topology,Defined,Unclassified public database SGBs,Medium-quality,20,1,0,0,1
SRR29646155.bin.35,0,Suaeda glauca,MAG,Bacteria,Pseudomonadota,Alphaproteobacteria,Sphingomonadales,Sphingomonadaceae,Sphingomicrobium,Unclassified,Public,79.14411975,0.91245,35.32,119.37,92.55,3.76,88.89,2046719,10565,3,0.615,taxonomic classification fully defined by topology,Defined,Unclassified public database SGBs,High-quality,22,1,1,1,3
SRR29646155.bin.41,3,Suaeda glauca,MAG,Bacteria,Pseudomonadota,Gammaproteobacteria,Methylococcales,Methylomonadaceae,Methylomicrobium,Unclassified,Public,84.46722027,0.97592,35.32,119.37,96,2.87,27.78,3700421,8707,2,0.557,taxonomic classification defined by topology and ANI,Defined,Unclassified public database SGBs,High-quality,19,1,1,2,4
SRR29646155.bin.43,1,Suaeda glauca,MAG,Bacteria,Pseudomonadota,Gammaproteobacteria,Xanthomonadales,Xanthomonadaceae,CAMPJU01,Unclassified,Public,68.63725672,0.93372,35.32,119.37,75.86,1.72,0,2159653,45135,1,0.708,taxonomic novelty determined using RED,Novel,Unclassified public database SGBs,Medium-quality,21,0,0,2,2
SRR29646155.bin.47,1,Suaeda glauca,MAG,Bacteria,Gemmatimonadota,Gemmatimonadetes,Longimicrobiales,RSA9,SLCC01,Unclassified,Public,67.08600828,0.86502,35.32,119.37,86.81,4.4,0,3903018,28315,2,0.73,taxonomic novelty determined using RED,Novel,Unclassified public database SGBs,Medium-quality,23,1,2,2,5
SRR29646156.bin.16,1,Soil,MAG,Bacteria,Pseudomonadota,Alphaproteobacteria,Caulobacterales,Parvularculaceae,Hyphococcus,Unclassified,Public,84.98344652,0.90636,35.32,119.37,90.75,1.73,50,3009745,9075,6,0.575,taxonomic classification fully defined by topology,Defined,Unclassified public database SGBs,Medium-quality,21,1,0,0,1
SRR29646156.bin.21,1,Soil,MAG,Bacteria,Pseudomonadota,Gammaproteobacteria,Woeseiales,Woeseiaceae,JAOUIH01,Unclassified,Public,73.47807991,0.90517,35.32,119.37,89.5,3.51,5.56,3987681,36800,1,0.643,taxonomic novelty determined using RED,Novel,Unclassified public database SGBs,Medium-quality,19,1,1,1,3
SRR29646156.bin.22,1,Soil,MAG,Bacteria,Pseudomonadota,Alphaproteobacteria,Sphingomonadales,Sphingomonadaceae,Qipengyuania,Qipengyuania mangrovi,Public,76.40359882,N/A,35.32,119.37,84.15,2.22,60,2485106,8774,2,0.632,taxonomic classification defined by topology and ANI,Defined,Published genomes,Medium-quality,21,0,1,1,2
SRR29646156.bin.23,3,Soil,MAG,Bacteria,Pseudomonadota,Gammaproteobacteria,Pseudomonadales,Cellvibrionaceae,GCA-2746115,Unclassified,Public,84.90395746,0.88822,35.32,119.37,90.86,1.61,14.29,2537068,4610,3,0.605,taxonomic novelty determined using RED,Novel,Unclassified public database SGBs,Medium-quality,19,0,1,1,2
SRR29646156.bin.28,21,Soil,MAG,Bacteria,Pseudomonadota,Gammaproteobacteria,Pseudomonadales,Oleiphilaceae,Hahella,Hahella sp030719035,Public,96.22649425,N/A,35.32,119.37,98.56,0.95,0,6894534,54074,2,0.538,taxonomic classification defined by topology and ANI,Defined,Published genomes,Medium-quality,21,0,0,0,0
SRR29646156.bin.32,1,Soil,MAG,Bacteria,Gemmatimonadota,Gemmatimonadetes,Palauibacterales,Palauibacteraceae,Unclassified,Unclassified,Public,84.92553041,0.88339,35.32,119.37,98.9,3.3,0,3103422,89706,4,0.709,taxonomic novelty determined using RED,Novel,Unclassified public database SGBs,Medium-quality,24,1,0,0,1
SRR29646156.bin.33,0,Soil,MAG,Bacteria,Chloroflexota,Anaerolineae,Promineifilales,Promineifilaceae,JAAYYY01,Unclassified,Public,30.8527239,0.91935,35.32,119.37,75.29,9.7,33.33,4681670,3626,1,0.603,taxonomic classification fully defined by topology,Defined,Unclassified public database SGBs,Medium-quality,13,0,0,2,2
SRR29646156.bin.39,4,Soil,MAG,Bacteria,Pseudomonadota,Gammaproteobacteria,Pseudomonadales,Moraxellaceae,Acinetobacter,Acinetobacter junii,Public,100.4776495,N/A,35.32,119.37,99.91,0.41,50,3217761,53125,2,0.385,taxonomic classification defined by topology and ANI,Defined,Published genomes,Medium-quality,22,0,1,6,7
SRR29646156.bin.43,2,Soil,MAG,Bacteria,Pseudomonadota,Gammaproteobacteria,Nitrosococcales,Methylophagaceae,GCA-002733105,Unclassified,Public,35.44698028,0.97884,35.32,119.37,75.67,8.45,14.29,2062091,3459,1,0.403,taxonomic classification defined by topology and ANI,Defined,Unclassified public database SGBs,Medium-quality,15,0,1,1,2
SRR29646157.bin.1,2,Soil,MAG,Bacteria,Pseudomonadota,Alphaproteobacteria,Micavibrionales,Micavibrionaceae,UM-FILTER-47-13,Unclassified,Public,64.35392576,0.87135,35.32,119.37,79.69,3.49,6.67,2026490,4595,2,0.585,taxonomic classification fully defined by topology,Defined,Unclassified public database SGBs,Medium-quality,21,0,1,1,2
SRR29646157.bin.13,1,Soil,MAG,Bacteria,Pseudomonadota,Alphaproteobacteria,Sphingomonadales,Sphingomonadaceae,Sphingorhabdus_B,Unclassified,Public,78.10954287,0.94378,35.32,119.37,88.14,2.83,80,1986679,4084,2,0.559,taxonomic classification fully defined by topology,Defined,Unclassified public database SGBs,Medium-quality,18,0,0,0,0
SRR29646157.bin.14,1,Soil,MAG,Bacteria,Bacteroidota,Bacteroidia,Flavobacteriales,Flavobacteriaceae,Flagellimonas,Flagellimonas sp000745185,Public,56.64158993,N/A,35.32,119.37,82.78,5.95,45.83,3066069,4671,1,0.422,taxonomic classification defined by topology and ANI,Defined,Published genomes,Medium-quality,15,0,1,1,2
SRR29646157.bin.2,2,Soil,MAG,Bacteria,Verrucomicrobiota,Verrucomicrobiae,Limisphaerales,DSYF01,JALOTU01,Unclassified,Public,65.17393755,0.94748,35.32,119.37,91.89,6.42,50,3389255,17696,2,0.564,taxonomic classification fully defined by topology,Defined,Unclassified public database SGBs,Medium-quality,23,1,1,0,2
SRR29646157.bin.20,2,Soil,MAG,Bacteria,Chloroflexota,Anaerolineae,Anaerolineales,Villigracilaceae,Defluviilinea,Unclassified,Public,72.64092611,0.98293,35.32,119.37,87.73,3.79,50,3697654,7133,3,0.481,taxonomic classification fully defined by topology,Defined,Unclassified public database SGBs,Medium-quality,20,0,1,1,2
SRR29646157.bin.21,5,Soil,MAG,Bacteria,Gemmatimonadota,Gemmatimonadetes,Longimicrobiales,UBA6960,SZUA-318,Unclassified,Public,85.78741394,0.89357,35.32,119.37,98.9,3.3,33.33,5614009,30587,11,0.711,taxonomic classification fully defined by topology,Defined,Unclassified public database SGBs,High-quality,25,1,1,1,3
SRR29646157.bin.30,3,Soil,MAG,Bacteria,Desulfobacterota,Desulfuromonadia,Desulfuromonadales,DDH964,Unclassified,Unclassified,Public,64.85401911,0.76679,35.32,119.37,82.47,4.19,30,2944235,11325,2,0.595,taxonomic novelty determined using RED,Novel,Unclassified public database SGBs,Medium-quality,21,1,0,1,2
SRR29646157.bin.36,1,Soil,MAG,Bacteria,Planctomycetota,Phycisphaerae,UBA1845,UBA1845,JACKHG01,Unclassified,Public,63.7419393,0.92586,35.32,119.37,75.8,2.58,0,4377330,3836,1,0.585,taxonomic classification fully defined by topology,Defined,Unclassified public database SGBs,Medium-quality,19,0,0,1,1
SRR29646157.bin.37,6,Soil,MAG,Bacteria,Pseudomonadota,Gammaproteobacteria,Methylococcales,UBA2778,Unclassified,Unclassified,Public,91.36481328,0.79312,35.32,119.37,97.41,1.72,16.67,3272506,27301,2,0.588,taxonomic novelty determined using RED,Novel,Unclassified public database SGBs,Medium-quality,22,0,1,1,2
SRR29646157.bin.39,1,Soil,MAG,Bacteria,Pseudomonadota,Gammaproteobacteria,Burkholderiales,Methylophilaceae,GCA-2401735,Unclassified,Public,62.49758456,0.93883,35.32,119.37,78.61,3.45,11.11,1632470,2562,1,0.411,taxonomic novelty determined using RED,Novel,Unclassified public database SGBs,Medium-quality,16,0,0,0,0
SRR29646157.bin.42,0,Soil,MAG,Bacteria,Pseudomonadota,Alphaproteobacteria,Sphingomonadales,Sphingomonadaceae,Erythrobacter,Unclassified,Public,98.79376439,0.98345,35.32,119.37,98.74,0.51,0,2474922,128094,2,0.541,taxonomic classification fully defined by topology,Defined,Unclassified public database SGBs,High-quality,22,1,1,1,1
SRR29646157.bin.44,1,Soil,MAG,Bacteria,Desulfobacterota,Desulfuromonadia,Desulfuromonadales,DDH964,Unclassified,Unclassified,Public,88.44222531,0.76216,35.32,119.37,93.21,1.61,75,3181552,11206,2,0.631,taxonomic novelty determined using RED,Novel,Unclassified public database SGBs,Medium-quality,22,0,0,1,1
SRR29646157.bin.9,14,Soil,MAG,Bacteria,Pseudomonadota,Gammaproteobacteria,Methylococcales,Methylomonadaceae,Methylomarinum,Unclassified,Public,90.65727322,0.948,35.32,119.37,97.84,1.9,0,4486230,34241,2,0.48,taxonomic classification fully defined by topology,Defined,Unclassified public database SGBs,High-quality,21,1,1,1,3
SRR29646158.bin.10,0,Sesbania Cannabina,MAG,Bacteria,Pseudomonadota,Alphaproteobacteria,CALKHQ01,CALKHQ01,CALKHQ01,Unclassified,Public,80.39645391,0.89795,35.32,119.37,90.01,2.54,37.5,5243280,14720,2,0.662,taxonomic novelty determined using RED,Novel,Unclassified public database SGBs,Medium-quality,22,0,0,0,0
SRR29646158.bin.2,1,Sesbania Cannabina,MAG,Bacteria,Bacteroidota,Ignavibacteria,SJA-28,B-1AR,JAEYVS01,Unclassified,Public,93.26116179,0.97322,35.32,119.37,93.44,0.55,0,3097726,113716,2,0.389,taxonomic classification defined by topology and ANI,Defined,Unclassified public database SGBs,High-quality,23,1,1,1,3
SRR29646158.bin.23,4,Sesbania Cannabina,MAG,Bacteria,Pseudomonadota,Alphaproteobacteria,Dongiales,Dongiaceae,Unclassified,Unclassified,Public,65.32915742,0.7774,35.32,119.37,82.53,3.93,8.33,3643112,13918,2,0.689,taxonomic novelty determined using RED,Novel,Unclassified public database SGBs,Medium-quality,19,0,0,0,0
SRR29646158.bin.25,2,Sesbania Cannabina,MAG,Bacteria,Bacteroidota,Bacteroidia,Cytophagales,Cyclobacteriaceae,ZC4RG29,Unclassified,Public,96.37265206,0.98037,35.32,119.37,98.36,0.89,0,4504258,67487,3,0.526,taxonomic classification defined by topology and ANI,Defined,Unclassified public database SGBs,High-quality,22,2,1,1,4
SRR29646158.bin.28,1,Sesbania Cannabina,MAG,Bacteria,Bacteroidota,Bacteroidia,Flavobacteriales,Flavobacteriaceae,Flagellimonas,Unclassified,Public,64.7537564,0.99693,35.32,119.37,90.3,6.39,69.05,3927820,7637,2,0.415,taxonomic classification defined by topology and ANI,Defined,Unclassified public database SGBs,Medium-quality,20,3,0,0,3
SRR29646158.bin.31,5,Sesbania Cannabina,MAG,Bacteria,Acidobacteriota,Blastocatellia,Pyrinomonadales,Pyrinomonadaceae,OLB17,OLB17 sp021155145,Public,80.95717871,N/A,35.32,119.37,96.58,3.59,0,4113917,36183,8,0.551,taxonomic classification defined by topology and ANI,Defined,Published genomes,Medium-quality,22,1,0,0,1
SRR29646158.bin.32,3,Sesbania Cannabina,MAG,Bacteria,Acidobacteriota,Vicinamibacteria,Vicinamibacterales,JAFNAJ01,JAHDVQ01,JAHDVQ01 sp023384595,Public,74.46398636,N/A,35.32,119.37,91.45,3.85,0,4597862,26790,2,0.704,taxonomic classification defined by topology and ANI,Defined,Published genomes,Medium-quality,21,1,0,0,1
SRR29646158.bin.38,6,Sesbania Cannabina,MAG,Bacteria,Pseudomonadota,Gammaproteobacteria,Xanthomonadales,Rhodanobacteraceae,Mizugakiibacter,Mizugakiibacter sediminis,Public,78.20919311,N/A,35.32,119.37,97.18,4.81,56.67,3011587,41213,3,0.717,taxonomic classification defined by topology and ANI,Defined,Published genomes,Medium-quality,20,0,0,1,1
SRR29646158.bin.39,29,Sesbania Cannabina,MAG,Bacteria,Bacteroidota,Bacteroidia,Cytophagales,Cyclobacteriaceae,ZC4RG29,Unclassified,Public,86.36175249,0.91631,35.32,119.37,95.83,2.48,11.11,5295472,163171,2,0.397,taxonomic novelty determined using RED,Novel,Unclassified public database SGBs,Medium-quality,21,0,0,2,2
SRR29646158.bin.43,2,Sesbania Cannabina,MAG,Bacteria,Chloroflexota,Anaerolineae,Anaerolineales,Villigracilaceae,Defluviilinea,Unclassified,Public,63.55567289,0.98085,35.32,119.37,78.79,4.09,80,3723062,6475,3,0.509,taxonomic classification fully defined by topology,Defined,Unclassified public database SGBs,Medium-quality,25,1,2,1,4
SRR29646158.bin.50,2,Sesbania Cannabina,MAG,Bacteria,Pseudomonadota,Alphaproteobacteria,Sphingomonadales,Sphingomonadaceae,Unclassified,Unclassified,Public,77.92927138,0.93041,35.32,119.37,92.86,3.71,35.29,2995526,33115,2,0.636,taxonomic classification fully defined by topology,Defined,Unclassified public database SGBs,High-quality,24,1,1,1,3
SRR29646158.bin.56,0,Sesbania Cannabina,MAG,Bacteria,Deinococcota,Deinococci,Deinococcales,Trueperaceae,Unclassified,Unclassified,Public,77.41093751,0.86622,35.32,119.37,84.6,1.91,20,2834395,7209,2,0.713,taxonomic novelty determined using RED,Novel,Unclassified public database SGBs,Medium-quality,22,0,0,0,0
SRR29646158.bin.57,1,Sesbania Cannabina,MAG,Bacteria,Bacteroidota,Bacteroidia,J057,JADKCL01,Unclassified,Unclassified,Public,91.53435572,0.81639,35.32,119.37,97.27,1.64,0,7785409,67408,2,0.578,taxonomic novelty determined using RED,Novel,Unclassified public database SGBs,Medium-quality,24,2,0,2,4
SRR29646158.bin.6,0,Sesbania Cannabina,MAG,Bacteria,Pseudomonadota,Gammaproteobacteria,Pseudomonadales,Pseudohongiellaceae,RFVC01,Unclassified,Public,79.15494818,0.92056,35.32,119.37,89.38,2.5,7.69,4009021,11638,2,0.553,taxonomic classification fully defined by topology,Defined,Unclassified public database SGBs,Medium-quality,23,1,0,0,1
SRR29646158.bin.60,2,Sesbania Cannabina,MAG,Bacteria,Bacteroidota,Bacteroidia,Flavobacteriales,Flavobacteriaceae,Flagellimonas,Flagellimonas beolgyonensis,Public,75.56773913,N/A,35.32,119.37,90.43,3.63,33.33,3275665,11369,2,0.434,taxonomic classification defined by topology and ANI,Defined,Published genomes,Medium-quality,20,0,0,2,2
SRR29646158.bin.63,13,Sesbania Cannabina,MAG,Bacteria,Actinomycetota,Actinomycetes,Mycobacteriales,Micromonosporaceae,Micromonospora,Unclassified,Public,73.87991264,0.98672,35.32,119.37,94.8,5.54,86.67,5350249,7191,2,0.732,taxonomic classification defined by topology and ANI,Defined,Unclassified public database SGBs,Medium-quality,21,1,0,1,2
SRR29646158.bin.67,0,Sesbania Cannabina,MAG,Bacteria,Pseudomonadota,Gammaproteobacteria,Burkholderiales,Burkholderiaceae,Zeimonas,Zeimonas sp001724315,Public,91.55302841,N/A,35.32,119.37,97.19,1.83,66.67,3732206,32028,3,0.703,taxonomic classification defined by topology and ANI,Defined,Published genomes,Medium-quality,20,2,0,2,4
SRR29646158.bin.69,2,Sesbania Cannabina,MAG,Bacteria,Bacteroidota,Ignavibacteria,Ignavibacteriales,Ignavibacteriaceae,IGN3,Unclassified,Public,92.21763629,0.93117,35.32,119.37,99.16,1.96,25,3210441,43179,2,0.329,taxonomic classification fully defined by topology,Defined,Unclassified public database SGBs,High-quality,23,1,2,1,4
SRR29646158.bin.7,1,Sesbania Cannabina,MAG,Bacteria,Chloroflexota,Anaerolineae,Aggregatilineales,Aggregatilineaceae,DYGX01,Unclassified,Public,92.36635515,0.98459,35.32,119.37,94.55,0.91,0,4114254,42925,2,0.667,taxonomic classification defined by topology and ANI,Defined,Unclassified public database SGBs,High-quality,22,2,1,3,6
SRR29646158.bin.73,0,Sesbania Cannabina,MAG,Bacteria,Chloroflexota,Anaerolineae,Aggregatilineales,Phototrophicaceae,Unclassified,Unclassified,Public,65.38873338,0.88064,35.32,119.37,78.82,2.99,20,3676717,5514,1,0.628,taxonomic novelty determined using RED,Novel,Unclassified public database SGBs,Medium-quality,22,0,1,2,3
SRR29646158.bin.82,1,Sesbania Cannabina,MAG,Bacteria,Chloroflexota,Anaerolineae,Aggregatilineales,Phototrophicaceae,Flexifilum,Unclassified,Public,42.74364992,0.97064,35.32,119.37,76.87,7.06,4.76,4657662,3760,1,0.591,taxonomic classification fully defined by topology,Defined,Unclassified public database SGBs,Medium-quality,17,1,0,1,2
SRR29646158.bin.83,0,Sesbania Cannabina,MAG,Bacteria,Pseudomonadota,Alphaproteobacteria,Caulobacterales,TH1-2,Vitreimonas,Unclassified,Public,76.04901193,0.94284,35.32,119.37,81.86,1.69,25,2631008,21529,2,0.684,taxonomic classification defined by topology and ANI,Defined,Unclassified public database SGBs,Medium-quality,21,1,0,0,1
SRR29646158.bin.86,2,Sesbania Cannabina,MAG,Bacteria,Bacteroidota,Bacteroidia,Cytophagales,Cyclobacteriaceae,ELB16-189,Unclassified,Public,92.49879159,0.91718,35.32,119.37,96.13,1.25,20,4295690,44528,4,0.425,taxonomic classification fully defined by topology,Defined,Unclassified public database SGBs,Medium-quality,22,2,0,2,4
SRR29646158.bin.9,7,Sesbania Cannabina,MAG,Bacteria,Myxococcota,Polyangia,Polyangiales,Polyangiaceae,SZUA-265,Unclassified,Public,85.36004376,0.90631,35.32,119.37,89.14,1.31,25,7193793,62412,8,0.639,taxonomic classification fully defined by topology,Defined,Unclassified public database SGBs,Medium-quality,24,0,0,1,1
SRR29646159.bin.10,8,Sesbania Cannabina,MAG,Bacteria,Bacteroidota,Bacteroidia,Flavobacteriales,Crocinitomicaceae,Fluviicola,Unclassified,Public,101.3635559,0.99584,35.32,119.37,99.73,0.18,100,4607098,40468,2,0.415,taxonomic classification defined by topology and ANI,Defined,Unclassified public database SGBs,High-quality,23,1,1,2,4
SRR29646159.bin.12,2,Sesbania Cannabina,MAG,Bacteria,Bacteroidota,Bacteroidia,Flavobacteriales,Flavobacteriaceae,Flavobacterium,Unclassified,Public,56.66374602,0.98445,35.32,119.37,89.43,6.81,5.13,3963200,5872,1,0.293,taxonomic classification defined by topology and ANI,Defined,Unclassified public database SGBs,Medium-quality,24,2,3,1,6
SRR29646159.bin.14,9,Sesbania Cannabina,MAG,Bacteria,Pseudomonadota,Gammaproteobacteria,Pseudomonadales,Pseudomonadaceae,Pseudomonas_E,Pseudomonas_E composti_A,Public,74.01961049,N/A,35.32,119.37,90.3,4.36,80,4926611,9188,2,0.633,taxonomic classification defined by topology and ANI,Defined,Published genomes,Medium-quality,20,2,0,2,4
SRR29646159.bin.17,36,Sesbania Cannabina,MAG,Bacteria,Bacteroidota,Bacteroidia,Chitinophagales,Chitinophagaceae,Chitinophaga,Unclassified,Public,97.88721995,0.98449,35.32,119.37,100,0.99,0,6734937,375353,2,0.525,taxonomic classification defined by topology and ANI,Defined,Unclassified public database SGBs,Medium-quality,23,1,0,1,2
SRR29646159.bin.19,0,Sesbania Cannabina,MAG,Bacteria,Bacteroidota,Bacteroidia,Flavobacteriales,Flavobacteriaceae,DJVA01,Unclassified,Public,66.87148607,0.96398,35.32,119.37,75.35,1.94,23.08,2249249,2802,1,0.429,taxonomic novelty determined using RED,Novel,Unclassified public database SGBs,Medium-quality,14,0,0,0,0
SRR29646159.bin.2,4,Sesbania Cannabina,MAG,Bacteria,Pseudomonadota,Alphaproteobacteria,Rhizobiales,Rhizobiaceae,Sinorhizobium,Sinorhizobium alkalisoli,Public,89.13989302,N/A,35.32,119.37,98.56,2.42,0,6090956,181981,2,0.62,taxonomic classification defined by topology and ANI,Defined,Published genomes,Medium-quality,23,1,0,0,1
SRR29646159.bin.22,6,Sesbania Cannabina,MAG,Bacteria,Pseudomonadota,Gammaproteobacteria,Burkholderiales,Burkholderiaceae,Achromobacter,Achromobacter pulmonis,Public,96.98108713,N/A,35.32,119.37,98.45,0.97,85.71,5691950,99862,2,0.672,taxonomic classification defined by topology and ANI,Defined,Published genomes,Medium-quality,23,0,1,4,5
SRR29646159.bin.23,10,Sesbania Cannabina,MAG,Bacteria,Pseudomonadota,Gammaproteobacteria,Burkholderiales,Burkholderiaceae,Hydrogenophaga,Hydrogenophaga intermedia,Public,71.28275913,N/A,35.32,119.37,85.23,3.61,83.33,4566336,12277,1,0.692,taxonomic classification defined by topology and ANI,Defined,Published genomes,Medium-quality,20,0,0,0,0
SRR29646159.bin.5,9,Sesbania Cannabina,MAG,Bacteria,Bacteroidota,Bacteroidia,Cytophagales,Cyclobacteriaceae,Ohtaekwangia,Unclassified,Public,96.3697456,0.99582,35.32,119.37,97.6,0.69,0,6998812,21852,2,0.438,taxonomic classification defined by topology and ANI,Defined,Unclassified public database SGBs,Medium-quality,23,0,1,1,2
SRR29646159.bin.7,3,Sesbania Cannabina,MAG,Bacteria,Bacteroidota,Bacteroidia,Chitinophagales,Chitinophagaceae,Chitinophaga,Chitinophaga cymbidii,Public,76.20344771,N/A,35.32,119.37,79.16,1.07,50,4456133,4139,2,0.535,taxonomic classification defined by topology and ANI,Defined,Published genomes,Medium-quality,17,0,0,0,0
SRR29646160.bin.13,11,Soil,MAG,Bacteria,Acidobacteriota,Thermoanaerobaculia,Multivoradales,UBA5704,Unclassified,Unclassified,Public,86.59003034,0.69251,35.32,119.37,97.1,2.56,0,5766920,31455,3,0.68,taxonomic classification fully defined by topology,Defined,Unclassified public database SGBs,Medium-quality,23,0,1,1,2
SRR29646160.bin.16,13,Soil,MAG,Bacteria,Myxococcota,Polyangia,Polyangiales,Polyangiaceae,SZUA-265,Unclassified,Public,84.77983989,0.90483,35.32,119.37,89.46,1.45,0,8379351,109567,2,0.624,taxonomic classification fully defined by topology,Defined,Unclassified public database SGBs,Medium-quality,23,1,1,1,3
SRR29646160.bin.17,4,Soil,MAG,Bacteria,Acidobacteriota,Terriglobia,Bryobacterales,Bryobacteraceae,CADEFT01,Unclassified,Public,76.24036338,0.90226,35.32,119.37,76.48,0.44,0,4802616,6618,2,0.634,taxonomic classification fully defined by topology,Defined,Unclassified public database SGBs,Medium-quality,20,1,0,0,1
SRR29646160.bin.21,1,Soil,MAG,Bacteria,Bacteroidota,Bacteroidia,Cytophagales,Cyclobacteriaceae,ZC4RG29,Unclassified,Public,42.35571235,0.98429,35.32,119.37,85.9,9.9,48.84,3819129,13839,1,0.529,taxonomic novelty determined using RED,Novel,Unclassified public database SGBs,Medium-quality,21,1,1,1,3
SRR29646160.bin.22,13,Soil,MAG,Bacteria,Pseudomonadota,Gammaproteobacteria,Steroidobacterales,Steroidobacteraceae,JADGHX01,Unclassified,Public,63.7430909,0.94844,35.32,119.37,89.2,5.31,0,4862491,12195,1,0.666,taxonomic novelty determined using RED,Novel,Unclassified public database SGBs,Medium-quality,17,1,0,0,1
SRR29646160.bin.23,3,Soil,MAG,Bacteria,Pseudomonadota,Gammaproteobacteria,Woeseiales,Woeseiaceae,JAACFE01,Unclassified,Public,70.05016384,0.9751,35.32,119.37,84.1,3.36,18.18,3996210,15088,2,0.621,taxonomic classification defined by topology and ANI,Defined,Unclassified public database SGBs,Medium-quality,20,1,1,1,3
SRR29646160.bin.27,1,Soil,MAG,Bacteria,Bacteroidota,Bacteroidia,Flavobacteriales,Flavobacteriaceae,Salinimicrobium,Unclassified,Public,93.27030086,0.9692,35.32,119.37,96.63,1.2,20,2849240,50726,10,0.398,taxonomic classification fully defined by topology,Defined,Unclassified public database SGBs,Medium-quality,23,1,1,0,2
SRR29646160.bin.3,1,Soil,MAG,Bacteria,Pseudomonadota,Alphaproteobacteria,Rhizobiales,Hyphomicrobiaceae,Unclassified,Unclassified,Public,73.61938952,0.88437,35.32,119.37,78.86,1.69,71.43,3335484,8025,2,0.66,taxonomic novelty determined using RED,Novel,Unclassified public database SGBs,Medium-quality,19,0,0,1,1
SRR29646160.bin.35,7,Soil,MAG,Bacteria,Bacteroidota,Bacteroidia,Cytophagales,Cyclobacteriaceae,ZC4RG29,Unclassified,Public,97.37729023,0.91509,35.32,119.37,99.54,0.99,0,5187367,298250,2,0.385,taxonomic novelty determined using RED,Novel,Unclassified public database SGBs,Medium-quality,23,2,0,2,4
SRR29646160.bin.40,21,Soil,MAG,Bacteria,Actinomycetota,Actinomycetes,Streptosporangiales,Streptosporangiaceae,Spirillospora,Unclassified,Public,90.03366592,0.98142,35.32,119.37,96.26,1.6,33.33,6754793,24031,1,0.731,taxonomic classification defined by topology and ANI,Defined,Unclassified public database SGBs,Medium-quality,25,0,1,5,6
SRR29646160.bin.41,1,Soil,MAG,Bacteria,Gemmatimonadota,Gemmatimonadetes,Gemmatimonadales,Gemmatimonadaceae,JADGGM01,Unclassified,Public,89.68323928,0.92284,35.32,119.37,98.9,2.3,0,4208423,29931,4,0.709,taxonomic classification fully defined by topology,Defined,Unclassified public database SGBs,Medium-quality,24,2,0,2,4
SRR29646160.bin.42,3,Soil,MAG,Bacteria,Pseudomonadota,Gammaproteobacteria,Rariloculales,Rariloculaceae,Unclassified,Unclassified,Public,79.56412907,0.86173,35.32,119.37,90.72,2.73,0,4787929,77314,2,0.668,taxonomic novelty determined using RED,Novel,Unclassified public database SGBs,High-quality,23,1,1,1,3
SRR29646160.bin.8,2,Soil,MAG,Bacteria,Pseudomonadota,Alphaproteobacteria,Bin65,Bin65,SBBV01,Unclassified,Public,87.40578821,0.96336,35.32,119.37,95.41,2.04,0,5078959,19730,4,0.689,taxonomic classification defined by topology and ANI,Defined,Unclassified public database SGBs,Medium-quality,19,0,0,0,0
SRR29646161.bin.18,107,Soil,MAG,Bacteria,Acidobacteriota,Thermoanaerobaculia,Multivoradales,UBA5704,Unclassified,Unclassified,Public,82.77524502,0.7588,35.32,119.37,93.59,2.9,50,6023042,23513,2,0.726,taxonomic novelty determined using RED,Novel,Unclassified public database SGBs,High-quality,24,1,1,1,3
SRR29646161.bin.27,0,Soil,MAG,Bacteria,Pseudomonadota,Gammaproteobacteria,Xanthomonadales,SZUA-36,JABDJL01,Unclassified,Public,56.26943802,0.9003,35.32,119.37,79.44,6.06,85.19,2091434,6821,2,0.63,taxonomic novelty determined using RED,Novel,Unclassified public database SGBs,Medium-quality,17,1,0,0,1
SRR29646161.bin.28,3,Soil,MAG,Bacteria,Pseudomonadota,Alphaproteobacteria,Sphingomonadales,Sphingomonadaceae,Parasphingopyxis,Unclassified,Public,91.23336165,0.94955,35.32,119.37,95.61,1.45,44.44,2442884,23796,4,0.65,taxonomic classification defined by topology and ANI,Defined,Unclassified public database SGBs,Medium-quality,22,1,0,0,1
SRR29646161.bin.33,3,Soil,MAG,Bacteria,Pseudomonadota,Gammaproteobacteria,Burkholderiales,SG8-39,JAABQT01,Unclassified,Public,89.8407636,0.94186,35.32,119.37,95.59,1.61,8.33,3331018,17698,3,0.701,taxonomic classification defined by topology and ANI,Defined,Unclassified public database SGBs,High-quality,21,1,2,1,4
SRR29646161.bin.37,8,Soil,MAG,Bacteria,Pseudomonadota,Gammaproteobacteria,SZUA-152,SZUA-152,JAKEGK01,Unclassified,Public,71.29836445,0.88268,35.32,119.37,84.52,3.04,0,4788068,7190,2,0.45,taxonomic novelty determined using RED,Novel,Unclassified public database SGBs,Medium-quality,14,0,0,0,0
SRR29646161.bin.39,40,Soil,MAG,Bacteria,Acidobacteriota,Thermoanaerobaculia,Multivoradales,UBA5704,Unclassified,Unclassified,Public,78.73664441,0.75854,35.32,119.37,97.44,4.27,0,5540453,156059,2,0.663,taxonomic novelty determined using RED,Novel,Unclassified public database SGBs,High-quality,24,1,1,1,3
SRR29646161.bin.4,0,Soil,MAG,Bacteria,Pseudomonadota,Gammaproteobacteria,SLDE01,SLDE01,JAPHTQ01,Unclassified,Public,64.1115454,0.8947,35.32,119.37,83.79,5.17,75,3218625,32804,2,0.568,taxonomic novelty determined using RED,Novel,Unclassified public database SGBs,Medium-quality,21,1,0,0,1
SRR29646161.bin.40,1,Soil,MAG,Bacteria,Pseudomonadota,Alphaproteobacteria,Kiloniellales,CECT-8803,Limibacillus,Unclassified,Public,72.65651083,0.85677,35.32,119.37,79.31,1.72,0,2336746,6209,2,0.674,taxonomic novelty determined using RED,Novel,Unclassified public database SGBs,Medium-quality,13,0,0,0,0
SRR29646161.bin.45,5,Soil,MAG,Bacteria,Bacteroidota,Bacteroidia,Flavobacteriales,Flavobacteriaceae,Zeaxanthinibacter,Unclassified,Public,100.2926466,0.96444,35.32,119.37,99.34,0.34,33.33,3611040,96624,20,0.491,taxonomic classification fully defined by topology,Defined,Unclassified public database SGBs,Medium-quality,20,0,0,0,0
SRR29646161.bin.51,3,Soil,MAG,Bacteria,Gemmatimonadota,Gemmatimonadetes,JACCXV01,JAHWKZ01,JAHWKZ01,Unclassified,Public,87.97113178,0.90741,35.32,119.37,96.7,2.2,0,3338123,27719,2,0.731,taxonomic classification defined by topology and ANI,Defined,Unclassified public database SGBs,High-quality,23,1,1,1,3
SRR29646161.bin.53,4,Soil,MAG,Bacteria,Pseudomonadota,Alphaproteobacteria,UBA8366,JADFVY01,GCA-020356105,Unclassified,Public,87.2255808,0.92838,35.32,119.37,99.57,2.97,0,4665338,81899,5,0.658,taxonomic classification defined by topology and ANI,Defined,Unclassified public database SGBs,High-quality,24,1,1,1,3
SRR29689609.bin.11,3,Wheat,MAG,Bacteria,Pseudomonadota,Gammaproteobacteria,Pseudomonadales,Cellvibrionaceae,UBA5868,UBA5868 sp002432095,Public,63.98313636,N/A,36,117,85.61,4.85,10.53,4210345,13331,2,0.52,taxonomic classification defined by topology and ANI,Defined,Published genomes,Medium-quality,22,0,0,2,2
SRR29689609.bin.2,3,Wheat,MAG,Bacteria,Bacteroidota,Rhodothermia,Balneolales,Balneolaceae,Gracilimonas,Gracilimonas tropica,Public,94.91069444,N/A,36,117,98.3,1.12,0,3131530,21528,6,0.433,taxonomic classification defined by topology and ANI,Defined,Published genomes,Medium-quality,19,0,0,1,1
SRR29689609.bin.32,1,Wheat,MAG,Bacteria,Pseudomonadota,Gammaproteobacteria,Pseudomonadales,Alcanivoracaceae,Alloalcanivorax,Alloalcanivorax venustensis,Public,72.28400828,N/A,36,117,95.43,5.87,70.59,3394676,10911,2,0.652,taxonomic classification defined by topology and ANI,Defined,Published genomes,Medium-quality,17,2,1,1,4
SRR29689609.bin.34,3,Wheat,MAG,Bacteria,Actinomycetota,Actinomycetes,Propionibacteriales,Nocardioidaceae,Aeromicrobium,Unclassified,Public,75.77267156,0.99736,36,117,87.45,2.76,36.36,2699864,13749,1,0.71,taxonomic classification defined by topology and ANI,Defined,Unclassified public database SGBs,Medium-quality,22,1,0,0,1
SRR29689609.bin.57,2,Wheat,MAG,Bacteria,Bacteroidota,Bacteroidia,Flavobacteriales,Flavobacteriaceae,Salinimicrobium,Unclassified,Public,53.9540606,0.9784,36,117,75.81,5.59,91.67,2491921,6909,1,0.476,taxonomic classification fully defined by topology,Defined,Unclassified public database SGBs,Medium-quality,17,1,0,1,2
SRR29689609.bin.59,4,Wheat,MAG,Bacteria,Pseudomonadota,Gammaproteobacteria,Pseudomonadales,Halomonadaceae,Halomonas,Unclassified,Public,69.89726081,0.98792,36,117,95.64,6.72,85.71,3740574,12732,3,0.686,taxonomic classification defined by topology and ANI,Defined,Unclassified public database SGBs,Medium-quality,22,0,0,2,2
SRR29689609.bin.6,3,Wheat,MAG,Bacteria,Pseudomonadota,Gammaproteobacteria,Pseudomonadales,Pseudomonadaceae,Stutzerimonas,Stutzerimonas xanthomarina_A,Public,73.45949683,N/A,36,117,81.03,1.72,0,3092706,9099,1,0.63,taxonomic classification defined by topology and ANI,Defined,Published genomes,Medium-quality,16,0,0,1,1
SRR29689609.bin.67,10,Wheat,MAG,Bacteria,Pseudomonadota,Gammaproteobacteria,Pseudomonadales,Pseudomonadaceae,Pseudomonas_E,Unclassified,Public,59.5687776,0.97005,36,117,92.15,7.07,19.57,5214057,46812,1,0.658,taxonomic classification defined by topology and ANI,Defined,Unclassified public database SGBs,Medium-quality,20,0,0,0,0
SRR29689609.bin.68,1,Wheat,MAG,Bacteria,Pseudomonadota,Gammaproteobacteria,Pseudomonadales,Halomonadaceae,Vreelandella,Unclassified,Public,96.83164763,0.99352,36,117,97.12,0.65,75,3181785,71351,6,0.601,taxonomic classification defined by topology and ANI,Defined,Unclassified public database SGBs,High-quality,21,2,2,5,9
SRR29689609.bin.71,0,Wheat,MAG,Bacteria,Actinomycetota,Actinomycetes,Actinomycetales,Demequinaceae,Demequina,Unclassified,Public,74.54142175,0.9895,36,117,81.03,1.72,0,2587052,13731,4,0.701,taxonomic classification defined by topology and ANI,Defined,Unclassified public database SGBs,Medium-quality,21,1,1,1,3
SRR29689609.bin.76,3,Wheat,MAG,Bacteria,Pseudomonadota,Gammaproteobacteria,Enterobacterales,Aeromonadaceae,Zobellella_C,Unclassified,Public,92.72879219,0.97994,36,117,95.68,1.08,25,3351575,18383,6,0.638,taxonomic classification defined by topology and ANI,Defined,Unclassified public database SGBs,High-quality,21,2,1,6,9
SRR29689609.bin.78,4,Wheat,MAG,Bacteria,Pseudomonadota,Gammaproteobacteria,Pseudomonadales,Cellvibrionaceae,UBA5868,Unclassified,Public,48.06505162,0.97793,36,117,80.69,7.91,73.58,4605764,12875,1,0.536,taxonomic classification defined by topology and ANI,Defined,Unclassified public database SGBs,Medium-quality,21,0,1,2,3
SRR29689609.bin.8,4,Wheat,MAG,Bacteria,Bacteroidota,Bacteroidia,Flavobacteriales,Flavobacteriaceae,Aequorivita,Aequorivita aquimaris,Public,59.53950791,N/A,36,117,76.36,4.53,86.36,2139808,5430,2,0.407,taxonomic classification defined by topology and ANI,Defined,Published genomes,Medium-quality,13,1,0,0,1
SRR29689609.bin.82,3,Wheat,MAG,Bacteria,Bacteroidota,Bacteroidia,Cytophagales,Cyclobacteriaceae,Marivirga,Unclassified,Public,96.51054363,0.99208,36,117,98.07,0.8,0,4342164,60407,2,0.348,taxonomic classification defined by topology and ANI,Defined,Unclassified public database SGBs,High-quality,22,1,1,2,4
SRR29689609.bin.83,7,Wheat,MAG,Bacteria,Pseudomonadota,Gammaproteobacteria,Pseudomonadales,Halomonadaceae,Halomonas,Halomonas cupida,Public,95.965294,N/A,36,117,99.05,1.19,25,4965344,114708,8,0.598,taxonomic classification defined by topology and ANI,Defined,Published genomes,Medium-quality,22,0,1,2,3
SRR29689609.bin.84,20,Wheat,MAG,Bacteria,Bacteroidota,Bacteroidia,Cytophagales,Cyclobacteriaceae,Fulvivirga,Unclassified,Public,57.25491669,0.97526,36,117,85.42,6.4,42.86,5691087,12127,1,0.417,taxonomic classification defined by topology and ANI,Defined,Unclassified public database SGBs,Medium-quality,17,1,0,1,2
SRR29689609.bin.88,0,Wheat,MAG,Bacteria,Pseudomonadota,Alphaproteobacteria,Rhizobiales,Devosiaceae,Pelagibacterium,Pelagibacterium sp002375765,Public,88.14460034,N/A,36,117,91.19,1.23,75,3252136,18896,6,0.61,taxonomic classification defined by topology and ANI,Defined,Published genomes,Medium-quality,23,0,0,0,0
SRR29689609.bin.93,4,Wheat,MAG,Bacteria,Pseudomonadota,Gammaproteobacteria,Enterobacterales,Alteromonadaceae,Bowmanella,Bowmanella dokdonensis,Public,87.19836066,N/A,36,117,91.34,1.26,8.33,3965866,10501,4,0.55,taxonomic classification defined by topology and ANI,Defined,Published genomes,Medium-quality,18,1,0,0,1
SRR29689609.bin.94,0,Wheat,MAG,Bacteria,Pseudomonadota,Alphaproteobacteria,Sphingomonadales,Kordiimonadaceae,Pseudokordiimonas,Pseudokordiimonas caeni,Public,55.52250176,N/A,36,117,75.7,4.97,75,2598582,6166,1,0.613,taxonomic classification defined by topology and ANI,Defined,Published genomes,Medium-quality,18,0,0,1,1
SRR29689609.bin.99,3,Wheat,MAG,Bacteria,Myxococcota,Bradymonadia,Bradymonadales,Bradymonadaceae,Lujinxingia,Unclassified,Public,55.91491824,0.9709,36,117,77.24,4.97,53.85,5038956,3955,1,0.636,taxonomic classification defined by topology and ANI,Defined,Unclassified public database SGBs,Medium-quality,19,0,0,3,3
SRR29689610.bin.15,1,Wheat,MAG,Bacteria,Pseudomonadota,Gammaproteobacteria,Enterobacterales,Alteromonadaceae,Pseudidiomarina,Unclassified,Public,97.05134468,0.99723,36,117,97.95,0.71,20,2413112,83117,5,0.472,taxonomic classification defined by topology and ANI,Defined,Unclassified public database SGBs,Medium-quality,22,0,0,2,2
SRR29689610.bin.20,3,Wheat,MAG,Bacteria,Verrucomicrobiota,Verrucomicrobiae,Verrucomicrobiales,Akkermansiaceae,Haloferula,Unclassified,Public,93.25525154,0.96156,36,117,97.14,1.36,50,4110697,24169,6,0.637,taxonomic classification fully defined by topology,Defined,Unclassified public database SGBs,Medium-quality,23,0,0,0,0
SRR29689610.bin.29,4,Wheat,MAG,Bacteria,Pseudomonadota,Gammaproteobacteria,Pseudomonadales,Cellvibrionaceae,Marinimicrobium,Unclassified,Public,73.3723886,0.99162,36,117,77.93,1.72,100,3868935,35466,3,0.598,taxonomic classification defined by topology and ANI,Defined,Unclassified public database SGBs,Medium-quality,20,3,0,0,3
SRR29689610.bin.50,3,Wheat,MAG,Bacteria,Pseudomonadota,Gammaproteobacteria,Enterobacterales,Alteromonadaceae,Idiomarina,Unclassified,Public,93.62242461,0.99649,36,117,96,1.1,75,2595400,31569,6,0.468,taxonomic classification defined by topology and ANI,Defined,Unclassified public database SGBs,Medium-quality,20,0,2,4,6
SRR29689610.bin.58,1,Wheat,MAG,Bacteria,Bacteroidota,Bacteroidia,Chitinophagales,Saprospiraceae,Membranihabitans,Unclassified,Public,73.61198461,0.97931,36,117,83.62,2.97,100,3412421,4780,4,0.469,taxonomic classification fully defined by topology,Defined,Unclassified public database SGBs,Medium-quality,20,2,0,0,2
SRR29689610.bin.59,44,Wheat,MAG,Bacteria,Myxococcota,Myxococcia,Myxococcales,Myxococcaceae,Unclassified,Unclassified,Public,70.85360984,0.91784,36,117,94.87,5.22,0,10096800,11674,2,0.691,taxonomic classification fully defined by topology,Defined,Unclassified public database SGBs,Medium-quality,24,1,0,1,2
SRR29689610.bin.73,3,Wheat,MAG,Bacteria,Fibrobacterota,Fibrobacteria,UBA11236,UBA11236,UBA11236,Unclassified,Public,92.28399387,0.94511,36,117,90.16,0,0,2448414,14428,6,0.675,taxonomic classification fully defined by topology,Defined,Unclassified public database SGBs,Medium-quality,22,0,0,1,1
SRR29689610.bin.76,4,Wheat,MAG,Bacteria,Pseudomonadota,Gammaproteobacteria,Pseudomonadales,Cellvibrionaceae,UBA5868,Unclassified,Public,84.58455181,0.98136,36,117,91.34,2.08,72.22,4434080,15377,3,0.535,taxonomic classification defined by topology and ANI,Defined,Unclassified public database SGBs,Medium-quality,21,2,0,1,3
SRR29689610.bin.79,7,Wheat,MAG,Bacteria,Pseudomonadota,Gammaproteobacteria,Pseudomonadales,Cellvibrionaceae,Microbulbifer,Unclassified,Public,89.72903778,0.96261,36,117,93.06,1.18,33.33,3730051,18119,4,0.605,taxonomic classification fully defined by topology,Defined,Unclassified public database SGBs,Medium-quality,23,0,0,3,3
SRR29689610.bin.86,1,Wheat,MAG,Bacteria,Planctomycetota,Planctomycetia,Planctomycetales,Planctomycetaceae,Gimesia,Gimesia chilikensis_A,Public,86.99561552,N/A,36,117,85.13,0,0,5724960,4715,4,0.535,taxonomic classification defined by topology and ANI,Defined,Published genomes,Medium-quality,21,0,0,0,0
SRR29689611.bin.10,4,Wheat,MAG,Bacteria,Pseudomonadota,Gammaproteobacteria,Pseudomonadales,Cellvibrionaceae,Cellvibrio,Cellvibrio sp946481735,Public,91.26035204,N/A,36,117,93.63,1.02,44.44,4050841,29636,5,0.523,taxonomic classification defined by topology and ANI,Defined,Published genomes,Medium-quality,13,0,0,1,1
SRR29689611.bin.16,0,Wheat,MAG,Bacteria,Pseudomonadota,Alphaproteobacteria,UBA1280,UBA6503,Unclassified,Unclassified,Public,79.87342669,0.69617,36,117,79.99,0.42,0,1280231,7675,3,0.458,taxonomic novelty determined using RED,Novel,Unclassified public database SGBs,Medium-quality,16,0,0,0,0
SRR29689611.bin.2,3,Wheat,MAG,Bacteria,Verrucomicrobiota,Verrucomicrobiae,Opitutales,Opitutaceae,Pelagicoccus,Unclassified,Public,77.87522316,0.96133,36,117,79.19,0.68,0,4640770,12304,5,0.601,taxonomic classification fully defined by topology,Defined,Unclassified public database SGBs,Medium-quality,13,1,1,1,3
SRR29689611.bin.26,3,Wheat,MAG,Bacteria,Pseudomonadota,Gammaproteobacteria,Enterobacterales,Alteromonadaceae,Idiomarina,Unclassified,Public,51.32446234,0.9939,36,117,77.22,6.13,60,2316711,11296,1,0.468,taxonomic classification defined by topology and ANI,Defined,Unclassified public database SGBs,Medium-quality,16,0,1,3,4
SRR29689611.bin.28,1,Wheat,MAG,Bacteria,Bacteroidota,Bacteroidia,Flavobacteriales,Flavobacteriaceae,Flagellimonas,Flagellimonas sp030148335,Public,82.14115998,N/A,36,117,93.29,3.15,80,3806006,12020,5,0.457,taxonomic classification defined by topology and ANI,Defined,Published genomes,Medium-quality,20,0,0,2,2
SRR29689611.bin.29,1,Wheat,MAG,Bacteria,Pseudomonadota,Gammaproteobacteria,Enterobacterales,Alteromonadaceae,Pseudidiomarina,Unclassified,Public,92.26229981,0.99351,36,117,90.95,0.25,50,2199981,59916,6,0.492,taxonomic classification defined by topology and ANI,Defined,Unclassified public database SGBs,High-quality,21,1,1,3,5
SRR29689611.bin.4,3,Wheat,MAG,Bacteria,Pseudomonadota,Gammaproteobacteria,Enterobacterales,DSM-103792,Permianibacter,Unclassified,Public,74.51524259,0.98354,36,117,76.1,0.73,25,2739336,4629,2,0.547,taxonomic classification defined by topology and ANI,Defined,Unclassified public database SGBs,Medium-quality,17,0,0,0,0
SRR29689611.bin.44,4,Wheat,MAG,Bacteria,Pseudomonadota,Gammaproteobacteria,Pseudomonadales,Halomonadaceae,Vreelandella,Vreelandella campaniensis_A,Public,84.41339948,N/A,36,117,88.08,1.28,40,3807855,22481,4,0.556,taxonomic classification defined by topology and ANI,Defined,Published genomes,Medium-quality,20,1,1,2,4
SRR29689611.bin.48,6,Wheat,MAG,Bacteria,Pseudomonadota,Alphaproteobacteria,Rhodospirillales_A,Thalassospiraceae,Thalassospira,Thalassospira lucentensis_A,Public,76.20640211,N/A,36,117,85.46,2.82,100,4132631,10683,5,0.549,taxonomic classification defined by topology and ANI,Defined,Published genomes,Medium-quality,18,0,0,1,1
SRR29689611.bin.54,0,Wheat,MAG,Bacteria,Pseudomonadota,Alphaproteobacteria,Rhizobiales,Devosiaceae,Devosia,Unclassified,Public,87.98172876,0.99063,36,117,90.44,1.02,50,3389563,14939,6,0.618,taxonomic classification defined by topology and ANI,Defined,Unclassified public database SGBs,Medium-quality,20,0,0,0,0
SRR29689611.bin.6,1,Wheat,MAG,Bacteria,Bacteroidota,Bacteroidia,Flavobacteriales,Flavobacteriaceae,Flagellimonas,Unclassified,Public,94.67742155,0.99701,36,117,95.23,0.71,100,3551899,30329,5,0.425,taxonomic classification defined by topology and ANI,Defined,Unclassified public database SGBs,Medium-quality,21,1,0,1,2
SRR29689611.bin.65,2,Wheat,MAG,Bacteria,Verrucomicrobiota,Verrucomicrobiae,Opitutales,Opitutaceae,Pelagicoccus,Unclassified,Public,69.58778558,0.92826,36,117,85.47,3.91,44.44,4237164,6469,2,0.575,taxonomic novelty determined using RED,Novel,Unclassified public database SGBs,Medium-quality,16,0,0,0,0
SRR29689611.bin.69,9,Wheat,MAG,Bacteria,Pseudomonadota,Gammaproteobacteria,Enterobacterales,Alteromonadaceae,Rheinheimera,Unclassified,Public,96.41752502,0.97972,36,117,98.32,0.94,0,4400638,316246,5,0.503,taxonomic classification defined by topology and ANI,Defined,Unclassified public database SGBs,Medium-quality,22,1,0,5,6
SRR29689611.bin.75,5,Wheat,MAG,Bacteria,Bacillota,Bacilli,Bacillales_B,Bacillaceae_B,Rossellomorea,Unclassified,Public,71.19259839,0.99143,36,117,77.41,1.64,7.69,3124027,4278,3,0.421,taxonomic classification defined by topology and ANI,Defined,Unclassified public database SGBs,Medium-quality,16,5,0,6,11
SRR29689611.bin.78,17,Wheat,MAG,Bacteria,Myxococcota,Polyangia,Polyangiales,Polyangiaceae,NIC37A-2,Unclassified,Public,69.03881974,0.97238,36,117,91.72,5.53,50,6638999,20933,3,0.687,taxonomic classification defined by topology and ANI,Defined,Unclassified public database SGBs,Medium-quality,23,0,0,0,0
SRR29689611.bin.90,12,Wheat,MAG,Bacteria,Myxococcota,Polyangia,Polyangiales,Polyangiaceae,NIC37A-2,Unclassified,Public,76.59779068,0.94198,36,117,85.09,2.1,0,6247631,8378,5,0.604,taxonomic classification fully defined by topology,Defined,Unclassified public database SGBs,Medium-quality,20,0,0,0,0
SRR29792380.bin.3,1,Soil,MAG,Bacteria,Gemmatimonadota,Gemmatimonadetes,Gemmatimonadales,GWC2-71-9,JABFSM01,Unclassified,Public,83.34099512,0.92049,34.25,104.32,91.21,2.2,50,3782100,9863,6,0.684,taxonomic classification fully defined by topology,Defined,Unclassified public database SGBs,Medium-quality,23,0,1,1,2
SRR29792381.bin.4,2,Soil,MAG,Bacteria,Pseudomonadota,Gammaproteobacteria,Burkholderiales,SG8-39,SCGC-AG-212-J23,Unclassified,Public,88.20020598,0.94105,34.25,104.32,95.33,2.03,40,3997589,21133,6,0.684,taxonomic classification defined by topology and ANI,Defined,Unclassified public database SGBs,Medium-quality,20,0,1,1,2
SRR29792384.bin.9,1,Soil,MAG,Bacteria,Pseudomonadota,Gammaproteobacteria,Xanthomonadales,Xanthomonadaceae,Luteimonas_B,Unclassified,Public,76.09303183,0.983,34.25,104.32,93.01,4.4,68.57,2154002,11106,4,0.699,taxonomic classification defined by topology and ANI,Defined,Unclassified public database SGBs,High-quality,21,1,1,1,3
SRR31572237.bin.2,0,Soil,MAG,Bacteria,Bacteroidota,Bacteroidia,Flavobacteriales,Flavobacteriaceae,Salinimicrobium,Unclassified,Public,77.68629155,0.97986,29.6857,76.9905,92.63,3.82,56.25,2826940,8224,2,0.437,taxonomic classification defined by topology and ANI,Defined,Unclassified public database SGBs,High-quality,18,2,1,2,5
SRR31572239.bin.17,0,Soil,MAG,Bacteria,Pseudomonadota,Gammaproteobacteria,Enterobacterales,Alteromonadaceae,Pararheinheimera,Pararheinheimera tangshanensis,Public,61.94032943,N/A,29.6857,76.9905,92.83,7.78,77.08,3738870,8453,2,0.466,taxonomic classification defined by topology and ANI,Defined,Published genomes,Medium-quality,23,3,1,1,5
SRR31572239.bin.5,4,Soil,MAG,Bacteria,Bdellovibrionota,Bacteriovoracia,Bacteriovoracales,Bacteriovoracaceae,Bacteriovorax,Unclassified,Public,43.61602087,0.98412,29.6857,76.9905,78.71,7.19,0,2725278,4093,1,0.356,taxonomic classification defined by topology and ANI,Defined,Unclassified public database SGBs,Medium-quality,22,0,0,0,0
SRR31572239.bin.6,5,Soil,MAG,Bacteria,Pseudomonadota,Gammaproteobacteria,Burkholderiales,Chitinimonadaceae,Chitinimonas,Chitinimonas taiwanensis,Public,57.0584358,N/A,29.6857,76.9905,80.74,5.33,40,3261239,3740,1,0.638,taxonomic classification defined by topology and ANI,Defined,Published genomes,Medium-quality,19,0,0,0,0
SRR31572239.bin.7,0,Soil,MAG,Bacteria,Pseudomonadota,Gammaproteobacteria,Burkholderiales,Burkholderiaceae,Comamonas,Comamonas aquatica,Public,91.19642061,N/A,29.6857,76.9905,95.36,1.42,33.33,3637090,67030,2,0.656,taxonomic classification defined by topology and ANI,Defined,Published genomes,Medium-quality,22,0,0,1,1
SRR31572241.bin.1,1,Soil,MAG,Bacteria,Pseudomonadota,Alphaproteobacteria,Sphingomonadales,Sphingomonadaceae,Novosphingobium,Unclassified,Public,86.27561181,0.96431,29.6857,76.9905,96.12,2.69,45.83,3338545,44215,2,0.669,taxonomic classification defined by topology and ANI,Defined,Unclassified public database SGBs,Medium-quality,22,0,0,0,0
SRR31572241.bin.15,5,Soil,MAG,Bacteria,Pseudomonadota,Gammaproteobacteria,Pseudomonadales,Pseudomonadaceae,Stutzerimonas,Unclassified,Public,83.17086376,0.99879,29.6857,76.9905,97.44,3.33,0,4461875,45891,2,0.629,taxonomic classification defined by topology and ANI,Defined,Unclassified public database SGBs,Medium-quality,22,0,0,0,0
SRR31572241.bin.18,6,Soil,MAG,Bacteria,Bacteroidota,Bacteroidia,Flavobacteriales,Flavobacteriaceae,Flavobacterium,Flavobacterium anhuiense,Public,85.06540466,N/A,29.6857,76.9905,92.79,2.33,77.78,4712665,13374,2,0.341,taxonomic classification defined by topology and ANI,Defined,Published genomes,Medium-quality,23,2,0,3,5
SRR31572241.bin.20,1,Soil,MAG,Bacteria,Pseudomonadota,Gammaproteobacteria,Xanthomonadales,Rhodanobacteraceae,Dokdonella_A,Dokdonella_A sp023430685,Public,69.29425697,N/A,29.6857,76.9905,76.07,1.64,37.5,2602837,3300,1,0.697,taxonomic classification defined by topology and ANI,Defined,Published genomes,Medium-quality,18,0,1,1,2
SRR31572241.bin.27,9,Soil,MAG,Bacteria,Pseudomonadota,Gammaproteobacteria,Pseudomonadales,Pseudomonadaceae,Pseudomonas_E,Pseudomonas_E rhodesiae,Public,88.04558133,N/A,29.6857,76.9905,98.13,2.82,51.43,5966712,107278,2,0.604,taxonomic classification defined by topology and ANI,Defined,Published genomes,Medium-quality,21,0,0,1,1
SRR31572241.bin.32,14,Soil,MAG,Bacteria,Pseudomonadota,Gammaproteobacteria,Enterobacterales,Enterobacteriaceae,Serratia,Serratia ureilytica,Public,71.06569335,N/A,29.6857,76.9905,88.98,4.14,40,4686547,14434,1,0.6,taxonomic classification defined by topology and ANI,Defined,Published genomes,Medium-quality,23,0,0,6,6
SRR31572241.bin.33,0,Soil,MAG,Bacteria,Pseudomonadota,Gammaproteobacteria,Enterobacterales,Enterobacteriaceae,Hafnia,Hafnia alvei,Public,69.20568921,N/A,29.6857,76.9905,80.81,2.64,26.09,3679748,5174,1,0.488,taxonomic classification defined by topology and ANI,Defined,Published genomes,Medium-quality,21,0,1,2,3
SRR31572242.bin.1,11,Soil,MAG,Bacteria,Actinomycetota,Actinomycetes,Mycobacteriales,Mycobacteriaceae,Hoyosella,Unclassified,Public,100.1469062,0.96552,29.6857,76.9905,98.83,0.24,0,4557047,86450,16,0.587,taxonomic classification fully defined by topology,Defined,Unclassified public database SGBs,Medium-quality,22,0,1,2,3
SRR31572242.bin.11,4,Soil,MAG,Bacteria,Actinomycetota,Rubrobacteria,Rubrobacterales,Rubrobacteraceae,JACCWD01,Unclassified,Public,96.20750693,0.93129,29.6857,76.9905,95.67,0.44,100,3888030,32150,10,0.605,taxonomic novelty determined using RED,Novel,Unclassified public database SGBs,High-quality,24,3,1,4,8
SRR31572242.bin.21,3,Soil,MAG,Bacteria,Pseudomonadota,Gammaproteobacteria,Pseudomonadales,Halomonadaceae,Vreelandella,Vreelandella stevensii,Public,96.93710842,N/A,29.6857,76.9905,96.55,0.43,0,3129456,94236,2,0.701,taxonomic classification defined by topology and ANI,Defined,Published genomes,Medium-quality,22,1,0,3,4
SRR31572242.bin.29,1,Soil,MAG,Bacteria,Pseudomonadota,Alphaproteobacteria,Caulobacterales,Caulobacteraceae,Brevundimonas,Brevundimonas diminuta,Public,74.24535979,N/A,29.6857,76.9905,89,3.88,68.42,2733932,7609,2,0.496,taxonomic classification defined by topology and ANI,Defined,Published genomes,Medium-quality,18,0,0,0,0
SRR31572242.bin.3,3,Soil,MAG,Bacteria,Bacillota_A,Clostridia,Lachnospirales,Lachnospiraceae,Lacrimispora,Lacrimispora xylanolytica_C,Public,64.16837381,N/A,29.6857,76.9905,89.07,5.91,41.67,5053110,18679,2,0.559,taxonomic classification defined by topology and ANI,Defined,Published genomes,Medium-quality,22,7,8,8,23
SRR31572242.bin.4,6,Soil,MAG,Bacteria,Pseudomonadota,Gammaproteobacteria,Burkholderiales,Burkholderiaceae,Achromobacter,Achromobacter xylosoxidans,Public,95.29627006,N/A,29.6857,76.9905,95.37,0.52,33.33,6078883,40356,2,0.378,taxonomic classification defined by topology and ANI,Defined,Published genomes,Medium-quality,21,0,0,0,0
SRR31572242.bin.5,1,Soil,MAG,Bacteria,Pseudomonadota,Gammaproteobacteria,Pseudomonadales,Pseudomonadaceae,Halopseudomonas,Halopseudomonas phragmitis,Public,89.29896235,N/A,29.6857,76.9905,97.41,2.13,0,3912447,95044,2,0.449,taxonomic classification defined by topology and ANI,Defined,Published genomes,Medium-quality,22,0,0,0,0
SRR31572242.bin.7,8,Soil,MAG,Bacteria,Pseudomonadota,Gammaproteobacteria,Enterobacterales,Enterobacteriaceae,Pantoea,Pantoea dispersa,Public,73.61943606,N/A,29.6857,76.9905,84.47,2.82,34.62,4017293,27945,2,0.629,taxonomic classification defined by topology and ANI,Defined,Published genomes,Medium-quality,19,1,0,2,3
SRR31572243.bin.1,1,Soil,MAG,Bacteria,Bacillota_A,Clostridia,Lachnospirales,Lachnospiraceae,Lacrimispora,Lacrimispora xylanolytica,Public,90.77225326,N/A,29.6857,76.9905,91.77,0.79,100,4053785,17468,4,0.429,taxonomic classification defined by topology and ANI,Defined,Published genomes,Medium-quality,19,0,0,2,2
SRR31572243.bin.12,1,Soil,MAG,Bacteria,Pseudomonadota,Alphaproteobacteria,Rhizobiales,Rhizobiaceae,Agrobacterium,Agrobacterium pusense,Public,72.19298741,N/A,29.6857,76.9905,78.59,2.02,80,3445990,11857,2,0.594,taxonomic classification defined by topology and ANI,Defined,Published genomes,Medium-quality,21,0,1,1,2
SRR31572243.bin.14,0,Soil,MAG,Bacteria,Pseudomonadota,Gammaproteobacteria,Enterobacterales,Aeromonadaceae,Aeromonas,Aeromonas caviae,Public,90.63614966,N/A,29.6857,76.9905,92.78,0.86,100,4310514,31067,1,0.62,taxonomic classification defined by topology and ANI,Defined,Published genomes,High-quality,21,3,1,5,9
SRR31572243.bin.16,12,Soil,MAG,Bacteria,Actinomycetota,Actinomycetes,Mycobacteriales,Mycobacteriaceae,Hoyosella,Hoyosella sp026041215,Public,99.53682054,N/A,29.6857,76.9905,98.79,0.4,0,5297419,248906,8,0.629,taxonomic classification defined by topology and ANI,Defined,Published genomes,Medium-quality,24,0,0,3,3
SRR31572243.bin.2,29,Soil,MAG,Bacteria,Pseudomonadota,Gammaproteobacteria,Pseudomonadales,Pseudomonadaceae,Pseudomonas_E,Pseudomonas_E sp900156465,Public,84.22796657,N/A,29.6857,76.9905,92.84,2.3,31.58,5350350,17529,5,0.621,taxonomic classification defined by topology and ANI,Defined,Published genomes,Medium-quality,20,0,0,4,4
SRR31572243.bin.22,12,Soil,MAG,Bacteria,Pseudomonadota,Gammaproteobacteria,Burkholderiales,Burkholderiaceae,Variovorax,Unclassified,Public,83.48937235,0.99289,29.6857,76.9905,88.47,1.56,37.5,5363680,23917,2,0.71,taxonomic classification defined by topology and ANI,Defined,Unclassified public database SGBs,Medium-quality,18,0,0,1,1
SRR31572243.bin.26,7,Soil,MAG,Bacteria,Actinomycetota,Rubrobacteria,Rubrobacterales,Rubrobacteraceae,JACCWD01,Unclassified,Public,83.25313407,0.92125,29.6857,76.9905,88.79,1.49,0,4020050,5332,2,0.664,taxonomic novelty determined using RED,Novel,Unclassified public database SGBs,Medium-quality,23,1,1,1,3
SRR31572243.bin.32,2,Soil,MAG,Bacteria,Pseudomonadota,Alphaproteobacteria,Sphingomonadales,Sphingomonadaceae,Novosphingobium,Unclassified,Public,93.42655864,0.96446,29.6857,76.9905,98.66,1.72,53.85,3984812,60350,2,0.666,taxonomic classification defined by topology and ANI,Defined,Unclassified public database SGBs,Medium-quality,22,0,0,0,0
SRR31572243.bin.33,3,Soil,MAG,Bacteria,Pseudomonadota,Gammaproteobacteria,Enterobacterales,Enterobacteriaceae,Franconibacter,Franconibacter pulveris,Public,86.2534911,N/A,29.6857,76.9905,87.75,0.66,33.33,4216081,116688,1,0.568,taxonomic classification defined by topology and ANI,Defined,Published genomes,Medium-quality,21,2,1,5,8
SRR31572244.bin.11,9,Soil,MAG,Bacteria,Bacteroidota,Bacteroidia,Chitinophagales,Chitinophagaceae,Niastella,Unclassified,Public,90.68162937,0.97784,29.6857,76.9905,96.44,1.77,44.44,8303645,32825,4,0.625,taxonomic classification defined by topology and ANI,Defined,Unclassified public database SGBs,Medium-quality,24,2,0,0,2
SRR31572244.bin.12,6,Soil,MAG,Bacteria,Pseudomonadota,Gammaproteobacteria,Enterobacterales,Enterobacteriaceae,Enterobacter,Enterobacter bugandensis,Public,65.55485067,N/A,29.6857,76.9905,83.72,4.75,69.86,3915121,27102,2,0.541,taxonomic classification defined by topology and ANI,Defined,Published genomes,Medium-quality,20,0,2,4,6
SRR31572244.bin.13,10,Soil,MAG,Bacteria,Pseudomonadota,Gammaproteobacteria,Burkholderiales,Burkholderiaceae,Variovorax,Unclassified,Public,76.59847078,0.99742,29.6857,76.9905,88.83,3.16,45.45,5258233,14605,2,0.65,taxonomic classification defined by topology and ANI,Defined,Unclassified public database SGBs,Medium-quality,19,2,1,1,4
SRR31572244.bin.15,1,Soil,MAG,Bacteria,Pseudomonadota,Alphaproteobacteria,Caulobacterales,Caulobacteraceae,Caulobacter,Unclassified,Public,73.64561098,0.99286,29.6857,76.9905,85.22,2.85,28.57,4306377,4195,2,0.298,taxonomic classification defined by topology and ANI,Defined,Unclassified public database SGBs,Medium-quality,21,5,3,11,19
SRR31572244.bin.16,0,Soil,MAG,Bacteria,Bacillota,Bacilli,Lactobacillales,Enterococcaceae,Enterococcus_D,Enterococcus_D innesii,Public,67.68280679,N/A,29.6857,76.9905,76.37,1.94,13.33,2516589,2561,1,0.564,taxonomic classification defined by topology and ANI,Defined,Published genomes,Medium-quality,8,0,0,2,2
SRR31572244.bin.18,1,Soil,MAG,Bacteria,Bacillota_A,Clostridia,Clostridiales,Clostridiaceae,Clostridium,Clostridium beijerinckii,Public,67.63567883,N/A,29.6857,76.9905,81.32,3.46,50,4586243,5371,5,0.693,taxonomic classification defined by topology and ANI,Defined,Published genomes,Medium-quality,21,0,0,0,0
SRR31572244.bin.21,3,Soil,MAG,Bacteria,Bacillota_A,Clostridia,Lachnospirales,Lachnospiraceae,Lacrimispora,Lacrimispora sp015057715,Public,88.28751976,N/A,29.6857,76.9905,97.47,2.5,28.57,5311584,134501,4,0.682,taxonomic classification defined by topology and ANI,Defined,Published genomes,Medium-quality,21,1,0,2,3
SRR31572244.bin.5,39,Soil,MAG,Bacteria,Actinomycetota,Actinomycetes,Streptosporangiales,Streptosporangiaceae,Nonomuraea,Unclassified,Public,83.7563509,0.99236,29.6857,76.9905,99.47,3.83,25,12991902,72909,4,0.552,taxonomic classification defined by topology and ANI,Defined,Unclassified public database SGBs,Medium-quality,25,0,0,2,2
SRR31674855.bin.18,37,Soil,MAG,Bacteria,Acidobacteriota,Blastocatellia,Pyrinomonadales,Pyrinomonadaceae,PSRF01,Unclassified,Public,55.44411136,0.94872,44.36,123.43,79.38,5.18,14.29,4734811,22273,1,0.553,taxonomic classification fully defined by topology,Defined,Unclassified public database SGBs,Medium-quality,23,1,1,1,3
SRR31674855.bin.2,5,Soil,MAG,Bacteria,Bacteroidota,Ignavibacteria,Ignavibacteriales,Ignavibacteriaceae,JAGXRK01,Unclassified,Public,88.61654773,0.9423,44.36,123.43,97.19,2.46,66.67,3878448,12409,4,0.355,taxonomic classification fully defined by topology,Defined,Unclassified public database SGBs,High-quality,22,1,2,1,4
SRR31674855.bin.3,2,Soil,MAG,Bacteria,Actinomycetota,Nitriliruptoria,Euzebyales,JAHELV01,Unclassified,Unclassified,Public,83.89711674,0.86046,44.36,123.43,91.88,2.05,0,4737197,27179,2,0.726,taxonomic novelty determined using RED,Novel,Unclassified public database SGBs,High-quality,25,1,1,1,3
SRR31674855.bin.4,3,Soil,MAG,Bacteria,Actinomycetota,Actinomycetes,Jiangellales,Jiangellaceae,JASLBX01,Unclassified,Public,72.90195248,0.88122,44.36,123.43,87.25,3.71,84.62,4411265,10595,1,0.683,taxonomic novelty determined using RED,Novel,Unclassified public database SGBs,Medium-quality,23,1,0,0,1
SRR31674855.bin.7,1,Soil,MAG,Bacteria,Pseudomonadota,Gammaproteobacteria,Burkholderiales,Burkholderiaceae,JAOUJD01,Unclassified,Public,80.82302897,0.89811,44.36,123.43,94.79,3.5,42.86,2965461,9244,2,0.656,taxonomic novelty determined using RED,Novel,Unclassified public database SGBs,Medium-quality,20,0,1,1,2
SRR31674856.bin.10,1,Soil,MAG,Bacteria,Pseudomonadota,Gammaproteobacteria,Burkholderiales,SG8-39,SCGC-AG-212-J23,SCGC-AG-212-J23 sp029266935,Public,90.23900696,N/A,44.36,123.43,94.32,1.3,16.67,3258533,20495,4,0.677,taxonomic classification defined by topology and ANI,Defined,Published genomes,Medium-quality,21,1,0,0,1
SRR31674856.bin.15,1,Soil,MAG,Bacteria,Actinomycetota,Acidimicrobiia,UBA5794,ZC4RG35,Unclassified,Unclassified,Public,73.9558614,0.83743,44.36,123.43,87.18,3.15,16.67,2756625,7971,2,0.661,taxonomic novelty determined using RED,Novel,Unclassified public database SGBs,Medium-quality,21,2,0,0,2
SRR31674856.bin.19,5,Soil,MAG,Bacteria,Methylomirabilota,Methylomirabilia,Rokubacteriales,CSP1-6,AR5,Unclassified,Public,69.43159338,0.94711,44.36,123.43,88.7,4.42,12.5,5917290,28740,2,0.704,taxonomic classification fully defined by topology,Defined,Unclassified public database SGBs,Medium-quality,21,1,1,1,3
SRR31674856.bin.20,2,Soil,MAG,Bacteria,Actinomycetota,Acidimicrobiia,UBA5794,ZC4RG35,JANQRA01,Unclassified,Public,88.94357702,0.9423,44.36,123.43,97.15,2.14,0,3234024,77581,4,0.646,taxonomic classification fully defined by topology,Defined,Unclassified public database SGBs,High-quality,24,1,2,2,5
SRR31674856.bin.23,2,Soil,MAG,Bacteria,Pseudomonadota,Gammaproteobacteria,Burkholderiales,SG8-41,DSOT01,Unclassified,Public,96.00956256,0.91618,44.36,123.43,96.41,0.59,25,4103217,50838,4,0.644,taxonomic classification fully defined by topology,Defined,Unclassified public database SGBs,High-quality,23,1,1,1,3
SRR31674856.bin.26,0,Soil,MAG,Bacteria,Pseudomonadota,Gammaproteobacteria,Burkholderiales,Thiobacillaceae,Thiobacillus,Unclassified,Public,86.67908266,0.96129,44.36,123.43,91.79,1.65,57.14,2293631,20089,3,0.648,taxonomic classification defined by topology and ANI,Defined,Unclassified public database SGBs,Medium-quality,21,0,1,1,2
SRR31674856.bin.28,50,Soil,MAG,Bacteria,Acidobacteriota,Thermoanaerobaculia,Multivoradales,Unclassified,Unclassified,Unclassified,Public,47.79444196,0.64528,44.36,123.43,80.54,7.13,26.67,4690151,8049,1,0.724,taxonomic novelty determined using RED,Novel,Unclassified public database SGBs,Medium-quality,23,1,1,1,3
SRR31674856.bin.32,6,Soil,MAG,Bacteria,Actinomycetota,Acidimicrobiia,Acidimicrobiales,JACDCH01,Unclassified,Unclassified,Public,65.04880593,0.88555,44.36,123.43,75.64,2.99,75,4357580,13571,2,0.708,taxonomic novelty determined using RED,Novel,Unclassified public database SGBs,Medium-quality,22,1,0,0,1
SRR31674856.bin.4,3,Soil,MAG,Bacteria,Acidobacteriota,Blastocatellia,Pyrinomonadales,Pyrinomonadaceae,PSRF01,Unclassified,Public,84.00384495,0.88144,44.36,123.43,94.66,2.56,0,5350317,15406,2,0.536,taxonomic classification fully defined by topology,Defined,Unclassified public database SGBs,Medium-quality,25,0,0,0,0
SRR32147493.bin.14,4,Soil,MAG,Bacteria,Pseudomonadota,Alphaproteobacteria,Sphingomonadales,Sphingomonadaceae,Parasphingopyxis,Unclassified,Public,91.2315842,0.96345,52.5,21.6,95.01,1.31,40,2744678,25000,6,0.64,taxonomic classification defined by topology and ANI,Defined,Unclassified public database SGBs,High-quality,24,1,1,1,3
SRR32147493.bin.27,3,Soil,MAG,Bacteria,Acidobacteriota,Vicinamibacteria,Vicinamibacterales,UBA2999,WHSN01,Unclassified,Public,70.93635955,0.92838,52.5,21.6,94.59,5.35,12.5,4731207,56914,2,0.674,taxonomic classification fully defined by topology,Defined,Unclassified public database SGBs,Medium-quality,22,1,0,0,1
SRR32147493.bin.28,1,Soil,MAG,Bacteria,Chloroflexota,Dehalococcoidia,DSTF01,RBG-16-68-14,Unclassified,Unclassified,Public,50.36117704,0.84885,52.5,21.6,78.38,6.03,20,2335477,5628,1,0.663,taxonomic classification fully defined by topology,Defined,Unclassified public database SGBs,Medium-quality,18,1,1,2,4
SRR32147493.bin.29,0,Soil,MAG,Bacteria,Actinomycetota,Acidimicrobiia,UBA5794,ZC4RG35,MA-ANB-1,Unclassified,Public,85.03212135,0.91206,52.5,21.6,93.5,2.14,0,2680898,23587,4,0.607,taxonomic novelty determined using RED,Novel,Unclassified public database SGBs,Medium-quality,20,1,0,0,1
SRR32147493.bin.32,1,Soil,MAG,Bacteria,Eisenbacteria,RBG-16-71-46,RBG-16-71-46,Unclassified,Unclassified,Unclassified,Public,78.18042206,0.61657,52.5,21.6,81.74,1.16,0,3148622,24035,2,0.701,taxonomic novelty determined using RED,Novel,Unclassified public database SGBs,Medium-quality,21,1,1,1,3
SRR32147493.bin.34,1,Soil,MAG,Bacteria,Pseudomonadota,Alphaproteobacteria,Sphingomonadales,Sphingomonadaceae,Sphingomicrobium,Unclassified,Public,95.80568889,0.96167,52.5,21.6,96.24,0.55,0,2144527,34173,4,0.649,taxonomic classification defined by topology and ANI,Defined,Unclassified public database SGBs,High-quality,21,1,1,1,3
SRR32147493.bin.4,1,Soil,MAG,Bacteria,Chloroflexota,Limnocylindria,QHBO01,QHBO01,JACDBZ01,Unclassified,Public,85.49958703,0.9959,52.5,21.6,88.17,0.93,100,2778449,9981,1,0.689,taxonomic classification defined by topology and ANI,Defined,Unclassified public database SGBs,Medium-quality,19,1,2,1,4
SRR32147493.bin.42,3,Soil,MAG,Bacteria,Pseudomonadota,Gammaproteobacteria,Burkholderiales,CALJLA01,CALJLA01,Unclassified,Public,83.25036083,0.86609,52.5,21.6,81.03,0,0,3900830,21914,2,0.598,taxonomic novelty determined using RED,Novel,Unclassified public database SGBs,Medium-quality,21,0,1,1,2
SRR32147493.bin.45,6,Soil,MAG,Bacteria,Actinomycetota,Acidimicrobiia,IMCC26256,IMCC26256,Unclassified,Unclassified,Public,91.51811697,0.90296,52.5,21.6,99.15,2.14,33.33,3696040,41430,5,0.688,taxonomic novelty determined using RED,Novel,Unclassified public database SGBs,High-quality,24,1,1,1,3
SRR32147493.bin.46,0,Soil,MAG,Bacteria,Chloroflexota,Limnocylindria,Limnocylindrales,CSP1-4,CAKKPP01,Unclassified,Public,87.40597012,0.94008,52.5,21.6,89.81,0.93,0,2954336,24657,2,0.693,taxonomic novelty determined using RED,Novel,Unclassified public database SGBs,Medium-quality,21,1,1,1,3
SRR32147493.bin.51,2,Soil,MAG,Bacteria,Actinomycetota,Thermoleophilia,Gaiellales,Gaiellaceae,Gaiella,Unclassified,Public,83.6839985,0.89723,52.5,21.6,90.09,1.72,0,2934199,19668,6,0.717,taxonomic classification fully defined by topology,Defined,Unclassified public database SGBs,Medium-quality,22,0,0,0,0
SRR32147493.bin.58,0,Soil,MAG,Bacteria,Actinomycetota,Acidimicrobiia,UBA5794,ZC4RG35,MA-ANB-1,Unclassified,Public,92.57573967,0.8988,52.5,21.6,97.44,1.57,33.33,2481650,67283,6,0.606,taxonomic novelty determined using RED,Novel,Unclassified public database SGBs,High-quality,22,1,1,1,3
SRR32147493.bin.59,1,Soil,MAG,Bacteria,Actinomycetota,Acidimicrobiia,UBA5794,ZC4RG35,JANQRA01,Unclassified,Public,94.49425038,0.94324,52.5,21.6,98.29,1.28,0,2712058,128381,2,0.637,taxonomic classification fully defined by topology,Defined,Unclassified public database SGBs,High-quality,24,1,1,1,3
SRR32147493.bin.60,3,Soil,MAG,Bacteria,Actinomycetota,Thermoleophilia,Solirubrobacterales,Solirubrobacteraceae,CADCVQ01,Unclassified,Public,61.67294747,0.95754,52.5,21.6,82.99,4.56,11.11,3090958,7123,1,0.718,taxonomic classification defined by topology and ANI,Defined,Unclassified public database SGBs,Medium-quality,18,0,0,0,0
SRR32147493.bin.68,3,Soil,MAG,Bacteria,Pseudomonadota,Gammaproteobacteria,Burkholderiales,SG8-39,JAABQT01,Unclassified,Public,92.31884614,0.97567,52.5,21.6,97.12,1.48,25,3338618,22951,4,0.682,taxonomic classification defined by topology and ANI,Defined,Unclassified public database SGBs,Medium-quality,23,0,0,0,0
SRR32147493.bin.74,9,Soil,MAG,Bacteria,Planctomycetota,UBA1135,UBA2386,UBA2386,Unclassified,Unclassified,Public,91.61316966,0.77537,52.5,21.6,97.73,1.7,0,6976135,46937,5,0.689,taxonomic classification fully defined by topology,Defined,Unclassified public database SGBs,Medium-quality,24,0,0,1,1
SRR32147493.bin.77,3,Soil,MAG,Bacteria,Chloroflexota,Anaerolineae,Aggregatilineales,Phototrophicaceae,Unclassified,Unclassified,Public,80.75977127,0.86075,52.5,21.6,84.9,1.19,0,5066361,3771,2,0.507,taxonomic classification fully defined by topology,Defined,Unclassified public database SGBs,Medium-quality,16,0,0,2,2
SRR32147493.bin.8,5,Soil,MAG,Bacteria,Chloroflexota,Anaerolineae,Anaerolineales,Villigracilaceae,Defluviilinea,Unclassified,Public,92.36263812,0.98243,52.5,21.6,95.27,1.19,66.67,4353650,25034,2,0.485,taxonomic classification fully defined by topology,Defined,Unclassified public database SGBs,High-quality,23,1,1,1,3
SRR32147493.bin.80,13,Soil,MAG,Bacteria,Acidobacteriota,Vicinamibacteria,Vicinamibacterales,SCN-69-37,Unclassified,Unclassified,Public,71.44033343,0.81566,52.5,21.6,97.44,5.92,19.05,5749007,70231,4,0.687,taxonomic classification fully defined by topology,Defined,Unclassified public database SGBs,Medium-quality,24,1,2,1,4
SRR32147493.bin.81,7,Soil,MAG,Bacteria,Acidobacteriota,Terriglobia,Bryobacterales,Unclassified,Unclassified,Unclassified,Public,82.4355814,0.74214,52.5,21.6,92.31,2.56,33.33,6826362,11445,5,0.617,taxonomic novelty determined using RED,Novel,Unclassified public database SGBs,High-quality,24,2,2,1,5
SRR32147494.bin.11,7,Soil,MAG,Bacteria,Acidobacteriota,Vicinamibacteria,Vicinamibacterales,UBA2999,CADEFD01,Unclassified,Public,80.82847507,0.90486,52.5,21.6,95.56,3.42,0,5308839,43730,4,0.691,taxonomic novelty determined using RED,Novel,Unclassified public database SGBs,High-quality,23,1,1,1,3
SRR32147494.bin.13,1,Soil,MAG,Bacteria,Bacteroidota,Bacteroidia,Flavobacteriales,Flavobacteriaceae,Zeaxanthinibacter,Unclassified,Public,77.20886489,0.96515,52.5,21.6,83.52,1.52,30,3169917,3679,1,0.472,taxonomic classification fully defined by topology,Defined,Unclassified public database SGBs,Medium-quality,17,1,0,0,1
SRR32147494.bin.15,6,Soil,MAG,Bacteria,Pseudomonadota,Gammaproteobacteria,Burkholderiales,SG8-41,JAQGMV01,Unclassified,Public,80.65744054,0.9288,52.5,21.6,84.82,1.4,60,3625950,7872,2,0.652,taxonomic classification fully defined by topology,Defined,Unclassified public database SGBs,Medium-quality,18,0,0,0,0
SRR32147494.bin.16,4,Soil,MAG,Bacteria,Verrucomicrobiota,Verrucomicrobiae,Verrucomicrobiales,Akkermansiaceae,Roseibacillus_B,Unclassified,Public,67.08740716,0.91759,52.5,21.6,81.41,3.4,20,6286176,7849,2,0.66,taxonomic classification fully defined by topology,Defined,Unclassified public database SGBs,Medium-quality,21,1,1,0,2
SRR32147494.bin.17,0,Soil,MAG,Bacteria,Chloroflexota,Limnocylindria,Limnocylindrales,CSP1-4,SPCO01,Unclassified,Public,93.51494974,0.93919,52.5,21.6,96.76,1.23,50,3167712,30582,6,0.71,taxonomic classification fully defined by topology,Defined,Unclassified public database SGBs,High-quality,23,1,1,1,3
SRR32147494.bin.24,3,Soil,MAG,Bacteria,Desulfobacterota_B,Binatia,HRBIN30,JAGDMS01,Unclassified,Unclassified,Public,87.80660025,0.82932,52.5,21.6,97.2,2.42,0,6618215,205684,2,0.645,taxonomic novelty determined using RED,Novel,Unclassified public database SGBs,High-quality,25,1,2,1,4
SRR32147494.bin.26,4,Soil,MAG,Bacteria,Pseudomonadota,Alphaproteobacteria,Rhizobiales,Afifellaceae,Faunimonas,Unclassified,Public,97.35621554,0.9363,52.5,21.6,96.79,0.4,50,3721217,43349,4,0.655,taxonomic classification fully defined by topology,Defined,Unclassified public database SGBs,Medium-quality,22,1,0,0,1
SRR32147494.bin.31,34,Soil,MAG,Bacteria,Acidobacteriota,Thermoanaerobaculia,Multivoradales,Unclassified,Unclassified,Unclassified,Public,77.40874925,0.64702,52.5,21.6,88.46,2.74,25,5156965,6722,2,0.722,taxonomic novelty determined using RED,Novel,Unclassified public database SGBs,Medium-quality,23,0,1,1,2
SRR32147494.bin.39,4,Soil,MAG,Bacteria,Pseudomonadota,Gammaproteobacteria,Competibacterales,Competibacteraceae,Unclassified,Unclassified,Public,80.07927279,0.8368,52.5,21.6,92.95,3.05,0,4624975,45556,2,0.651,taxonomic novelty determined using RED,Novel,Unclassified public database SGBs,Medium-quality,20,0,0,2,2
SRR32147494.bin.5,1,Soil,MAG,Bacteria,Actinomycetota,Actinomycetes,JACCUZ01,JACCUZ01,JACCUZ01,Unclassified,Public,89.93517384,0.92172,52.5,21.6,95.04,1.63,50,3236708,23353,3,0.722,taxonomic classification fully defined by topology,Defined,Unclassified public database SGBs,Medium-quality,25,0,0,0,0
SRR32147494.bin.52,3,Soil,MAG,Bacteria,Gemmatimonadota,Gemmatimonadetes,Longimicrobiales,UBA6960,JAHWKH01,Unclassified,Public,83.89675339,0.95145,52.5,21.6,82.76,0,0,4311541,14911,1,0.723,taxonomic classification defined by topology and ANI,Defined,Unclassified public database SGBs,Medium-quality,21,0,0,0,0
SRR32147494.bin.53,2,Soil,MAG,Bacteria,Pseudomonadota,Alphaproteobacteria,Rhodobacterales,Rhodobacteraceae,Thermohalobaculum,Unclassified,Public,93.99726257,0.85426,52.5,21.6,93.61,0.4,0,4182878,47978,3,0.69,taxonomic classification fully defined by topology,Defined,Unclassified public database SGBs,Medium-quality,22,0,0,0,0
SRR32147494.bin.54,24,Soil,MAG,Bacteria,Acidobacteriota,Thermoanaerobaculia,Multivoradales,UBA5704,J023,Unclassified,Public,84.86172114,0.91818,52.5,21.6,92.02,1.88,0,6084076,24300,2,0.691,taxonomic classification fully defined by topology,Defined,Unclassified public database SGBs,High-quality,24,1,1,1,3
SRR32147494.bin.56,1,Soil,MAG,Bacteria,Gemmatimonadota,Gemmatimonadetes,Palauibacterales,Palauibacteraceae,Unclassified,Unclassified,Public,88.20807061,0.88183,52.5,21.6,91.76,1.1,0,2320806,6975,3,0.691,taxonomic novelty determined using RED,Novel,Unclassified public database SGBs,Medium-quality,10,0,0,1,1
SRR32147494.bin.59,3,Soil,MAG,Bacteria,Planctomycetota,Planctomycetia,Planctomycetales,Planctomycetaceae,Unclassified,Unclassified,Public,48.53548133,0.87443,52.5,21.6,79.28,6.51,14.29,5225865,4471,1,0.599,taxonomic novelty determined using RED,Novel,Unclassified public database SGBs,Medium-quality,20,0,0,1,1
SRR32147494.bin.6,1,Soil,MAG,Bacteria,Pseudomonadota,Alphaproteobacteria,Rhizobiales,Methyloligellaceae,UBA2767,Unclassified,Public,96.48707101,0.90642,52.5,21.6,97.51,0.7,0,3234882,71473,2,0.582,taxonomic classification fully defined by topology,Defined,Unclassified public database SGBs,High-quality,24,1,2,1,4
SRR32147494.bin.60,2,Soil,MAG,Bacteria,Pseudomonadota,Gammaproteobacteria,Woeseiales,Woeseiaceae,UBA1844,Unclassified,Public,80.44355757,0.93788,52.5,21.6,77.9,0,0,4080150,97292,4,0.639,taxonomic classification fully defined by topology,Defined,Unclassified public database SGBs,Medium-quality,21,1,0,0,1
SRR32147494.bin.64,5,Soil,MAG,Bacteria,Hydrogenedentota,Hydrogenedentia,Hydrogenedentiales,GCA-2746185,Unclassified,Unclassified,Public,75.57970474,0.75918,52.5,21.6,76.38,0.55,0,5088663,6301,2,0.586,taxonomic classification fully defined by topology,Defined,Unclassified public database SGBs,Medium-quality,22,1,0,0,1
SRR32147494.bin.68,7,Soil,MAG,Bacteria,Nitrospirota,Nitrospiria,Nitrospirales,Nitrospiraceae,Nitrospira_D,Unclassified,Public,83.30846541,0.97959,52.5,21.6,94.94,2.78,0,3356948,27842,6,0.547,taxonomic classification defined by topology and ANI,Defined,Unclassified public database SGBs,Medium-quality,22,0,0,0,0
SRR32147494.bin.69,2,Soil,MAG,Bacteria,Actinomycetota,Acidimicrobiia,Acidimicrobiales,JACDCH01,VFJN01,Unclassified,Public,66.7868474,0.92829,52.5,21.6,76.01,2.02,0,2522154,4505,1,0.714,taxonomic classification fully defined by topology,Defined,Unclassified public database SGBs,Medium-quality,22,0,0,0,0
SRR32147494.bin.74,2,Soil,MAG,Bacteria,Actinomycetota,Actinomycetes,Propionibacteriales,Nocardioidaceae,Nocardioides,Unclassified,Public,93.13093501,0.95428,52.5,21.6,94.27,0.69,0,3436534,33256,2,0.71,taxonomic classification defined by topology and ANI,Defined,Unclassified public database SGBs,Medium-quality,23,0,0,1,1
SRR32147494.bin.77,32,Soil,MAG,Bacteria,Planctomycetota,UBA1135,UBA2386,UBA2386,Unclassified,Unclassified,Public,55.02587207,0.74896,52.5,21.6,95.61,8.77,22.22,8115055,34226,1,0.678,taxonomic classification fully defined by topology,Defined,Unclassified public database SGBs,Medium-quality,23,3,1,1,5
SRR32147495.bin.14,4,Soil,MAG,Bacteria,Pseudomonadota,Alphaproteobacteria,Rhodobacterales,Rhodobacteraceae,Thermohalobaculum,Unclassified,Public,72.5029934,0.87652,52.5,21.6,86.72,3.4,20,4622641,12764,2,0.696,taxonomic classification fully defined by topology,Defined,Unclassified public database SGBs,Medium-quality,23,0,0,0,0
SRR32147495.bin.17,5,Soil,MAG,Bacteria,Pseudomonadota,Alphaproteobacteria,Geminicoccales,Geminicoccaceae,Unclassified,Unclassified,Public,81.78951097,0.81564,52.5,21.6,96.85,3.48,0,7201250,38229,3,0.693,taxonomic classification fully defined by topology,Defined,Unclassified public database SGBs,High-quality,23,1,1,1,3
SRR32147495.bin.26,3,Soil,MAG,Bacteria,Pseudomonadota,Alphaproteobacteria,Sphingomonadales,Sphingomonadaceae,Alg239-R122,Unclassified,Public,68.07382014,0.96114,52.5,21.6,81.4,3.04,33.33,2486247,4180,1,0.591,taxonomic novelty determined using RED,Novel,Unclassified public database SGBs,Medium-quality,19,0,0,0,0
SRR32147495.bin.32,1,Soil,MAG,Bacteria,Gemmatimonadota,Gemmatimonadetes,Gemmatimonadales,GWC2-71-9,SZUA-320,Unclassified,Public,82.27630744,0.90556,52.5,21.6,87.63,1.65,50,2935086,11031,2,0.65,taxonomic novelty determined using RED,Novel,Unclassified public database SGBs,Medium-quality,23,0,1,1,2
SRR32147495.bin.36,2,Soil,MAG,Bacteria,Chloroflexota,Limnocylindria,QHBO01,QHBO01,JAPSGM01,Unclassified,Public,87.95335878,0.91086,52.5,21.6,89.04,0.69,50,2163295,9028,4,0.72,taxonomic classification defined by topology and ANI,Defined,Unclassified public database SGBs,Medium-quality,21,1,0,0,1
SRR32147495.bin.37,1,Soil,MAG,Bacteria,Actinomycetota,Acidimicrobiia,UBA5794,ZC4RG35,JANQRA01,Unclassified,Public,72.72321167,0.94164,52.5,21.6,91.09,4.8,75,2564634,9256,2,0.639,taxonomic classification fully defined by topology,Defined,Unclassified public database SGBs,Medium-quality,22,0,1,1,2
SRR32147495.bin.44,5,Soil,MAG,Bacteria,Actinomycetota,Acidimicrobiia,Acidimicrobiales,Ilumatobacteraceae,Ilumatobacter_A,Unclassified,Public,70.25814206,0.98342,52.5,21.6,85.05,3.42,0,3967636,32831,2,0.682,taxonomic classification defined by topology and ANI,Defined,Unclassified public database SGBs,Medium-quality,20,0,1,1,2
SRR32147495.bin.47,16,Soil,MAG,Bacteria,Pseudomonadota,Alphaproteobacteria,Rhodobacterales,Rhodobacteraceae,Thermohalobaculum,Unclassified,Public,71.05973363,0.87427,52.5,21.6,96.8,6,33.33,5932905,26449,3,0.693,taxonomic classification fully defined by topology,Defined,Unclassified public database SGBs,Medium-quality,23,0,0,0,0
SRR32147495.bin.51,2,Soil,MAG,Bacteria,Gemmatimonadota,Gemmatimonadetes,Gemmatimonadales,GWC2-71-9,JABFSM01,Unclassified,Public,78.09968347,0.94899,52.5,21.6,86.81,2.2,0,4756258,30847,3,0.69,taxonomic classification fully defined by topology,Defined,Unclassified public database SGBs,Medium-quality,23,1,1,1,3
SRR32147495.bin.66,1,Soil,MAG,Bacteria,Actinomycetota,Acidimicrobiia,Acidimicrobiales,JACDCH01,VFJN01,Unclassified,Public,92.30844352,0.92101,52.5,21.6,97.86,1.71,33.33,3050005,57148,2,0.707,taxonomic classification fully defined by topology,Defined,Unclassified public database SGBs,High-quality,24,1,1,1,3
SRR32147495.bin.69,7,Soil,MAG,Bacteria,Planctomycetota,Planctomycetia,Pirellulales,JAEUIK01,JAEUIK01,Unclassified,Public,95.63730995,0.9306,52.5,21.6,98.85,1.25,50,6663603,53042,2,0.625,taxonomic novelty determined using RED,Novel,Unclassified public database SGBs,Medium-quality,25,0,2,1,3
SRR32147495.bin.70,19,Soil,MAG,Bacteria,Desulfobacterota_B,Binatia,UBA9968,UBA9968,DP-20,Unclassified,Public,80.26860305,0.9602,52.5,21.6,97.4,3.87,0,5904299,22249,6,0.576,taxonomic classification fully defined by topology,Defined,Unclassified public database SGBs,High-quality,24,2,1,1,4
SRR32147495.bin.76,3,Soil,MAG,Bacteria,Actinomycetota,Acidimicrobiia,UBA5794,JAENVV01,JAENVV01,Unclassified,Public,88.59439972,0.97301,52.5,21.6,92.74,1.28,0,3466544,25633,2,0.606,taxonomic classification defined by topology and ANI,Defined,Unclassified public database SGBs,High-quality,25,2,1,1,4
SRR32147495.bin.91,2,Soil,MAG,Bacteria,Acidobacteriota,Vicinamibacteria,Vicinamibacterales,UBA2999,JACCSI01,Unclassified,Public,62.11608465,0.91915,52.5,21.6,81.49,4.27,20,4533294,13937,1,0.664,taxonomic novelty determined using RED,Novel,Unclassified public database SGBs,Medium-quality,20,0,0,1,1
SRR32147496.bin.10,4,Soil,MAG,Bacteria,Actinomycetota,Rubrobacteria,Rubrobacterales,Rubrobacteraceae,Rubrobacter_D,Rubrobacter_D sp021156345,Public,65.68513842,N/A,50.27,20.42,80.2,3.83,100,3165403,3238,1,0.623,taxonomic classification defined by topology and ANI,Defined,Published genomes,Medium-quality,22,0,3,1,4
SRR32147497.bin.17,1,Soil,MAG,Bacteria,Actinomycetota,Actinomycetes,Propionibacteriales,Propionibacteriaceae,JAJTCL01,JAJTCL01 sp021323255,Public,73.67919792,N/A,50.27,20.42,88.05,3.95,85.71,3358675,7732,2,0.344,taxonomic classification defined by topology and ANI,Defined,Published genomes,Medium-quality,22,1,1,1,3
SRR32147497.bin.2,0,Soil,MAG,Bacteria,Actinomycetota,UBA4738,UBA4738,HRBIN12,CALGFI01,Unclassified,Public,74.39483216,0.87628,50.27,20.42,76.77,0.95,50,1544481,5008,2,0.439,taxonomic novelty determined using RED,Novel,Unclassified public database SGBs,Medium-quality,14,0,1,1,2
SRR32147498.bin.11,2,Soil,MAG,Bacteria,Actinomycetota,Actinomycetes,Actinomycetales,Dermatophilaceae,Intrasporangium,Unclassified,Public,95.21040506,0.95493,50.27,20.42,95.7,0.56,25,4058753,17835,3,0.697,taxonomic novelty determined using RED,Novel,Unclassified public database SGBs,High-quality,21,1,1,1,3
SRR32147498.bin.22,5,Soil,MAG,Bacteria,Nitrospirota,Nitrospiria,Nitrospirales,Nitrospiraceae,Nitrospira_C,Nitrospira_C sp029240595,Public,82.36487489,N/A,50.27,20.42,81.57,0.3,100,2536552,7758,2,0.577,taxonomic classification defined by topology and ANI,Defined,Published genomes,Medium-quality,14,1,0,0,1
SRR32147498.bin.6,1,Soil,MAG,Bacteria,Actinomycetota,Actinomycetes,Jiangellales,Jiangellaceae,JACVRX01,Unclassified,Public,62.47716995,0.84416,50.27,20.42,79.47,4.12,63.64,3505315,7420,1,0.694,taxonomic novelty determined using RED,Novel,Unclassified public database SGBs,Medium-quality,22,0,0,1,1
SRR32147499.bin.10,4,Soil,MAG,Bacteria,Pseudomonadota,Gammaproteobacteria,Woeseiales,Woeseiaceae,SZUA-117,Unclassified,Public,75.05119663,0.9201,52.53,18.47,83.09,2.14,0,4227688,169297,4,0.616,taxonomic classification fully defined by topology,Defined,Unclassified public database SGBs,Medium-quality,19,1,1,1,3
SRR32147499.bin.11,0,Soil,MAG,Bacteria,Pseudomonadota,Alphaproteobacteria,Rhizobiales,Methyloligellaceae,JAJFHN01,Unclassified,Public,89.73364257,0.85451,52.53,18.47,90.86,0.7,0,2604094,44390,2,0.664,taxonomic novelty determined using RED,Novel,Unclassified public database SGBs,Medium-quality,19,1,0,0,1
SRR32147499.bin.16,13,Soil,MAG,Bacteria,Acidobacteriota,UBA6911,RPQK01,RPQK01,Unclassified,Unclassified,Public,68.07709006,0.80279,52.53,18.47,95.67,5.98,0,5984356,32774,4,0.56,taxonomic novelty determined using RED,Novel,Unclassified public database SGBs,Medium-quality,25,17,25,2,44
SRR32147499.bin.18,2,Soil,MAG,Bacteria,Pseudomonadota,Alphaproteobacteria,Kiloniellales,J153,J153,Unclassified,Public,78.3340953,0.8679,52.53,18.47,94.42,3.7,0,4370473,53915,3,0.656,taxonomic novelty determined using RED,Novel,Unclassified public database SGBs,High-quality,24,1,2,1,4
SRR32147499.bin.2,5,Soil,MAG,Bacteria,Pseudomonadota,Gammaproteobacteria,Burkholderiales,Nitrosomonadaceae,Nitrosomonas,Unclassified,Public,86.20318339,0.92966,52.53,18.47,96.77,2.58,0,3162476,36844,2,0.471,taxonomic classification fully defined by topology,Defined,Unclassified public database SGBs,High-quality,23,5,5,1,11
SRR32147499.bin.26,1,Soil,MAG,Bacteria,Pseudomonadota,Alphaproteobacteria,Rhizobiales,NORP267,Unclassified,Unclassified,Public,68.95625691,0.7926,52.53,18.47,79.56,2.52,0,2819652,7822,2,0.672,taxonomic classification fully defined by topology,Defined,Unclassified public database SGBs,Medium-quality,18,1,0,0,1
SRR32147499.bin.3,4,Soil,MAG,Bacteria,Pseudomonadota,Gammaproteobacteria,Pseudomonadales,Azotimanducaceae_A,UBA7803,Unclassified,Public,70.76748323,0.92899,52.53,18.47,88.03,3.75,6.25,5138837,25481,1,0.665,taxonomic classification fully defined by topology,Defined,Unclassified public database SGBs,Medium-quality,21,1,0,0,1
SRR32147499.bin.36,1,Soil,MAG,Bacteria,Planctomycetota,Phycisphaerae,Phycisphaerales,UBA1924,Unclassified,Unclassified,Public,86.92322527,0.82817,52.53,18.47,94.32,2.01,20,3208652,25261,2,0.711,taxonomic novelty determined using RED,Novel,Unclassified public database SGBs,High-quality,23,1,2,1,4
SRR32147499.bin.37,29,Soil,MAG,Bacteria,Acidobacteriota,Thermoanaerobaculia,Multivoradales,UBA5704,Unclassified,Unclassified,Public,87.23857434,0.75959,52.53,18.47,97.44,2.56,0,5416478,125459,8,0.671,taxonomic novelty determined using RED,Novel,Unclassified public database SGBs,High-quality,25,1,1,1,3
SRR32147499.bin.38,2,Soil,MAG,Bacteria,Pseudomonadota,Gammaproteobacteria,Woeseiales,Woeseiaceae,Unclassified,Unclassified,Public,78.65186499,0.87476,52.53,18.47,91.17,2.99,0,4480743,58393,6,0.639,taxonomic novelty determined using RED,Novel,Unclassified public database SGBs,High-quality,22,1,1,1,3
SRR32147499.bin.44,8,Soil,MAG,Bacteria,Pseudomonadota,Gammaproteobacteria,Xanthomonadales,Xanthomonadaceae,Lysobacter_C,Unclassified,Public,73.50275184,0.97411,52.53,18.47,92.62,4.8,58.82,2963110,10442,2,0.676,taxonomic classification defined by topology and ANI,Defined,Unclassified public database SGBs,Medium-quality,21,1,0,0,1
SRR32147499.bin.55,3,Soil,MAG,Bacteria,Myxococcota_A,UBA9160,UBA9160,SMWR01,JAHEJV01,Unclassified,Public,63.95458918,0.97277,52.53,18.47,79.13,3.55,14.29,4424703,10829,2,0.694,taxonomic classification defined by topology and ANI,Defined,Unclassified public database SGBs,Medium-quality,21,1,0,0,1
SRR32147499.bin.60,1,Soil,MAG,Bacteria,Pseudomonadota,Alphaproteobacteria,Rhodobacterales,Rhodobacteraceae,PHEG01,Unclassified,Public,92.58897568,0.96229,52.53,18.47,96.87,1.33,0,3504467,43494,4,0.677,taxonomic classification defined by topology and ANI,Defined,Unclassified public database SGBs,Medium-quality,22,1,1,0,2
SRR32147499.bin.62,3,Soil,MAG,Bacteria,Myxococcota_A,UBA9160,UBA9160,UBA6930,Unclassified,Unclassified,Public,86.31614448,0.77439,52.53,18.47,88.49,0.86,0,4019921,14234,4,0.719,taxonomic classification fully defined by topology,Defined,Unclassified public database SGBs,Medium-quality,23,1,0,0,1
SRR32147499.bin.64,5,Soil,MAG,Bacteria,Planctomycetota,Planctomycetia,Pirellulales,JAGQOS01,Unclassified,Unclassified,Public,69.4384471,0.79493,52.53,18.47,86.51,4.02,25,6776423,8849,2,0.566,taxonomic novelty determined using RED,Novel,Unclassified public database SGBs,Medium-quality,23,0,2,1,3
SRR32147499.bin.65,2,Soil,MAG,Bacteria,Planctomycetota,Phycisphaerae,UBA1845,UBA1845,JAJRSP01,Unclassified,Public,90.43124917,0.88921,52.53,18.47,96.59,1.7,0,4327235,38262,4,0.605,taxonomic novelty determined using RED,Novel,Unclassified public database SGBs,High-quality,24,1,1,1,3
SRR32147499.bin.67,3,Soil,MAG,Bacteria,Gemmatimonadota,Gemmatimonadetes,Gemmatimonadales,GWC2-71-9,OFTM291,Unclassified,Public,87.47500405,0.89994,52.53,18.47,96.15,2.2,0,4085658,35482,2,0.668,taxonomic novelty determined using RED,Novel,Unclassified public database SGBs,High-quality,23,1,1,1,3
SRR32147499.bin.68,5,Soil,MAG,Bacteria,Hydrogenedentota,Hydrogenedentia,Hydrogenedentiales,Unclassified,Unclassified,Unclassified,Public,96.96552733,0.7153,52.53,18.47,100,1.1,0,5092531,68145,4,0.606,taxonomic novelty determined using RED,Novel,Unclassified public database SGBs,High-quality,25,1,1,1,3
SRR32147499.bin.69,1,Soil,MAG,Bacteria,Gemmatimonadota,Gemmatimonadetes,Palauibacterales,Palauibacteraceae,Unclassified,Unclassified,Public,68.53752369,0.88733,52.53,18.47,94.32,6.14,42.86,3250064,30007,6,0.685,taxonomic novelty determined using RED,Novel,Unclassified public database SGBs,Medium-quality,20,0,0,0,0
SRR32147499.bin.78,6,Soil,MAG,Bacteria,Planctomycetota,Planctomycetia,Planctomycetales,Planctomycetaceae,Unclassified,Unclassified,Public,89.04465297,0.821,52.53,18.47,97.78,2.22,0,7859904,43656,2,0.616,taxonomic novelty determined using RED,Novel,Unclassified public database SGBs,High-quality,25,1,2,1,4
SRR32147499.bin.8,4,Soil,MAG,Bacteria,Gemmatimonadota,Gemmatimonadetes,Longimicrobiales,UBA6960,UBA2589,Unclassified,Public,81.77195723,0.94716,52.53,18.47,97.8,3.85,25,4863223,26732,3,0.693,taxonomic classification fully defined by topology,Defined,Unclassified public database SGBs,Medium-quality,23,0,0,0,0
SRR32147499.bin.89,1,Soil,MAG,Bacteria,Bacteroidota,Bacteroidia,Flavobacteriales,Flavobacteriaceae,Lutibacter,Unclassified,Public,73.29118532,0.98183,52.53,18.47,93.49,4.97,51.85,3188123,11181,2,0.352,taxonomic classification defined by topology and ANI,Defined,Unclassified public database SGBs,Medium-quality,21,0,1,2,3
SRR32147508.bin.10,3,Soil,MAG,Bacteria,Planctomycetota,Phycisphaerae,UBA1845,UBA1845,Unclassified,Unclassified,Public,93.44607676,0.83765,52.53,18.47,96.59,1.14,0,4785821,103911,4,0.596,taxonomic classification fully defined by topology,Defined,Unclassified public database SGBs,High-quality,25,1,1,1,3
SRR32147508.bin.100,35,Soil,MAG,Bacteria,Pseudomonadota,Gammaproteobacteria,Xanthomonadales,Xanthomonadaceae,Lysobacter_C,Unclassified,Public,85.67626053,0.97898,52.53,18.47,98.36,3.09,9.52,4034925,69853,2,0.654,taxonomic classification defined by topology and ANI,Defined,Unclassified public database SGBs,Medium-quality,22,0,0,2,2
SRR32147508.bin.101,7,Soil,MAG,Bacteria,Planctomycetota,Planctomycetia,Pirellulales,JAGQOS01,Unclassified,Unclassified,Public,66.46212982,0.80351,52.53,18.47,84.68,3.85,0,6669534,9210,1,0.603,taxonomic novelty determined using RED,Novel,Unclassified public database SGBs,Medium-quality,19,2,1,1,4
SRR32147508.bin.102,3,Soil,MAG,Bacteria,Planctomycetota,Phycisphaerae,UBA1845,UBA1845,Unclassified,Unclassified,Public,77.49501284,0.84463,52.53,18.47,96.02,3.98,0,5271361,44671,1,0.661,taxonomic classification fully defined by topology,Defined,Unclassified public database SGBs,High-quality,24,1,1,1,3
SRR32147508.bin.103,2,Soil,MAG,Bacteria,Planctomycetota,Phycisphaerae,UBA1845,UBA1845,Unclassified,Unclassified,Public,89.0567534,0.78922,52.53,18.47,95.23,1.7,0,4548005,35769,2,0.609,taxonomic classification fully defined by topology,Defined,Unclassified public database SGBs,High-quality,24,1,1,1,3
SRR32147508.bin.105,5,Soil,MAG,Bacteria,Pseudomonadota,Alphaproteobacteria,MPNO01,UBA2964,Unclassified,Unclassified,Public,75.02243984,0.81603,52.53,18.47,90.72,3.64,7.14,3853619,24271,2,0.68,taxonomic classification fully defined by topology,Defined,Unclassified public database SGBs,Medium-quality,17,1,0,0,1
SRR32147508.bin.112,2,Soil,MAG,Bacteria,Pseudomonadota,Alphaproteobacteria,Sphingomonadales,Rhodothalassiaceae,Unclassified,Unclassified,Public,85.94527303,0.79971,52.53,18.47,89.99,1.45,75,2511440,13663,2,0.686,taxonomic classification fully defined by topology,Defined,Unclassified public database SGBs,Medium-quality,18,0,0,2,2
SRR32147508.bin.14,4,Soil,MAG,Bacteria,Planctomycetota,Planctomycetia,Gemmatales,Gemmataceae,Unclassified,Unclassified,Public,73.22927644,0.76281,52.53,18.47,76.86,1.24,50,6263110,6625,3,0.633,taxonomic novelty determined using RED,Novel,Unclassified public database SGBs,Medium-quality,21,0,0,0,0
SRR32147508.bin.19,5,Soil,MAG,Bacteria,Planctomycetota,Planctomycetia,Pirellulales,Pirellulaceae,CALBTA01,Unclassified,Public,63.44589837,0.88728,52.53,18.47,92.82,6.25,10,6665563,25223,1,0.612,taxonomic novelty determined using RED,Novel,Unclassified public database SGBs,Medium-quality,24,0,1,0,1
SRR32147508.bin.23,4,Soil,MAG,Bacteria,Planctomycetota,Phycisphaerae,UBA1845,UBA1845,JAJRSP01,Unclassified,Public,94.35198705,0.89448,52.53,18.47,97.66,1.14,0,4151876,48303,2,0.643,taxonomic novelty determined using RED,Novel,Unclassified public database SGBs,High-quality,24,1,1,1,3
SRR32147508.bin.24,3,Soil,MAG,Bacteria,Planctomycetota,Planctomycetia,Planctomycetales,Planctomycetaceae,Unclassified,Unclassified,Public,85.82718292,0.75691,52.53,18.47,83.84,0,0,5490838,7488,2,0.653,taxonomic classification fully defined by topology,Defined,Unclassified public database SGBs,Medium-quality,25,0,1,1,2
SRR32147508.bin.27,3,Soil,MAG,Bacteria,Cyanobacteriota,Cyanobacteriia,Cyanobacteriales,MRBY01,Limnothrix,Unclassified,Public,78.73308831,0.99472,52.53,18.47,93.77,4.08,81.82,4068953,8914,2,0.468,taxonomic classification defined by topology and ANI,Defined,Unclassified public database SGBs,High-quality,22,2,1,1,4
SRR32147508.bin.3,4,Soil,MAG,Bacteria,Pseudomonadota,Alphaproteobacteria,Rhizobiales,Methyloligellaceae,Unclassified,Unclassified,Public,61.8685252,0.88549,52.53,18.47,94.66,6.97,12.12,4675000,21258,1,0.615,taxonomic novelty determined using RED,Novel,Unclassified public database SGBs,Medium-quality,24,1,2,3,6
SRR32147508.bin.36,1,Soil,MAG,Bacteria,Planctomycetota,Phycisphaerae,Phycisphaerales,UBA1924,Unclassified,Unclassified,Public,96.07359939,0.8264,52.53,18.47,94.89,0.28,100,3046187,33922,4,0.703,taxonomic novelty determined using RED,Novel,Unclassified public database SGBs,High-quality,24,1,1,1,3
SRR32147508.bin.37,3,Soil,MAG,Bacteria,Planctomycetota,Phycisphaerae,Phycisphaerales,UBA1924,J020,Unclassified,Public,76.81193298,0.95982,52.53,18.47,76.02,0.28,100,2733170,5295,2,0.642,taxonomic classification fully defined by topology,Defined,Unclassified public database SGBs,Medium-quality,20,0,0,0,0
SRR32147508.bin.4,0,Soil,MAG,Bacteria,Pseudomonadota,Alphaproteobacteria,Caulobacterales,Caulobacteraceae,Caulobacter,Unclassified,Public,89.56711186,0.96718,52.53,18.47,90.09,0.55,0,2120810,22606,2,0.672,taxonomic classification defined by topology and ANI,Defined,Unclassified public database SGBs,High-quality,22,1,1,1,3
SRR32147508.bin.43,4,Soil,MAG,Bacteria,Planctomycetota,Planctomycetia,Pirellulales,Pirellulaceae,CALBTA01,Unclassified,Public,65.76289548,0.84043,52.53,18.47,94.19,5.94,0,7938489,27912,1,0.595,taxonomic novelty determined using RED,Novel,Unclassified public database SGBs,Medium-quality,24,2,2,1,5
SRR32147508.bin.47,2,Soil,MAG,Bacteria,Pseudomonadota,Alphaproteobacteria,Rhizobiales,JALURZ01,Unclassified,Unclassified,Public,94.53327391,0.78857,52.53,18.47,96.76,0.88,0,2857608,17642,2,0.631,taxonomic novelty determined using RED,Novel,Unclassified public database SGBs,Medium-quality,19,1,0,0,1
SRR32147508.bin.48,0,Soil,MAG,Bacteria,Pseudomonadota,Gammaproteobacteria,Pseudomonadales,Azotimanducaceae_A,HKST-UBA223,Unclassified,Public,74.30646431,0.8864,52.53,18.47,89.48,3.58,16.67,3423437,14433,2,0.564,taxonomic novelty determined using RED,Novel,Unclassified public database SGBs,Medium-quality,23,0,0,0,0
SRR32147508.bin.54,3,Soil,MAG,Bacteria,Pseudomonadota,Alphaproteobacteria,Sphingomonadales,Sphingomonadaceae,Allopontixanthobacter,Allopontixanthobacter sp024636575,Public,65.59026907,N/A,52.53,18.47,77.3,3.22,76.92,2027704,5332,2,0.608,taxonomic classification defined by topology and ANI,Defined,Published genomes,Medium-quality,17,1,0,0,1
SRR32147508.bin.61,3,Soil,MAG,Bacteria,Pseudomonadota,Alphaproteobacteria,Rhodobacterales,Rhodobacteraceae,Thermohalobaculum,Unclassified,Public,45.54076041,0.87731,52.53,18.47,89.21,9.4,24.32,3563910,9758,1,0.712,taxonomic classification fully defined by topology,Defined,Unclassified public database SGBs,Medium-quality,18,0,0,0,0
SRR32147508.bin.64,0,Soil,MAG,Bacteria,Actinomycetota,Thermoleophilia,Solirubrobacterales,Sep-70,VRUE01,Unclassified,Public,77.11048428,0.915,52.53,18.47,75,0,0,1720241,13212,2,0.704,taxonomic classification defined by topology and ANI,Defined,Unclassified public database SGBs,Medium-quality,19,1,1,1,3
SRR32147508.bin.69,4,Soil,MAG,Bacteria,Gemmatimonadota,Gemmatimonadetes,Longimicrobiales,UBA6960,UBA2589,Unclassified,Public,83.60466384,0.9212,52.53,18.47,94.04,2.35,0,4329071,33832,1,0.677,taxonomic classification fully defined by topology,Defined,Unclassified public database SGBs,Medium-quality,19,0,1,1,2
SRR32147508.bin.70,2,Soil,MAG,Bacteria,Pseudomonadota,Alphaproteobacteria,Rhizobiales,Methyloligellaceae,Unclassified,Unclassified,Public,57.48977572,0.88365,52.53,18.47,93.47,7.86,27.27,4064728,17894,1,0.638,taxonomic novelty determined using RED,Novel,Unclassified public database SGBs,Medium-quality,24,1,0,1,2
SRR32147508.bin.71,5,Soil,MAG,Bacteria,Pseudomonadota,Gammaproteobacteria,Arenicellales,JAANXG01,JAANXG01,Unclassified,Public,86.43079902,0.9183,52.53,18.47,95.12,2.24,0,4423886,83483,2,0.647,taxonomic novelty determined using RED,Novel,Unclassified public database SGBs,High-quality,22,1,1,1,3
SRR32147508.bin.72,2,Soil,MAG,Bacteria,Pseudomonadota,Alphaproteobacteria,Sphingomonadales,Rhodothalassiaceae,Unclassified,Unclassified,Public,97.85626914,0.80585,52.53,18.47,97.61,0.43,0,3136670,49523,4,0.65,taxonomic classification fully defined by topology,Defined,Unclassified public database SGBs,Medium-quality,21,1,0,0,1
SRR32147508.bin.73,4,Soil,MAG,Bacteria,Gemmatimonadota,Gemmatimonadetes,Palauibacterales,Palauibacteraceae,JAOTZH01,Unclassified,Public,77.00317037,0.86874,52.53,18.47,96.7,4.4,0,4921594,32279,4,0.708,taxonomic novelty determined using RED,Novel,Unclassified public database SGBs,High-quality,25,2,2,1,5
SRR32147508.bin.76,34,Soil,MAG,Bacteria,Tectomicrobia,Entotheonellia,Entotheonellales,Entotheonellaceae,Entotheonella,Unclassified,Public,51.8038038,0.95485,52.53,18.47,96.53,9.4,0,7590869,28029,2,0.574,taxonomic novelty determined using RED,Novel,Unclassified public database SGBs,Medium-quality,25,1,0,2,3
SRR32147508.bin.82,21,Soil,MAG,Bacteria,Desulfobacterota_B,Binatia,UBA9968,JAJDTQ01,Unclassified,Unclassified,Public,66.84746452,0.77974,52.53,18.47,96.07,6.13,0,7368827,56876,1,0.608,taxonomic novelty determined using RED,Novel,Unclassified public database SGBs,Medium-quality,24,1,2,2,5
SRR32147508.bin.90,1,Soil,MAG,Bacteria,Desulfobacterota_D,UBA1144,RKRQ01,JAJCZQ01,Unclassified,Unclassified,Public,81.95153548,0.70233,52.53,18.47,98.32,3.78,0,2637808,98314,6,0.436,taxonomic novelty determined using RED,Novel,Unclassified public database SGBs,High-quality,24,1,1,1,3
SRR32147508.bin.91,8,Soil,MAG,Bacteria,Hydrogenedentota,Hydrogenedentia,Hydrogenedentiales,Unclassified,Unclassified,Unclassified,Public,90.69949309,0.69664,52.53,18.47,100,2.38,0,5912307,125599,2,0.593,taxonomic novelty determined using RED,Novel,Unclassified public database SGBs,High-quality,25,1,1,1,3
SRR32147508.bin.93,7,Soil,MAG,Bacteria,Pseudomonadota,Gammaproteobacteria,Woeseiales,Woeseiaceae,Unclassified,Unclassified,Public,77.92937124,0.88863,52.53,18.47,89.38,2.81,0,4439397,125677,4,0.62,taxonomic novelty determined using RED,Novel,Unclassified public database SGBs,Medium-quality,22,1,0,0,1
SRR32147508.bin.95,3,Soil,MAG,Bacteria,Gemmatimonadota,Gemmatimonadetes,Longimicrobiales,RSA9,Unclassified,Unclassified,Public,81.30618883,0.75875,52.53,18.47,90.33,2.26,0,5300993,28355,2,0.698,taxonomic classification fully defined by topology,Defined,Unclassified public database SGBs,Medium-quality,23,0,1,1,2
SRR32147508.bin.96,4,Soil,MAG,Bacteria,Pseudomonadota,Gammaproteobacteria,Pseudomonadales,Azotimanducaceae_A,UBA7803,Unclassified,Public,71.63319276,0.92697,52.53,18.47,88.01,3.84,11.11,4215869,49333,2,0.666,taxonomic classification fully defined by topology,Defined,Unclassified public database SGBs,Medium-quality,19,1,0,0,1
SRR32147508.bin.97,2,Soil,MAG,Bacteria,Gemmatimonadota,Gemmatimonadetes,JACCXV01,JAHWKZ01,Unclassified,Unclassified,Public,86.68441832,0.83937,52.53,18.47,97.8,2.75,0,3401258,147742,4,0.698,taxonomic novelty determined using RED,Novel,Unclassified public database SGBs,High-quality,25,2,3,2,7
SRR32147508.bin.98,7,Soil,MAG,Bacteria,Planctomycetota,Planctomycetia,Pirellulales,JANQPP01,Unclassified,Unclassified,Public,100.4371328,0.74647,52.53,18.47,98.07,0,0,6502694,43079,2,0.551,taxonomic novelty determined using RED,Novel,Unclassified public database SGBs,High-quality,23,2,2,1,5
SRR32147509.bin.1,3,Soil,MAG,Bacteria,Myxococcota_A,UBA9160,UBA9160,SMWR01,JAHEJV01,Unclassified,Public,62.06794122,0.896,52.53,18.47,77.24,3.23,0,4877872,7176,1,0.732,taxonomic novelty determined using RED,Novel,Unclassified public database SGBs,Medium-quality,19,1,1,1,3
SRR32147509.bin.104,2,Soil,MAG,Bacteria,Bacteroidota,Rhodothermia,Balneolales,Balneolaceae,Halalkalibaculum,Unclassified,Public,92.63695086,0.96295,52.53,18.47,96.99,1.37,0,4419040,78379,2,0.427,taxonomic novelty determined using RED,Novel,Unclassified public database SGBs,High-quality,24,3,3,2,8
SRR32147509.bin.107,4,Soil,MAG,Bacteria,Pseudomonadota,Gammaproteobacteria,Pseudomonadales,Halieaceae,Halioglobus,Unclassified,Public,61.05431428,0.94426,52.53,18.47,84.42,4.96,10,3525421,5979,1,0.625,taxonomic classification fully defined by topology,Defined,Unclassified public database SGBs,Medium-quality,20,0,0,0,0
SRR32147509.bin.108,1,Soil,MAG,Bacteria,Actinomycetota,Acidimicrobiia,Acidimicrobiales,JACDCH01,UBA9382,Unclassified,Public,71.17635386,0.94079,52.53,18.47,86.32,3.61,14.29,3305363,47970,2,0.713,taxonomic classification fully defined by topology,Defined,Unclassified public database SGBs,Medium-quality,23,1,1,1,3
SRR32147509.bin.110,5,Soil,MAG,Bacteria,Pseudomonadota,Gammaproteobacteria,UBA4486,UBA4486,Methylohalomonas,Unclassified,Public,84.20890301,0.89812,52.53,18.47,90.59,1.94,62.5,2339302,12966,2,0.564,taxonomic novelty determined using RED,Novel,Unclassified public database SGBs,High-quality,19,1,1,1,3
SRR32147509.bin.111,5,Soil,MAG,Bacteria,Bacteroidota,Bacteroidia,Cytophagales,Cyclobacteriaceae,Unclassified,Unclassified,Public,76.37544149,0.79897,52.53,18.47,95.39,4.51,31.82,7310904,12624,2,0.438,taxonomic classification fully defined by topology,Defined,Unclassified public database SGBs,Medium-quality,21,0,0,2,2
SRR32147509.bin.113,5,Soil,MAG,Bacteria,Pseudomonadota,Alphaproteobacteria,Geminicoccales,Geminicoccaceae,Unclassified,Unclassified,Public,88.72716467,0.81247,52.53,18.47,97.66,2.24,0,4973484,27185,2,0.693,taxonomic classification fully defined by topology,Defined,Unclassified public database SGBs,Medium-quality,19,0,0,0,0
SRR32147509.bin.114,4,Soil,MAG,Bacteria,Planctomycetota,Planctomycetia,Pirellulales,Pirellulaceae,Unclassified,Unclassified,Public,71.08110139,0.816,52.53,18.47,75.38,1.28,100,5043199,3485,1,0.576,taxonomic novelty determined using RED,Novel,Unclassified public database SGBs,Medium-quality,12,1,0,0,1
SRR32147509.bin.13,1,Soil,MAG,Bacteria,Pseudomonadota,Gammaproteobacteria,XJ16,Halofilaceae,Halofilum,Unclassified,Public,89.49577397,0.8976,52.53,18.47,91.78,0.91,0,2273111,27063,2,0.659,taxonomic classification fully defined by topology,Defined,Unclassified public database SGBs,Medium-quality,21,0,0,0,0
SRR32147509.bin.14,5,Soil,MAG,Bacteria,Planctomycetota,Planctomycetia,Planctomycetales,Planctomycetaceae,Unclassified,Unclassified,Public,65.47151726,0.82054,52.53,18.47,84.34,4.44,50,6922454,13275,1,0.585,taxonomic novelty determined using RED,Novel,Unclassified public database SGBs,Medium-quality,24,0,1,1,2
SRR32147509.bin.17,1,Soil,MAG,Bacteria,Actinomycetota,Actinomycetes,Actinomycetales,Dermatophilaceae,Ornithinimicrobium_A,Unclassified,Public,72.71790262,0.91727,52.53,18.47,84.57,3.02,42.86,2597890,6413,2,0.657,taxonomic classification fully defined by topology,Defined,Unclassified public database SGBs,Medium-quality,20,0,0,0,0
SRR32147509.bin.20,6,Soil,MAG,Bacteria,Planctomycetota,Planctomycetia,Pirellulales,Pirellulaceae,Unclassified,Unclassified,Public,84.90374487,0.87863,52.53,18.47,88.75,1.18,0,5658613,10174,2,0.602,taxonomic classification fully defined by topology,Defined,Unclassified public database SGBs,Medium-quality,22,1,2,1,4
SRR32147509.bin.27,67,Soil,MAG,Bacteria,Actinomycetota,Actinomycetes,Mycobacteriales,Micromonosporaceae,Micromonospora,Unclassified,Public,75.08428781,0.99541,52.53,18.47,78.11,0.79,0,4694843,5605,1,0.715,taxonomic classification defined by topology and ANI,Defined,Unclassified public database SGBs,Medium-quality,23,1,1,1,3
SRR32147509.bin.31,3,Soil,MAG,Bacteria,Pseudomonadota,Alphaproteobacteria,Rhizobiales,Rhodomicrobiaceae,JAHQVI01,Unclassified,Public,85.82472982,0.89876,52.53,18.47,96.4,2.82,50,4505816,13512,2,0.599,taxonomic novelty determined using RED,Novel,Unclassified public database SGBs,Medium-quality,23,0,1,1,2
SRR32147509.bin.36,8,Soil,MAG,Bacteria,Planctomycetota,Planctomycetia,Pirellulales,Lacipirellulaceae,Posidoniimonas,Unclassified,Public,93.18661647,0.92186,52.53,18.47,96.55,1.15,0,5609860,47123,2,0.673,taxonomic novelty determined using RED,Novel,Unclassified public database SGBs,Medium-quality,24,2,0,0,2
SRR32147509.bin.39,1,Soil,MAG,Bacteria,Pseudomonadota,Alphaproteobacteria,Caulobacterales,Parvularculaceae,Hyphococcus,Unclassified,Public,98.55342705,0.9545,52.53,18.47,98.2,0.4,0,3827141,40444,2,0.613,taxonomic classification fully defined by topology,Defined,Unclassified public database SGBs,High-quality,23,1,2,1,4
SRR32147509.bin.43,3,Soil,MAG,Bacteria,Pseudomonadota,Alphaproteobacteria,Rhodospirillales_A,UXAT02,Unclassified,Unclassified,Public,43.4872232,0.88829,52.53,18.47,79.46,7.81,11.11,3664146,20848,2,0.633,taxonomic novelty determined using RED,Novel,Unclassified public database SGBs,Medium-quality,19,0,0,0,0
SRR32147509.bin.44,3,Soil,MAG,Bacteria,Pseudomonadota,Gammaproteobacteria,Nevskiales,Salinisphaeraceae,Salinisphaera,Unclassified,Public,74.71178766,0.92215,52.53,18.47,91.09,3.79,13.64,3138885,10225,2,0.644,taxonomic classification fully defined by topology,Defined,Unclassified public database SGBs,Medium-quality,23,1,1,0,2
SRR32147509.bin.46,0,Soil,MAG,Bacteria,Actinomycetota,Acidimicrobiia,UBA5794,ZC4RG35,JANQRA01,Unclassified,Public,86.8409756,0.93845,52.53,18.47,88.97,0.85,0,2619143,13866,2,0.643,taxonomic classification fully defined by topology,Defined,Unclassified public database SGBs,Medium-quality,18,0,0,0,0
SRR32147509.bin.49,5,Soil,MAG,Bacteria,Planctomycetota,Planctomycetia,Planctomycetales,Planctomycetaceae,JABURQ01,Unclassified,Public,90.31917442,0.92264,52.53,18.47,98.88,2.25,0,7891185,189823,2,0.561,taxonomic novelty determined using RED,Novel,Unclassified public database SGBs,Medium-quality,25,0,1,1,2
SRR32147509.bin.5,0,Soil,MAG,Bacteria,Actinomycetota,Nitriliruptoria,Nitriliruptorales,Nitriliruptoraceae,Unclassified,Unclassified,Public,62.44207349,0.78606,52.53,18.47,79.65,4.3,75,3870160,10818,1,0.717,taxonomic novelty determined using RED,Novel,Unclassified public database SGBs,Medium-quality,16,1,0,1,2
SRR32147509.bin.55,4,Soil,MAG,Bacteria,Planctomycetota,Planctomycetia,Pirellulales,Lacipirellulaceae,Bythopirellula,Unclassified,Public,89.33304981,0.98738,52.53,18.47,91.89,1.15,100,5778737,9685,2,0.533,taxonomic classification defined by topology and ANI,Defined,Unclassified public database SGBs,High-quality,22,1,1,1,3
SRR32147509.bin.58,1,Soil,MAG,Bacteria,Gemmatimonadota,Gemmatimonadetes,Longimicrobiales,UBA6960,Unclassified,Unclassified,Public,71.55818234,0.70723,52.53,18.47,87,3.3,0,3086882,10384,1,0.679,taxonomic classification fully defined by topology,Defined,Unclassified public database SGBs,Medium-quality,15,1,0,0,1
SRR32147509.bin.60,11,Soil,MAG,Bacteria,Pseudomonadota,Gammaproteobacteria,Xanthomonadales,Wenzhouxiangellaceae,GCA-2722315,Unclassified,Public,84.77880428,0.96541,52.53,18.47,99.15,3.36,0,4301159,57228,2,0.624,taxonomic classification defined by topology and ANI,Defined,Unclassified public database SGBs,High-quality,22,1,1,1,3
SRR32147509.bin.61,5,Soil,MAG,Bacteria,Pseudomonadota,Gammaproteobacteria,Arenicellales,JAANXG01,JAANXG01,Unclassified,Public,98.21478138,0.92472,52.53,18.47,98.78,0.64,0,4422663,147762,2,0.614,taxonomic novelty determined using RED,Novel,Unclassified public database SGBs,High-quality,23,1,1,1,3
SRR32147509.bin.67,1,Soil,MAG,Bacteria,Gemmatimonadota,Gemmatimonadetes,Palauibacterales,Palauibacteraceae,Unclassified,Unclassified,Public,52.08301592,0.88798,52.53,18.47,84.55,7.69,62.5,2904896,17928,1,0.688,taxonomic novelty determined using RED,Novel,Unclassified public database SGBs,Medium-quality,19,2,2,2,6
SRR32147509.bin.69,7,Soil,MAG,Bacteria,Pseudomonadota,Alphaproteobacteria,Kiloniellales,Rhodovibrionaceae,SKZV01,Unclassified,Public,61.74542403,0.95354,52.53,18.47,91.3,6.3,11.11,3768049,24603,1,0.65,taxonomic classification defined by topology and ANI,Defined,Unclassified public database SGBs,Medium-quality,20,1,0,0,1
SRR32147509.bin.70,3,Soil,MAG,Bacteria,Planctomycetota,Planctomycetia,Pirellulales,Lacipirellulaceae,Unclassified,Unclassified,Public,85.55170409,0.88043,52.53,18.47,83.43,0,0,4615485,14624,2,0.621,taxonomic classification fully defined by topology,Defined,Unclassified public database SGBs,Medium-quality,22,0,2,0,2
SRR32147509.bin.71,4,Soil,MAG,Bacteria,Pseudomonadota,Gammaproteobacteria,Arenicellales,JAANXG01,JAANXG01,Unclassified,Public,51.58941724,0.91651,52.53,18.47,76.42,5.44,27.78,3327372,4134,1,0.648,taxonomic novelty determined using RED,Novel,Unclassified public database SGBs,Medium-quality,15,0,0,0,0
SRR32147509.bin.79,3,Soil,MAG,Bacteria,Sumerlaeota,Sumerlaeia,MVZB01,JAJFLK01,Unclassified,Unclassified,Public,64.02041685,0.77019,52.53,18.47,76.22,2.91,14.29,3772293,5877,2,0.624,taxonomic novelty determined using RED,Novel,Unclassified public database SGBs,Medium-quality,21,0,0,0,0
SRR32147509.bin.81,11,Soil,MAG,Bacteria,Planctomycetota,Phycisphaerae,Phycisphaerales,Phycisphaeraceae,JANQKH01,Unclassified,Public,90.31161573,0.87984,52.53,18.47,88.5,0.1,100,6585618,21049,2,0.65,taxonomic novelty determined using RED,Novel,Unclassified public database SGBs,Medium-quality,22,1,0,0,1
SRR32147509.bin.84,2,Soil,MAG,Bacteria,Planctomycetota,UBA1135,UBA1135,GCA-002686595,JACKHV01,Unclassified,Public,79.87358625,0.92388,52.53,18.47,80.68,0.57,0,3546264,9709,2,0.702,taxonomic novelty determined using RED,Novel,Unclassified public database SGBs,Medium-quality,18,0,0,0,0
SRR32147509.bin.85,0,Soil,MAG,Bacteria,Pseudomonadota,Alphaproteobacteria,Rhizobiales,Hyphomicrobiaceae,Hyphomicrobium_B,Unclassified,Public,96.25114658,0.93901,52.53,18.47,96.17,0.44,0,2828856,28993,2,0.56,taxonomic classification fully defined by topology,Defined,Unclassified public database SGBs,Medium-quality,22,2,0,0,2
SRR32147509.bin.87,1,Soil,MAG,Bacteria,Pseudomonadota,Gammaproteobacteria,Pseudomonadales,Porticoccaceae,DGNJ01,DGNJ01 sp002388905,Public,65.91609227,N/A,52.53,18.47,88.61,5.8,75,2667453,6808,3,0.62,taxonomic classification defined by topology and ANI,Defined,Published genomes,Medium-quality,19,1,0,0,1
SRR32147509.bin.89,4,Soil,MAG,Bacteria,Pseudomonadota,Gammaproteobacteria,Competibacterales,Competibacteraceae,Unclassified,Unclassified,Public,78.7179594,0.83379,52.53,18.47,91.22,2.76,0,4448760,31327,1,0.646,taxonomic novelty determined using RED,Novel,Unclassified public database SGBs,Medium-quality,19,0,0,2,2
SRR32147509.bin.9,7,Soil,MAG,Bacteria,Hydrogenedentota,Hydrogenedentia,Hydrogenedentiales,GCA-2746185,Unclassified,Unclassified,Public,97.04340825,0.80046,52.53,18.47,100,1.1,0,4424268,97010,2,0.596,taxonomic classification fully defined by topology,Defined,Unclassified public database SGBs,Medium-quality,24,1,0,0,1
SRR32147509.bin.94,2,Soil,MAG,Bacteria,Chloroflexota,Anaerolineae,Promineifilales,Promineifilaceae,JAAYYY01,Unclassified,Public,42.53548306,0.92153,52.53,18.47,88.82,9.73,13.33,6185717,10888,1,0.596,taxonomic classification fully defined by topology,Defined,Unclassified public database SGBs,Medium-quality,21,1,1,4,6
SRR32147509.bin.96,1,Soil,MAG,Bacteria,Pseudomonadota,Alphaproteobacteria,Rhizobiales,Methyloligellaceae,Unclassified,Unclassified,Public,80.53747365,0.86001,52.53,18.47,84.79,1.31,0,2720056,31257,2,0.673,taxonomic novelty determined using RED,Novel,Unclassified public database SGBs,Medium-quality,18,1,1,1,3
SRR32774196.bin.13,3,Soil,MAG,Bacteria,Pseudomonadota,Gammaproteobacteria,Enterobacterales,Alteromonadaceae,Pseudoalteromonas,Pseudoalteromonas sp001974855,Public,61.46163505,N/A,52.5,21.6,88.23,6.48,69.49,4010839,14367,1,0.403,taxonomic classification defined by topology and ANI,Defined,Published genomes,Medium-quality,22,2,3,9,14
SRR32774196.bin.15,4,Soil,MAG,Bacteria,Bacillota,Bacilli,Lactobacillales,Carnobacteriaceae,Carnobacterium,Carnobacterium maltaromaticum,Public,84.46036231,N/A,52.5,21.6,99.45,3.64,20,3501490,73236,2,0.343,taxonomic classification defined by topology and ANI,Defined,Published genomes,Medium-quality,22,1,0,4,5
SRR32774196.bin.16,6,Soil,MAG,Bacteria,Pseudomonadota,Gammaproteobacteria,Enterobacterales,Vibrionaceae,Vibrio,Vibrio toranzoniae,Public,73.85743253,N/A,52.5,21.6,77.06,1.18,0,3426733,197181,2,0.441,taxonomic classification defined by topology and ANI,Defined,Published genomes,Medium-quality,18,0,0,4,4
SRR32774196.bin.18,4,Soil,MAG,Bacteria,Pseudomonadota,Gammaproteobacteria,Pseudomonadales,Pseudomonadaceae,Pseudomonas_E,Unclassified,Public,73.21457609,0.9897,52.5,21.6,88.92,3.67,45,4211427,7694,1,0.556,taxonomic classification defined by topology and ANI,Defined,Unclassified public database SGBs,Medium-quality,22,0,0,1,1
SRR32774196.bin.3,7,Soil,MAG,Bacteria,Pseudomonadota,Gammaproteobacteria,Enterobacterales,Enterobacteriaceae,Rouxiella,Unclassified,Public,99.0628975,0.95879,52.5,21.6,98.55,0.43,0,3761389,168188,2,0.449,taxonomic novelty determined using RED,Novel,Unclassified public database SGBs,Medium-quality,22,0,0,2,2
SRR32774197.bin.12,5,Soil,MAG,Bacteria,Actinomycetota,Actinomycetes,Actinomycetales,Micrococcaceae,Arthrobacter,Arthrobacter sp014217545,Public,91.67540166,N/A,52.5,21.6,94.63,1.18,60,4978249,23703,2,0.641,taxonomic classification defined by topology and ANI,Defined,Published genomes,Medium-quality,22,0,0,1,1
SRR32774197.bin.13,6,Soil,MAG,Bacteria,Pseudomonadota,Gammaproteobacteria,Enterobacterales,Vibrionaceae,Photobacterium,Photobacterium halotolerans,Public,97.3087694,N/A,52.5,21.6,97.5,0.58,0,4761057,248669,8,0.508,taxonomic classification defined by topology and ANI,Defined,Published genomes,High-quality,19,3,1,1,5
SRR32774197.bin.14,5,Soil,MAG,Bacteria,Bacillota,Bacilli,Bacillales,Bacillaceae_H,Priestia,Priestia megaterium_C,Public,86.97844872,N/A,52.5,21.6,99.35,3.15,36.36,4479624,23239,2,0.384,taxonomic classification defined by topology and ANI,Defined,Published genomes,High-quality,23,9,2,5,16
SRR32774197.bin.20,2,Soil,MAG,Bacteria,Actinomycetota,Actinomycetes,Actinomycetales,Micrococcaceae,Paeniglutamicibacter,Unclassified,Public,63.50933865,0.99341,52.5,21.6,75.87,2.79,25,3612309,4827,1,0.66,taxonomic classification defined by topology and ANI,Defined,Unclassified public database SGBs,Medium-quality,21,0,0,0,0
SRR32774197.bin.21,4,Soil,MAG,Bacteria,Pseudomonadota,Gammaproteobacteria,Enterobacterales,Alteromonadaceae,Rheinheimera,Unclassified,Public,75.09151599,0.99639,52.5,21.6,82.76,2.59,100,4144754,191881,2,0.506,taxonomic classification defined by topology and ANI,Defined,Unclassified public database SGBs,Medium-quality,22,0,0,2,2
SRR32774197.bin.22,7,Soil,MAG,Bacteria,Pseudomonadota,Gammaproteobacteria,Enterobacterales,Shewanellaceae,Shewanella,Shewanella vesiculosa,Public,94.21766347,N/A,52.5,21.6,99.53,1.68,16,4676957,355488,5,0.415,taxonomic classification defined by topology and ANI,Defined,Published genomes,High-quality,24,3,4,7,14
SRR32774197.bin.26,23,Soil,MAG,Bacteria,Pseudomonadota,Gammaproteobacteria,Pseudomonadales,Pseudomonadaceae,Pseudomonas_E,Pseudomonas_E silesiensis,Public,58.44473848,N/A,52.5,21.6,79.49,4.9,44.44,5773367,28468,1,0.599,taxonomic classification defined by topology and ANI,Defined,Published genomes,Medium-quality,18,0,1,5,6
SRR32774197.bin.27,5,Soil,MAG,Bacteria,Pseudomonadota,Gammaproteobacteria,Pseudomonadales,Pseudomonadaceae,Pseudomonas_E,Pseudomonas_E taeanensis,Public,69.41389833,N/A,52.5,21.6,79.3,2.82,76.19,3990463,10732,2,0.618,taxonomic classification defined by topology and ANI,Defined,Published genomes,Medium-quality,16,0,0,0,0
SRR32774197.bin.29,8,Soil,MAG,Bacteria,Pseudomonadota,Gammaproteobacteria,Pseudomonadales,Nitrincolaceae,Marinobacterium_A,Unclassified,Public,66.11660494,0.99738,52.5,21.6,89.38,5.04,18.18,5152974,8723,1,0.595,taxonomic classification defined by topology and ANI,Defined,Unclassified public database SGBs,Medium-quality,19,0,0,0,0
SRR32774197.bin.31,7,Soil,MAG,Bacteria,Pseudomonadota,Gammaproteobacteria,Pseudomonadales,Marinomonadaceae,Marinomonas,Unclassified,Public,91.72694205,0.99036,52.5,21.6,93.71,0.83,0,4130862,17135,2,0.434,taxonomic classification defined by topology and ANI,Defined,Unclassified public database SGBs,Medium-quality,23,0,0,3,3
SRR32774197.bin.32,4,Soil,MAG,Bacteria,Bacillota,Bacilli,Bacillales_G,HB172195,Anaerobacillus_A,Anaerobacillus_A sp009818105,Public,90.89029489,N/A,52.5,21.6,98.85,1.94,28.57,3222870,18710,1,0.405,taxonomic classification defined by topology and ANI,Defined,Published genomes,Medium-quality,20,4,0,4,8
SRR32774197.bin.33,5,Soil,MAG,Bacteria,Pseudomonadota,Gammaproteobacteria,Enterobacterales,Alteromonadaceae,Pseudoalteromonas,Pseudoalteromonas rhizosphaerae,Public,85.68987214,N/A,52.5,21.6,99.62,3.67,56.25,5332205,42497,3,0.402,taxonomic classification defined by topology and ANI,Defined,Published genomes,High-quality,22,3,1,7,11
SRR32774197.bin.34,1,Soil,MAG,Bacteria,Pseudomonadota,Alphaproteobacteria,Rhodobacterales,Rhodobacteraceae,Unclassified,Unclassified,Public,101.4560612,0.9567,52.5,21.6,99.39,0.15,0,4310248,341385,2,0.61,taxonomic classification fully defined by topology,Defined,Unclassified public database SGBs,Medium-quality,21,0,0,0,0
SRR32774197.bin.37,1,Soil,MAG,Bacteria,Bacillota,Bacilli,Bacillales_A,Planococcaceae,Sporosarcina,Unclassified,Public,61.31425975,0.99273,52.5,21.6,83.07,4.83,7.69,2438722,8824,2,0.428,taxonomic classification defined by topology and ANI,Defined,Unclassified public database SGBs,Medium-quality,20,0,0,3,3
SRR32774197.bin.38,6,Soil,MAG,Bacteria,Pseudomonadota,Gammaproteobacteria,Enterobacterales,Shewanellaceae,Shewanella,Unclassified,Public,99.79640326,0.98931,52.5,21.6,98.37,0.27,0,4229253,283804,2,0.458,taxonomic classification defined by topology and ANI,Defined,Unclassified public database SGBs,High-quality,23,1,1,7,9
SRR32774197.bin.6,3,Soil,MAG,Bacteria,Actinomycetota,Actinomycetes,Actinomycetales,Micrococcaceae,Arthrobacter,Unclassified,Public,92.32484403,0.99443,52.5,21.6,99.17,2.05,50,4738531,45676,2,0.654,taxonomic classification defined by topology and ANI,Defined,Unclassified public database SGBs,Medium-quality,23,0,2,2,4
SRR32774198.bin.11,6,Soil,MAG,Bacteria,Pseudomonadota,Gammaproteobacteria,Pseudomonadales,Pseudomonadaceae,Pseudomonas_E,Unclassified,Public,74.71168476,0.9718,50.27,20.42,94.04,4.71,37.14,5081551,69949,2,0.627,taxonomic classification defined by topology and ANI,Defined,Unclassified public database SGBs,Medium-quality,20,0,0,2,2
SRR32774198.bin.12,6,Soil,MAG,Bacteria,Pseudomonadota,Gammaproteobacteria,Pseudomonadales,Halomonadaceae,Bisbaumannia,Bisbaumannia pacifica,Public,100.5284959,N/A,50.27,20.42,100,0.43,0,3745913,180714,2,0.673,taxonomic classification defined by topology and ANI,Defined,Published genomes,High-quality,23,1,1,3,5
SRR32774198.bin.18,4,Soil,MAG,Bacteria,Pseudomonadota,Gammaproteobacteria,Enterobacterales,Enterobacteriaceae,Lelliottia,Lelliottia nimipressuralis,Public,92.67733267,N/A,50.27,20.42,98.72,1.92,46.88,4427937,164062,4,0.553,taxonomic classification defined by topology and ANI,Defined,Published genomes,High-quality,23,2,2,7,11
SRR32774198.bin.21,0,Soil,MAG,Bacteria,Bacillota,Bacilli,Bacillales_A,Planococcaceae,Solibacillus,Solibacillus silvestris,Public,66.82466852,N/A,50.27,20.42,80.47,3.42,75,1985140,4779,1,0.397,taxonomic classification defined by topology and ANI,Defined,Published genomes,Medium-quality,9,0,3,4,7
SRR32774198.bin.22,7,Soil,MAG,Bacteria,Pseudomonadota,Gammaproteobacteria,Pseudomonadales,Moraxellaceae,Acinetobacter,Acinetobacter johnsonii,Public,88.95973551,N/A,50.27,20.42,93.08,1.24,9.09,2994248,6824,2,0.422,taxonomic classification defined by topology and ANI,Defined,Published genomes,Medium-quality,18,0,1,1,2
SRR32774198.bin.24,7,Soil,MAG,Bacteria,Pseudomonadota,Gammaproteobacteria,Pseudomonadales,Pseudomonadaceae,Pseudomonas_E,Pseudomonas_E atacamensis,Public,88.62729354,N/A,50.27,20.42,93.59,1.66,48.39,5602361,92905,2,0.601,taxonomic classification defined by topology and ANI,Defined,Published genomes,Medium-quality,23,0,0,4,4
SRR32774198.bin.29,5,Soil,MAG,Bacteria,Pseudomonadota,Gammaproteobacteria,Enterobacterales,Alteromonadaceae,Pseudoalteromonas,Unclassified,Public,98.42102342,0.9713,50.27,20.42,99.66,0.79,25,3980106,84537,2,0.404,taxonomic classification defined by topology and ANI,Defined,Unclassified public database SGBs,Medium-quality,23,2,0,4,6
SRR32774198.bin.7,4,Soil,MAG,Bacteria,Pseudomonadota,Gammaproteobacteria,Enterobacterales,Vibrionaceae,Vibrio,Unclassified,Public,94.5928139,0.98357,50.27,20.42,95.85,0.85,25,3925613,288984,2,0.416,taxonomic classification defined by topology and ANI,Defined,Unclassified public database SGBs,Medium-quality,20,0,1,3,4
SRR32774198.bin.9,1,Soil,MAG,Bacteria,Bacillota,Bacilli,Bacillales_A,Planococcaceae,Paenisporosarcina,Paenisporosarcina sp000411295,Public,81.23301967,N/A,50.27,20.42,79.14,0,0,2105685,12191,2,0.402,taxonomic classification defined by topology and ANI,Defined,Published genomes,Medium-quality,10,1,0,4,5
SRR32774199.bin.1,4,Soil,MAG,Bacteria,Actinomycetota,Actinomycetes,Actinomycetales,Micrococcaceae,Paeniglutamicibacter,Paeniglutamicibacter sulfureus,Public,67.79160426,N/A,50.27,20.42,81,3.36,44.44,3605849,12498,2,0.653,taxonomic classification defined by topology and ANI,Defined,Published genomes,Medium-quality,17,0,1,1,2
SRR32774199.bin.10,4,Soil,MAG,Bacteria,Bacillota,Bacilli,Bacillales,Bacillaceae,Bacillus_P,Bacillus_P dongyingensis,Public,83.60192411,N/A,50.27,20.42,97.28,3.36,25,4166274,29097,2,0.405,taxonomic classification defined by topology and ANI,Defined,Published genomes,High-quality,18,6,1,5,12
SRR32774199.bin.12,8,Soil,MAG,Bacteria,Actinomycetota,Actinomycetes,Actinomycetales,Cellulomonadaceae,Oerskovia,Oerskovia rustica,Public,42.16156958,N/A,50.27,20.42,82.94,9.97,80,4053219,12335,1,0.725,taxonomic classification defined by topology and ANI,Defined,Published genomes,Medium-quality,19,0,1,1,2
SRR32774199.bin.16,4,Soil,MAG,Bacteria,Pseudomonadota,Gammaproteobacteria,Enterobacterales,Enterobacteriaceae,Buttiauxella,Buttiauxella agrestis,Public,90.20783186,N/A,50.27,20.42,91.79,0.65,50,4349781,38518,1,0.507,taxonomic classification defined by topology and ANI,Defined,Published genomes,High-quality,20,4,2,6,12
SRR32774199.bin.19,4,Soil,MAG,Bacteria,Pseudomonadota,Gammaproteobacteria,Enterobacterales,Enterobacteriaceae,Buttiauxella,Buttiauxella massiliensis,Public,97.6695209,N/A,50.27,20.42,98.1,0.7,50,4660861,218294,2,0.497,taxonomic classification defined by topology and ANI,Defined,Published genomes,Medium-quality,24,0,1,5,6
SRR32774199.bin.23,1,Soil,MAG,Bacteria,Pseudomonadota,Gammaproteobacteria,Enterobacterales,Alteromonadaceae,Rheinheimera,Rheinheimera aquimaris,Public,80.52029976,N/A,50.27,20.42,90.45,2.17,0,3717917,5503,1,0.499,taxonomic classification defined by topology and ANI,Defined,Published genomes,Medium-quality,20,1,0,2,3
SRR32774199.bin.27,2,Soil,MAG,Bacteria,Pseudomonadota,Gammaproteobacteria,Enterobacterales,Aeromonadaceae,Aeromonas,Aeromonas rivipollensis,Public,68.72746386,N/A,50.27,20.42,84.55,3.97,80,3909067,4008,1,0.625,taxonomic classification defined by topology and ANI,Defined,Published genomes,Medium-quality,21,0,0,1,1
SRR32774200.bin.1,2,Soil,MAG,Bacteria,Pseudomonadota,Gammaproteobacteria,Enterobacterales,Alteromonadaceae,Thalassotalea_B,Unclassified,Public,71.40522879,0.98143,52.53,18.47,97.37,5.67,3.57,5900414,18434,2,0.37,taxonomic classification defined by topology and ANI,Defined,Unclassified public database SGBs,Medium-quality,23,0,0,5,5
SRR32774200.bin.11,4,Soil,MAG,Bacteria,Bacillota,Bacilli,Bacillales_B,Bacillaceae_B,Rossellomorea,Rossellomorea aquimaris_C,Public,65.78080377,N/A,52.53,18.47,83.24,4.43,61.9,3001473,6270,2,0.422,taxonomic classification defined by topology and ANI,Defined,Published genomes,Medium-quality,20,5,0,3,8
SRR32774200.bin.13,3,Soil,MAG,Bacteria,Pseudomonadota,Gammaproteobacteria,Enterobacterales,Shewanellaceae,Shewanella,Shewanella baltica,Public,87.32347707,N/A,52.53,18.47,89.97,1,35.71,4175207,7971,4,0.47,taxonomic classification defined by topology and ANI,Defined,Published genomes,Medium-quality,17,1,0,0,1
SRR32774200.bin.15,1,Soil,MAG,Bacteria,Pseudomonadota,Gammaproteobacteria,Pseudomonadales,Halomonadaceae,Onishia,Unclassified,Public,100.1551741,0.99417,52.53,18.47,99.07,0.27,50,3331939,32274,4,0.612,taxonomic classification defined by topology and ANI,Defined,Unclassified public database SGBs,Medium-quality,22,0,1,4,5
SRR32774200.bin.20,6,Soil,MAG,Bacteria,Pseudomonadota,Gammaproteobacteria,Pseudomonadales,Marinomonadaceae,Marinomonas,Marinomonas rhizomae_A,Public,93.42026676,N/A,52.53,18.47,98.43,1.72,75,3976854,32280,4,0.435,taxonomic classification defined by topology and ANI,Defined,Published genomes,High-quality,24,2,2,7,11
SRR32774200.bin.23,0,Soil,MAG,Bacteria,Pseudomonadota,Gammaproteobacteria,Pseudomonadales,Moraxellaceae,Psychrobacter,Unclassified,Public,76.74791814,0.96525,52.53,18.47,82.49,1.7,50,2193045,5198,2,0.495,taxonomic classification fully defined by topology,Defined,Unclassified public database SGBs,Medium-quality,18,1,0,0,1
SRR32774200.bin.33,4,Soil,MAG,Bacteria,Pseudomonadota,Gammaproteobacteria,Enterobacterales,Vibrionaceae,Vibrio,Vibrio sp014694375,Public,83.02887284,N/A,52.53,18.47,89.9,1.83,0,3680988,28691,2,0.403,taxonomic classification defined by topology and ANI,Defined,Published genomes,Medium-quality,21,0,0,0,0
SRR32774200.bin.7,8,Soil,MAG,Bacteria,Pseudomonadota,Gammaproteobacteria,Pseudomonadales,Pseudomonadaceae,Pseudomonas_E,Pseudomonas_E reinekei,Public,96.10743229,N/A,52.53,18.47,97.87,0.99,57.14,6101269,139153,2,0.594,taxonomic classification defined by topology and ANI,Defined,Published genomes,Medium-quality,21,0,0,4,4
SRR32774201.bin.16,2,Soil,MAG,Bacteria,Pseudomonadota,Alphaproteobacteria,Rhodobacterales,Rhodobacteraceae,Sulfitobacter,Sulfitobacter dubius,Public,98.20192924,N/A,52.53,18.47,98.72,0.64,0,3394240,183594,2,0.604,taxonomic classification defined by topology and ANI,Defined,Published genomes,Medium-quality,19,1,0,0,1
SRR32774201.bin.24,1,Soil,MAG,Bacteria,Pseudomonadota,Gammaproteobacteria,Enterobacterales,Alteromonadaceae,Pseudidiomarina,Pseudidiomarina gelatinasegens,Public,86.97272175,N/A,52.53,18.47,93.19,2.04,84.62,2165403,25879,2,0.481,taxonomic classification defined by topology and ANI,Defined,Published genomes,Medium-quality,19,0,0,2,2
SRR32774201.bin.28,2,Soil,MAG,Bacteria,Bacillota,Bacilli,Bacillales_D,Amphibacillaceae,Virgibacillus,Virgibacillus jordanicus,Public,80.93427914,N/A,52.53,18.47,84,1.22,66.67,2934416,21969,2,0.396,taxonomic classification defined by topology and ANI,Defined,Published genomes,Medium-quality,14,1,2,3,6
SRR32774201.bin.29,6,Soil,MAG,Bacteria,Pseudomonadota,Gammaproteobacteria,Enterobacterales,Shewanellaceae,Shewanella,Shewanella sp002836315,Public,77.85633356,N/A,52.53,18.47,75.44,0,0,4506930,54034,2,0.414,taxonomic classification defined by topology and ANI,Defined,Published genomes,Medium-quality,23,0,0,1,1
SRR32774201.bin.30,4,Soil,MAG,Bacteria,Pseudomonadota,Gammaproteobacteria,Pseudomonadales,Halomonadaceae,Pistricoccus,Unclassified,Public,53.10135942,0.93049,52.53,18.47,86.96,7.47,32,3619552,12645,1,0.683,taxonomic novelty determined using RED,Novel,Unclassified public database SGBs,Medium-quality,17,0,0,3,3
SRR32774201.bin.36,1,Soil,MAG,Bacteria,Bacillota,Bacilli,Bacillales_B,Bacillaceae_B,Bacillus_BM,Unclassified,Public,77.47892983,0.99683,52.53,18.47,90.91,3.35,35.71,4071599,13973,2,0.425,taxonomic classification defined by topology and ANI,Defined,Unclassified public database SGBs,High-quality,24,4,4,6,14
SRR32774201.bin.37,5,Soil,MAG,Bacteria,Pseudomonadota,Gammaproteobacteria,Enterobacterales,Shewanellaceae,Shewanella,Shewanella litoralis,Public,86.12048573,N/A,52.53,18.47,89.23,1.22,45.45,4081780,59155,2,0.43,taxonomic classification defined by topology and ANI,Defined,Published genomes,Medium-quality,21,3,1,1,5
SRR32774201.bin.40,4,Soil,MAG,Bacteria,Bacillota,Bacilli,Bacillales_H,Bacillaceae_D,Alkalicoccobacillus,Unclassified,Public,74.0092488,0.99256,52.53,18.47,85.83,3.34,83.33,3502043,12361,2,0.405,taxonomic classification defined by topology and ANI,Defined,Unclassified public database SGBs,Medium-quality,23,6,2,4,12
SRR32774201.bin.41,1,Soil,MAG,Bacteria,Pseudomonadota,Gammaproteobacteria,Xanthomonadales,Xanthomonadaceae,Lysobacter_C,Lysobacter_C spongiicola,Public,75.64580477,N/A,52.53,18.47,94.8,4.89,63.64,2830846,18519,2,0.679,taxonomic classification defined by topology and ANI,Defined,Published genomes,Medium-quality,20,0,0,2,2
SRR32774201.bin.44,2,Soil,MAG,Bacteria,Pseudomonadota,Alphaproteobacteria,Rhodobacterales,Rhodobacteraceae,Paracoccus,Paracoccus sp001887735,Public,93.38940334,N/A,52.53,18.47,94.21,0.63,25,3193113,17531,2,0.659,taxonomic classification defined by topology and ANI,Defined,Published genomes,Medium-quality,19,0,0,0,0
SRR32774201.bin.48,2,Soil,MAG,Bacteria,Pseudomonadota,Alphaproteobacteria,Rhodobacterales,Rhodobacteraceae,Pseudooceanicola,Pseudooceanicola nanhaiensis,Public,85.17104552,N/A,52.53,18.47,89.35,1.29,33.33,3800498,3821,2,0.685,taxonomic classification defined by topology and ANI,Defined,Published genomes,Medium-quality,17,0,0,0,0
SRR32774201.bin.50,1,Soil,MAG,Bacteria,Pseudomonadota,Alphaproteobacteria,Rhodobacterales,Rhodobacteraceae,Sulfitobacter,Unclassified,Public,69.11920043,0.99001,52.53,18.47,92.09,5.43,55.56,3297235,16772,1,0.605,taxonomic classification defined by topology and ANI,Defined,Unclassified public database SGBs,Medium-quality,20,0,0,1,1
SRR32774201.bin.53,1,Soil,MAG,Bacteria,Bacillota,Bacilli,Bacillales_A,Planococcaceae,Planococcus,Unclassified,Public,83.75659253,0.98912,52.53,18.47,83.21,0.17,100,2997174,22552,1,0.455,taxonomic classification defined by topology and ANI,Defined,Unclassified public database SGBs,Medium-quality,19,4,1,7,12
SRR33545835.bin.10,4,Cotton,MAG,Bacteria,Pseudomonadota,Alphaproteobacteria,Caulobacterales,Parvularculaceae,Hyphococcus,Unclassified,Public,87.16734941,0.96563,44.18,86.02,97.01,2.89,80,4657766,31087,3,0.623,taxonomic classification defined by topology and ANI,Defined,Unclassified public database SGBs,Medium-quality,23,0,1,1,2
SRR33545835.bin.6,14,Cotton,MAG,Bacteria,Pseudomonadota,Gammaproteobacteria,Steroidobacterales,Steroidobacteraceae,Steroidobacter_A,Unclassified,Public,71.48857197,0.97728,44.18,86.02,98.46,6.19,25.81,7428186,46497,3,0.629,taxonomic classification defined by topology and ANI,Defined,Unclassified public database SGBs,Medium-quality,20,1,1,1,3
SRR33545836.bin.15,3,Cotton,MAG,Bacteria,Pseudomonadota,Gammaproteobacteria,Enterobacterales,Alteromonadaceae,Idiomarina,Unclassified,Public,80.91146863,0.99376,44.18,86.02,86.84,1.63,14.29,2095943,7535,2,0.474,taxonomic classification defined by topology and ANI,Defined,Unclassified public database SGBs,Medium-quality,21,0,0,0,0
SRR33545836.bin.24,0,Cotton,MAG,Bacteria,Bacteroidota,Bacteroidia,Flavobacteriales,Flavobacteriaceae,Mariniflexile,Mariniflexile sp002848895,Public,96.77541782,N/A,44.18,86.02,99.34,1.01,0,4628070,76832,5,0.343,taxonomic classification defined by topology and ANI,Defined,Published genomes,Medium-quality,22,0,0,2,2
SRR33545837.bin.1,4,Cotton,MAG,Bacteria,Actinomycetota,Acidimicrobiia,UBA5794,ZC4RG35,JACCTH01,Unclassified,Public,74.90335255,0.96507,44.18,86.02,80.63,1.57,20,2197821,3567,3,0.62,taxonomic classification fully defined by topology,Defined,Unclassified public database SGBs,Medium-quality,19,2,0,0,2
SRR33545837.bin.16,1,Cotton,MAG,Bacteria,Gemmatimonadota,Gemmatimonadetes,Gemmatimonadales,GWC2-71-9,Palsa-1233,Unclassified,Public,83.23681786,0.97239,44.18,86.02,91.65,2.26,33.33,2870153,14832,2,0.709,taxonomic classification defined by topology and ANI,Defined,Unclassified public database SGBs,Medium-quality,20,1,0,0,1
SRR33545837.bin.19,8,Cotton,MAG,Bacteria,Pseudomonadota,Gammaproteobacteria,Burkholderiales,Nitrosomonadaceae,Nitrosomonas,Nitrosomonas nitrosa,Public,86.20676833,N/A,44.18,86.02,97.21,2.8,30.77,3019474,15448,6,0.472,taxonomic classification defined by topology and ANI,Defined,Published genomes,Medium-quality,23,1,1,0,2
SRR33545837.bin.20,1,Cotton,MAG,Bacteria,Pseudomonadota,Alphaproteobacteria,Sphingomonadales,Sphingomonadaceae,Sphingobium,Unclassified,Public,80.09026033,0.96517,44.18,86.02,85.11,1.49,27.27,2622399,8869,2,0.624,taxonomic classification fully defined by topology,Defined,Unclassified public database SGBs,Medium-quality,20,0,1,1,2
SRR33545837.bin.24,63,Cotton,MAG,Bacteria,Acidobacteriota,Thermoanaerobaculia,Multivoradales,UBA5704,Unclassified,Unclassified,Public,79.10274979,0.72007,44.18,86.02,89.87,2.56,0,5230355,9674,5,0.723,taxonomic classification fully defined by topology,Defined,Unclassified public database SGBs,Medium-quality,19,1,0,0,1
SRR33545838.bin.14,0,Cotton,MAG,Bacteria,Actinomycetota,Nitriliruptoria,Nitriliruptorales,Nitriliruptoraceae,Unclassified,Unclassified,Public,97.11334213,0.77357,44.18,86.02,99.15,0.85,0,4251786,21511,7,0.694,taxonomic novelty determined using RED,Novel,Unclassified public database SGBs,High-quality,23,1,1,1,3
SRR33545838.bin.15,1,Cotton,MAG,Bacteria,Actinomycetota,Acidimicrobiia,UBA5794,ZC4RG35,JANQRA01,Unclassified,Public,79.83998691,0.93945,44.18,86.02,90.6,2.56,0,2505870,10027,6,0.659,taxonomic classification fully defined by topology,Defined,Unclassified public database SGBs,Medium-quality,19,1,0,0,1
SRR33545838.bin.6,5,Cotton,MAG,Bacteria,Gemmatimonadota,Gemmatimonadetes,JACCXV01,JAHWKZ01,JAICNR01,Unclassified,Public,67.21391033,0.93128,44.18,86.02,82.22,4.08,85.71,2319255,5437,4,0.696,taxonomic classification fully defined by topology,Defined,Unclassified public database SGBs,Medium-quality,19,0,1,1,2
SRR33545843.bin.11,49,Cotton,MAG,Bacteria,Acidobacteriota,Thermoanaerobaculia,Multivoradales,UBA5704,Unclassified,Unclassified,Public,84.39853496,0.75844,44.18,86.02,90.57,1.76,33.33,4881269,10598,2,0.72,taxonomic novelty determined using RED,Novel,Unclassified public database SGBs,Medium-quality,25,0,0,0,0
SRR33545844.bin.1,2,Cotton,MAG,Bacteria,Acidobacteriota,Thermoanaerobaculia,Multivoradales,Unclassified,Unclassified,Unclassified,Public,82.57564318,0.66462,44.18,86.02,95.73,3.13,14.29,6128677,10281,5,0.694,taxonomic novelty determined using RED,Novel,Unclassified public database SGBs,High-quality,25,1,3,3,7
SRR33545844.bin.7,3,Cotton,MAG,Bacteria,Chloroflexota,Anaerolineae,Aggregatilineales,Phototrophicaceae,Flexifilum,Unclassified,Public,70.67055494,0.95198,44.18,86.02,77.93,1.82,0,4153285,4253,5,0.593,taxonomic classification fully defined by topology,Defined,Unclassified public database SGBs,Medium-quality,20,0,1,1,2
SRR33545845.bin.2,8,Cotton,MAG,Bacteria,Pseudomonadota,Gammaproteobacteria,Burkholderiales,Nitrosomonadaceae,Nitrosospira,Unclassified,Public,70.58260987,0.9338,44.18,86.02,95.47,6.07,56.52,2692942,9978,9,0.534,taxonomic classification fully defined by topology,Defined,Unclassified public database SGBs,Medium-quality,21,1,0,0,1
SRR34563345.bin.1,6,Cotton,MAG,Bacteria,Cyanobacteriota,Cyanobacteriia,CAKZMO01,CAKZMO01,Unclassified,Unclassified,Public,87.75893328,0.81257,32.72,120.93,98.23,2.59,7.14,5907451,30762,2,0.489,taxonomic novelty determined using RED,Novel,Unclassified public database SGBs,Medium-quality,22,0,0,2,2
SRR34563345.bin.16,8,Cotton,MAG,Bacteria,Chloroflexota,Anaerolineae,Aggregatilineales,Phototrophicaceae,JAUZRW01,Unclassified,Public,75.59284824,0.9254,32.73,120.94,88.73,3.28,40,4909947,6352,2,0.552,taxonomic novelty determined using RED,Novel,Unclassified public database SGBs,Medium-quality,21,0,0,2,2
SRR34563345.bin.19,1,Cotton,MAG,Bacteria,Cyanobacteriota,Cyanobacteriia,Cyanobacteriales,SIO1D9,IIICB1,Unclassified,Public,68.06984746,0.84428,32.74,120.95,77.08,1.99,7.69,3907582,2976,1,0.443,taxonomic novelty determined using RED,Novel,Unclassified public database SGBs,Medium-quality,20,0,1,0,1
SRR34563345.bin.2,1,Cotton,MAG,Bacteria,Cyanobacteriota,Cyanobacteriia,Elainellales,Elainellaceae,Unclassified,Unclassified,Public,100.6956207,0.81056,32.75,120.96,100,0.35,0,5813601,61836,2,0.503,taxonomic classification fully defined by topology,Defined,Unclassified public database SGBs,High-quality,23,2,2,1,5
SRR34563345.bin.20,1,Cotton,MAG,Bacteria,Pseudomonadota,Gammaproteobacteria,Burkholderiales,Burkholderiaceae,Hylemonella,Unclassified,Public,102.0466215,0.98431,32.76,120.97,99.53,0.03,0,3873276,171119,4,0.647,taxonomic classification defined by topology and ANI,Defined,Unclassified public database SGBs,High-quality,25,1,1,1,3
SRR34563345.bin.23,1,Cotton,MAG,Bacteria,Bacteroidota,Bacteroidia,Chitinophagales,Chitinophagaceae,Sediminibacterium,Sediminibacterium magnilacihabitans,Public,102.6987067,N/A,32.77,120.98,100,0,0,3732369,200291,4,0.452,taxonomic classification defined by topology and ANI,Defined,Published genomes,Medium-quality,22,0,0,0,0
SRR34563345.bin.28,2,Cotton,MAG,Bacteria,Bacteroidota,Rhodothermia,Balneolales,Balneolaceae,Fodinibius,Unclassified,Public,90.24658763,0.98926,32.78,120.99,92,0.82,0,3123889,39190,2,0.416,taxonomic classification defined by topology and ANI,Defined,Unclassified public database SGBs,Medium-quality,21,0,0,2,2
SRR34563345.bin.31,1,Cotton,MAG,Bacteria,Bacteroidota,Rhodothermia,Rhodothermales,Salinibacteraceae,Salinibacter,Unclassified,Public,82.498494,0.98333,32.79,120.1,91.58,2.23,0,2805024,10889,2,0.652,taxonomic classification defined by topology and ANI,Defined,Unclassified public database SGBs,Medium-quality,21,0,0,0,0
SRR34563345.bin.33,12,Cotton,MAG,Bacteria,Pseudomonadota,Alphaproteobacteria,Rhizobiales,Beijerinckiaceae,Salinarimonas,Unclassified,Public,65.37983966,0.97367,32.8,120.101,88.9,5.62,47.83,4504960,4826,2,0.715,taxonomic novelty determined using RED,Novel,Unclassified public database SGBs,Medium-quality,22,0,1,2,3
SRR34563345.bin.37,3,Cotton,MAG,Bacteria,Chloroflexota,Anaerolineae,Aggregatilineales,Phototrophicaceae,JAUZRW01,Unclassified,Public,57.3446631,0.92919,32.81,120.102,84.33,6.36,62.5,4361018,3796,1,0.535,taxonomic novelty determined using RED,Novel,Unclassified public database SGBs,Medium-quality,17,0,1,1,2
SRR34563345.bin.39,4,Cotton,MAG,Bacteria,Cyanobacteriota,Cyanobacteriia,Phormidesmiales,Phormidesmiaceae,CCP5,Unclassified,Public,76.82790213,0.97083,32.82,120.103,88.41,2.99,35.71,4236250,31648,2,0.562,taxonomic novelty determined using RED,Novel,Unclassified public database SGBs,Medium-quality,20,0,0,1,1
SRR34563345.bin.47,1,Cotton,MAG,Bacteria,Bacteroidota,Rhodothermia,Rhodothermales,Salinibacteraceae,Longibacter,Unclassified,Public,81.43936438,0.91181,32.83,120.104,90.96,2.54,40,4819433,16855,2,0.636,taxonomic novelty determined using RED,Novel,Unclassified public database SGBs,High-quality,21,1,1,1,3
SRR34563345.bin.48,0,Cotton,MAG,Bacteria,Chloroflexota,Anaerolineae,Aggregatilineales,Phototrophicaceae,JAUZRW01,Unclassified,Public,72.79389359,0.92696,32.84,120.105,81.52,2.37,50,4087570,5995,2,0.554,taxonomic novelty determined using RED,Novel,Unclassified public database SGBs,Medium-quality,18,0,0,1,1
SRR34563345.bin.49,8,Cotton,MAG,Bacteria,Cyanobacteriota,Cyanobacteriia,Cyanobacteriales,Coleofasciculaceae,Unclassified,Unclassified,Public,84.48038397,0.82166,32.85,120.106,96.89,3.41,72.22,6360014,18012,2,0.505,taxonomic classification fully defined by topology,Defined,Unclassified public database SGBs,Medium-quality,23,0,0,2,2
SRR34563345.bin.5,1,Cotton,MAG,Bacteria,Bacteroidota,Bacteroidia,Cytophagales,Cyclobacteriaceae,Fulvivirga,Unclassified,Public,93.0731761,0.92694,32.86,120.107,98.36,1.52,0,4444387,33601,2,0.385,taxonomic classification fully defined by topology,Defined,Unclassified public database SGBs,Medium-quality,22,0,1,1,2
SRR34563345.bin.53,14,Cotton,MAG,Bacteria,Cyanobacteriota,Cyanobacteriia,Cyanobacteriales,Microcoleaceae,Limnoraphis,Unclassified,Public,89.43460902,0.96873,32.87,120.108,95.85,2.04,83.33,5937572,11744,2,0.414,taxonomic classification defined by topology and ANI,Defined,Unclassified public database SGBs,Medium-quality,23,1,0,2,3
SRR34576098.bin.10,0,Soil,MAG,Bacteria,Chlamydiota,Chlamydiia,Chlamydiales,Simkaniaceae,Neptunochlamydia,Unclassified,Public,69.02207526,0.94636,37.66,119.01,76.17,1.61,0,1671687,5060,1,0.409,taxonomic classification fully defined by topology,Defined,Unclassified public database SGBs,Medium-quality,19,0,0,0,0
SRR34576098.bin.12,2,Soil,MAG,Bacteria,Chlamydiota,Chlamydiia,Chlamydiales,SM23-39,Unclassified,Unclassified,Public,88.93494385,0.74279,37.66,119.01,90.03,0.68,0,1896248,32351,2,0.353,taxonomic classification fully defined by topology,Defined,Unclassified public database SGBs,Medium-quality,22,2,0,0,2
SRR34576098.bin.14,2,Soil,MAG,Bacteria,Pseudomonadota,Gammaproteobacteria,UBA4486,UBA4486,SZUA-592,Unclassified,Public,71.72192422,0.98832,37.66,119.01,85.9,3.89,85.71,1904489,5965,2,0.485,taxonomic classification defined by topology and ANI,Defined,Unclassified public database SGBs,Medium-quality,18,0,0,0,0
SRR34576098.bin.15,2,Soil,MAG,Bacteria,Desulfobacterota_D,UBA1144,UBA2774,UBA2774,CR02bin9,Unclassified,Public,80.86091427,0.94336,37.66,119.01,95.38,3.36,0,2435130,28962,2,0.405,taxonomic classification fully defined by topology,Defined,Unclassified public database SGBs,High-quality,22,1,1,1,3
SRR34576098.bin.8,0,Soil,MAG,Bacteria,Bacteroidota,Bacteroidia,Cytophagales,Cyclobacteriaceae,JAHEMU01,Unclassified,Public,93.42967113,0.91774,37.66,119.01,95.68,0.95,20,4164302,33063,2,0.389,taxonomic classification fully defined by topology,Defined,Unclassified public database SGBs,Medium-quality,21,1,0,3,4
SRR34576099.bin.14,5,Soil,MAG,Bacteria,Pseudomonadota,Gammaproteobacteria,UBA4486,UBA4486,SMWN01,Unclassified,Public,90.35982728,0.95079,32.19,121.41,97.54,2.07,10,2611131,669352,2,0.443,taxonomic classification fully defined by topology,Defined,Unclassified public database SGBs,High-quality,24,1,1,1,3
SRR34576099.bin.3,1,Soil,MAG,Bacteria,Pseudomonadota,Gammaproteobacteria,Woeseiales,Woeseiaceae,Woeseia,Unclassified,Public,81.25214414,0.9168,32.19,121.41,89.51,2.17,11.11,3444569,40005,2,0.651,taxonomic classification defined by topology and ANI,Defined,Unclassified public database SGBs,Medium-quality,22,1,1,1,3
SRR34576099.bin.31,3,Soil,MAG,Bacteria,Actinomycetota,UBA4738,JAHWKV01,JAHWKV01,JAJCYE01,Unclassified,Public,91.7860953,0.99307,32.19,121.41,93.73,0.85,0,2364481,32523,2,0.655,taxonomic classification defined by topology and ANI,Defined,Unclassified public database SGBs,High-quality,23,1,2,1,4
SRR34576099.bin.4,2,Soil,MAG,Bacteria,Pseudomonadota,Gammaproteobacteria,Nevskiales,Nevskiaceae,Panacagrimonas,Unclassified,Public,91.54611703,0.94068,32.19,121.41,99.37,2.17,28.57,3444962,51558,2,0.577,taxonomic classification fully defined by topology,Defined,Unclassified public database SGBs,Medium-quality,22,0,0,0,0
SRR34576099.bin.41,1,Soil,MAG,Bacteria,Pseudomonadota,Gammaproteobacteria,Xanthomonadales,SZUA-36,SHZL01,Unclassified,Public,81.12690836,0.88612,32.19,121.41,93.99,3.15,25,3621302,12555,2,0.576,taxonomic novelty determined using RED,Novel,Unclassified public database SGBs,High-quality,18,1,1,1,3
SRR34576099.bin.42,6,Soil,MAG,Bacteria,Pseudomonadota,Gammaproteobacteria,Pseudomonadales,Nitrincolaceae,Marinobacterium_A,Marinobacterium_A rhizophilum,Public,76.27316798,N/A,32.19,121.41,90.94,3.96,78.95,4220846,8194,2,0.593,taxonomic classification defined by topology and ANI,Defined,Published genomes,Medium-quality,23,0,0,0,0
SRR34576099.bin.47,2,Soil,MAG,Bacteria,Cyanobacteriota,Cyanobacteriia,CAKZMO01,CAKZMO01,CAKZMO01,Unclassified,Public,81.16466105,0.9653,32.19,121.41,90.4,2.58,64.29,5179687,8782,4,0.504,taxonomic novelty determined using RED,Novel,Unclassified public database SGBs,Medium-quality,19,0,0,0,0
SRR34576099.bin.51,3,Soil,MAG,Bacteria,Cyanobacteriota,Cyanobacteriia,Phormidesmiales,Phormidesmiaceae,Unclassified,Unclassified,Public,90.98937849,0.78325,32.19,121.41,94.93,1.36,50,4952386,18145,2,0.562,taxonomic novelty determined using RED,Novel,Unclassified public database SGBs,Medium-quality,22,0,0,2,2
SRR34576099.bin.55,8,Soil,MAG,Bacteria,Pseudomonadota,Gammaproteobacteria,Pseudomonadales,Nitrincolaceae,Amphritea,Amphritea atlantica_B,Public,95.81685897,N/A,32.19,121.41,97.6,0.86,33.33,4191464,22932,2,0.511,taxonomic classification defined by topology and ANI,Defined,Published genomes,Medium-quality,21,0,0,1,1
SRR34576099.bin.57,3,Soil,MAG,Bacteria,Bacteroidota,Rhodothermia,Balneolales,Balneolaceae,Gracilimonas,Unclassified,Public,89.58833461,0.9714,32.19,121.41,95.84,1.97,75,2810157,13857,2,0.423,taxonomic classification defined by topology and ANI,Defined,Unclassified public database SGBs,Medium-quality,21,0,0,1,1
SRR34576099.bin.61,0,Soil,MAG,Bacteria,Actinomycetota,Nitriliruptoria,Nitriliruptorales,Nitriliruptoraceae,Unclassified,Unclassified,Public,68.28431889,0.77063,32.19,121.41,87.19,4.87,71.43,3334334,6782,2,0.726,taxonomic novelty determined using RED,Novel,Unclassified public database SGBs,Medium-quality,19,1,0,0,1
SRR34576099.bin.67,2,Soil,MAG,Bacteria,Pseudomonadota,Alphaproteobacteria,Rhodobacterales,Rhodobacteraceae,Amylibacter,Unclassified,Public,59.43400012,0.9706,32.19,121.41,79.07,4.87,56.52,2785311,6652,2,0.596,taxonomic classification defined by topology and ANI,Defined,Unclassified public database SGBs,Medium-quality,17,1,0,0,1
SRR34576099.bin.69,0,Soil,MAG,Bacteria,Pseudomonadota,Gammaproteobacteria,Pseudomonadales,Azotimanducaceae_A,UBA7803,Unclassified,Public,83.01126931,0.91122,32.19,121.41,90,1.9,0,3764121,83664,2,0.681,taxonomic classification fully defined by topology,Defined,Unclassified public database SGBs,Medium-quality,19,0,0,0,0
SRR34576099.bin.7,2,Soil,MAG,Bacteria,Pseudomonadota,Alphaproteobacteria,Rhodobacterales,Rhodobacteraceae,Aliishimia,Unclassified,Public,56.59771645,0.96499,32.19,121.41,79.01,5.75,77.78,4423187,4273,2,0.663,taxonomic classification fully defined by topology,Defined,Unclassified public database SGBs,Medium-quality,20,1,0,0,1
SRR34576099.bin.72,2,Soil,MAG,Bacteria,Gemmatimonadota,Gemmatimonadetes,Longimicrobiales,UBA6960,IDS-52,Unclassified,Public,56.51948263,0.93123,32.19,121.41,85.59,6.04,0,3697995,14420,1,0.708,taxonomic classification fully defined by topology,Defined,Unclassified public database SGBs,Medium-quality,23,1,1,1,3
SRR34576099.bin.76,6,Soil,MAG,Bacteria,Verrucomicrobiota,Verrucomicrobiae,Limisphaerales,RI-55,Unclassified,Unclassified,Public,69.23551543,0.84704,32.19,121.41,92.5,5.54,44.44,4209234,7032,2,0.625,taxonomic novelty determined using RED,Novel,Unclassified public database SGBs,Medium-quality,22,1,1,1,3
SRR34576099.bin.85,1,Soil,MAG,Bacteria,Bacteroidota,Bacteroidia,Flavobacteriales,Flavobacteriaceae,Gramella,Unclassified,Public,50.85044986,0.96274,32.19,121.41,77.96,6.47,52.38,2308432,4008,2,0.383,taxonomic classification fully defined by topology,Defined,Unclassified public database SGBs,Medium-quality,14,0,0,0,0
SRR34576099.bin.89,1,Soil,MAG,Bacteria,Pseudomonadota,Gammaproteobacteria,Pseudomonadales,Halomonadaceae,Halomonas,Halomonas ventosae,Public,92.40355751,N/A,32.19,121.41,98.97,1.92,44.44,3490589,19414,5,0.682,taxonomic classification defined by topology and ANI,Defined,Published genomes,Medium-quality,23,2,0,4,6
SRR34576099.bin.93,2,Soil,MAG,Bacteria,Gemmatimonadota,Gemmatimonadetes,Gemmatimonadales,Gemmatimonadaceae,PNKF01,Unclassified,Public,66.52883249,0.92976,32.19,121.41,82.12,3.4,16.67,2687589,3838,1,0.679,taxonomic classification fully defined by topology,Defined,Unclassified public database SGBs,Medium-quality,20,0,1,1,2
SRR34576099.bin.94,0,Soil,MAG,Bacteria,Gemmatimonadota,Gemmatimonadetes,Gemmatimonadales,GWC2-71-9,Palsa-1233,Unclassified,Public,83.34378309,0.95978,32.19,121.41,81.68,0.06,100,2094243,5100,2,0.715,taxonomic classification fully defined by topology,Defined,Unclassified public database SGBs,Medium-quality,20,0,1,1,2
SRR34576099.bin.95,2,Soil,MAG,Bacteria,Pseudomonadota,Gammaproteobacteria,Nitrosococcales,Methylophagaceae,GCA-002733105,Unclassified,Public,75.71077119,0.99374,32.19,121.41,89.84,3.67,62.5,2230707,5676,2,0.415,taxonomic classification defined by topology and ANI,Defined,Unclassified public database SGBs,Medium-quality,21,0,0,1,1
SRR5209947.bin.10,0,soil,MAG,Bacteria,Pseudomonadota,Gammaproteobacteria,Nitrococcales,Nitrococcaceae,Spiribacter,Unclassified,Public,76.57205552,0.9562,37.4969,-122.1331,85.69,2.44,40.91,1530656,11687,2,0.535,taxonomic classification fully defined by topology,Defined,Unclassified public database SGBs,Medium-quality,18,0,1,1,2
SRR5209947.bin.14,3,soil,MAG,Bacteria,Bacteroidota,Bacteroidia,Flavobacteriales,Flavobacteriaceae,Psychroflexus,Psychroflexus sp913056525,Public,93.66779461,N/A,37.4969,-122.1331,96.76,1.14,20,2492018,45854,3,0.387,taxonomic classification defined by topology and ANI,Defined,Published genomes,Medium-quality,21,0,0,2,2
SRR5209947.bin.2,0,soil,MAG,Bacteria,Actinomycetota,Actinomycetes,Actinomycetales,Microbacteriaceae,CAJXVY01,Unclassified,Public,92.91276719,0.99463,37.4969,-122.1331,93.74,0.7,66.67,1188764,20912,6,0.485,taxonomic classification defined by topology and ANI,Defined,Unclassified public database SGBs,High-quality,23,1,1,1,3
SRR5210209.bin.14,0,soil,MAG,Bacteria,Actinomycetota,Actinomycetes,Actinomycetales,Microbacteriaceae,Pontimonas,Unclassified,Public,77.18375535,0.99674,37.4968,-122.1333,80.62,1.26,75,996327,5464,2,0.602,taxonomic classification defined by topology and ANI,Defined,Unclassified public database SGBs,Medium-quality,20,0,1,1,2
SRR5210209.bin.5,0,soil,MAG,Bacteria,Actinomycetota,Actinomycetes,S36-B12,S36-B12,S36-B12,Unclassified,Public,76.97374006,0.97993,37.4968,-122.1333,85.24,2.49,81.82,1789474,15590,2,0.647,taxonomic classification defined by topology and ANI,Defined,Unclassified public database SGBs,Medium-quality,15,0,0,0,0
SRR5210317.bin.12,1,soil,MAG,Bacteria,Bacteroidota,Bacteroidia,Flavobacteriales,Flavobacteriaceae,MAG-120531,MAG-120531 sp937136755,Public,50.04910385,N/A,37.4971,-122.129,76.96,6.89,82.86,1576600,3821,4,0.387,taxonomic classification defined by topology and ANI,Defined,Published genomes,Medium-quality,15,2,0,1,3
SRR5210317.bin.18,0,soil,MAG,Bacteria,Pseudomonadota,Gammaproteobacteria,Chromatiales,Sedimenticolaceae,VMDJ01,VMDJ01 sp008080925,Public,56.00823525,N/A,37.4971,-122.129,79.9,5.73,68.57,1443529,3617,1,0.481,taxonomic classification defined by topology and ANI,Defined,Published genomes,Medium-quality,16,0,1,1,2
SRR6056279.bin.17,1,soil,MAG,Bacteria,Pseudomonadota,Alphaproteobacteria,Rhodobacterales,Rhodobacteraceae,HIMB11,Unclassified,Public,77.16000576,0.99338,37.4973,-122.1295,75.17,0,0,2233638,7927,4,0.525,taxonomic classification defined by topology and ANI,Defined,Unclassified public database SGBs,Medium-quality,19,0,0,0,0
SRR6056279.bin.18,1,soil,MAG,Bacteria,Bacteroidota,Bacteroidia,Flavobacteriales,Flavobacteriaceae,MS024-2A,MS024-2A sp017852075,Public,65.38013887,N/A,37.4973,-122.1295,84.78,4.41,12.5,1686889,12525,2,0.384,taxonomic classification defined by topology and ANI,Defined,Published genomes,Medium-quality,18,1,0,0,1
SRR6056279.bin.21,1,soil,MAG,Bacteria,Pseudomonadota,Gammaproteobacteria,Pseudomonadales,Litorivicinaceae,HIMB30,HIMB30 sp002691485,Public,79.18158201,N/A,37.4973,-122.1295,86.21,2.11,69.23,1534839,10903,6,0.511,taxonomic classification defined by topology and ANI,Defined,Published genomes,Medium-quality,14,0,0,0,0
SRR6056279.bin.4,0,soil,MAG,Bacteria,Bacteroidota,Bacteroidia,Flavobacteriales,Flavobacteriaceae,MAG-120531,MAG-120531 sp013373635,Public,52.5355772,N/A,37.4973,-122.1295,77.06,5.19,10,1899410,5166,1,0.373,taxonomic classification defined by topology and ANI,Defined,Published genomes,Medium-quality,14,1,0,0,1
SRR6056296.bin.12,3,soil,MAG,Bacteria,Bacteroidota,Bacteroidia,Flavobacteriales,Flavobacteriaceae,Psychroflexus,Unclassified,Public,93.5745213,0.98509,37.4968,-122.1333,97.04,1.33,75,2266940,19390,6,0.37,taxonomic classification fully defined by topology,Defined,Unclassified public database SGBs,High-quality,22,2,1,3,6
SRR6056296.bin.14,2,soil,MAG,Bacteria,Bacteroidota,Bacteroidia,Flavobacteriales,Schleiferiaceae,CAJXMS01,CAJXMS01 sp913056475,Public,73.47110736,N/A,37.4968,-122.1333,85.56,2.83,44.44,2363341,3213,1,0.541,taxonomic classification defined by topology and ANI,Defined,Published genomes,Medium-quality,18,1,1,1,3
SRR6056296.bin.15,3,soil,MAG,Bacteria,Bacteroidota,Bacteroidia,Flavobacteriales,Flavobacteriaceae,Psychroflexus,Unclassified,Public,85.24811282,0.98355,37.4968,-122.1333,89.1,1.33,44.44,2371770,21307,4,0.334,taxonomic classification fully defined by topology,Defined,Unclassified public database SGBs,Medium-quality,20,1,0,2,3
SRR6056296.bin.19,2,soil,MAG,Bacteria,Pseudomonadota,Gammaproteobacteria,Nitrococcales,Nitrococcaceae,Spiribacter,Spiribacter sp913061005,Public,88.9740937,N/A,37.4968,-122.1333,93.59,1.67,88.89,1600807,25884,6,0.655,taxonomic classification defined by topology and ANI,Defined,Published genomes,Medium-quality,21,1,1,0,2
SRR6056296.bin.20,3,soil,MAG,Bacteria,Pseudomonadota,Gammaproteobacteria,Pseudomonadales,Halomonadaceae,Vreelandella,Unclassified,Public,65.71647053,0.99521,37.4968,-122.1333,94.26,6.69,61.36,2995864,3184,1,0.56,taxonomic classification defined by topology and ANI,Defined,Unclassified public database SGBs,Medium-quality,19,1,1,4,6
SRR6056296.bin.3,3,soil,MAG,Bacteria,Pseudomonadota,Gammaproteobacteria,Thiotrichales,Thiotrichaceae,Thiolinea,Unclassified,Public,82.98129954,0.92432,37.4968,-122.1333,87.06,1.27,28.57,2664087,5211,2,0.478,taxonomic classification fully defined by topology,Defined,Unclassified public database SGBs,Medium-quality,21,1,1,1,3
SRR6056296.bin.38,1,soil,MAG,Bacteria,Pseudomonadota,Gammaproteobacteria,Halothiobacillales,Halothiobacillaceae,Guyparkeria,Unclassified,Public,75.95140076,0.98426,37.4968,-122.1333,85.07,2.59,71.43,1799127,7290,2,0.676,taxonomic classification defined by topology and ANI,Defined,Unclassified public database SGBs,Medium-quality,21,0,0,0,0
SRR6056300.bin.10,0,soil,MAG,Bacteria,Pseudomonadota,Gammaproteobacteria,Pseudomonadales,Pseudohongiellaceae,RFVC01,RFVC01 sp030828385,Public,66.83569051,N/A,37.4972,-122.1293,76.73,2.62,54.55,2088936,3240,2,0.481,taxonomic classification defined by topology and ANI,Defined,Published genomes,Medium-quality,18,0,0,0,0
SRR6056300.bin.12,1,soil,MAG,Bacteria,Bacteroidota,Bacteroidia,Flavobacteriales,Flavobacteriaceae,MS024-2A,MS024-2A sp017851655,Public,98.44731708,N/A,37.4972,-122.1293,99.26,0.74,50,1879865,86281,3,0.36,taxonomic classification defined by topology and ANI,Defined,Published genomes,Medium-quality,21,1,0,2,3
SRR6056300.bin.14,0,soil,MAG,Bacteria,Bacteroidota,Bacteroidia,Flavobacteriales,Schleiferiaceae,UBA10364,UBA10364 sp018402665,Public,92.59466615,N/A,37.4972,-122.1293,90.41,0,0,1672324,18935,3,0.455,taxonomic classification defined by topology and ANI,Defined,Published genomes,Medium-quality,18,1,0,0,1
SRR6056300.bin.17,0,soil,MAG,Bacteria,Pseudomonadota,Gammaproteobacteria,Burkholderiales,Methylophilaceae,BACL14,BACL14 sp017852315,Public,42.38101504,N/A,37.4972,-122.1293,82.02,8.98,46.88,1067183,10055,1,0.349,taxonomic classification defined by topology and ANI,Defined,Published genomes,Medium-quality,17,0,0,0,0
SRR6056300.bin.19,1,soil,MAG,Bacteria,Pseudomonadota,Alphaproteobacteria,Rhodobacterales,Rhodobacteraceae,HIMB11,HIMB11 sp003486095,Public,66.60654843,N/A,37.4972,-122.1293,89.67,5.34,48.94,2465516,8837,1,0.502,taxonomic classification defined by topology and ANI,Defined,Published genomes,Medium-quality,17,1,0,0,1
SRR6056300.bin.29,1,soil,MAG,Bacteria,Pseudomonadota,Gammaproteobacteria,Pseudomonadales,Halieaceae,Aequoribacter,Unclassified,Public,67.57920932,0.9883,37.4972,-122.1293,79.47,3.45,100,2150720,5229,2,0.52,taxonomic classification defined by topology and ANI,Defined,Unclassified public database SGBs,Medium-quality,17,1,0,1,2
SRR6056300.bin.8,1,soil,MAG,Bacteria,Pseudomonadota,Alphaproteobacteria,Puniceispirillales,Puniceispirillaceae,UBA3439,UBA3439 sp017859295,Public,96.61782779,N/A,37.4972,-122.1293,96.07,0.44,100,1948924,33430,6,0.511,taxonomic classification defined by topology and ANI,Defined,Published genomes,Medium-quality,21,1,1,0,2
SRR7976302.bin.15,10,Soil,MAG,Bacteria,Myxococcota,Polyangia,Polyangiales,Polyangiaceae,NIC37A-2,Unclassified,Public,82.37419689,0.93503,40.51,110.46,86.48,1.33,33.33,5174029,12642,2,0.656,taxonomic classification fully defined by topology,Defined,Unclassified public database SGBs,Medium-quality,20,1,0,0,1
SRR7976302.bin.19,10,Soil,MAG,Bacteria,Pseudomonadota,Gammaproteobacteria,Pseudomonadales,Cellvibrionaceae,1162T-S-0a-05,Unclassified,Public,87.84079209,0.94014,40.51,110.46,95.62,2.1,25,3990581,20098,4,0.498,taxonomic novelty determined using RED,Novel,Unclassified public database SGBs,Medium-quality,22,1,0,1,2
SRR7976302.bin.2,1,Soil,MAG,Bacteria,Planctomycetota,GCA-002687715,GCA-002687715,DRQF01,JACKGY01,Unclassified,Public,94.3418062,0.92053,40.51,110.46,98.86,1.14,0,5310017,18349,1,0.655,taxonomic novelty determined using RED,Novel,Unclassified public database SGBs,Medium-quality,23,0,0,0,0
SRR7976302.bin.20,1,Soil,MAG,Bacteria,Bacteroidota,Bacteroidia,Cytophagales,Cyclobacteriaceae,ZC4RG29,Unclassified,Public,97.51392554,0.98017,40.51,110.46,99.4,0.89,0,3883618,107081,4,0.53,taxonomic novelty determined using RED,Novel,Unclassified public database SGBs,Medium-quality,23,2,0,2,4
SRR7976302.bin.25,0,Soil,MAG,Bacteria,Bacteroidota,Bacteroidia,Chitinophagales,Chitinophagaceae,Terrimonas_A,Unclassified,Public,47.76253368,0.97541,40.51,110.46,76.45,6.72,61.11,3014030,3250,1,0.483,taxonomic classification fully defined by topology,Defined,Unclassified public database SGBs,Medium-quality,17,0,1,1,2
SRR7976302.bin.32,0,Soil,MAG,Bacteria,Bacteroidota,Bacteroidia,Flavobacteriales,Flavobacteriaceae,Flagellimonas,Unclassified,Public,72.38775594,0.98496,40.51,110.46,82.52,2.65,46.67,2761239,4592,2,0.452,taxonomic classification defined by topology and ANI,Defined,Unclassified public database SGBs,Medium-quality,19,0,0,2,2
SRR7976302.bin.36,0,Soil,MAG,Bacteria,Chloroflexota,Anaerolineae,Aggregatilineales,Aggregatilineaceae,DYGX01,Unclassified,Public,90.52649323,0.97181,40.51,110.46,92.73,0.91,0,4160187,39665,3,0.638,taxonomic classification fully defined by topology,Defined,Unclassified public database SGBs,High-quality,22,1,1,2,4
SRR7976302.bin.4,1,Soil,MAG,Bacteria,Bacteroidota,Bacteroidia,Flavobacteriales,Flavobacteriaceae,Abyssalbus,Unclassified,Public,57.03010359,0.98897,40.51,110.46,83.18,6.24,66.67,2835018,4784,1,0.35,taxonomic classification defined by topology and ANI,Defined,Unclassified public database SGBs,Medium-quality,17,1,0,1,2
SRR7976302.bin.5,1,Soil,MAG,Bacteria,Bacteroidota,Bacteroidia,Cytophagales,Cyclobacteriaceae,ZC4RG29,Unclassified,Public,62.67548605,0.9164,40.51,110.46,88.31,6.66,86.21,4162802,5595,2,0.46,taxonomic novelty determined using RED,Novel,Unclassified public database SGBs,Medium-quality,21,0,0,0,0
SRR7976302.bin.8,11,Soil,MAG,Bacteria,Myxococcota,Polyangia,Nannocystales,Nannocystaceae,Unclassified,Unclassified,Public,78.97267342,0.82715,40.51,110.46,84.16,1.45,0,6143695,10601,2,0.677,taxonomic novelty determined using RED,Novel,Unclassified public database SGBs,Medium-quality,21,0,0,0,0
SRR7976303.bin.17,1,Soil,MAG,Bacteria,Bacillota,Bacilli,Lactobacillales,Lactobacillaceae,Lactiplantibacillus,Lactiplantibacillus plantarum,Public,88.00703598,N/A,40.51,110.46,99.38,2.78,0,3181739,94512,3,0.446,taxonomic classification defined by topology and ANI,Defined,Published genomes,Medium-quality,22,1,0,2,3
SRR7976303.bin.18,1,Soil,MAG,Bacteria,Chloroflexota,Anaerolineae,Aggregatilineales,Phototrophicaceae,Flexifilum,Unclassified,Public,69.50237688,0.94863,40.51,110.46,80.42,2.73,33.33,4868552,3507,2,0.555,taxonomic classification fully defined by topology,Defined,Unclassified public database SGBs,Medium-quality,20,2,1,1,4
SRR7976303.bin.23,6,Soil,MAG,Bacteria,Bacteroidota,Rhodothermia,Rhodothermales,JAAAOL01,JAUIDY01,Unclassified,Public,93.39876809,0.90268,40.51,110.46,96.89,1.17,25,4627078,10778,2,0.626,taxonomic novelty determined using RED,Novel,Unclassified public database SGBs,Medium-quality,21,1,0,0,1
SRR7976303.bin.29,10,Soil,MAG,Bacteria,Myxococcota,Polyangia,Polyangiales,Polyangiaceae,JAICQQ01,Unclassified,Public,79.37358586,0.93184,40.51,110.46,91.09,2.58,0,6441386,18500,1,0.631,taxonomic novelty determined using RED,Novel,Unclassified public database SGBs,Medium-quality,21,0,0,0,0
SRR9952631.bin.10,4,Soil,MAG,Bacteria,Pseudomonadota,Alphaproteobacteria,Sphingomonadales,Sphingomonadaceae,Allosphingosinicella,Unclassified,Public,89.12489816,0.95196,81.80832,-71.54239,96.7,2.22,50,3109321,53678,2,0.674,taxonomic classification defined by topology and ANI,Defined,Unclassified public database SGBs,High-quality,23,1,1,1,3
SRR9952631.bin.13,4,Soil,MAG,Bacteria,Pseudomonadota,Gammaproteobacteria,Steroidobacterales,Steroidobacteraceae,JAIBJL01,Unclassified,Public,58.70433715,0.91569,81.80832,-71.54239,78.91,4.54,33.33,4662194,7283,1,0.62,taxonomic novelty determined using RED,Novel,Unclassified public database SGBs,Medium-quality,17,0,0,0,0
SRR9952631.bin.15,1,Soil,MAG,Bacteria,Actinomycetota,Actinomycetes,Propionibacteriales,Propionibacteriaceae,JAJTCL01,Unclassified,Public,62.75145993,0.92001,81.80832,-71.54239,80.16,4.66,84.21,2958848,6832,2,0.691,taxonomic novelty determined using RED,Novel,Unclassified public database SGBs,Medium-quality,19,0,0,0,0
SRR9952631.bin.18,3,Soil,MAG,Bacteria,Desulfobacterota_B,Binatia,UBA9968,UBA9968,DP-20,Unclassified,Public,68.05687747,0.91036,81.80832,-71.54239,78.69,2.63,57.14,2771894,8476,1,0.572,taxonomic classification fully defined by topology,Defined,Unclassified public database SGBs,Medium-quality,19,0,1,1,2
SRR9952631.bin.2,2,Soil,MAG,Bacteria,Actinomycetota,Nitriliruptoria,Euzebyales,JAHELV01,Unclassified,Unclassified,Public,80.98340566,0.8555,81.80832,-71.54239,97.34,3.86,14.29,6378856,48264,2,0.689,taxonomic novelty determined using RED,Novel,Unclassified public database SGBs,High-quality,25,2,1,1,4
SRR9952631.bin.20,3,Soil,MAG,Bacteria,Actinomycetota,Thermoleophilia,Solirubrobacterales,Sep-70,VRUE01,Unclassified,Public,77.8353757,0.91925,81.80832,-71.54239,94.4,4.05,28.57,2503731,90486,2,0.684,taxonomic classification defined by topology and ANI,Defined,Unclassified public database SGBs,High-quality,23,1,1,1,3
SRR9952631.bin.27,1,Soil,MAG,Bacteria,Pseudomonadota,Alphaproteobacteria,Rhizobiales,Aestuariivirgaceae,Aestuariivirga,Unclassified,Public,62.03551733,0.98637,81.80832,-71.54239,84.42,5.4,68.75,2876880,5082,1,0.575,taxonomic classification defined by topology and ANI,Defined,Unclassified public database SGBs,Medium-quality,19,0,0,0,0
SRR9952631.bin.29,8,Soil,MAG,Bacteria,Pseudomonadota,Gammaproteobacteria,CAJXQU01,CAJXQU01,Unclassified,Unclassified,Public,71.17105303,0.74252,81.80832,-71.54239,89.1,4.07,5.56,4702151,19477,2,0.582,taxonomic novelty determined using RED,Novel,Unclassified public database SGBs,Medium-quality,24,1,1,1,3
SRR9952631.bin.30,1,Soil,MAG,Bacteria,Pseudomonadota,Gammaproteobacteria,Burkholderiales,SG8-39,SCGC-AG-212-J23,Unclassified,Public,68.42572894,0.94181,81.80832,-71.54239,82.61,3.24,0,2895834,8540,2,0.656,taxonomic classification defined by topology and ANI,Defined,Unclassified public database SGBs,Medium-quality,11,0,0,0,0
SRR9952631.bin.31,4,Soil,MAG,Bacteria,Verrucomicrobiota,Verrucomicrobiae,Chthoniobacterales,UBA10450,CATPCN01,Unclassified,Public,81.74073733,0.89683,81.80832,-71.54239,87.4,1.91,100,2050803,7269,2,0.555,taxonomic novelty determined using RED,Novel,Unclassified public database SGBs,Medium-quality,20,0,1,0,1
SRR9952631.bin.6,4,Soil,MAG,Bacteria,Methylomirabilota,Methylomirabilia,Rokubacteriales,CSP1-6,CAMLFJ01,Unclassified,Public,53.97605059,0.97655,81.80832,-71.54239,76.94,5.02,22.22,3939627,8734,1,0.706,taxonomic classification defined by topology and ANI,Defined,Unclassified public database SGBs,Medium-quality,18,1,0,0,1
SRR9952631.bin.9,0,Soil,MAG,Bacteria,Gemmatimonadota,Gemmatimonadetes,Gemmatimonadales,GWC2-71-9,JABFSM01,Unclassified,Public,38.27256113,0.92504,81.80832,-71.54239,77.53,8.24,11.11,2867787,8999,1,0.672,taxonomic classification fully defined by topology,Defined,Unclassified public database SGBs,Medium-quality,18,0,0,0,0
SRR9952634.bin.9,5,Soil,MAG,Bacteria,Actinomycetota,CALGFH01,CALGFH01,CALGFH01,CALGFH01,CALGFH01 sp937881255,Public,85.23989999,N/A,81.79382,-70.44486,88.91,1.28,50,4301273,12958,4,0.739,taxonomic classification defined by topology and ANI,Defined,Published genomes,Medium-quality,22,1,1,0,2
SRR9952635.bin.2,4,Soil,MAG,Bacteria,Actinomycetota,Acidimicrobiia,UBA5794,UBA5794,JACDBE01,Unclassified,Public,83.75156478,0.98275,81.8484,-70.83849,95.73,2.99,25,2639864,22291,2,0.692,taxonomic classification defined by topology and ANI,Defined,Unclassified public database SGBs,Medium-quality,22,1,1,0,2
SRR9952635.bin.24,1,Soil,MAG,Bacteria,Actinomycetota,Actinomycetes,JACCYY01,JACCYY01,Unclassified,Unclassified,Public,76.49392391,0.82557,81.8484,-70.83849,80.98,1.47,40,2458531,28304,2,0.705,taxonomic novelty determined using RED,Novel,Unclassified public database SGBs,Medium-quality,23,1,1,1,3
SRR9952635.bin.28,2,Soil,MAG,Bacteria,Pseudomonadota,Gammaproteobacteria,Pseudomonadales,Cellvibrionaceae,Cellvibrio,Unclassified,Public,79.88961582,0.91517,81.8484,-70.83849,87.54,2.16,54.55,3953189,6961,2,0.454,taxonomic classification fully defined by topology,Defined,Unclassified public database SGBs,Medium-quality,18,0,0,0,0
SRR9952635.bin.29,0,Soil,MAG,Bacteria,Gemmatimonadota,Gemmatimonadetes,Gemmatimonadales,Gemmatimonadaceae,JACDCY01,Unclassified,Public,59.96180233,0.97702,81.8484,-70.83849,79.21,4.4,40,2131650,7649,1,0.65,taxonomic classification defined by topology and ANI,Defined,Unclassified public database SGBs,Medium-quality,18,0,0,1,1
SRR9952635.bin.32,0,Soil,MAG,Bacteria,Chloroflexota,Chloroflexia,Thermomicrobiales,UBA6265,CADCWJ01,Unclassified,Public,76.84722545,0.97435,81.8484,-70.83849,87.84,3.07,75,3048346,10220,2,0.652,taxonomic classification defined by topology and ANI,Defined,Unclassified public database SGBs,Medium-quality,21,0,0,0,0
SRR9952635.bin.35,1,Soil,MAG,Bacteria,Bacteroidota,Bacteroidia,Chitinophagales,Chitinophagaceae,Unclassified,Unclassified,Public,83.25190658,0.89162,81.8484,-70.83849,98.03,3.55,15.38,3753577,56472,2,0.367,taxonomic classification fully defined by topology,Defined,Unclassified public database SGBs,High-quality,23,1,1,1,3
SRR9952635.bin.46,0,Soil,MAG,Bacteria,Gemmatimonadota,Gemmatimonadetes,Gemmatimonadales,Gemmatimonadaceae,Unclassified,Unclassified,Public,34.72686368,0.84369,81.8484,-70.83849,75.05,8.72,27.27,3007287,4987,1,0.641,taxonomic classification fully defined by topology,Defined,Unclassified public database SGBs,Medium-quality,14,1,0,0,1
SRR9952635.bin.49,9,Soil,MAG,Bacteria,Cyanobacteriota,Cyanobacteriia,Cyanobacteriales,Microcoleaceae,Microcoleus,Unclassified,Public,64.62240089,0.99376,81.8484,-70.83849,78.41,3.06,25,4646179,2482,1,0.462,taxonomic classification defined by topology and ANI,Defined,Unclassified public database SGBs,Medium-quality,16,1,2,1,4
SRR9952635.bin.51,1,Soil,MAG,Bacteria,Actinomycetota,Thermoleophilia,Solirubrobacterales,Solirubrobacteraceae,CADCVQ01,Unclassified,Public,45.84610491,0.97385,81.8484,-70.83849,80.43,8.29,69.23,2924932,14252,1,0.717,taxonomic classification defined by topology and ANI,Defined,Unclassified public database SGBs,Medium-quality,21,0,0,0,0
SRR9952635.bin.59,1,Soil,MAG,Bacteria,Actinomycetota,Actinomycetes,Mycobacteriales,Geodermatophilaceae,JACCQS01,Unclassified,Public,78.03017725,0.9729,81.8484,-70.83849,77.59,0.47,100,2392910,34702,2,0.67,taxonomic classification defined by topology and ANI,Defined,Unclassified public database SGBs,Medium-quality,14,1,1,1,3
SRR9952635.bin.60,1,Soil,MAG,Bacteria,Actinomycetota,UBA4738,JAHWKV01,JAHWKV01,JAJCYE01,Unclassified,Public,94.29977481,0.93646,81.8484,-70.83849,92,0,0,2607429,31590,2,0.665,taxonomic classification fully defined by topology,Defined,Unclassified public database SGBs,Medium-quality,22,0,0,0,0
SRR9952635.bin.61,0,Soil,MAG,Bacteria,Gemmatimonadota,Gemmatimonadetes,Gemmatimonadales,Gemmatimonadaceae,Unclassified,Unclassified,Public,47.16133231,0.86055,81.8484,-70.83849,75.18,6.04,0,2245658,18309,2,0.661,taxonomic novelty determined using RED,Novel,Unclassified public database SGBs,Medium-quality,22,1,0,0,1
SRR9952635.bin.65,0,Soil,MAG,Bacteria,Actinomycetota,UBA4738,CADDZG01,WHSQ01,JACDDL01,JACDDL01 sp030860205,Public,71.15229554,N/A,81.8484,-70.83849,82.2,2.56,20,2171012,24021,1,0.645,taxonomic classification defined by topology and ANI,Defined,Published genomes,Medium-quality,22,0,0,1,1
SRR9952635.bin.66,0,Soil,MAG,Bacteria,Chloroflexota,Limnocylindria,P2-11E,P2-11E,JACDAF01,Unclassified,Public,54.74297707,0.92656,81.8484,-70.83849,87.78,8.32,90,2027250,11219,1,0.702,taxonomic novelty determined using RED,Novel,Unclassified public database SGBs,Medium-quality,20,0,0,1,1
SRR9952635.bin.70,3,Soil,MAG,Bacteria,Actinomycetota,Nitriliruptoria,Euzebyales,Egibacteraceae,JAHWKQ01,Unclassified,Public,88.61211536,0.93401,81.8484,-70.83849,98.29,2.56,33.33,2311894,27399,2,0.737,taxonomic novelty determined using RED,Novel,Unclassified public database SGBs,High-quality,25,2,2,1,5
SRR9952635.bin.71,0,Soil,MAG,Bacteria,Actinomycetota,Thermoleophilia,Solirubrobacterales,Thermoleophilaceae,JAUJOA01,Unclassified,Public,72.77590415,0.90104,81.8484,-70.83849,75,0.86,0,1289142,11267,2,0.721,taxonomic novelty determined using RED,Novel,Unclassified public database SGBs,Medium-quality,18,1,0,0,1
13-b.bin.1,2,Wild plant,Isolate,Archaea,Thermoplasmatota,SW-10-69-26,SW-10-69-26,Unclassified,Unclassified,Unclassified,The Aral Sea Basin,99.02986955,0.59125,43.5,59,96.8,0,0,2863435,23157,6,0.687,taxonomic novelty determined using RED,Novel,Unclassified Aral Sea Basin SGBs,Medium-quality,21,0,0,0,0
13-b.bin.62,1,Wild plant,Isolate,Archaea,Halobacteriota,Halobacteria,Halobacteriales,Unclassified,Unclassified,Unclassified,The Aral Sea Basin,79.91908911,0.64395,43.5,59,88.28,2.18,25,2232143,8176,4,0.715,taxonomic classification fully defined by topology,Defined,Unclassified Aral Sea Basin SGBs,Medium-quality,18,1,0,0,1
14-C.bin.44,1,Wild plant,Isolate,Archaea,Thermoplasmatota,E2,JACPAO01,JAHWKR01,Unclassified,Unclassified,The Aral Sea Basin,93.63416713,0.79592,43.5,59,96.27,1.05,16.67,3024856,62587,17,0.675,taxonomic novelty determined using RED,Novel,Unclassified Aral Sea Basin SGBs,High-quality,23,2,1,1,4
17-A.bin.26,2,Wild plant,Isolate,Archaea,Thermoplasmatota,SW-10-69-26,SW-10-69-26,Unclassified,Unclassified,Unclassified,The Aral Sea Basin,98.11828081,0.59116,43.5,59,96,0,0,2637472,13924,6,0.69,taxonomic novelty determined using RED,Novel,Unclassified Aral Sea Basin SGBs,High-quality,19,1,1,1,3
17-B.bin.108,1,Wild plant,Isolate,Archaea,Thermoplasmatota,SW-10-69-26,SW-10-69-26,SW-10-69-26,Unclassified,Unclassified,The Aral Sea Basin,94.41715115,0.67774,43.5,59,97.6,1.2,33.33,3160913,55859,8,0.695,taxonomic novelty determined using RED,Novel,Unclassified Aral Sea Basin SGBs,Medium-quality,22,0,1,1,2
17-B.bin.109,1,Wild plant,Isolate,Archaea,Thermoproteota,Nitrososphaeria,Nitrososphaerales,Nitrososphaeraceae,Nitrososphaera,Unclassified,The Aral Sea Basin,63.8224543,0.97555,43.5,59,76.38,2.91,0,1728768,7672,2,0.524,taxonomic classification defined by topology and ANI,Defined,Unclassified Aral Sea Basin SGBs,Medium-quality,21,0,1,1,2
17-B.bin.113,1,Wild plant,Isolate,Archaea,Thermoplasmatota,E2,JACPAO01,JACPAO01,Unclassified,Unclassified,The Aral Sea Basin,96.37376878,0.66936,43.5,59,94.25,0,0,2555724,14429,4,0.673,taxonomic novelty determined using RED,Novel,Unclassified Aral Sea Basin SGBs,High-quality,22,1,1,1,3
17-B.bin.164,1,Wild plant,Isolate,Archaea,Nanoarchaeota,Nanoarchaeia,Woesearchaeales,JAGVZT01,JAGVZT01,Unclassified,The Aral Sea Basin,81.59391278,0.85641,43.5,59,80.69,0,0,1547980,5103,1,0.575,taxonomic novelty determined using RED,Novel,Unclassified Aral Sea Basin SGBs,Medium-quality,21,0,1,1,2
17-B.bin.201,2,Wild plant,Isolate,Archaea,Thermoplasmatota,E2,JACPAO01,JAHFTW01,JANQNI01,Unclassified,The Aral Sea Basin,95.87264723,0.84644,43.5,59,97.6,0.8,0,2482242,28014,4,0.7,taxonomic novelty determined using RED,Novel,Unclassified Aral Sea Basin SGBs,Medium-quality,23,0,1,1,2
17-C.bin.13,2,Wild plant,Isolate,Archaea,Thermoplasmatota,SW-10-69-26,SW-10-69-26,SW-10-69-26,Unclassified,Unclassified,The Aral Sea Basin,88.62180402,0.69281,43.5,59,92.8,1.26,0,2822724,13919,2,0.691,taxonomic novelty determined using RED,Novel,Unclassified Aral Sea Basin SGBs,High-quality,23,1,1,1,3
17-C.bin.137,1,Wild plant,Isolate,Archaea,Thermoplasmatota,SW-10-69-26,JACQPN01,JAJPHT01,Unclassified,Unclassified,The Aral Sea Basin,84.70576523,0.6318,43.5,59,82.7,0,0,2379499,8157,2,0.697,taxonomic novelty determined using RED,Novel,Unclassified Aral Sea Basin SGBs,Medium-quality,19,1,0,0,1
17-C.bin.161,1,Wild plant,Isolate,Archaea,Thermoplasmatota,E2,JACPAO01,JACPAO01,Unclassified,Unclassified,The Aral Sea Basin,100.1744469,0.65868,43.5,59,99.2,0.4,100,2692571,112315,6,0.667,taxonomic novelty determined using RED,Novel,Unclassified Aral Sea Basin SGBs,High-quality,23,1,2,1,4
17-C.bin.178,0,Wild plant,Isolate,Archaea,Thermoproteota,Nitrososphaeria,Nitrososphaerales,Nitrosopumilaceae,Unclassified,Unclassified,The Aral Sea Basin,79.13308801,0.9017,43.5,59,79.69,0.49,0,1289251,4997,4,0.344,taxonomic classification fully defined by topology,Defined,Unclassified Aral Sea Basin SGBs,Medium-quality,17,0,0,0,0
18-A.bin.45,1,Wild plant,Isolate,Archaea,Thermoplasmatota,E2,JACPAO01,JACPAO01,Unclassified,Unclassified,The Aral Sea Basin,97.26214238,0.66882,43.5,59,99.07,1.07,100,3285747,71462,6,0.643,taxonomic novelty determined using RED,Novel,Unclassified Aral Sea Basin SGBs,High-quality,23,1,1,1,3
18-A.bin.7,1,Wild plant,Isolate,Archaea,Thermoproteota,Nitrososphaeria,Nitrososphaerales,Nitrososphaeraceae,Nitrososphaera,Unclassified,The Aral Sea Basin,77.15702458,0.98324,43.5,59,88.03,2.99,75,1517292,4013,3,0.555,taxonomic classification defined by topology and ANI,Defined,Unclassified Aral Sea Basin SGBs,Medium-quality,22,0,1,1,2
2-b.bin.42,1,Wild plant,Isolate,Archaea,Thermoplasmatota,E2,JACPAO01,JACPAO01,Unclassified,Unclassified,The Aral Sea Basin,77.85489391,0.66061,43.5,59,83.88,1.6,0,2197595,7076,2,0.672,taxonomic novelty determined using RED,Novel,Unclassified Aral Sea Basin SGBs,Medium-quality,18,0,0,0,0
4-C.bin.22,0,Wild plant,Isolate,Archaea,Thermoproteota,Nitrososphaeria,Nitrososphaerales,Nitrosopumilaceae,Unclassified,Unclassified,The Aral Sea Basin,99.17121035,0.9056,43.5,59,97.09,0,0,1585603,12153,6,0.352,taxonomic classification fully defined by topology,Defined,Unclassified Aral Sea Basin SGBs,High-quality,23,1,1,1,3
6-B.bin.41,0,Wild plant,Isolate,Archaea,Thermoproteota,Nitrososphaeria,Nitrososphaerales,Nitrosopumilaceae,Unclassified,Unclassified,The Aral Sea Basin,98.19376619,0.90763,43.5,59,96.12,0,0,1646330,12440,6,0.361,taxonomic classification fully defined by topology,Defined,Unclassified Aral Sea Basin SGBs,Medium-quality,22,0,0,1,1
6-B.bin.52,1,Wild plant,Isolate,Archaea,Thermoplasmatota,E2,JACPAO01,JACPAO01,Unclassified,Unclassified,The Aral Sea Basin,99.88658684,0.65751,43.5,59,97.6,0,0,2503949,30087,6,0.662,taxonomic novelty determined using RED,Novel,Unclassified Aral Sea Basin SGBs,High-quality,23,1,1,1,3
7-c.bin.57,4,Wild plant,Isolate,Archaea,Thermoplasmatota,SW-10-69-26,SW-10-69-26,SW-10-69-26,Unclassified,Unclassified,The Aral Sea Basin,95.1329611,0.66879,43.5,59,96.76,0.8,0,3449133,44474,4,0.702,taxonomic novelty determined using RED,Novel,Unclassified Aral Sea Basin SGBs,Medium-quality,23,0,1,1,2
7-D.bin.12,0,Wild plant,Isolate,Archaea,Thermoplasmatota,Thermoplasmata,RBG-16-68-12,JAJISG01,Unclassified,Unclassified,The Aral Sea Basin,83.46420022,0.82741,43.5,59,89.65,1.6,0,1622603,3376,2,0.705,taxonomic novelty determined using RED,Novel,Unclassified Aral Sea Basin SGBs,Medium-quality,19,1,0,1,2
9-D.bin.44,2,Wild plant,Isolate,Archaea,Thermoplasmatota,SW-10-69-26,SW-10-69-26,Unclassified,Unclassified,Unclassified,The Aral Sea Basin,91.41943646,0.58929,43.5,59,96.8,1.6,0,2981477,137903,6,0.69,taxonomic novelty determined using RED,Novel,Unclassified Aral Sea Basin SGBs,High-quality,23,1,1,1,3
SRR14626313.bin.26,1,Soil,MAG,Archaea,Halobacteriota,Halobacteria,Halobacteriales,Haloferacaceae,Halorubrum,Unclassified,Public,84.48869237,0.96385,37.4971,-122.1331,97.22,3.61,90.91,2310453,9959,5,0.647,taxonomic classification fully defined by topology,Defined,Unclassified public database SGBs,Medium-quality,23,0,0,2,2
SRR14626314.bin.11,1,Soil,MAG,Archaea,Nanohaloarchaeota,Nanosalinia,Nanosalinales,Nanosalinaceae,B1-Br10-U2g21,Unclassified,Public,81.47021479,0.95241,37.4958,-122.1331,83.8,0.93,0,904364,34708,2,0.432,taxonomic classification fully defined by topology,Defined,Unclassified public database SGBs,Medium-quality,22,1,1,1,3
SRR14626314.bin.16,0,Soil,MAG,Archaea,Nanohaloarchaeota,Nanosalinia,Nanosalinales,Nanosalinaceae,Nanosalina,Unclassified,Public,79.24997993,0.95179,37.4958,-122.1331,76.95,0,0,933588,31620,2,0.417,taxonomic classification fully defined by topology,Defined,Unclassified public database SGBs,Medium-quality,22,1,1,1,3
SRR14626314.bin.17,0,Soil,MAG,Archaea,Nanohaloarchaeota,Nanosalinia,Nanosalinales,Nanosalinaceae,M3-22,Unclassified,Public,63.74809546,0.95739,37.4958,-122.1331,80.69,3.74,17.65,757990,12473,1,0.467,taxonomic novelty determined using RED,Novel,Unclassified public database SGBs,Medium-quality,19,1,1,1,3
SRR14626314.bin.2,2,Soil,MAG,Archaea,Halobacteriota,Halobacteria,Halobacteriales,Haloferacaceae,Halorubrum,Unclassified,Public,62.67818271,0.99204,37.4958,-122.1331,81.99,4.56,51.85,2138181,14049,1,0.679,taxonomic classification defined by topology and ANI,Defined,Unclassified public database SGBs,Medium-quality,20,0,0,1,1
SRR14626314.bin.21,2,Soil,MAG,Archaea,Halobacteriota,Halobacteria,Halobacteriales,Haloferacaceae,Haloplanus,Unclassified,Public,68.19846068,0.98793,37.4958,-122.1331,89.8,5.13,56.52,2597503,15775,1,0.68,taxonomic classification defined by topology and ANI,Defined,Unclassified public database SGBs,Medium-quality,20,0,0,0,0
SRR14626314.bin.23,2,Soil,MAG,Archaea,Halobacteriota,Halobacteria,Halobacteriales,Haloarculaceae,Halosegnis,Halosegnis rubeus,Public,83.67155237,N/A,37.4958,-122.1331,91.93,2.17,12.5,2241010,34722,2,0.653,taxonomic classification defined by topology and ANI,Defined,Published genomes,Medium-quality,23,0,0,0,0
SRR14626314.bin.24,2,Soil,MAG,Archaea,Halobacteriota,Halobacteria,Halobacteriales,Haloarculaceae,Natronomonas,Unclassified,Public,61.75543476,0.99066,37.4958,-122.1331,80.87,4.42,45.45,2027101,7130,1,0.684,taxonomic classification defined by topology and ANI,Defined,Unclassified public database SGBs,Medium-quality,15,0,0,0,0
SRR14626314.bin.3,4,Soil,MAG,Archaea,Halobacteriota,Halobacteria,Halobacteriales,Haloferacaceae,Halobellus,Unclassified,Public,88.46285135,0.9811,37.4958,-122.1331,93.73,1.72,60,2917977,31747,2,0.67,taxonomic classification defined by topology and ANI,Defined,Unclassified public database SGBs,Medium-quality,21,0,0,1,1
SRR14626314.bin.6,2,Soil,MAG,Archaea,Halobacteriota,Halobacteria,Halobacteriales,Haloarculaceae,Natronomonas,Unclassified,Public,89.70484435,0.97585,37.4958,-122.1331,97.27,1.99,0,2790731,46740,2,0.63,taxonomic classification defined by topology and ANI,Defined,Unclassified public database SGBs,Medium-quality,21,0,0,0,0
SRR14626314.bin.8,3,Soil,MAG,Archaea,Halobacteriota,Halobacteria,Halobacteriales,Haloferacaceae,Haloquadratum,Haloquadratum walsbyi,Public,78.59370525,N/A,37.4958,-122.1331,84.76,1.72,83.33,2157218,7959,1,0.47,taxonomic classification defined by topology and ANI,Defined,Published genomes,Medium-quality,18,0,0,0,0
SRR19594459.bin.44,1,Soil,MAG,Archaea,Halobacteriota,Halobacteria,Halobacteriales,Haloferacaceae,Haloplanus,Unclassified,Public,80.39474974,0.97619,37.76,118.53,90,2.45,9.09,2393839,55474,2,0.677,taxonomic classification defined by topology and ANI,Defined,Unclassified public database SGBs,Medium-quality,24,0,0,2,2
SRR19594459.bin.68,2,Soil,MAG,Archaea,Halobacteriota,Halobacteria,Halobacteriales,Haloferacaceae,Halobaculum,Unclassified,Public,66.7466813,0.96989,37.76,118.53,85.4,4.33,16.67,2868108,28167,2,0.718,taxonomic classification defined by topology and ANI,Defined,Unclassified public database SGBs,Medium-quality,21,2,0,0,2
SRR19594460.bin.17,0,Soil,MAG,Archaea,Thermoproteota,Nitrososphaeria,Nitrososphaerales,Nitrosopumilaceae,DRGT01,Unclassified,Public,91.42113107,0.93782,37.76,118.52,93.2,0.97,100,1476921,12655,2,0.341,taxonomic classification defined by topology and ANI,Defined,Unclassified public database SGBs,Medium-quality,22,0,1,1,2
SRR19594461.bin.14,1,Soil,MAG,Archaea,Halobacteriota,Halobacteria,Halobacteriales,Haloarculaceae,Haloglomus,Unclassified,Public,71.15878355,0.97698,37.76,118.52,84.33,3.27,30,2643909,19750,2,0.696,taxonomic classification defined by topology and ANI,Defined,Unclassified public database SGBs,Medium-quality,16,1,0,0,1
SRR19594461.bin.48,2,Soil,MAG,Archaea,Halobacteriota,Halobacteria,Halobacteriales,Haloferacaceae,Unclassified,Unclassified,Public,74.82876031,0.831,37.76,118.52,86.07,2.73,6.25,2624283,24451,2,0.659,taxonomic classification fully defined by topology,Defined,Unclassified public database SGBs,Medium-quality,20,0,0,0,0
SRR19594461.bin.7,5,Soil,MAG,Archaea,Halobacteriota,Halobacteria,Halobacteriales,Haloferacaceae,Halogeometricum,Unclassified,Public,85.85037547,0.99379,37.76,118.52,95.48,2.47,12.5,3339119,53556,6,0.665,taxonomic classification defined by topology and ANI,Defined,Unclassified public database SGBs,Medium-quality,24,0,0,0,0
SRR19594463.bin.12,2,Soil,MAG,Archaea,Halobacteriota,Halobacteria,Halobacteriales,Haloarculaceae,Haloarcula,Unclassified,Public,74.0220237,0.98832,38.04,118.69,82.59,2.3,41.67,2583654,7593,5,0.66,taxonomic classification defined by topology and ANI,Defined,Unclassified public database SGBs,Medium-quality,18,1,0,2,3
SRR19594463.bin.17,4,Soil,MAG,Archaea,Halobacteriota,Halobacteria,Halobacteriales,Natrialbaceae,Halorubellus,Unclassified,Public,82.89650187,0.94249,38.04,118.69,93.63,2.99,66.67,3258153,22189,2,0.683,taxonomic novelty determined using RED,Novel,Unclassified public database SGBs,Medium-quality,20,1,0,0,1
SRR19594463.bin.44,2,Soil,MAG,Archaea,Halobacteriota,Halobacteria,Halobacteriales,Haloferacaceae,Unclassified,Unclassified,Public,55.65511095,0.85323,38.04,118.69,81.03,5.35,8.33,2508359,5740,1,0.662,taxonomic classification fully defined by topology,Defined,Unclassified public database SGBs,Medium-quality,17,0,0,0,0
SRR19594463.bin.6,2,Soil,MAG,Archaea,Halobacteriota,Halobacteria,Halobacteriales,Haloarculaceae,Haloarcula,Unclassified,Public,77.23748549,0.97278,38.04,118.69,83.68,1.8,20,2765841,19723,2,0.673,taxonomic classification defined by topology and ANI,Defined,Unclassified public database SGBs,Medium-quality,20,1,2,1,4
SRR19594464.bin.9,0,Soil,MAG,Archaea,Thermoproteota,Nitrososphaeria,Nitrososphaerales,Nitrosopumilaceae,Unclassified,Unclassified,Public,54.53030862,0.88859,38.04,118.68,91.26,7.61,0,1281266,34723,1,0.376,taxonomic novelty determined using RED,Novel,Unclassified public database SGBs,Medium-quality,21,1,0,1,2
SRR19594465.bin.41,2,Soil,MAG,Archaea,Halobacteriota,Halobacteria,Halobacteriales,Haloferacaceae,Haloplanus,Unclassified,Public,79.13289632,0.97267,38.04,118.68,86.21,1.96,28.57,2376538,17005,4,0.67,taxonomic classification defined by topology and ANI,Defined,Unclassified public database SGBs,Medium-quality,21,0,0,0,0
SRR19594465.bin.52,1,Soil,MAG,Archaea,Halobacteriota,Halobacteria,Halobacteriales,Haloferacaceae,Salinirubrum,Unclassified,Public,54.4640054,0.97846,38.04,118.68,81.43,6.6,76,3566831,8630,1,0.664,taxonomic classification defined by topology and ANI,Defined,Unclassified public database SGBs,Medium-quality,20,0,0,1,1
SRR19594467.bin.37,1,Soil,MAG,Archaea,Halobacteriota,Halobacteria,Halobacteriales,Haloferacaceae,Halobaculum,Unclassified,Public,65.04423255,0.97045,37.76,118.54,87.64,5.54,54.55,3049628,12015,4,0.723,taxonomic classification defined by topology and ANI,Defined,Unclassified public database SGBs,Medium-quality,17,1,0,1,2
SRR19594467.bin.65,2,Soil,MAG,Archaea,Thermoplasmatota,SW-10-69-26,SW-10-69-26,SW-10-69-26,Unclassified,Unclassified,Public,96.17473141,0.70152,37.76,118.54,97.54,0.8,0,3423554,147728,2,0.686,taxonomic novelty determined using RED,Novel,Unclassified public database SGBs,High-quality,22,1,1,1,3
SRR19594467.bin.68,1,Soil,MAG,Archaea,Halobacteriota,Halobacteria,Halobacteriales,Haloarculaceae,Halosegnis,Unclassified,Public,71.67209,0.95855,37.76,118.54,84.8,3.19,20,2319642,18543,2,0.702,taxonomic classification defined by topology and ANI,Defined,Unclassified public database SGBs,Medium-quality,19,1,0,0,1
SRR19594469.bin.1,1,Soil,MAG,Archaea,Halobacteriota,Halobacteria,Halobacteriales,Halobacteriaceae,Halodesulfurarchaeum,Unclassified,Public,74.18596404,0.9087,38.04,118.67,79.86,1.57,0,1667147,17862,2,0.658,taxonomic novelty determined using RED,Novel,Unclassified public database SGBs,Medium-quality,17,1,0,0,1
SRR19594469.bin.14,2,Soil,MAG,Archaea,Halobacteriota,Halobacteria,Halobacteriales,Halobacteriaceae,Halodesulfurarchaeum,Unclassified,Public,74.19197765,0.90824,38.04,118.67,95.16,4.94,31.25,2704316,19326,4,0.643,taxonomic novelty determined using RED,Novel,Unclassified public database SGBs,High-quality,21,1,2,2,5
SRR21412968.bin.14,2,Soil,MAG,Archaea,Halobacteriota,Halobacteria,Halobacteriales,Haloarculaceae,Natronomonas,Unclassified,Public,71.04464958,0.94323,44.68,85.8,81.06,2.74,63.64,2528609,6051,2,0.7,taxonomic classification fully defined by topology,Defined,Unclassified public database SGBs,Medium-quality,13,0,0,0,0
SRR21412970.bin.24,2,Soil,MAG,Archaea,Halobacteriota,Halobacteria,Halobacteriales,Haladaptataceae,Halorussus,Unclassified,Public,73.49966718,0.95562,45.6,84.87,84.96,2.98,44.44,3468071,13928,6,0.665,taxonomic classification defined by topology and ANI,Defined,Unclassified public database SGBs,Medium-quality,22,2,0,0,2
SRR21412970.bin.44,2,Soil,MAG,Archaea,Thermoplasmatota,SW-10-69-26,SW-10-69-26,SW-10-69-26,Unclassified,Unclassified,Public,62.80863098,0.70913,45.6,84.87,75.32,2.67,0,2243716,3778,1,0.685,taxonomic novelty determined using RED,Novel,Unclassified public database SGBs,Medium-quality,19,0,1,1,2
SRR21412971.bin.34,5,Soil,MAG,Archaea,Halobacteriota,Halobacteria,Halobacteriales,Halalkalicoccaceae,Halalkalicoccus,Unclassified,Public,67.19145862,0.88984,45.6,84.87,86.65,4.54,28,2334426,7698,4,0.671,taxonomic novelty determined using RED,Novel,Unclassified public database SGBs,Medium-quality,13,0,0,0,0
SRR21412971.bin.45,5,Soil,MAG,Archaea,Halobacteriota,Halobacteria,Halobacteriales,Salinarchaeaceae,Salinarchaeum,Unclassified,Public,75.31408544,0.89635,45.6,84.87,82.95,1.8,12.5,2969159,15072,1,0.707,taxonomic classification fully defined by topology,Defined,Unclassified public database SGBs,Medium-quality,19,0,0,0,0
SRR21412972.bin.42,0,Soil,MAG,Archaea,Halobacteriota,Halobacteria,Halobacteriales,Haladaptataceae,Halorussus,Unclassified,Public,72.31227264,0.98506,47.28,90.2,90.69,4.46,43.75,3379740,6951,2,0.676,taxonomic classification defined by topology and ANI,Defined,Unclassified public database SGBs,Medium-quality,22,0,0,0,0
SRR21412972.bin.68,2,Soil,MAG,Archaea,Halobacteriota,Halobacteria,Halobacteriales,Unclassified,Unclassified,Unclassified,Public,75.30433784,0.64349,47.28,90.2,87.15,2.91,12.5,2106778,38122,2,0.676,taxonomic classification fully defined by topology,Defined,Unclassified public database SGBs,Medium-quality,22,1,0,0,1
SRR21412973.bin.15,1,Soil,MAG,Archaea,Halobacteriota,Halobacteria,Halobacteriales,Halobacteriaceae,Unclassified,Unclassified,Public,70.44246051,0.87361,39.8,78.57,80.06,2.41,55.56,2915166,12216,1,0.656,taxonomic novelty determined using RED,Novel,Unclassified public database SGBs,Medium-quality,19,0,0,0,0
SRR21412973.bin.17,1,Soil,MAG,Archaea,Halobacteriota,Halobacteria,Halobacteriales,Haloarculaceae,Unclassified,Unclassified,Public,36.01815046,0.89145,39.8,78.57,76.94,8.8,21.88,2423396,16048,1,0.693,taxonomic novelty determined using RED,Novel,Unclassified public database SGBs,Medium-quality,15,1,0,0,1
SRR21412973.bin.19,3,Soil,MAG,Archaea,Halobacteriota,Halobacteria,Halobacteriales,Haladaptataceae,Haladaptatus,Haladaptatus sp003298465,Public,60.81728353,N/A,39.8,78.57,76.4,3.63,15,2816624,8822,2,0.679,taxonomic classification defined by topology and ANI,Defined,Published genomes,Medium-quality,21,1,0,1,2
SRR21412973.bin.9,0,Soil,MAG,Archaea,Halobacteriota,Halobacteria,Halobacteriales,Haladaptataceae,Unclassified,Unclassified,Public,46.99211245,0.80642,39.8,78.57,78.15,6.55,10,2278354,5946,1,0.646,taxonomic novelty determined using RED,Novel,Unclassified public database SGBs,Medium-quality,16,0,0,0,0
SRR21412974.bin.20,0,Soil,MAG,Archaea,Nanohaloarchaeota,Nanosalinia,Nanosalinales,Nanohalalkaliarchaeacea,Nanohalalkaliarchaeum,Unclassified,Public,67.42495904,0.85549,39.8,78.57,77.57,2.8,100,1403298,10231,1,0.593,taxonomic novelty determined using RED,Novel,Unclassified public database SGBs,Medium-quality,20,1,1,1,3
SRR21412974.bin.22,2,Soil,MAG,Archaea,Thermoplasmatota,SW-10-69-26,SW-10-69-26,SW-10-69-26,SW-10-69-26,Unclassified,Public,72.27689499,0.93153,39.8,78.57,88.8,4,28.57,2657519,36999,2,0.703,taxonomic classification defined by topology and ANI,Defined,Unclassified public database SGBs,Medium-quality,21,1,1,1,3
SRR21412975.bin.29,0,Soil,MAG,Archaea,Thermoproteota,Nitrososphaeria,Nitrososphaerales,Nitrosopumilaceae,Unclassified,Unclassified,Public,72.01069166,0.90515,47.28,90.2,93.2,5.82,100,1642730,12061,2,0.351,taxonomic classification fully defined by topology,Defined,Unclassified public database SGBs,Medium-quality,23,1,2,1,4
SRR21412976.bin.15,1,Soil,MAG,Archaea,Halobacteriota,Halobacteria,Halobacteriales,Unclassified,Unclassified,Unclassified,Public,53.77150594,0.64432,39.8,78.57,82.32,6.42,38.89,2571336,10222,1,0.726,taxonomic classification fully defined by topology,Defined,Unclassified public database SGBs,Medium-quality,17,1,0,0,1
SRR21412976.bin.23,1,Soil,MAG,Archaea,Thermoplasmatota,SW-10-69-26,SW-10-69-26,SW-10-69-26,SW-10-69-26,Unclassified,Public,79.76167948,0.95349,39.8,78.57,83.85,1.33,25,2647560,22883,2,0.698,taxonomic classification defined by topology and ANI,Defined,Unclassified public database SGBs,Medium-quality,21,0,1,1,2
SRR21412976.bin.3,2,Soil,MAG,Archaea,Halobacteriota,Halobacteria,Halobacteriales,Haloarculaceae,Unclassified,Unclassified,Public,70.94852091,0.85452,39.8,78.57,80.42,2.37,9.09,2326166,17368,5,0.661,taxonomic novelty determined using RED,Novel,Unclassified public database SGBs,Medium-quality,17,0,0,0,0
SRR21412976.bin.9,2,Soil,MAG,Archaea,Thermoplasmatota,SW-10-69-26,SW-10-69-26,SW-10-69-26,SW-10-69-26,Unclassified,Public,74.270957,0.93323,39.8,78.57,75.14,0.8,100,2265515,37111,4,0.697,taxonomic classification defined by topology and ANI,Defined,Unclassified public database SGBs,Medium-quality,19,1,0,0,1
SRR21412977.bin.17,4,Soil,MAG,Archaea,Halobacteriota,Halobacteria,Halobacteriales,Haloferacaceae,Unclassified,Unclassified,Public,83.54374441,0.87677,40.5,79.05,84.27,0.57,0,2361053,14044,2,0.678,taxonomic classification fully defined by topology,Defined,Unclassified public database SGBs,Medium-quality,18,0,0,1,1
SRR21412979.bin.18,2,Soil,MAG,Archaea,Halobacteriota,Halobacteria,Halobacteriales,Natrialbaceae,Unclassified,Unclassified,Public,60.70960722,0.90354,40.5,79.05,89.84,6.68,50,3941248,5744,1,0.657,taxonomic classification fully defined by topology,Defined,Unclassified public database SGBs,Medium-quality,18,0,0,0,0
SRR21412979.bin.29,2,Soil,MAG,Archaea,Halobacteriota,Halobacteria,Halobacteriales,Natrialbaceae,Saliphagus,Unclassified,Public,92.9234121,0.96846,40.5,79.05,96.33,1.2,25,3188418,32690,12,0.667,taxonomic classification defined by topology and ANI,Defined,Unclassified public database SGBs,High-quality,23,1,1,1,3
SRR21412979.bin.34,5,Soil,MAG,Archaea,Halobacteriota,Halobacteria,Halobacteriales,Natrialbaceae,Halopiger,Unclassified,Public,84.17237603,0.96,40.5,79.05,93.25,2.36,16.67,4279286,36135,2,0.661,taxonomic novelty determined using RED,Novel,Unclassified public database SGBs,Medium-quality,23,0,0,3,3
SRR21412979.bin.35,3,Soil,MAG,Archaea,Halobacteriota,Halobacteria,Halobacteriales,Haloferacaceae,Halolamina,Unclassified,Public,88.52404305,0.90902,40.5,79.05,91.18,1.14,66.67,2850472,30625,3,0.676,taxonomic novelty determined using RED,Novel,Unclassified public database SGBs,Medium-quality,21,0,0,0,0
SRR21412980.bin.11,1,Soil,MAG,Archaea,Thermoplasmatota,SW-10-69-26,SW-10-69-26,SW-10-69-26,SW-10-69-26,Unclassified,Public,78.79736327,0.91645,41.72,82.97,88.14,2.4,25,2702367,10469,4,0.689,taxonomic novelty determined using RED,Novel,Unclassified public database SGBs,Medium-quality,22,0,1,1,2
SRR21412980.bin.18,2,Soil,MAG,Archaea,Halobacteriota,Halobacteria,Halobacteriales,Haloarculaceae,Unclassified,Unclassified,Public,73.08261023,0.85564,41.72,82.97,83.66,2.77,42.86,2396204,11770,2,0.676,taxonomic novelty determined using RED,Novel,Unclassified public database SGBs,Medium-quality,17,0,0,0,0
SRR21412981.bin.1,1,Soil,MAG,Archaea,Halobacteriota,Halobacteria,Halobacteriales,SKNY01,SKNY01,Unclassified,Public,68.65635225,0.85089,41.72,82.97,87,3.93,7.69,2382010,8096,1,0.65,taxonomic novelty determined using RED,Novel,Unclassified public database SGBs,Medium-quality,22,0,0,0,0
SRR21412981.bin.11,3,Soil,MAG,Archaea,Halobacteriota,Halobacteria,Halobacteriales,SW-7-71-33,SW-7-71-33,Unclassified,Public,73.83189506,0.8561,41.72,82.97,75.74,0.8,0,2967225,12466,3,0.627,taxonomic classification fully defined by topology,Defined,Unclassified public database SGBs,Medium-quality,18,0,0,0,0
SRR21412983.bin.10,0,Soil,MAG,Archaea,Thermoplasmatota,SW-10-69-26,SW-10-69-26,Unclassified,Unclassified,Unclassified,Public,90.16042859,0.53221,41.87,85.67,97.2,2,33.33,2175085,30942,6,0.701,taxonomic novelty determined using RED,Novel,Unclassified public database SGBs,High-quality,22,1,1,1,3
SRR21412983.bin.17,1,Soil,MAG,Archaea,Halobacteriota,Halobacteria,Halobacteriales,Haloarculaceae,Unclassified,Unclassified,Public,72.55055442,0.85516,41.87,85.67,78.46,1.37,0,2532320,6041,1,0.641,taxonomic novelty determined using RED,Novel,Unclassified public database SGBs,Medium-quality,14,1,0,0,1
SRR21412983.bin.23,0,Soil,MAG,Archaea,Thermoplasmatota,SW-10-69-26,SW-10-69-26,Unclassified,Unclassified,Unclassified,Public,88.77205078,0.53638,41.87,85.67,89.75,0.8,100,2288622,22515,6,0.717,taxonomic novelty determined using RED,Novel,Unclassified public database SGBs,Medium-quality,21,0,1,1,2
SRR21412983.bin.3,2,Soil,MAG,Archaea,Halobacteriota,Halobacteria,Halobacteriales,Haloarculaceae,Natronomonas,Unclassified,Public,58.81678613,0.95981,41.87,85.67,94.47,7.73,8.82,2970456,34667,2,0.692,taxonomic classification defined by topology and ANI,Defined,Unclassified public database SGBs,Medium-quality,20,1,1,1,3
SRR21412983.bin.35,1,Soil,MAG,Archaea,Halobacteriota,Halobacteria,Halobacteriales,Haloarculaceae,Salinibaculum,Unclassified,Public,86.2812574,0.95309,41.87,85.67,93.97,2.13,33.33,2632964,25273,2,0.641,taxonomic classification fully defined by topology,Defined,Unclassified public database SGBs,Medium-quality,22,1,0,0,1
SRR21412983.bin.9,1,Soil,MAG,Archaea,Halobacteriota,Halobacteria,Halobacteriales,Unclassified,Unclassified,Unclassified,Public,68.45626507,0.64226,41.87,85.67,81.93,3.48,46.15,1962185,35933,4,0.682,taxonomic classification fully defined by topology,Defined,Unclassified public database SGBs,Medium-quality,18,1,0,0,1
SRR21412984.bin.1,1,Soil,MAG,Archaea,Halobacteriota,Halobacteria,Halobacteriales,Haloferacaceae,Halohasta,Unclassified,Public,48.05018092,0.98545,41.87,85.67,78.22,6.36,10.81,2055496,6100,1,0.611,taxonomic classification defined by topology and ANI,Defined,Unclassified public database SGBs,Medium-quality,17,1,0,0,1
SRR21412984.bin.15,2,Soil,MAG,Archaea,Halobacteriota,Halobacteria,Halobacteriales,Unclassified,Unclassified,Unclassified,Public,84.14102795,0.63996,41.87,85.67,92.26,2.17,0,2861492,231363,3,0.608,taxonomic classification fully defined by topology,Defined,Unclassified public database SGBs,Medium-quality,22,1,0,0,1
SRR21412984.bin.21,2,Soil,MAG,Archaea,Halobacteriota,Halobacteria,Halobacteriales,Haloferacaceae,J07HR59,Unclassified,Public,71.7498287,0.90132,41.87,85.67,83.57,2.92,20,2309994,19573,2,0.724,taxonomic novelty determined using RED,Novel,Unclassified public database SGBs,Medium-quality,19,0,0,1,1
SRR21412984.bin.31,1,Soil,MAG,Archaea,Halobacteriota,Halobacteria,Halobacteriales,Haloarculaceae,Unclassified,Unclassified,Public,44.85311361,0.85573,41.87,85.67,78.51,7.4,29.63,2498859,15885,1,0.677,taxonomic novelty determined using RED,Novel,Unclassified public database SGBs,Medium-quality,21,1,1,1,3
SRR21412984.bin.6,6,Soil,MAG,Archaea,Halobacteriota,Halobacteria,Halobacteriales,Haloferacaceae,Halohasta,Unclassified,Public,78.59753801,0.96492,41.87,85.67,97.66,4.72,47.62,2965944,30182,2,0.591,taxonomic classification defined by topology and ANI,Defined,Unclassified public database SGBs,Medium-quality,21,0,0,1,1
SRR21412985.bin.12,4,Soil,MAG,Archaea,Halobacteriota,Halobacteria,Halobacteriales,Halalkalicoccaceae,Halalkalicoccus,Unclassified,Public,65.9320099,0.89168,41.87,85.67,83.32,4.4,61.54,2362956,5530,4,0.674,taxonomic novelty determined using RED,Novel,Unclassified public database SGBs,Medium-quality,21,0,0,0,0
SRR21412985.bin.27,1,Soil,MAG,Archaea,Halobacteriota,Halobacteria,Halobacteriales,SKNY01,SKQO01,Unclassified,Public,97.28373652,0.86917,41.87,85.67,98.04,0.65,0,2838011,79141,5,0.632,taxonomic novelty determined using RED,Novel,Unclassified public database SGBs,High-quality,23,1,1,1,3
SRR21412985.bin.4,2,Soil,MAG,Archaea,Thermoplasmatota,SW-10-69-26,SW-10-69-26,SW-10-69-26,PWVY01,Unclassified,Public,91.17594823,0.83928,41.87,85.67,92.8,0.8,0,3039253,45145,6,0.689,taxonomic novelty determined using RED,Novel,Unclassified public database SGBs,Medium-quality,21,0,0,0,0
SRR21412985.bin.8,1,Soil,MAG,Archaea,Thermoplasmatota,SW-10-69-26,SW-10-69-26,SW-10-69-26,PWVY01,Unclassified,Public,80.45087331,0.88132,41.87,85.67,82.5,0.8,0,1920860,6335,2,0.666,taxonomic novelty determined using RED,Novel,Unclassified public database SGBs,Medium-quality,18,0,0,0,0
SRR21412985.bin.9,2,Soil,MAG,Archaea,Halobacteriota,Halobacteria,Halobacteriales,Haloarculaceae,Unclassified,Unclassified,Public,72.41663497,0.85522,41.87,85.67,91.38,4.55,35.71,3496732,17062,4,0.648,taxonomic novelty determined using RED,Novel,Unclassified public database SGBs,High-quality,22,1,1,1,3
SRR21412986.bin.17,0,Soil,MAG,Archaea,Nanoarchaeota,Nanoarchaeia,SCGC-AAA011-G17,GW2011-AR17,JAHIMK01,Unclassified,Public,76.51630803,0.92277,47.28,90.2,78.83,0.93,0,1002508,37378,2,0.367,taxonomic novelty determined using RED,Novel,Unclassified public database SGBs,Medium-quality,22,0,0,1,1
SRR21412986.bin.33,3,Soil,MAG,Archaea,Halobacteriota,Halobacteria,Halobacteriales,PXRE01,PXRE01,Unclassified,Public,74.53638543,0.89049,47.28,90.2,87.5,3.2,30,3476582,11292,2,0.673,taxonomic novelty determined using RED,Novel,Unclassified public database SGBs,Medium-quality,22,1,1,1,3
SRR21412986.bin.41,1,Soil,MAG,Archaea,Halobacteriota,Halobacteria,Halobacteriales,Haloarculaceae,Natronomonas,Unclassified,Public,76.44398418,0.903,47.28,90.2,83.58,1.91,16.67,2073436,12336,2,0.616,taxonomic classification fully defined by topology,Defined,Unclassified public database SGBs,Medium-quality,19,0,0,0,0
SRR21412986.bin.51,2,Soil,MAG,Archaea,Halobacteriota,Halobacteria,Halobacteriales,Halobacteriaceae,Unclassified,Unclassified,Public,97.32179989,0.8762,47.28,90.2,98.23,0.65,0,2684343,38790,4,0.683,taxonomic novelty determined using RED,Novel,Unclassified public database SGBs,High-quality,24,1,2,1,4
SRR21412986.bin.83,0,Soil,MAG,Archaea,Nanoarchaeota,Nanoarchaeia,Woesearchaeales,JACJVW01,Unclassified,Unclassified,Public,81.32810968,0.79266,47.28,90.2,88.32,1.87,0,1584542,42674,3,0.421,taxonomic novelty determined using RED,Novel,Unclassified public database SGBs,Medium-quality,21,1,2,1,4
SRR21412987.bin.13,3,Soil,MAG,Archaea,Halobacteriota,Halobacteria,Halobacteriales,Haloarculaceae,Natronomonas,Unclassified,Public,70.38378703,0.9176,41.33,86.25,89.65,4.48,42.86,3217496,21248,1,0.692,taxonomic classification fully defined by topology,Defined,Unclassified public database SGBs,Medium-quality,23,0,0,0,0
SRR21412988.bin.1,2,Soil,MAG,Archaea,Halobacteriota,Halobacteria,Halobacteriales,Salinarchaeaceae,Salinarchaeum,Unclassified,Public,60.64810252,0.89596,41.33,86.25,82.11,4.87,37.5,3064967,10561,1,0.733,taxonomic classification fully defined by topology,Defined,Unclassified public database SGBs,Medium-quality,21,0,0,1,1
SRR21412988.bin.15,2,Soil,MAG,Archaea,Halobacteriota,Halobacteria,Halobacteriales,Halobacteriaceae,Unclassified,Unclassified,Public,50.38738083,0.87371,41.33,86.25,75.07,5.97,70.59,2885628,6402,1,0.643,taxonomic novelty determined using RED,Novel,Unclassified public database SGBs,Medium-quality,16,0,0,0,0
SRR21412989.bin.13,2,Soil,MAG,Archaea,Halobacteriota,Halobacteria,Halobacteriales,PXRE01,PXRE01,Unclassified,Public,45.45454971,0.84017,41.33,86.25,89.64,9.41,15.62,2986641,48912,1,0.711,taxonomic novelty determined using RED,Novel,Unclassified public database SGBs,Medium-quality,23,1,1,1,3
SRR21412989.bin.2,0,Soil,MAG,Archaea,Nanohaloarchaeota,Nanosalinia,Nanosalinales,Nanohalalkaliarchaeacea,Nanohalalkaliarchaeum,Unclassified,Public,90.77022723,0.82772,41.33,86.25,88.32,0,0,1226455,63898,6,0.622,taxonomic novelty determined using RED,Novel,Unclassified public database SGBs,Medium-quality,20,1,1,1,3
SRR21412989.bin.3,0,Soil,MAG,Archaea,Nanohaloarchaeota,Nanosalinia,Nanosalinales,Nanosalinaceae,SVXNc,Unclassified,Public,51.92466967,0.898,41.33,86.25,76.74,5.84,60,1029330,4585,1,0.45,taxonomic novelty determined using RED,Novel,Unclassified public database SGBs,Medium-quality,22,2,0,1,3
SRR21412990.bin.18,1,Soil,MAG,Archaea,Halobacteriota,Halobacteria,Halobacteriales,Unclassified,Unclassified,Unclassified,Public,66.51045766,0.64165,42.32,86.38,88.58,5.5,61.11,2630097,11317,2,0.691,taxonomic classification fully defined by topology,Defined,Unclassified public database SGBs,Medium-quality,22,1,1,0,2
SRR21412990.bin.22,2,Soil,MAG,Archaea,Halobacteriota,Halobacteria,Halobacteriales,SKNY01,SKNY01,Unclassified,Public,43.86103568,0.84829,42.32,86.38,80,9.18,85.19,2176170,6500,2,0.616,taxonomic novelty determined using RED,Novel,Unclassified public database SGBs,Medium-quality,20,0,0,0,0
SRR21412992.bin.20,3,Soil,MAG,Archaea,Thermoplasmatota,SW-10-69-26,SW-10-69-26,SW-10-69-26,PWVY01,Unclassified,Public,91.88505489,0.94057,42.32,86.38,94,0.84,0,2633815,11752,2,0.649,taxonomic classification defined by topology and ANI,Defined,Unclassified public database SGBs,High-quality,23,1,1,1,3
SRR21412994.bin.21,0,Soil,MAG,Archaea,Halobacteriota,Halobacteria,Halorutilales,Halorutilaceae,JAQZDA01,Unclassified,Public,59.43754797,0.92423,42.27,86.85,80.23,5.31,72.73,1448626,4911,2,0.654,taxonomic classification defined by topology and ANI,Defined,Unclassified public database SGBs,Medium-quality,14,0,1,1,2
SRR21412994.bin.22,2,Soil,MAG,Archaea,Thermoplasmatota,SW-10-69-26,SW-10-69-26,SW-10-69-26,PWVY01,Unclassified,Public,92.01941439,0.96313,42.27,86.85,90,0.04,100,2408243,18148,2,0.643,taxonomic classification defined by topology and ANI,Defined,Unclassified public database SGBs,Medium-quality,22,0,0,0,0
SRR21412994.bin.26,2,Soil,MAG,Archaea,Thermoplasmatota,SW-10-69-26,SW-10-69-26,SW-10-69-26,Unclassified,Unclassified,Public,95.39229161,0.70376,42.27,86.85,97.06,0.8,0,3500492,36693,2,0.682,taxonomic novelty determined using RED,Novel,Unclassified public database SGBs,High-quality,22,1,2,1,4
SRR21412994.bin.28,3,Soil,MAG,Archaea,Halobacteriota,Halobacteria,Halobacteriales,Halalkalicoccaceae,Halalkalicoccus,Unclassified,Public,65.97137706,0.89779,42.27,86.85,79.54,3.08,28.57,2486286,6351,1,0.669,taxonomic novelty determined using RED,Novel,Unclassified public database SGBs,Medium-quality,19,0,1,1,2
SRR21412994.bin.40,1,Soil,MAG,Archaea,Halobacteriota,Halobacteria,Halobacteriales,Unclassified,Unclassified,Unclassified,Public,75.7353808,0.64298,42.27,86.85,89.06,3.42,50,1989835,10734,2,0.681,taxonomic classification fully defined by topology,Defined,Unclassified public database SGBs,Medium-quality,19,1,0,0,1
SRR21412994.bin.42,2,Soil,MAG,Archaea,Thermoplasmatota,SW-10-69-26,SW-10-69-26,SW-10-69-26,PWVY01,Unclassified,Public,88.41369145,0.86098,42.27,86.85,93.6,1.6,33.33,2672256,31478,10,0.708,taxonomic novelty determined using RED,Novel,Unclassified public database SGBs,High-quality,23,1,2,1,4
SRR21412994.bin.51,2,Soil,MAG,Archaea,Halobacteriota,Halobacteria,Halobacteriales,Natrialbaceae,Saliphagus,Unclassified,Public,73.53429006,0.97519,42.27,86.85,89.83,4.27,66.67,2610963,20652,2,0.689,taxonomic classification defined by topology and ANI,Defined,Unclassified public database SGBs,Medium-quality,21,0,1,1,2
SRR21412994.bin.7,1,Soil,MAG,Archaea,Halobacteriota,Halobacteria,Halobacteriales,SKSH01,SKSH01,Unclassified,Public,95.51785233,0.90702,42.27,86.85,93.11,0.03,100,2188607,91662,4,0.649,taxonomic classification fully defined by topology,Defined,Unclassified public database SGBs,Medium-quality,22,1,0,0,1
SRR21412995.bin.1,0,Soil,MAG,Archaea,Nanohaloarchaeota,Nanosalinia,Nanosalinales,Nanohalalkaliarchaeacea,JALIDP01,Unclassified,Public,73.09743537,0.88446,42.27,86.85,75.23,1.01,66.67,612732,24442,2,0.614,taxonomic novelty determined using RED,Novel,Unclassified public database SGBs,Medium-quality,16,0,0,1,1
SRR21412995.bin.14,0,Soil,MAG,Archaea,Thermoplasmatota,SW-10-69-26,SW-10-69-26,Unclassified,Unclassified,Unclassified,Public,100.795344,0.53657,42.27,86.85,98.4,0,0,2555643,49185,4,0.726,taxonomic novelty determined using RED,Novel,Unclassified public database SGBs,High-quality,23,2,1,1,4
SRR21412995.bin.27,4,Soil,MAG,Archaea,Thermoplasmatota,SW-10-69-26,SW-10-69-26,SW-10-69-26,SW-10-69-26,Unclassified,Public,84.39541363,0.93871,42.27,86.85,91.96,2.12,40,2908006,18829,2,0.696,taxonomic classification defined by topology and ANI,Defined,Unclassified public database SGBs,High-quality,23,1,1,1,3
SRR21412995.bin.31,0,Soil,MAG,Archaea,Halobacteriota,Halobacteria,Halorutilales,Halorutilaceae,JAQZDA01,Unclassified,Public,71.78061312,0.9189,42.27,86.85,85.33,3.27,25,1484097,7349,2,0.637,taxonomic classification defined by topology and ANI,Defined,Unclassified public database SGBs,Medium-quality,21,0,0,0,0
SRR21412995.bin.46,1,Soil,MAG,Archaea,Halobacteriota,Halobacteria,Halobacteriales,SKNY01,SKNY01,Unclassified,Public,80.20915136,0.85052,42.27,86.85,90.14,2.48,7.14,2664131,31480,3,0.642,taxonomic novelty determined using RED,Novel,Unclassified public database SGBs,Medium-quality,21,1,0,0,1
SRR21412995.bin.53,1,Soil,MAG,Archaea,Halobacteriota,Halobacteria,Halobacteriales,SKNY01,SKNY01,Unclassified,Public,80.48105316,0.84789,42.27,86.85,89.36,2.55,71.43,2082008,11272,4,0.619,taxonomic novelty determined using RED,Novel,Unclassified public database SGBs,Medium-quality,21,1,1,1,3
SRR21412996.bin.8,4,Soil,MAG,Archaea,Halobacteriota,Halobacteria,Halobacteriales,Halobacteriaceae,Unclassified,Unclassified,Public,74.53234231,0.82025,41.72,86.17,92.68,4.09,0,3565054,32278,4,0.692,taxonomic novelty determined using RED,Novel,Unclassified public database SGBs,High-quality,22,1,2,1,4
SRR21413000.bin.22,5,Soil,MAG,Archaea,Halobacteriota,Halobacteria,Halobacteriales,Natrialbaceae,Natronococcus,Unclassified,Public,65.23224586,0.98098,43.5,87.92,90.45,5.83,30.43,3905602,17155,3,0.663,taxonomic classification defined by topology and ANI,Defined,Unclassified public database SGBs,Medium-quality,22,0,0,5,5
SRR21413000.bin.41,2,Soil,MAG,Archaea,Halobacteriota,Halobacteria,Halobacteriales,Natrialbaceae,Saliphagus,Unclassified,Public,49.83851342,0.96996,43.5,87.92,85.72,7.95,35.71,2785658,9102,1,0.68,taxonomic classification defined by topology and ANI,Defined,Unclassified public database SGBs,Medium-quality,20,0,0,0,0
SRR21413000.bin.7,2,Soil,MAG,Archaea,Halobacteriota,Halobacteria,Halobacteriales,Natrialbaceae,Natronobiforma,Unclassified,Public,64.09093048,0.95969,43.5,87.92,86.19,5.13,32.14,3849012,5574,4,0.626,taxonomic novelty determined using RED,Novel,Unclassified public database SGBs,Medium-quality,20,0,0,1,1
SRR21413001.bin.15,5,Soil,MAG,Archaea,Halobacteriota,Halobacteria,Halobacteriales,Halalkalicoccaceae,Halalkalicoccus,Unclassified,Public,70.88879005,0.89901,43.5,87.92,77.31,1.84,33.33,2664630,17023,2,0.668,taxonomic novelty determined using RED,Novel,Unclassified public database SGBs,Medium-quality,18,0,0,0,0
SRR21413006.bin.35,2,Soil,MAG,Archaea,Halobacteriota,Halobacteria,Halobacteriales,Natrialbaceae,Saliphagus,Unclassified,Public,98.69703681,0.97571,44.68,85.8,96.32,0,0,3092904,45456,6,0.666,taxonomic classification defined by topology and ANI,Defined,Unclassified public database SGBs,High-quality,21,1,1,1,3
SRR23851177.bin.27,1,Soil,MAG,Archaea,Thermoproteota,Nitrososphaeria,Nitrososphaerales,Nitrososphaeraceae,TH5896,Unclassified,Public,74.1133187,0.94684,39.03,115.9,78.64,1.46,50,917308,9697,2,0.42,taxonomic novelty determined using RED,Novel,Unclassified public database SGBs,Medium-quality,22,1,1,1,3
SRR23851178.bin.10,1,Soil,MAG,Archaea,Halobacteriota,Halobacteria,Halobacteriales,Halobacteriaceae,Unclassified,Unclassified,Public,67.52513252,0.87578,39.03,115.9,83.44,3.92,71.43,2601581,4679,1,0.667,taxonomic novelty determined using RED,Novel,Unclassified public database SGBs,Medium-quality,19,0,1,1,2
SRR23851185.bin.6,1,Soil,MAG,Archaea,Thermoplasmatota,E2,JACPAO01,JAHFTW01,Unclassified,Unclassified,Public,92.51938535,0.87813,39.03,115.9,98,1.6,0,2473950,88784,4,0.699,taxonomic novelty determined using RED,Novel,Unclassified public database SGBs,High-quality,22,2,1,1,4
SRR23851187.bin.3,0,Soil,MAG,Archaea,Thermoproteota,Nitrososphaeria,Nitrososphaerales,Nitrosopumilaceae,JACEMX01,JACEMX01 sp025922755,Public,77.13600272,N/A,39.03,115.9,80.1,0.97,0,1408128,4699,2,0.345,taxonomic classification defined by topology and ANI,Defined,Published genomes,Medium-quality,18,0,0,1,1
SRR23851188.bin.2,1,Soil,MAG,Archaea,Thermoplasmatota,E2,JACPAO01,JAHFTW01,Unclassified,Unclassified,Public,70.45800848,0.88131,39.03,115.9,84.11,3.2,12.5,2139622,6252,2,0.709,taxonomic novelty determined using RED,Novel,Unclassified public database SGBs,Medium-quality,21,0,0,0,0
SRR23851190.bin.36,3,Soil,MAG,Archaea,Halobacteriota,Halobacteria,Halobacteriales,Haloarculaceae,Salinirubellus,Unclassified,Public,78.727484,0.95684,39.03,115.9,98.32,4.47,10,4547440,33187,2,0.684,taxonomic classification defined by topology and ANI,Defined,Unclassified public database SGBs,High-quality,24,1,2,2,5
SRR23851190.bin.46,1,Soil,MAG,Archaea,Thermoplasmatota,SW-10-69-26,SW-10-69-26,SW-10-69-26,PWVY01,Unclassified,Public,90.91671683,0.85048,39.03,115.9,97.6,1.66,25,3327218,20111,1,0.688,taxonomic novelty determined using RED,Novel,Unclassified public database SGBs,Medium-quality,23,0,0,0,0
SRR23851191.bin.21,2,Soil,MAG,Archaea,Halobacteriota,Halobacteria,Halobacteriales,Haloferacaceae,Halorubrum,Unclassified,Public,74.54628692,0.99358,39.03,115.9,89.98,3.8,37.5,2577712,16361,2,0.704,taxonomic classification defined by topology and ANI,Defined,Unclassified public database SGBs,Medium-quality,21,0,0,2,2
SRR23851191.bin.23,1,Soil,MAG,Archaea,Halobacteriota,Halobacteria,Halobacteriales,Haloarculaceae,Salinirubellus,Unclassified,Public,78.47894415,0.97771,39.03,115.9,92.51,3.36,18.18,3503663,16451,2,0.687,taxonomic classification defined by topology and ANI,Defined,Unclassified public database SGBs,Medium-quality,21,0,0,0,0
SRR23851191.bin.3,0,Soil,MAG,Archaea,Thermoplasmatota,Thermoplasmata,RBG-16-68-12,JAJISG01,Unclassified,Unclassified,Public,97.01664698,0.82983,39.03,115.9,98.4,0.8,0,1661586,139049,24,0.688,taxonomic novelty determined using RED,Novel,Unclassified public database SGBs,High-quality,23,1,1,1,3
SRR23851194.bin.31,0,Soil,MAG,Archaea,Thermoproteota,Nitrososphaeria,Nitrososphaerales,Nitrosopumilaceae,Unclassified,Unclassified,Public,89.50004281,0.90507,39.03,115.9,96.12,1.94,50,1831850,14258,3,0.342,taxonomic classification fully defined by topology,Defined,Unclassified public database SGBs,Medium-quality,21,0,1,1,2
SRR23851203.bin.24,1,Soil,MAG,Archaea,Halobacteriota,Halobacteria,Halobacteriales,Haloarculaceae,Salinirubellus,Unclassified,Public,83.2814512,0.97593,39.03,115.9,88.84,1.5,0,3121930,6066,2,0.685,taxonomic classification defined by topology and ANI,Defined,Unclassified public database SGBs,Medium-quality,20,0,0,0,0
SRR23851213.bin.14,0,Soil,MAG,Archaea,Thermoproteota,Nitrososphaeria,Nitrososphaerales,Nitrosopumilaceae,Nitrosopumilus,Unclassified,Public,87.10404041,0.98716,39.03,115.9,90.05,0.97,0,1435386,5106,2,0.338,taxonomic classification defined by topology and ANI,Defined,Unclassified public database SGBs,High-quality,21,1,1,1,3
SRR26786791.bin.27,0,Soil,MAG,Archaea,Nanoarchaeota,Nanoarchaeia,CSSed11-243R1,CSSed11-243R1,JAQTNH01,Unclassified,Public,87.19005338,0.84194,38.19077,-123.04106,84.58,0,0,747621,132276,8,0.397,taxonomic novelty determined using RED,Novel,Unclassified public database SGBs,Medium-quality,22,1,1,1,3
SRR26786793.bin.29,0,Soil,MAG,Archaea,Nanoarchaeota,Nanoarchaeia,Woesearchaeales,JAGWAF01,Unclassified,Unclassified,Public,79.60603755,0.75215,38.19077,-123.04106,77.68,0,0,929782,5847,3,0.476,taxonomic novelty determined using RED,Novel,Unclassified public database SGBs,Medium-quality,21,1,0,0,1
SRR26786794.bin.29,0,Soil,MAG,Archaea,SpSt-1190,SpSt-1190,DYHY01,Unclassified,Unclassified,Unclassified,Public,87.76264096,0.46552,38.19077,-123.04106,89.95,0.93,0,1293781,67013,8,0.573,taxonomic novelty determined using RED,Novel,Unclassified public database SGBs,Medium-quality,21,0,2,1,3
SRR26786830.bin.1,2,Soil,MAG,Archaea,Nanoarchaeota,Nanoarchaeia,Woesearchaeales,UBA11576,Unclassified,Unclassified,Public,82.64663166,0.74631,38.19077,-123.04106,80.37,0,0,1332869,29174,7,0.398,taxonomic classification fully defined by topology,Defined,Unclassified public database SGBs,Medium-quality,19,0,0,1,1
SRR29646157.bin.8,0,Soil,MAG,Archaea,Thermoproteota,Nitrososphaeria,Nitrososphaerales,Nitrosopumilaceae,Nitrosopumilus,Nitrosopumilus koreensis,Public,96.63793975,N/A,35.32,119.37,94.66,0,0,2385941,7918,4,0.346,taxonomic classification defined by topology and ANI,Defined,Published genomes,Medium-quality,22,0,0,1,1
SRR29792384.bin.10,1,Soil,MAG,Archaea,Thermoproteota,Nitrososphaeria,Nitrososphaerales,Nitrososphaeraceae,Nitrososphaera,Unclassified,Public,85.39304989,0.97878,34.25,104.32,93.2,1.94,0,1732335,4854,2,0.469,taxonomic classification fully defined by topology,Defined,Unclassified public database SGBs,Medium-quality,23,0,0,1,1
SRR29792384.bin.4,1,Soil,MAG,Archaea,Thermoproteota,Nitrososphaeria,Nitrososphaerales,Nitrososphaeraceae,TA-21,TA-21 sp014523595,Public,91.94492317,N/A,34.25,104.32,99.51,1.94,0,1886579,15661,8,0.354,taxonomic classification defined by topology and ANI,Defined,Published genomes,High-quality,22,1,2,1,4
SRR31572237.bin.4,1,Soil,MAG,Archaea,Thermoproteota,Nitrososphaeria,Nitrososphaerales,Nitrososphaeraceae,Nitrososphaera,Nitrososphaera sp946480575,Public,84.61142731,N/A,29.6857,76.9905,97.09,2.91,0,1743348,11471,4,0.508,taxonomic classification defined by topology and ANI,Defined,Published genomes,Medium-quality,22,0,1,1,2
SRR31674855.bin.25,1,Soil,MAG,Archaea,Thermoproteota,Nitrososphaeria,Nitrososphaerales,Nitrososphaeraceae,TH1177,TH1177 sp025922715,Public,82.86389383,N/A,44.36,123.43,97.09,3.4,25,2983683,6105,6,0.294,taxonomic classification defined by topology and ANI,Defined,Published genomes,Medium-quality,23,0,0,1,1
SRR32147493.bin.33,1,Soil,MAG,Archaea,Thermoplasmatota,E2,JACPAO01,JAHFTW01,Unclassified,Unclassified,Public,68.60082428,0.87704,52.5,21.6,76.12,1.66,0,1589536,2895,1,0.625,taxonomic novelty determined using RED,Novel,Unclassified public database SGBs,Medium-quality,18,0,0,0,0
SRR32147494.bin.35,2,Soil,MAG,Archaea,Thermoproteota,Nitrososphaeria,Nitrososphaerales,Nitrososphaeraceae,TH5896,TH5896 sp014523695,Public,95.51027898,N/A,52.5,21.6,98.06,0.97,0,3113876,32192,6,0.389,taxonomic classification defined by topology and ANI,Defined,Published genomes,High-quality,23,1,2,1,4
SRR32147494.bin.57,1,Soil,MAG,Archaea,Thermoproteota,Nitrososphaeria,Nitrososphaerales,Nitrososphaeraceae,Nitrosocosmicus,Unclassified,Public,85.4227672,0.98951,52.5,21.6,93.2,1.94,0,2665157,6084,6,0.339,taxonomic classification defined by topology and ANI,Defined,Unclassified public database SGBs,Medium-quality,20,1,0,1,2
SRR32147495.bin.28,2,Soil,MAG,Archaea,Thermoproteota,Nitrososphaeria,Nitrososphaerales,Nitrososphaeraceae,TA-21,Unclassified,Public,90.00377797,0.99153,52.5,21.6,99.03,2.24,0,4501267,17683,2,0.379,taxonomic classification defined by topology and ANI,Defined,Unclassified public database SGBs,High-quality,23,1,1,1,3
SRR32147497.bin.16,1,Soil,MAG,Archaea,Thermoproteota,Nitrososphaeria,Nitrososphaerales,Nitrososphaeraceae,JAJNBK01,JAJNBK01 sp021155845,Public,72.83973266,N/A,50.27,20.42,92.31,4.69,42.86,1719607,7205,4,0.342,taxonomic classification defined by topology and ANI,Defined,Published genomes,Medium-quality,19,0,0,0,0
SRR32147498.bin.20,1,Soil,MAG,Archaea,Thermoproteota,Nitrososphaeria,Nitrososphaerales,Nitrososphaeraceae,Nitrososphaera,Nitrososphaera sp025922735,Public,80.46952193,N/A,50.27,20.42,91.91,2.91,33.33,1470024,16717,68,0.44,taxonomic classification defined by topology and ANI,Defined,Published genomes,Medium-quality,20,0,1,2,3
SRR32147508.bin.52,0,Soil,MAG,Archaea,Thermoproteota,Nitrososphaeria,Nitrososphaerales,Nitrosopumilaceae,Nitrosopumilus,Unclassified,Public,84.95995488,0.99702,52.53,18.47,87.94,1.12,66.67,1440731,4431,2,0.345,taxonomic classification defined by topology and ANI,Defined,Unclassified public database SGBs,Medium-quality,20,1,0,1,2
SRR32147509.bin.8,1,Soil,MAG,Archaea,Halobacteriota,Halobacteria,Halobacteriales,Unclassified,Unclassified,Unclassified,Public,55.96734592,0.64294,52.53,18.47,80.44,6.03,77.78,2648888,7489,1,0.702,taxonomic classification fully defined by topology,Defined,Unclassified public database SGBs,Medium-quality,18,0,0,0,0
SRR33545838.bin.9,1,cotton,MAG,Archaea,Thermoproteota,Nitrososphaeria,Nitrososphaerales,Nitrososphaeraceae,TH5893,TH5893 sp029240395,Public,52.57728373,N/A,44.18,86.02,85.44,7.43,33.33,2072722,3739,6,0.39,taxonomic classification defined by topology and ANI,Defined,Published genomes,Medium-quality,23,1,0,1,2
SRR34563345.bin.22,3,Soil,MAG,Archaea,Halobacteriota,Halobacteria,Halobacteriales,Haloferacaceae,Halalkalirubrum,Unclassified,Public,94.08469879,0.98591,32.72,120.93,94.24,0.57,50,2838224,52408,2,0.594,taxonomic novelty determined using RED,Novel,Unclassified public database SGBs,Medium-quality,23,0,0,2,2
SRR34563345.bin.34,2,Soil,MAG,Archaea,Halobacteriota,Halobacteria,Halobacteriales,Haloferacaceae,Salinirubrum,Unclassified,Public,61.57788699,0.9721,32.72,120.93,84.86,5.82,65,3084651,10060,2,0.684,taxonomic classification defined by topology and ANI,Defined,Unclassified public database SGBs,Medium-quality,21,0,0,0,0
SRR34563345.bin.52,2,Soil,MAG,Archaea,Halobacteriota,Halobacteria,Halobacteriales,Haloarculaceae,Halapricum,Unclassified,Public,78.83425988,0.93711,32.72,120.93,96.95,4.27,21.43,3186915,34546,2,0.68,taxonomic classification fully defined by topology,Defined,Unclassified public database SGBs,High-quality,22,2,1,2,5
SRR34563345.bin.8,2,Soil,MAG,Archaea,Halobacteriota,Halobacteria,Halobacteriales,QS-9-68-17,Unclassified,Unclassified,Public,63.7227459,0.83746,32.72,120.93,89.92,5.53,5.56,3245923,15508,1,0.706,taxonomic novelty determined using RED,Novel,Unclassified public database SGBs,Medium-quality,21,1,0,0,1
SRR34576099.bin.1,2,Soil,MAG,Archaea,Halobacteriota,Halobacteria,Halobacteriales,Haloarculaceae,Haloarcula,Unclassified,Public,87.08342272,0.98668,32.19,121.41,97.05,2.47,0,2646993,46435,2,0.663,taxonomic classification defined by topology and ANI,Defined,Unclassified public database SGBs,Medium-quality,22,1,0,1,2
SRR34576099.bin.10,1,Soil,MAG,Archaea,Thermoplasmatota,E2,JACPAO01,JAHWKR01,Unclassified,Unclassified,Public,95.62087904,0.79902,32.19,121.41,97.2,0.8,0,3094750,55177,2,0.608,taxonomic novelty determined using RED,Novel,Unclassified public database SGBs,High-quality,23,1,1,1,3
SRR34576099.bin.21,2,Soil,MAG,Archaea,Halobacteriota,Halobacteria,Halobacteriales,Haloferacaceae,Halolamina,Unclassified,Public,45.77423189,0.96683,32.19,121.41,76.77,7.47,69.23,2630813,18429,1,0.679,taxonomic classification defined by topology and ANI,Defined,Unclassified public database SGBs,Medium-quality,21,0,0,1,1
SRR34576099.bin.28,2,Soil,MAG,Archaea,Thermoplasmatota,E2,JACPAO01,JAHFTW01,JANQNI01,Unclassified,Public,88.25989561,0.93129,32.19,121.41,94.8,2,66.67,2278660,14223,2,0.639,taxonomic novelty determined using RED,Novel,Unclassified public database SGBs,High-quality,21,1,1,1,3
SRR34576099.bin.34,0,Soil,MAG,Archaea,Thermoplasmatota,E2,JACPAO01,JAHFTW01,JANQNI01,Unclassified,Public,83.27055442,0.85701,32.19,121.41,85.33,0.8,0,1677516,6041,2,0.548,taxonomic novelty determined using RED,Novel,Unclassified public database SGBs,Medium-quality,19,1,1,1,3
SRR34576099.bin.38,2,Soil,MAG,Archaea,Halobacteriota,Halobacteria,Halobacteriales,Haloferacaceae,Halolamina,Unclassified,Public,40.10738985,0.97932,32.19,121.41,81.22,9.61,62.16,2933725,6724,1,0.635,taxonomic classification defined by topology and ANI,Defined,Unclassified public database SGBs,Medium-quality,17,0,0,0,0
SRR34576099.bin.60,2,Soil,MAG,Archaea,Halobacteriota,Halobacteria,Halobacteriales,Haloferacaceae,Halogranum,Unclassified,Public,68.90532568,0.98488,32.19,121.41,79.83,2.77,66.67,2644414,11406,1,0.668,taxonomic classification defined by topology and ANI,Defined,Unclassified public database SGBs,Medium-quality,17,0,0,3,3
SRR34576099.bin.65,1,Soil,MAG,Archaea,Thermoplasmatota,E2,JACPAO01,JAHFTW01,JANQNI01,Unclassified,Public,79.66672377,0.8639,32.19,121.41,85.71,1.6,0,2053395,6508,2,0.667,taxonomic novelty determined using RED,Novel,Unclassified public database SGBs,Medium-quality,21,1,1,1,3
SRR34576099.bin.92,2,Soil,MAG,Archaea,Halobacteriota,Halobacteria,Halobacteriales,Haloferacaceae,Halolamina,Unclassified,Public,58.45630492,0.96759,32.19,121.41,78.42,4.64,45.45,2669758,14284,1,0.662,taxonomic classification defined by topology and ANI,Defined,Unclassified public database SGBs,Medium-quality,21,0,1,1,2
SRR5209947.bin.26,1,Soil,MAG,Archaea,Halobacteriota,Halobacteria,Halobacteriales,Haloferacaceae,Haloquadratum,Unclassified,Public,61.56112328,0.94882,37.4969,-122.1331,76.58,3.96,86.96,1218956,37585,1,0.642,taxonomic novelty determined using RED,Novel,Unclassified public database SGBs,Medium-quality,19,0,0,0,0
SRR5209947.bin.5,2,Soil,MAG,Archaea,Halobacteriota,Halobacteria,Halobacteriales,Haloferacaceae,Haloquadratum,Unclassified,Public,84.54110119,0.9492,37.4969,-122.1331,85.29,0.69,57.14,1259870,33116,5,0.69,taxonomic novelty determined using RED,Novel,Unclassified public database SGBs,Medium-quality,18,0,0,0,0
SRR6056296.bin.32,2,Soil,MAG,Archaea,Halobacteriota,Halobacteria,Halobacteriales,Haloferacaceae,Haloquadratum,Unclassified,Public,65.57517832,0.94972,37.4968,-122.1333,78.26,3.14,53.33,1181173,38127,1,0.657,taxonomic novelty determined using RED,Novel,Unclassified public database SGBs,Medium-quality,16,0,0,0,0
SRR6056296.bin.6,2,Soil,MAG,Archaea,Halobacteriota,Halobacteria,Halobacteriales,Haloferacaceae,Halohasta,Unclassified,Public,69.94688617,0.98599,37.4968,-122.1333,87.64,4.21,50,2222721,25338,1,0.631,taxonomic classification defined by topology and ANI,Defined,Unclassified public database SGBs,Medium-quality,21,0,0,0,0
SRR9952635.bin.50,1,Soil,MAG,Archaea,Thermoproteota,Nitrososphaeria,Nitrososphaerales,Nitrososphaeraceae,Nitrosocosmicus,Unclassified,Public,72.54848392,0.99487,81.8484,-70.83849,97.73,5.9,37.5,2409211,12941,2,0.347,taxonomic classification defined by topology and ANI,Defined,Unclassified public database SGBs,Medium-quality,20,0,0,1,1
SRR9952635.bin.53,2,Soil,MAG,Archaea,Thermoproteota,Nitrososphaeria,Nitrososphaerales,Nitrososphaeraceae,TH5893,Unclassified,Public,55.7089091,0.93219,81.8484,-70.83849,82.2,6.78,80,3307314,7410,2,0.376,taxonomic novelty determined using RED,Novel,Unclassified public database SGBs,Medium-quality,21,1,0,1,2
