User_genome,Kingdom (gtdb),Phylum (gtdb),Class (gtdb),Order (gtdb),Family (gtdb),Genus (gtdb),Species (gtdb)
11-A.bin.19,Bacteria,Actinomycetota,Actinomycetes,Mycobacteriales,Pseudonocardiaceae,Prauserella,Prauserella aidingensis
11-A.bin.5,Bacteria,Actinomycetota,Actinomycetes,Actinomycetales,Dermabacteraceae,Brachybacterium,Unclassified
11-A.bin.6,Bacteria,Actinomycetota,Actinomycetes,Actinomycetales,Brevibacteriaceae,Brevibacterium,Brevibacterium sediminis
11-B.bin.15,Bacteria,Pseudomonadota,Gammaproteobacteria,Pseudomonadales,Halomonadaceae,Halomonas,Halomonas eurihalina
11-B.bin.18,Bacteria,Pseudomonadota,Gammaproteobacteria,Pseudomonadales,Halomonadaceae,Halomonas,Halomonas caseinilytica
11-B.bin.3,Bacteria,Actinomycetota,Actinomycetes,Streptosporangiales,Streptosporangiaceae,Lipingzhangella,Lipingzhangella halophila
11-B.bin.9,Bacteria,Pseudomonadota,Gammaproteobacteria,Pseudomonadales,Halomonadaceae,Halomonas,Halomonas sp029263665
11-C.bin.18,Bacteria,Actinomycetota,Actinomycetes,Actinomycetales,Dermabacteraceae,Brachybacterium,Unclassified
11-C.bin.20,Bacteria,Actinomycetota,Actinomycetes,Actinomycetales,Micrococcaceae,Nesterenkonia,Unclassified
11-C.bin.23,Bacteria,Bacillota,Bacilli,Staphylococcales,Staphylococcaceae,Staphylococcus,Staphylococcus succinus
11-C.bin.7,Bacteria,Bacillota,Bacilli,Bacillales_D,Amphibacillaceae,Gracilibacillus,Gracilibacillus orientalis
13-b.bin.16,Bacteria,JADJOY01,JADJOY01,Unclassified,Unclassified,Unclassified,Unclassified
13-b.bin.37,Bacteria,Actinomycetota,JAICYB01,JAICYB01,Unclassified,Unclassified,Unclassified
13-b.bin.39,Bacteria,Actinomycetota,Actinomycetes,Propionibacteriales,Nocardioidaceae,Nocardioides,Unclassified
13-b.bin.42,Bacteria,Acidobacteriota,Thermoanaerobaculia,Multivoradales,UBA5704,Unclassified,Unclassified
13-b.bin.45,Bacteria,Acidobacteriota,Thermoanaerobaculia,Multivoradales,UBA5704,Unclassified,Unclassified
13-b.bin.46,Bacteria,Pseudomonadota,Alphaproteobacteria,GCA-2731375,GCA-2731375,Unclassified,Unclassified
13-b.bin.67,Bacteria,Pseudomonadota,Gammaproteobacteria,Pseudomonadales,Cellvibrionaceae,Microbulbifer,Unclassified
13-b.bin.77,Bacteria,Chloroflexota,Dehalococcoidia,UBA1151,JAJCYX01,JAJCYX01,Unclassified
13-C.bin.18,Bacteria,Gemmatimonadota,Gemmatimonadetes,Longimicrobiales,RSA9,SLCC01,Unclassified
13-C.bin.36,Bacteria,Gemmatimonadota,Gemmatimonadetes,JACCXV01,JAHWKZ01,JAHWKZ01,Unclassified
13-C.bin.37,Bacteria,Actinomycetota,Nitriliruptoria,Nitriliruptorales,Nitriliruptoraceae,Unclassified,Unclassified
13-C.bin.44,Bacteria,Actinomycetota,Acidimicrobiia,IMCC26256,JACPCJ01,Unclassified,Unclassified
13-C.bin.47,Bacteria,Gemmatimonadota,Gemmatimonadetes,Longimicrobiales,UBA6960,Unclassified,Unclassified
13-C.bin.56,Bacteria,Gemmatimonadota,Gemmatimonadetes,Longimicrobiales,RSA9,Unclassified,Unclassified
13-C.bin.60,Bacteria,Pseudomonadota,Gammaproteobacteria,Xanthomonadales,Unclassified,Unclassified,Unclassified
13-C.bin.61,Bacteria,Nitrospirota,Nitrospiria,JACRHA01,Unclassified,Unclassified,Unclassified
13-d.bin.13,Bacteria,Pseudomonadota,Gammaproteobacteria,XJ16,Halofilaceae,Halofilum,Unclassified
13-d.bin.22,Bacteria,Pseudomonadota,Gammaproteobacteria,JASBUN01,JASBUN01,Unclassified,Unclassified
13-d.bin.23,Bacteria,Pseudomonadota,Alphaproteobacteria,Bin65,Bin65,Unclassified,Unclassified
13-d.bin.30,Bacteria,Pseudomonadota,Gammaproteobacteria,Pseudomonadales,Pseudomonadaceae,Pseudomonas_E,Pseudomonas_E sp002874965
13-d.bin.31,Bacteria,Pseudomonadota,Gammaproteobacteria,XJ16,Halofilaceae,Halofilum,Unclassified
13-d.bin.32,Bacteria,Pseudomonadota,Gammaproteobacteria,SZUA-152,Unclassified,Unclassified,Unclassified
13-d.bin.41,Bacteria,Chloroflexota,Anaerolineae,Anaerolineales,E44-bin32,Unclassified,Unclassified
13-d.bin.59,Bacteria,Gemmatimonadota,Gemmatimonadetes,Longimicrobiales,UBA6960,Unclassified,Unclassified
14-A.bin.24,Bacteria,Chloroflexota,Dehalococcoidia,UBA1151,JAJCYX01,Unclassified,Unclassified
14-A.bin.32,Bacteria,Pseudomonadota,Gammaproteobacteria,Xanthomonadales,Unclassified,Unclassified,Unclassified
14-A.bin.36,Bacteria,Actinomycetota,Nitriliruptoria,Euzebyales,Egibacteraceae,Unclassified,Unclassified
14-A.bin.53,Bacteria,Bacteroidota,Bacteroidia,Flavobacteriales,Flavobacteriaceae,Sinomicrobium,Sinomicrobium weinanense
14-B.bin.2,Bacteria,Pseudomonadota,Gammaproteobacteria,HK1,HK1,CAMYJH01,Unclassified
14-B.bin.23,Bacteria,Fibrobacterota,Fibrobacteria,UBA11236,JADFYW01,Unclassified,Unclassified
14-B.bin.25,Bacteria,Actinomycetota,Acidimicrobiia,UBA5794,ZC4RG35,Ww567,Unclassified
14-B.bin.30,Bacteria,Nitrospinota,Nitrospinia,Nitrospinales,Nitrospinaceae,Nitrospina,Unclassified
14-C.bin.29,Bacteria,Pseudomonadota,Gammaproteobacteria,JAJUFS01,JAJUFS01,JAJUFS01,Unclassified
14-C.bin.7,Bacteria,Pseudomonadota,Gammaproteobacteria,Pseudomonadales,Spongiibacteraceae,Unclassified,Unclassified
16-A.bin.3,Bacteria,Actinomycetota,Acidimicrobiia,UBA5794,ZC4RG35,MA-ANB-1,Unclassified
16-A.bin.6,Bacteria,Desulfobacterota_B,Binatia,JACPRU01,JACPRU01,Unclassified,Unclassified
16-D.bin.11,Bacteria,Chloroflexota,Anaerolineae,Anaerolineales,UBA4823,Kmv39,Unclassified
16-D.bin.12,Bacteria,Chloroflexota,Anaerolineae,Anaerolineales,UBA4823,Unclassified,Unclassified
16-D.bin.15,Bacteria,Actinomycetota,Actinomycetes,Propionibacteriales,Nocardioidaceae,Nocardioides,Unclassified
16-D.bin.7,Bacteria,Actinomycetota,UBA4738,UBA4738,CALAEC01,Unclassified,Unclassified
17-A.bin.1,Bacteria,Actinomycetota,Nitriliruptoria,Nitriliruptorales,Nitriliruptoraceae,Unclassified,Unclassified
17-A.bin.11,Bacteria,Actinomycetota,Acidimicrobiia,Acidimicrobiales,JACDCH01,UBA9382,Unclassified
17-A.bin.25,Bacteria,Pseudomonadota,Gammaproteobacteria,Xanthomonadales,SZUA-36,SHZL01,Unclassified
17-A.bin.3,Bacteria,Actinomycetota,Actinomycetes,Propionibacteriales,Nocardioidaceae,Nocardioides,Unclassified
17-A.bin.43,Bacteria,KSB1,UBA2214,CR04bin15,JAABYK01,Unclassified,Unclassified
17-A.bin.5,Bacteria,Pseudomonadota,Gammaproteobacteria,Xanthomonadales,Wenzhouxiangellaceae,Unclassified,Unclassified
17-A.bin.68,Bacteria,Gemmatimonadota,Gemmatimonadetes,Palauibacterales,KS3-K002,G020350785,Unclassified
17-A.bin.69,Bacteria,Actinomycetota,JAICYB01,JAICYB01,JAICYB01,Unclassified,Unclassified
17-A.bin.79,Bacteria,Pseudomonadota,Gammaproteobacteria,Woeseiales,Woeseiaceae,Woeseia,Unclassified
17-A.bin.91,Bacteria,Actinomycetota,Acidimicrobiia,UBA5794,UBA11373,JAUYIV01,Unclassified
17-A.bin.98,Bacteria,Bacteroidota,Bacteroidia,Cytophagales,Cyclobacteriaceae,Unclassified,Unclassified
17-B.bin.102,Bacteria,Pseudomonadota,Gammaproteobacteria,Burkholderiales,Unclassified,Unclassified,Unclassified
17-B.bin.103,Bacteria,JAGLTZ01,JAGLTZ01,JAGLTZ01,Unclassified,Unclassified,Unclassified
17-B.bin.117,Bacteria,Chloroflexota,Anaerolineae,Anaerolineales,JABWBV01,Unclassified,Unclassified
17-B.bin.121,Bacteria,Bacteroidota,Bacteroidia,Chitinophagales,Unclassified,Unclassified,Unclassified
17-B.bin.128,Bacteria,Pseudomonadota,Gammaproteobacteria,,Unclassified,Unclassified,Unclassified
17-B.bin.129,Bacteria,Bacteroidota,Rhodothermia,Balneolales,Balneolaceae,Halalkalibaculum,Unclassified
17-B.bin.135,Bacteria,Pseudomonadota,Gammaproteobacteria,Arenicellales,Unclassified,Unclassified,Unclassified
17-B.bin.137,Bacteria,Myxococcota,Polyangia,Haliangiales,Haliangiaceae,SLNH01,Unclassified
17-B.bin.147,Bacteria,Pseudomonadota,Gammaproteobacteria,Pseudomonadales,Spongiibacteraceae,Unclassified,Unclassified
17-B.bin.149,Bacteria,Bacteroidota,Bacteroidia,Flavobacteriales,Flavobacteriaceae,JAQSVC01,Unclassified
17-B.bin.153,Bacteria,Actinomycetota,Acidimicrobiia,Acidimicrobiales,Unclassified,Unclassified,Unclassified
17-B.bin.171,Bacteria,Pseudomonadota,Gammaproteobacteria,Pseudomonadales,Halieaceae,Parahaliea,Unclassified
17-B.bin.178,Bacteria,Pseudomonadota,Gammaproteobacteria,Enterobacterales,Kangiellaceae,Kangiella,Unclassified
17-B.bin.193,Bacteria,Bacteroidota,Bacteroidia,Cytophagales,Cyclobacteriaceae,JAGTVG01,Unclassified
17-B.bin.205,Bacteria,Pseudomonadota,Gammaproteobacteria,JAJUFS01,JAJUFS01,JAJUFS01,Unclassified
17-B.bin.29,Bacteria,Bacteroidota,Rhodothermia,Balneolales,Balneolaceae,Rhodohalobacter,Unclassified
17-B.bin.48,Bacteria,Actinomycetota,JAICYB01,JAICYB01,JAICYB01,Unclassified,Unclassified
17-B.bin.57,Bacteria,Bacteroidota,Bacteroidia,Cytophagales,Cyclobacteriaceae,Fulvivirga,Unclassified
17-B.bin.74,Bacteria,Bacteroidota,Rhodothermia,Balneolales,Balneolaceae,Rhodohalobacter,Unclassified
17-B.bin.76,Bacteria,Actinomycetota,Acidimicrobiia,Acidimicrobiales,JACDCH01,UBA9382,Unclassified
17-C.bin.104,Bacteria,Pseudomonadota,Alphaproteobacteria,Sphingomonadales,Sphingomonadaceae,Parasphingorhabdus,Unclassified
17-C.bin.107,Bacteria,Actinomycetota,Acidimicrobiia,Acidimicrobiales,Unclassified,Unclassified,Unclassified
17-C.bin.109,Bacteria,Acidobacteriota,Thermoanaerobaculia,Multivoradales,UBA5704,Unclassified,Unclassified
17-C.bin.122,Bacteria,Myxococcota,Polyangia,Haliangiales,Haliangiaceae,Unclassified,Unclassified
17-C.bin.133,Bacteria,Gemmatimonadota,Gemmatimonadetes,Gemmatimonadales,GWC2-71-9,Unclassified,Unclassified
17-C.bin.150,Bacteria,Actinomycetota,Acidimicrobiia,UBA5794,ZC4RG35,Unclassified,Unclassified
17-C.bin.163,Bacteria,SAR324,SAR324,SAR324,JACQKK01,Unclassified,Unclassified
17-C.bin.165,Bacteria,Actinomycetota,Acidimicrobiia,Acidimicrobiales,JACDCH01,UBA9382,Unclassified
17-C.bin.17,Bacteria,Gemmatimonadota,Gemmatimonadetes,Longimicrobiales,UBA6960,Unclassified,Unclassified
17-C.bin.185,Bacteria,Pseudomonadota,Gammaproteobacteria,Nevskiales,CAJXLF01,Unclassified,Unclassified
17-C.bin.29,Bacteria,Pseudomonadota,Gammaproteobacteria,Pseudomonadales,Azotimanducaceae_A,Unclassified,Unclassified
17-C.bin.33,Bacteria,Bacteroidota,Rhodothermia,Rhodothermales,Unclassified,Unclassified,Unclassified
17-C.bin.37,Bacteria,Pseudomonadota,Gammaproteobacteria,Nevskiales,CAJXLF01,Unclassified,Unclassified
17-C.bin.42,Bacteria,Pseudomonadota,Alphaproteobacteria,Rhodobacterales,Rhodobacteraceae,Roseovarius,Unclassified
17-C.bin.46,Bacteria,Pseudomonadota,Gammaproteobacteria,HK1,HK1,CAMYJH01,Unclassified
17-C.bin.48,Bacteria,Pseudomonadota,Gammaproteobacteria,Pseudomonadales,Halieaceae,Kineobactrum,Unclassified
17-C.bin.50,Bacteria,Gemmatimonadota,Gemmatimonadetes,Longimicrobiales,UBA6960,IDS-52,Unclassified
17-C.bin.58,Bacteria,Gemmatimonadota,Gemmatimonadetes,Longimicrobiales,UBA6960,Unclassified,Unclassified
17-C.bin.70,Bacteria,Pseudomonadota,Alphaproteobacteria,Sphingomonadales,Sphingomonadaceae,JACXVD01,Unclassified
17-C.bin.86,Bacteria,Pseudomonadota,Gammaproteobacteria,Pseudomonadales,Halomonadaceae,Halomonas,Unclassified
17-C.bin.87,Bacteria,Pseudomonadota,Gammaproteobacteria,Arenicellales,JAANXG01,JAANXG01,Unclassified
18-A.bin.11,Bacteria,Actinomycetota,Acidimicrobiia,IMCC26256,JACPCJ01,Unclassified,Unclassified
18-A.bin.14,Bacteria,Chloroflexota,Anaerolineae,Anaerolineales,UBA4823,Kmv39,Unclassified
18-A.bin.16,Bacteria,Actinomycetota,Nitriliruptoria,Euzebyales,Egibacteraceae,WHTG01,Unclassified
18-A.bin.17,Bacteria,Pseudomonadota,Gammaproteobacteria,Nevskiales,Nevskiaceae,JACPFV01,Unclassified
18-A.bin.19,Bacteria,Actinomycetota,Actinomycetes,Mycobacteriales,Jatrophihabitantaceae,Jatrophihabitans_A,Unclassified
18-A.bin.21,Bacteria,Pseudomonadota,Gammaproteobacteria,Nevskiales,Nevskiaceae,JACPFV01,Unclassified
18-A.bin.22,Bacteria,Actinomycetota,Thermoleophilia,Gaiellales,Gaiellaceae,Gaiellasilicea,Unclassified
18-A.bin.29,Bacteria,Actinomycetota,Acidimicrobiia,Acidimicrobiales,CADCSY01,JAEKLB01,Unclassified
18-A.bin.31,Bacteria,Chloroflexota,Limnocylindria,Limnocylindrales,CSP1-4,Unclassified,Unclassified
18-A.bin.32,Bacteria,Actinomycetota,Thermoleophilia,Solirubrobacterales,Sep-70,Unclassified,Unclassified
18-A.bin.39,Bacteria,Desulfobacterota,Desulfobulbia,Desulfobulbales,Desulfobulbaceae,UBA10518,Unclassified
18-A.bin.41,Bacteria,Pseudomonadota,Alphaproteobacteria,Rhizobiales,Rhizobiaceae,Agrobacterium,Agrobacterium fabrum
18-A.bin.49,Bacteria,Chloroflexota,Limnocylindria,Limnocylindrales,CSP1-4,UBA5189,Unclassified
18-A.bin.52,Bacteria,Actinomycetota,UBA4738,AC-67,AC-67,Unclassified,Unclassified
18-A.bin.57,Bacteria,Pseudomonadota,Gammaproteobacteria,Steroidobacterales,Steroidobacteraceae,Steroidobacter_A,Unclassified
18-A.bin.63,Bacteria,Actinomycetota,Thermoleophilia,Solirubrobacterales,Sep-70,VRUE01,Unclassified
18-A.bin.66,Bacteria,Gemmatimonadota,Gemmatimonadetes,Gemmatimonadales,Gemmatimonadaceae,JACDCY01,Unclassified
18-A.bin.78,Bacteria,Actinomycetota,Acidimicrobiia,Acidimicrobiales,AC-14,CADCTB01,Unclassified
18-A.bin.83,Bacteria,Acidobacteriota,Vicinamibacteria,Marinacidobacterales,SMYC01,Unclassified,Unclassified
18-A.bin.85,Bacteria,Actinomycetota,UBA4738,UBA4738,CALAEC01,Unclassified,Unclassified
18-A.bin.86,Bacteria,Bacteroidota,Bacteroidia,Cytophagales,Cyclobacteriaceae,Chryseosolibacter,Unclassified
18-A.bin.88,Bacteria,Gemmatimonadota,Gemmatimonadetes,Longimicrobiales,UBA6960,UBA2589,Unclassified
18-A.bin.89,Bacteria,Desulfobacterota_B,Binatia,JACPRU01,JACPRU01,Unclassified,Unclassified
18-A.bin.91,Bacteria,Chloroflexota,Dehalococcoidia,DSTF01,WHTK01,WHTK01,Unclassified
18-A.bin.92,Bacteria,Actinomycetota,Actinomycetes,Mycobacteriales,Micromonosporaceae,Glycomyces,Unclassified
18-C.bin.13,Bacteria,Chloroflexota,Anaerolineae,Anaerolineales,UBA4823,Unclassified,Unclassified
18-C.bin.30,Bacteria,Pseudomonadota,Alphaproteobacteria,Sphingomonadales,Sphingomonadaceae,Sphingomicrobium,Unclassified
18-D.bin.26,Bacteria,Chloroflexota,Limnocylindria,QHBO01,QHBO01,JAPSGM01,Unclassified
18-D.bin.31,Bacteria,Chloroflexota,Anaerolineae,Anaerolineales,UBA4823,Kmv39,Unclassified
18-D.bin.8,Bacteria,Actinomycetota,Actinomycetes,Streptomycetales,Streptomycetaceae,Streptomyces,Streptomyces xinghaiensis
1-A.bin.12,Bacteria,Pseudomonadota,Gammaproteobacteria,Pseudomonadales,Halomonadaceae,Halomonas,Unclassified
1-A.bin.22,Bacteria,Actinomycetota,Actinomycetes,Actinomycetales,Micrococcaceae,Zhihengliuella,Unclassified
1-A.bin.24,Bacteria,Actinomycetota,Actinomycetes,Mycobacteriales,Pseudonocardiaceae,Amycolatopsis_D,Unclassified
1-A.bin.26,Bacteria,Actinomycetota,Actinomycetes,Mycobacteriales,Pseudonocardiaceae,Prauserella,Unclassified
1-A.bin.27,Bacteria,Actinomycetota,Actinomycetes,Actinomycetales,Micrococcaceae,Nesterenkonia,Nesterenkonia halophila
1-A.bin.33,Bacteria,Pseudomonadota,Gammaproteobacteria,XJ16,Halofilaceae,Halofilum,Unclassified
1-A.bin.7,Bacteria,Actinomycetota,Actinomycetes,Propionibacteriales,Nocardioidaceae,Nocardioides,Unclassified
1-b.bin.11,Bacteria,Pseudomonadota,Alphaproteobacteria,Rhodobacterales,Rhodobacteraceae,Paracoccus,Paracoccus alkanivorans
1-b.bin.16,Bacteria,Pseudomonadota,Gammaproteobacteria,Pseudomonadales,Oleiphilaceae,Marinobacter,Unclassified
1-b.bin.20,Bacteria,Actinomycetota,Actinomycetes,Actinomycetales,Dermabacteraceae,Brachybacterium,Unclassified
1-b.bin.29,Bacteria,Pseudomonadota,Gammaproteobacteria,Pseudomonadales,Halomonadaceae,Halomonas,Unclassified
1-b.bin.30,Bacteria,Actinomycetota,Actinomycetes,Actinomycetales,Microbacteriaceae,Microbacterium,Unclassified
1-b.bin.32,Bacteria,Pseudomonadota,Gammaproteobacteria,JAIVGZ01,JAIVGZ01,JAIVGZ01,Unclassified
1-b.bin.5,Bacteria,Actinomycetota,Actinomycetes,Actinomycetales,Microbacteriaceae,Microbacterium,Unclassified
1-b.bin.6,Bacteria,Gemmatimonadota,Gemmatimonadetes,Palauibacterales,Palauibacteraceae,Unclassified,Unclassified
1-d.bin.1,Bacteria,Actinomycetota,Actinomycetes,Actinomycetales,Micrococcaceae,Zhihengliuella,Unclassified
1-d.bin.2,Bacteria,Actinomycetota,Actinomycetes,Propionibacteriales,Nocardioidaceae,Nocardioides,Unclassified
1-d.bin.22,Bacteria,Actinomycetota,Actinomycetes,Mycobacteriales,Pseudonocardiaceae,Amycolatopsis_C,Unclassified
2-a.bin.29,Bacteria,Chloroflexota,Anaerolineae,Anaerolineales,E44-bin32,Unclassified,Unclassified
2-a.bin.7,Bacteria,Chloroflexota,Anaerolineae,Anaerolineales,E44-bin32,Unclassified,Unclassified
2-b.bin.12,Bacteria,Desulfobacterota_B,Binatia,JACPRU01,JACPRU01,Unclassified,Unclassified
2-b.bin.26,Bacteria,Pseudomonadota,Alphaproteobacteria,Rhodobacterales,Rhodobacteraceae,Thermohalobaculum,Unclassified
2-b.bin.27,Bacteria,Actinomycetota,JAICYB01,JAICYB01,JAICYB01,Unclassified,Unclassified
2-b.bin.34,Bacteria,Chloroflexota,Dehalococcoidia,SM23-28-2,RBG-16-64-32,CF-162,Unclassified
2-b.bin.7,Bacteria,Pseudomonadota,Gammaproteobacteria,Arenicellales,JAANXG01,JAANXG01,Unclassified
2-c.bin.32,Bacteria,Pseudomonadota,Gammaproteobacteria,Pseudomonadales,Oleiphilaceae,Marinobacter,Unclassified
4-B.bin.24,Bacteria,Pseudomonadota,Gammaproteobacteria,Pseudomonadales,Oleiphilaceae,Marinobacter,Unclassified
4-B.bin.27,Bacteria,Bacteroidota,Bacteroidia,Flavobacteriales,Flavobacteriaceae,Sinomicrobium,Unclassified
4-B.bin.28,Bacteria,Actinomycetota,Acidimicrobiia,IMCC26256,JACPCJ01,Unclassified,Unclassified
4-B.bin.41,Bacteria,Gemmatimonadota,Gemmatimonadetes,Palauibacterales,Palauibacteraceae,Unclassified,Unclassified
4-B.bin.44,Bacteria,Pseudomonadota,Gammaproteobacteria,JAIVGZ01,JAIVGZ01,JAIVGZ01,Unclassified
4-B.bin.8,Bacteria,Actinomycetota,Acidimicrobiia,UBA5794,ZC4RG35,ZC4RG17,Unclassified
4-C.bin.16,Bacteria,Pseudomonadota,Gammaproteobacteria,Pseudomonadales,Halomonadaceae,Halomonas,Unclassified
4-C.bin.25,Bacteria,Planctomycetota,Planctomycetia,Planctomycetales,Planctomycetaceae,Unclassified,Unclassified
4-C.bin.32,Bacteria,Pseudomonadota,Gammaproteobacteria,Pseudomonadales,Oleiphilaceae,Marinobacter,Unclassified
4-C.bin.7,Bacteria,Pseudomonadota,Gammaproteobacteria,UBA4486,UBA4486,Methylohalomonas,Unclassified
4-D.bin.11,Bacteria,Bacteroidota,Rhodothermia,Balneolales,Balneolaceae,Halalkalibaculum,Unclassified
4-D.bin.19,Bacteria,Acidobacteriota,Thermoanaerobaculia,Multivoradales,JAIOJS01,Unclassified,Unclassified
4-D.bin.3,Bacteria,Pseudomonadota,Gammaproteobacteria,Xanthomonadales,Wenzhouxiangellaceae,Unclassified,Unclassified
4-D.bin.4,Bacteria,Bacteroidota,Bacteroidia,Flavobacteriales,Flavobacteriaceae,Salegentibacter,Unclassified
4-D.bin.8,Bacteria,Gemmatimonadota,Gemmatimonadetes,Palauibacterales,Palauibacteraceae,Unclassified,Unclassified
5-B.bin.11,Bacteria,Pseudomonadota,Gammaproteobacteria,Pseudomonadales,Halomonadaceae,Modicisalibacter,Unclassified
5-B.bin.13,Bacteria,Bacteroidota,Bacteroidia,Flavobacteriales,Flavobacteriaceae,Sinomicrobium,Sinomicrobium kalidii
5-B.bin.14,Bacteria,Actinomycetota,Actinomycetes,Streptosporangiales,Streptosporangiaceae,Nocardiopsis,Unclassified
5-B.bin.2,Bacteria,Pseudomonadota,Gammaproteobacteria,Pseudomonadales,Halomonadaceae,Halomonas,Halomonas beimenensis
5-B.bin.28,Bacteria,Pseudomonadota,Gammaproteobacteria,XJ16,Halofilaceae,Halofilum,Unclassified
5-B.bin.45,Bacteria,Pseudomonadota,Alphaproteobacteria,Kiloniellales,Kiloniellaceae,Pelagibius,Unclassified
5-B.bin.7,Bacteria,Pseudomonadota,Gammaproteobacteria,Pseudomonadales,Halomonadaceae,Vreelandella,Unclassified
5-C.bin.12,Bacteria,Pseudomonadota,Gammaproteobacteria,Pseudomonadales,Porticoccaceae,DGNJ01,Unclassified
5-C.bin.16,Bacteria,Pseudomonadota,Gammaproteobacteria,Pseudomonadales,Halomonadaceae,Vreelandella,Unclassified
5-C.bin.40,Bacteria,Bacillota,Bacilli,Bacillales_G,Fictibacillaceae,Pseudalkalibacillus,Unclassified
5-C.bin.44,Bacteria,Bacteroidota,Rhodothermia,Balneolales,Balneolaceae,Rhodohalobacter,Unclassified
5-C.bin.5,Bacteria,Pseudomonadota,Gammaproteobacteria,Pseudomonadales,Natronospirillaceae,Saccharospirillum,Unclassified
5-C.bin.53,Bacteria,KSB1,UBA2214,CR04bin15,N075bin58,Unclassified,Unclassified
5-C.bin.9,Bacteria,Pseudomonadota,Alphaproteobacteria,Rhodospirillales_A,Casp-alpha2,Unclassified,Unclassified
5-D.bin.20,Bacteria,Gemmatimonadota,Gemmatimonadetes,Palauibacterales,KS3-K002,Unclassified,Unclassified
5-D.bin.21,Bacteria,Pseudomonadota,Gammaproteobacteria,XJ16,Halofilaceae,Halofilum,Unclassified
5-D.bin.3,Bacteria,Pseudomonadota,Gammaproteobacteria,Pseudomonadales,Halomonadaceae,Modicisalibacter,Unclassified
5-D.bin.31,Bacteria,Actinomycetota,Actinomycetes,Streptosporangiales,Streptosporangiaceae,Nocardiopsis,Nocardiopsis sinuspersici
5-D.bin.34,Bacteria,Pseudomonadota,Gammaproteobacteria,Nitrosococcales,Methylophagaceae,Methylophaga,Unclassified
5-D.bin.45,Bacteria,Actinomycetota,Acidimicrobiia,IMCC26256,JACPCJ01,Unclassified,Unclassified
5-D.bin.48,Bacteria,Gemmatimonadota,Gemmatimonadetes,Longimicrobiales,UBA6960,Unclassified,Unclassified
5-D.bin.56,Bacteria,Gemmatimonadota,Gemmatimonadetes,Longimicrobiales,UBA6960,Unclassified,Unclassified
5-D.bin.6,Bacteria,Pseudomonadota,Gammaproteobacteria,Pseudomonadales,Halomonadaceae,Modicisalibacter,Modicisalibacter luteus
5-D.bin.61,Bacteria,Pseudomonadota,Gammaproteobacteria,Pseudomonadales,Spongiibacteraceae,Unclassified,Unclassified
6-B.bin.15,Bacteria,Acidobacteriota,Polarisedimenticolia,JACPZX01,JACPZX01,Unclassified,Unclassified
6-B.bin.19,Bacteria,Actinomycetota,Nitriliruptoria,Nitriliruptorales,Nitriliruptoraceae,Unclassified,Unclassified
6-B.bin.28,Bacteria,Pseudomonadota,Gammaproteobacteria,Woeseiales,Woeseiaceae,Unclassified,Unclassified
6-B.bin.34,Bacteria,Actinomycetota,JAICYB01,JAICYB01,JAICYB01,Unclassified,Unclassified
6-B.bin.35,Bacteria,Actinomycetota,Actinomycetes,Mycobacteriales,Pseudonocardiaceae,Amycolatopsis_C,Unclassified
6-B.bin.50,Bacteria,Gemmatimonadota,Gemmatimonadetes,Palauibacterales,Palauibacteraceae,Unclassified,Unclassified
6-C.bin.13,Bacteria,Pseudomonadota,Gammaproteobacteria,Pseudomonadales,Halomonadaceae,Halomonas,Halomonas heilongjiangensis
6-C.bin.22,Bacteria,Actinomycetota,Actinomycetes,Propionibacteriales,Nocardioidaceae,WHTB01,Unclassified
6-C.bin.32,Bacteria,Actinomycetota,Thermoleophilia,Solirubrobacterales,Sep-70,VRUE01,Unclassified
6-C.bin.39,Bacteria,Actinomycetota,Actinomycetes,Mycobacteriales,Pseudonocardiaceae,Amycolatopsis_C,Unclassified
6-C.bin.42,Bacteria,Pseudomonadota,Gammaproteobacteria,Burkholderiales,SG8-41,SG8-41,Unclassified
6-C.bin.44,Bacteria,Actinomycetota,Nitriliruptoria,Nitriliruptorales,JAHWKO01,JAHWKO01,Unclassified
6-C.bin.46,Bacteria,Pseudomonadota,Gammaproteobacteria,Xanthomonadales,SZUA-36,CALKKN01,Unclassified
6-C.bin.47,Bacteria,Pseudomonadota,Gammaproteobacteria,Woeseiales,Woeseiaceae,IDS-8,Unclassified
7-B.bin.13,Bacteria,Pseudomonadota,Gammaproteobacteria,Xanthomonadales,SZUA-36,JAUIBE01,Unclassified
7-B.bin.8,Bacteria,Pseudomonadota,Gammaproteobacteria,Pseudomonadales,Oleiphilaceae,Marinobacter,Marinobacter sp003994855
7-c.bin.46,Bacteria,Pseudomonadota,Gammaproteobacteria,JAIVGZ01,JAIVGZ01,JAIVGZ01,Unclassified
7-c.bin.5,Bacteria,Pseudomonadota,Gammaproteobacteria,Pseudomonadales,Pseudomonadaceae,Pseudomonas_E,Unclassified
7-c.bin.59,Bacteria,Pseudomonadota,Gammaproteobacteria,HK1,HK1,CAMYJH01,Unclassified
7-c.bin.9,Bacteria,Chloroflexota,Anaerolineae,Anaerolineales,E44-bin32,Unclassified,Unclassified
7-D.bin.13,Bacteria,Pseudomonadota,Alphaproteobacteria,Rhizobiales,Rhizobiaceae,Nitratireductor_A,Nitratireductor_A luteus
7-D.bin.23,Bacteria,Desulfobacterota_B,Binatia,JACPRU01,JACPRU01,Unclassified,Unclassified
7-D.bin.27,Bacteria,Gemmatimonadota,Gemmatimonadetes,Palauibacterales,Palauibacteraceae,JAOTZH01,Unclassified
7-D.bin.33,Bacteria,Actinomycetota,Nitriliruptoria,Euzebyales,Egibacteraceae,Unclassified,Unclassified
7-D.bin.34,Bacteria,Actinomycetota,Actinomycetes,Propionibacteriales,Nocardioidaceae,Nocardioides,Unclassified
7-D.bin.36,Bacteria,Actinomycetota,Nitriliruptoria,Nitriliruptorales,Nitriliruptoraceae,Unclassified,Unclassified
7-D.bin.41,Bacteria,Actinomycetota,Acidimicrobiia,Acidimicrobiales,Unclassified,Unclassified,Unclassified
7-D.bin.44,Bacteria,Pseudomonadota,Gammaproteobacteria,Burkholderiales,SG8-39,JAABQT01,Unclassified
7-D.bin.45,Bacteria,Actinomycetota,Acidimicrobiia,Acidimicrobiales,JACDCH01,Unclassified,Unclassified
7-D.bin.57,Bacteria,Pseudomonadota,Gammaproteobacteria,JAJUFS01,JAJUFS01,JAJUFS01,Unclassified
7-D.bin.9,Bacteria,Pseudomonadota,Gammaproteobacteria,Nitrosococcales,Methylophagaceae,Methylophaga,Unclassified
8-a.bin.13,Bacteria,Actinomycetota,Actinomycetes,Streptomycetales,Streptomycetaceae,Streptomyces,Unclassified
8-a.bin.15,Bacteria,Actinomycetota,Thermoleophilia,Solirubrobacterales,Thermoleophilaceae,JAAYBF01,Unclassified
8-a.bin.17,Bacteria,Actinomycetota,Thermoleophilia,Solirubrobacterales,Solirubrobacteraceae,CADCVQ01,Unclassified
8-a.bin.3,Bacteria,Actinomycetota,Actinomycetes,Mycobacteriales,Pseudonocardiaceae,Pseudonocardia,Unclassified
8-a.bin.5,Bacteria,Actinomycetota,Actinomycetes,Mycobacteriales,Micromonosporaceae,Glycomyces,Unclassified
8-a.bin.8,Bacteria,Actinomycetota,Actinomycetes,Mycobacteriales,Pseudonocardiaceae,Actinophytocola,Unclassified
8-B.bin.11,Bacteria,Acidobacteriota,Thermoanaerobaculia,Gp7-AA8,Gp7-AA8,QHVT01,Unclassified
8-C.bin.6,Bacteria,Chloroflexota,Chloroflexia,Chloroflexales,Kallotenuaceae,LB3-1,Unclassified
9-A.bin.16,Bacteria,Chloroflexota,Anaerolineae,Promineifilales,Promineifilaceae,JAAYYY01,Unclassified
9-A.bin.18,Bacteria,Gemmatimonadota,Gemmatimonadetes,Longimicrobiales,UBA6960,Unclassified,Unclassified
9-A.bin.19,Bacteria,Chloroflexota,Anaerolineae,Promineifilales,Promineifilaceae,JAAYYY01,Unclassified
9-A.bin.24,Bacteria,Pseudomonadota,Gammaproteobacteria,SZUA-152,SZUA-152,JAJDNG01,Unclassified
9-A.bin.27,Bacteria,Eisenbacteria,RBG-16-71-46,JABDJR01,JABDJR01,Unclassified,Unclassified
9-A.bin.33,Bacteria,Gemmatimonadota,Gemmatimonadetes,Longimicrobiales,UBA6960,UBA2589,Unclassified
9-A.bin.37,Bacteria,Nitrospirota,Nitrospiria,Unclassified,Unclassified,Unclassified,Unclassified
9-A.bin.4,Bacteria,Pseudomonadota,Gammaproteobacteria,Arenicellales,JAANXG01,JAANXG01,Unclassified
9-A.bin.41,Bacteria,Pseudomonadota,Gammaproteobacteria,Rariloculales,Rariloculaceae,JAHEEO01,Unclassified
9-A.bin.44,Bacteria,Pseudomonadota,Gammaproteobacteria,Unclassified,Unclassified,Unclassified,Unclassified
9-A.bin.5,Bacteria,Planctomycetota,Planctomycetia,Pirellulales,JALHLM01,Unclassified,Unclassified
9-A.bin.59,Bacteria,Pseudomonadota,Gammaproteobacteria,Acidiferrobacterales,CAJVXG01,Unclassified,Unclassified
9-A.bin.62,Bacteria,Pseudomonadota,Gammaproteobacteria,SZUA-152,SZUA-152,Unclassified,Unclassified
9-A.bin.80,Bacteria,Pseudomonadota,Gammaproteobacteria,Pseudomonadales,Halomonadaceae,Halomonas,Halomonas sp003202205
9-A.bin.81,Bacteria,Bacteroidota,Rhodothermia,Balneolales,Balneolaceae,Rhodohalobacter,Unclassified
9-C.bin.2,Bacteria,Pseudomonadota,Gammaproteobacteria,Xanthomonadales,Wenzhouxiangellaceae,Unclassified,Unclassified
9-C.bin.20,Bacteria,Actinomycetota,Acidimicrobiia,UBA5794,ZC4RG35,Ww567,Unclassified
9-D.bin.15,Bacteria,Chloroflexota,Dehalococcoidia,UBA3495,UBA3495,Unclassified,Unclassified
9-D.bin.29,Bacteria,Pseudomonadota,Gammaproteobacteria,UBA4486,UBA4486,Unclassified,Unclassified
9-D.bin.34,Bacteria,Acidobacteriota,Thermoanaerobaculia,Multivoradales,UBA5704,Unclassified,Unclassified
9-D.bin.53,Bacteria,Actinomycetota,UBA4738,AC-67,AC-67,Unclassified,Unclassified
9-D.bin.55,Bacteria,Gemmatimonadota,Gemmatimonadetes,Gemmatimonadales,GWC2-71-9,Unclassified,Unclassified
ERR13934192.bin.19,Bacteria,Actinomycetota,Actinomycetes,Actinomycetales,Cellulomonadaceae,Actinotalea,Unclassified
ERR13934192.bin.6,Bacteria,Verrucomicrobiota,Verrucomicrobiae,Limisphaerales,SIBE01,Unclassified,Unclassified
ERR13934200.bin.14,Bacteria,Bacillota_I,Bacilli_A,Erysipelotrichales,Erysipelotrichaceae,GWE2-51-13,Unclassified
ERR13934200.bin.15,Bacteria,Pseudomonadota,Gammaproteobacteria,Burkholderiales,Rhodocyclaceae,Sulfuricystis,Unclassified
ERR13934200.bin.16,Bacteria,Desulfobacterota,Desulfuromonadia,Desulfuromonadales,CALZIZ01,Unclassified,Unclassified
ERR13934200.bin.21,Bacteria,Bacteroidota,Bacteroidia,Bacteroidales,Prolixibacteraceae,Draconibacterium,Unclassified
ERR13934200.bin.25,Bacteria,Verrucomicrobiota,Verrucomicrobiae,Limisphaerales,UBA8199,Unclassified,Unclassified
ERR13934200.bin.33,Bacteria,Goldbacteria,PGYV01,PGYV01,DSBP01,Unclassified,Unclassified
ERR13934202.bin.10,Bacteria,Bacteroidota,Bacteroidia,Bacteroidales,Prolixibacteraceae,UBA6024,Unclassified
ERR13934202.bin.15,Bacteria,Bacteroidota,Bacteroidia,Flavobacteriales,Flavobacteriaceae,JAGXRT01,JAGXRT01 sp023700885
ERR13934205.bin.11,Bacteria,Desulfobacterota,Desulfuromonadia,Geobacterales,Pseudopelobacteraceae,CAIPTY01,Unclassified
ERR13934205.bin.13,Bacteria,Desulfobacterota,Desulfuromonadia,Desulfuromonadales,UBA2197,UBA2197,Unclassified
ERR13934205.bin.17,Bacteria,Desulfobacterota,Desulfobacteria,Desulfobacterales,Desulfobacteraceae,Desulfobacula,Unclassified
ERR13934205.bin.19,Bacteria,Dependentiae,Babeliae,Babeliales,Babeliaceae,Unclassified,Unclassified
ERR13934205.bin.33,Bacteria,Bacillota_A,Clostridia,Saccharofermentanales,UBA5734,Unclassified,Unclassified
ERR13934205.bin.36,Bacteria,Desulfobacterota,Desulfuromonadia,Geobacterales,Pseudopelobacteraceae,Trichlorobacter,Unclassified
ERR13934205.bin.37,Bacteria,Desulfobacterota,Desulfuromonadia,Geobacterales,Geobacteraceae,Geomonas,Unclassified
ERR13934205.bin.40,Bacteria,Bacillota_A,Clostridia,Saccharofermentanales,UBA5734,Unclassified,Unclassified
ERR13934208.bin.12,Bacteria,Pseudomonadota,Gammaproteobacteria,Burkholderiales,Sulfuricellaceae,Sulfuricella,Unclassified
ERR13934208.bin.16,Bacteria,Desulfobacterota,Desulfuromonadia,Desulfuromonadales,Trichloromonadaceae,Trichloromonas,Unclassified
ERR13934208.bin.28,Bacteria,Desulfobacterota,Desulfuromonadia,Desulfuromonadales,UBA2197,UBA2197,Unclassified
ERR13934208.bin.4,Bacteria,Elusimicrobiota,Elusimicrobia,Elusimicrobiales,UBA9959,UBA9959,Unclassified
ERR13934211.bin.14,Bacteria,Bacillota_B,Thermincolia,Thermincolales,UBA2595,Phosphitispora,Phosphitispora sp016841725
ERR13934211.bin.16,Bacteria,Desulfobacterota,Desulfuromonadia,Geobacterales,Pseudopelobacteraceae,JACRCG01,Unclassified
ERR13934211.bin.2,Bacteria,Elusimicrobiota,Elusimicrobia,Elusimicrobiales,UBA9959,UBA9959,Unclassified
ERR13934211.bin.21,Bacteria,Bacillota_I,Bacilli_A,Erysipelotrichales,Erysipelotrichaceae,UBA2212,Unclassified
ERR13934211.bin.26,Bacteria,Bacteroidota,Bacteroidia,Bacteroidales,VadinHA17,LD21,Unclassified
ERR13934211.bin.28,Bacteria,Bacteroidota,Bacteroidia,Bacteroidales,VadinHA17,LD21,Unclassified
ERR13934211.bin.3,Bacteria,Bacillota_B,Desulfotomaculia,Desulfotomaculales,Unclassified,Unclassified,Unclassified
ERR13934211.bin.41,Bacteria,Chloroflexota,Anaerolineae,Anaerolineales,Anaerolineaceae,UBA6107,Unclassified
ERR13934211.bin.48,Bacteria,Desulfobacterota,Desulfuromonadia,Geobacterales,Geobacteraceae,Geomonas,Unclassified
ERR13934211.bin.9,Bacteria,Desulfobacterota,Desulfuromonadia,Geobacterales,DSM-12255,VEOV01,Unclassified
ERR5003884.bin.2,Bacteria,Chloroflexota,Ktedonobacteria,Ktedonobacterales,Ktedonobacteraceae,Unclassified,Unclassified
ERR5004157.bin.14,Bacteria,Gemmatimonadota,Gemmatimonadetes,Gemmatimonadales,Gemmatimonadaceae,UBA4720,Unclassified
ERR5004157.bin.17,Bacteria,Verrucomicrobiota,Verrucomicrobiae,Chthoniobacterales,UBA10450,AV80,AV80 sp003167555
ERR5004157.bin.18,Bacteria,Chloroflexota,Limnocylindria,QHBO01,QHBO01,CF-167,Unclassified
ERR5004157.bin.2,Bacteria,Pseudomonadota,Gammaproteobacteria,Burkholderiales,Burkholderiaceae,Schlegelella_A,Schlegelella_A sp017881025
ERR5004157.bin.9,Bacteria,Nitrospirota,Nitrospiria,Nitrospirales,Nitrospiraceae,Palsa-1315,Palsa-1315 sp003135435
ERR5004671.bin.3,Bacteria,Eremiobacterota,Eremiobacteria,Eremiobacterales,Eremiobacteraceae,Unclassified,Unclassified
ERR5004944.bin.23,Bacteria,Gemmatimonadota,Gemmatimonadetes,Gemmatimonadales,Gemmatimonadaceae,UBA4720,Unclassified
ERR5004944.bin.7,Bacteria,Chloroflexota,Limnocylindria,P2-11E,P2-11E,UBA4735,Unclassified
ERR5004944.bin.8,Bacteria,Acidobacteriota,Thermoanaerobaculia,UBA5066,UBA5066,Fen-183,Unclassified
ERR9527525.bin.11,Bacteria,Bacteroidota,Bacteroidia,Bacteroidales,UBA7960,UBA7960,Unclassified
ERR9527525.bin.2,Bacteria,Bacillota_H,UBA994,UBA994,UBA994,WSXW01,Unclassified
ERR9527525.bin.22,Bacteria,Bacillota_A,Clostridia,Peptostreptococcales,Thermotaleaceae,JAGXRU01,JAGXRU01 sp018335765
ERR9527525.bin.23,Bacteria,Bacillota_A,Clostridia,Peptostreptococcales,Acidaminobacteraceae,Fusibacter_C,Unclassified
ERR9527525.bin.35,Bacteria,Bacillota_A,Clostridia,Saccharofermentanales,UBA5734,UBA8949,Unclassified
ERR9527525.bin.37,Bacteria,Bacillota_D,Dethiobacteria,Dethiobacterales,Dethiobacteraceae,GPS1B09,GPS1B09 sp018333455
ERR9527525.bin.4,Bacteria,Pseudomonadota,Gammaproteobacteria,Enterobacterales,Alteromonadaceae,Pararheinheimera,Unclassified
ERR9527525.bin.41,Bacteria,Bacillota_I,Bacilli_A,Erysipelotrichales,Erysipelotrichaceae,UBA2212,Unclassified
ERR9527525.bin.44,Bacteria,Bacillota_H,UBA994,UBA994,UBA994,UBA2296,Unclassified
ERR9527525.bin.56,Bacteria,Bacteroidota,Bacteroidia,Bacteroidales,UBA7960,Unclassified,Unclassified
ERR9527525.bin.6,Bacteria,Bacteroidota,Ignavibacteria,Ignavibacteriales,Ignavibacteriaceae,PNNF01,PNNF01 sp013824085
ERR9527526.bin.11,Bacteria,Bacillota_I,Bacilli_A,Erysipelotrichales,Erysipelotrichaceae,UBA2227,UBA2227 sp024709285
ERR9527526.bin.16,Bacteria,Spirochaetota,Spirochaetia,Treponematales,Rectinemataceae,VKGY01,VKGY01 sp008080685
ERR9527526.bin.20,Bacteria,Acidobacteriota,Terriglobia,Bryobacterales,Bryobacteraceae,JAMCRM01,Unclassified
ERR9527526.bin.21,Bacteria,Bacteroidota,Bacteroidia,Flavobacteriales,Flavobacteriaceae,JAGXRT01,Unclassified
ERR9527526.bin.35,Bacteria,Bacillota_I,Bacilli_A,Erysipelotrichales,Erysipelotrichaceae,UBA2212,Unclassified
ERR9527526.bin.37,Bacteria,Bacillota_E,Symbiobacteriia,Symbiobacteriales,Symbiobacteriaceae,RYN-353,Unclassified
ERR9527526.bin.49,Bacteria,Bacteroidota,Bacteroidia,Bacteroidales,Prolixibacteraceae,UBA6024,Unclassified
ERR9527526.bin.9,Bacteria,Pseudomonadota,Gammaproteobacteria,Burkholderiales,Rhodocyclaceae,Unclassified,Unclassified
ERR9527527.bin.11,Bacteria,Fibrobacterota,Fibrobacteria,UBA5070,UBA5070,UBA5070,Unclassified
ERR9527527.bin.18,Bacteria,Bacteroidota,Bacteroidia,Bacteroidales,Prolixibacteraceae,Draconibacterium,Unclassified
ERR9527527.bin.22,Bacteria,Acidobacteriota,Terriglobia,Bryobacterales,Bryobacteraceae,PNKE01,Unclassified
ERR9527527.bin.3,Bacteria,Pseudomonadota,Gammaproteobacteria,Thiomicrospirales,Thiomicrospiraceae,GCA-002282575,Unclassified
ERR9527527.bin.37,Bacteria,Bacteroidota,Bacteroidia,Bacteroidales,Prolixibacteraceae,UBA1413,UBA1413 sp030602265
ERR9527528.bin.13,Bacteria,Bacteroidota,Bacteroidia,Bacteroidales,UBA932,Bact-08,Unclassified
ERR9527528.bin.17,Bacteria,Bacteroidota,Bacteroidia,Bacteroidales,VadinHA17,SLNP01,Unclassified
ERR9527528.bin.20,Bacteria,Bacillota_D,Dethiobacteria,Dethiobacterales,Dethiobacteraceae,UBA7523,Unclassified
ERR9527528.bin.27,Bacteria,Bacillota_H,UBA994,UBA994,UBA994,WSXW01,Unclassified
ERR9527528.bin.29,Bacteria,Desulfobacterota,Desulfuromonadia,Desulfuromonadales,UBA2197,UBA2197,Unclassified
ERR9527528.bin.30,Bacteria,Planctomycetota,Phycisphaerae,Sedimentisphaerales,Anaerohalosphaeraceae,T3Sed10-213,Unclassified
ERR9527528.bin.31,Bacteria,Bacteroidota,Bacteroidia,Bacteroidales,Tenuifilaceae,Perlabentimonas,Unclassified
ERR9527528.bin.37,Bacteria,Bacteroidota,Bacteroidia,Bacteroidales,Prolixibacteraceae,UBA1413,Unclassified
ERR9527528.bin.38,Bacteria,Bacillota_B,Desulfotomaculia,Desulfotomaculales,Unclassified,Unclassified,Unclassified
ERR9527528.bin.39,Bacteria,Desulfobacterota,Desulfuromonadia,Geobacterales,Geobacteraceae,DSM-9736,Unclassified
ERR9527529.bin.10,Bacteria,Bacillota_I,Bacilli_A,ML615J-28,Unclassified,Unclassified,Unclassified
ERR9527529.bin.17,Bacteria,Spirochaetota,Spirochaetia,Treponematales,Rectinemataceae,UBA2256,Unclassified
ERR9527529.bin.34,Bacteria,Desulfobacterota,Desulfuromonadia,Desulfuromonadales,UBA2197,UBA2197,Unclassified
ERR9527529.bin.37,Bacteria,Bacteroidota,Bacteroidia,Bacteroidales,Prolixibacteraceae,Mariniphaga,Unclassified
ERR9527530.bin.24,Bacteria,Desulfobacterota,Desulfuromonadia,Geobacterales,Geobacteraceae,DSM-9736,Unclassified
ERR9527530.bin.30,Bacteria,Bacillota_B,Desulfotomaculia,Desulfotomaculales,Unclassified,Unclassified,Unclassified
ERR9527530.bin.37,Bacteria,Spirochaetota,Spirochaetia,Treponematales,UBA12059,MIBM01,Unclassified
ERR9527531.bin.16,Bacteria,Pseudomonadota,Gammaproteobacteria,Burkholderiales,Rhodocyclaceae,Sulfuricystis,Unclassified
ERR9527531.bin.2,Bacteria,Bacillota_I,Bacilli_A,Erysipelotrichales,Erysipelotrichaceae,UBA6182,Unclassified
ERR9527531.bin.23,Bacteria,Bacteroidota,Bacteroidia,Bacteroidales,VadinHA17,SLNP01,Unclassified
ERR9527531.bin.3,Bacteria,Chloroflexota,Ktedonobacteria,Ktedonobacterales,Ktedonobacteraceae,Unclassified,Unclassified
ERR9527531.bin.34,Bacteria,Desulfobacterota,Desulfuromonadia,Desulfuromonadales,UBA2197,UBA2197,Unclassified
ERR9527531.bin.37,Bacteria,Actinomycetota,Actinomycetes,Mycobacteriales,Mycobacteriaceae,Mycobacterium,Unclassified
ERR9527531.bin.7,Bacteria,Bacillota_I,Bacilli_A,Erysipelotrichales,Erysipelotrichaceae,UBA2212,Unclassified
ERR9527531.bin.8,Bacteria,Spirochaetota,Spirochaetia,Treponematales,UBA12059,MIBM01,Unclassified
ERR9527532.bin.1,Bacteria,Caldisericota,Caldisericia,UBA6126,UBA6126,T3SED10-260,Unclassified
ERR9527532.bin.20,Bacteria,Acidobacteriota,Terriglobia,Bryobacterales,Bryobacteraceae,PNKE01,Unclassified
ERR9527532.bin.23,Bacteria,Desulfobacterota,Syntrophia,Syntrophales,Smithellaceae,UBA8904,Unclassified
ERR9527532.bin.30,Bacteria,Bacteroidota,Bacteroidia,Bacteroidales,VadinHA17,SLNP01,Unclassified
ERR9527533.bin.10,Bacteria,Pseudomonadota,Gammaproteobacteria,Burkholderiales,Rhodocyclaceae,Sulfuricystis,Unclassified
ERR9527533.bin.16,Bacteria,Pseudomonadota,Gammaproteobacteria,Pseudomonadales,Pseudomonadaceae,Pseudomonas_E,Pseudomonas_E sp001465025
ERR9527533.bin.33,Bacteria,Bacteroidota,Bacteroidia,Bacteroidales,Prolixibacteraceae,Draconibacterium,Draconibacterium sp009773765
ERR9527533.bin.36,Bacteria,Bacteroidota,Bacteroidia,Bacteroidales,Paludibacteraceae,Paludibacter,Unclassified
ERR9527533.bin.38,Bacteria,Bacillota_I,Bacilli_A,Erysipelotrichales,Erysipelotrichaceae,UBA6182,Unclassified
ERR9527533.bin.39,Bacteria,Bacillota_A,Clostridia,Caldicoprobacterales,Unclassified,Unclassified,Unclassified
ERR9527533.bin.44,Bacteria,Bacillota_D,Dethiobacteria,Dethiobacterales,Dethiobacteraceae,Unclassified,Unclassified
ERR9527533.bin.45,Bacteria,Pseudomonadota,Gammaproteobacteria,Burkholderiales,Burkholderiaceae,Giesbergeria,Unclassified
ERR9527534.bin.28,Bacteria,Bacillota_A,Clostridia,DSM-8532,DSM-8532,JAEWSN01,Unclassified
ERR9527534.bin.30,Bacteria,Desulfobacterota,Desulfuromonadia,Desulfuromonadales,WTL,Unclassified,Unclassified
ERR9527534.bin.8,Bacteria,Bacillota_I,Bacilli_A,Erysipelotrichales,Erysipelotrichaceae,UBA2227,Unclassified
ERR9527534.bin.9,Bacteria,Bacillota_I,Bacilli_A,Erysipelotrichales,Erysipelotrichaceae,UBA6182,Unclassified
ERR9527535.bin.30,Bacteria,Bacillota_A,Clostridia,Peptostreptococcales,Anaerovoracaceae,PHAE01,Unclassified
ERR9527535.bin.35,Bacteria,Desulfobacterota,Desulfovibrionia,Desulfovibrionales,Desulfomicrobiaceae,Desulfomicrobium,Desulfomicrobium sp018902545
ERR9527536.bin.17,Bacteria,Desulfobacterota,Desulfuromonadia,Desulfuromonadales,Unclassified,Unclassified,Unclassified
ERR9527536.bin.25,Bacteria,Bacteroidota,Bacteroidia,Bacteroidales,Prolixibacteraceae,UBA1413,UBA1413 sp023428545
ERR9527536.bin.31,Bacteria,Bacteroidota,Bacteroidia,Bacteroidales,Prolixibacteraceae,Draconibacterium,Unclassified
ERR9527536.bin.32,Bacteria,Bacteroidota,Bacteroidia,Bacteroidales,Marinilabiliaceae,CALEUX01,Unclassified
ERR9527536.bin.33,Bacteria,Actinomycetota,Coriobacteriia,Anaerosomatales,JAHIQC01,Unclassified,Unclassified
ERR9527536.bin.39,Bacteria,Bacteroidota,Bacteroidia,Bacteroidales,Prolixibacteraceae,UBA1413,Unclassified
ERR9527536.bin.7,Bacteria,Spirochaetota,Spirochaetia,Treponematales,UBA12059,MIBM01,Unclassified
ERR9527537.bin.11,Bacteria,Pseudomonadota,Gammaproteobacteria,REEB76,REEB76,Unclassified,Unclassified
ERR9527537.bin.13,Bacteria,Pseudomonadota,Alphaproteobacteria,ATCC43930,Stellaceae,Unclassified,Unclassified
ERR9527537.bin.14,Bacteria,Pseudomonadota,Gammaproteobacteria,REEB76,REEB76,REEB76,REEB76 sp027317045
ERR9527537.bin.16,Bacteria,Acidobacteriota,Terriglobia,Acidoferrales,UBA7541,Palsa-295,Unclassified
ERR9527537.bin.8,Bacteria,Bacillota_G,UBA4882,JAAYXC01,JAAYXC01,Unclassified,Unclassified
SRR1164896.bin.11,Bacteria,Bacteroidota,Bacteroidia,Flavobacteriales,Flavobacteriaceae,Planktosalinus,Planktosalinus sp018402385
SRR1164896.bin.12,Bacteria,Pseudomonadota,Alphaproteobacteria,Rhodobacterales,Rhodobacteraceae,Yoonia,Unclassified
SRR1164896.bin.19,Bacteria,Pseudomonadota,Gammaproteobacteria,Enterobacterales,Psychromonadaceae,Psychromonas,Unclassified
SRR1164896.bin.2,Bacteria,Pseudomonadota,Gammaproteobacteria,Enterobacterales,Shewanellaceae,Shewanella,Shewanella frigidimarina
SRR1164896.bin.23,Bacteria,Actinomycetota,Actinomycetes,S36-B12,S36-B12,S36-B12,Unclassified
SRR1164896.bin.24,Bacteria,Pseudomonadota,Gammaproteobacteria,Xanthomonadales,Wenzhouxiangellaceae,Wenzhouxiangella,Unclassified
SRR1164896.bin.27,Bacteria,Bacillota,Bacilli,Bacillales,Bacillaceae,Bacillus,Bacillus velezensis
SRR1164896.bin.30,Bacteria,Pseudomonadota,Gammaproteobacteria,Pseudomonadales,Cellvibrionaceae,Marinagarivorans,Unclassified
SRR1164896.bin.4,Bacteria,Pseudomonadota,Gammaproteobacteria,Pseudomonadales,Cellvibrionaceae,Unclassified,Unclassified
SRR14626313.bin.1,Bacteria,Pseudomonadota,Gammaproteobacteria,Nitrococcales,Nitrococcaceae,Spiribacter,Unclassified
SRR14626313.bin.11,Bacteria,Desulfobacterota,Desulfobacteria,Desulfobacterales,Desulfosalsimonadaceae,M55B175,M55B175 sp018334555
SRR14626313.bin.24,Bacteria,Pseudomonadota,Gammaproteobacteria,Nitrococcales,Nitrococcaceae,Spiribacter,Unclassified
SRR14626313.bin.6,Bacteria,Pseudomonadota,Alphaproteobacteria,Rhodobacterales,Rhodobacteraceae,JASJAR01,Unclassified
SRR16229770.bin.19,Bacteria,Pseudomonadota,Gammaproteobacteria,Burkholderiales,SG8-39,SCGC-AG-212-J23,Unclassified
SRR16229770.bin.4,Bacteria,Pseudomonadota,Gammaproteobacteria,Burkholderiales,Chromobacteriaceae,Vogesella,Vogesella indigofera_A
SRR16229771.bin.10,Bacteria,Pseudomonadota,Gammaproteobacteria,Burkholderiales,SG8-39,JAABQT01,Unclassified
SRR16229772.bin.3,Bacteria,Bacteroidota,Bacteroidia,Cytophagales,Cyclobacteriaceae,UBA2336,Unclassified
SRR16229772.bin.8,Bacteria,Gemmatimonadota,Gemmatimonadetes,Gemmatimonadales,GWC2-71-9,Unclassified,Unclassified
SRR16229772.bin.9,Bacteria,Actinomycetota,Acidimicrobiia,Acidimicrobiales,Ilumatobacteraceae,Ilumatobacter,Unclassified
SRR16229774.bin.2,Bacteria,Pseudomonadota,Gammaproteobacteria,Xanthomonadales,Rhodanobacteraceae,Dokdonella,Unclassified
SRR16229775.bin.24,Bacteria,Pseudomonadota,Gammaproteobacteria,Steroidobacterales,Steroidobacteraceae,ZC4RG30,Unclassified
SRR16229776.bin.11,Bacteria,Pseudomonadota,Alphaproteobacteria,Caulobacterales,Hyphomonadaceae,UBA7672,Unclassified
SRR16229776.bin.18,Bacteria,Chloroflexota,Anaerolineae,Anaerolineales,Villigracilaceae,Defluviilinea,Unclassified
SRR16229776.bin.19,Bacteria,Gemmatimonadota,Gemmatimonadetes,Gemmatimonadales,GWC2-71-9,CAMLHP01,CAMLHP01 sp025937755
SRR16229776.bin.23,Bacteria,Myxococcota,Polyangia,Nannocystales,Nannocystaceae,Unclassified,Unclassified
SRR16229776.bin.28,Bacteria,Pseudomonadota,Gammaproteobacteria,Steroidobacterales,Steroidobacteraceae,CADEED01,Unclassified
SRR16229776.bin.7,Bacteria,Pseudomonadota,Gammaproteobacteria,Xanthomonadales,Xanthomonadaceae,Arenimonas,Unclassified
SRR16229776.bin.9,Bacteria,Acidobacteriota,Thermoanaerobaculia,Multivoradales,UBA5704,JACTMI01,Unclassified
SRR16229778.bin.24,Bacteria,Pseudomonadota,Gammaproteobacteria,Woeseiales,Woeseiaceae,JACZWL01,Unclassified
SRR16229779.bin.10,Bacteria,Pseudomonadota,Gammaproteobacteria,Steroidobacterales,Steroidobacteraceae,JAAYXG01,Unclassified
SRR16229779.bin.18,Bacteria,Pseudomonadota,Alphaproteobacteria,Rhizobiales,Xanthobacteraceae,JAUSIF01,Unclassified
SRR16229779.bin.23,Bacteria,Acidobacteriota,Vicinamibacteria,Vicinamibacterales,SCN-69-37,SCN-69-37,Unclassified
SRR16229779.bin.8,Bacteria,Pseudomonadota,Alphaproteobacteria,Kiloniellales,Kiloniellaceae,Pelagibius,Unclassified
SRR16229780.bin.25,Bacteria,Campylobacterota,Campylobacteria,Campylobacterales,Arcobacteraceae,Aliarcobacter,Aliarcobacter sp028681275
SRR16229780.bin.7,Bacteria,Pseudomonadota,Alphaproteobacteria,Sphingomonadales,Sphingomonadaceae,Sphingomicrobium,Unclassified
SRR16229780.bin.8,Bacteria,Pseudomonadota,Gammaproteobacteria,Steroidobacterales,Steroidobacteraceae,ZC4RG30,Unclassified
SRR16229781.bin.1,Bacteria,Pseudomonadota,Gammaproteobacteria,Enterobacterales,Shewanellaceae,Shewanella,Unclassified
SRR16229781.bin.10,Bacteria,Gemmatimonadota,Gemmatimonadetes,Gemmatimonadales,Gemmatimonadaceae,Unclassified,Unclassified
SRR16229781.bin.11,Bacteria,Chloroflexota,Anaerolineae,Aggregatilineales,Aggregatilineaceae,DYGX01,Unclassified
SRR16229781.bin.9,Bacteria,Pseudomonadota,Gammaproteobacteria,Enterobacterales,Aeromonadaceae,Aeromonas,Aeromonas media
SRR16229782.bin.10,Bacteria,Pseudomonadota,Gammaproteobacteria,Steroidobacterales,Steroidobacteraceae,CADEED01,CADEED01 sp029266835
SRR16229782.bin.19,Bacteria,Myxococcota,Polyangia,Polyangiales,Polyangiaceae,PMG-095,Unclassified
SRR16229784.bin.3,Bacteria,Pseudomonadota,Alphaproteobacteria,Sphingomonadales,Sphingomonadaceae,Sphingomonas_B,Unclassified
SRR16229785.bin.13,Bacteria,Pseudomonadota,Alphaproteobacteria,Sphingomonadales,Sphingomonadaceae,Allosphingosinicella,Unclassified
SRR16229785.bin.20,Bacteria,Pseudomonadota,Alphaproteobacteria,Dongiales,Dongiaceae,Unclassified,Unclassified
SRR16229785.bin.24,Bacteria,Pseudomonadota,Alphaproteobacteria,Caulobacterales,TH1-2,Vitreimonas,Unclassified
SRR16229787.bin.30,Bacteria,Pseudomonadota,Alphaproteobacteria,Caulobacterales,TH1-2,Vitreimonas,Unclassified
SRR16229787.bin.5,Bacteria,Pseudomonadota,Gammaproteobacteria,Burkholderiales,Rhodocyclaceae,Azonexus,Unclassified
SRR16229787.bin.8,Bacteria,Myxococcota,Polyangia,Haliangiales,Haliangiaceae,JABFXX01,Unclassified
SRR19594458.bin.15,Bacteria,Pseudomonadota,Gammaproteobacteria,HTCC5015,HTCC5015,JAFGLM01,Unclassified
SRR19594458.bin.4,Bacteria,Pseudomonadota,Gammaproteobacteria,UBA4486,UBA4486,2-02-FULL-47-50,Unclassified
SRR19594458.bin.6,Bacteria,Chlamydiota,Chlamydiia,Chlamydiales,SM23-39,21-14-0-10-35-9,Unclassified
SRR19594458.bin.8,Bacteria,Pseudomonadota,Gammaproteobacteria,QNFN01,QNFN01,QNFN01,Unclassified
SRR19594459.bin.1,Bacteria,Bacteroidota,Bacteroidia,Flavobacteriales,Flavobacteriaceae,Salinimicrobium,Unclassified
SRR19594459.bin.17,Bacteria,Pseudomonadota,Alphaproteobacteria,Sphingomonadales,Sphingomonadaceae,Alteriqipengyuania_A,Unclassified
SRR19594459.bin.18,Bacteria,Pseudomonadota,Alphaproteobacteria,Sphingomonadales,Sphingomonadaceae,Qipengyuania,Unclassified
SRR19594459.bin.20,Bacteria,Bacteroidota,Bacteroidia,Cytophagales,Cyclobacteriaceae,Cesiribacter,Unclassified
SRR19594459.bin.21,Bacteria,Pseudomonadota,Gammaproteobacteria,Xanthomonadales,Xanthomonadaceae,Lysobacter,Unclassified
SRR19594459.bin.22,Bacteria,Pseudomonadota,Gammaproteobacteria,Burkholderiales,Burkholderiaceae,Telluria,Unclassified
SRR19594459.bin.23,Bacteria,Cyanobacteriota,Cyanobacteriia,Phormidesmiales,Phormidesmiaceae,Nodosilinea,Unclassified
SRR19594459.bin.24,Bacteria,Actinomycetota,Nitriliruptoria,Nitriliruptorales,Nitriliruptoraceae,Unclassified,Unclassified
SRR19594459.bin.3,Bacteria,Pseudomonadota,Alphaproteobacteria,Rhodobacterales,Rhodobacteraceae,Palleronia,Unclassified
SRR19594459.bin.33,Bacteria,Pseudomonadota,Gammaproteobacteria,Pseudomonadales,Oleiphilaceae,Marinobacter,Unclassified
SRR19594459.bin.36,Bacteria,Pseudomonadota,Alphaproteobacteria,Sphingomonadales,Sphingomonadaceae,Sphingomonas_B,Unclassified
SRR19594459.bin.41,Bacteria,Cyanobacteriota,Cyanobacteriia,Cyanobacteriales,SIO1D9,Unclassified,Unclassified
SRR19594459.bin.45,Bacteria,Bacteroidota,Bacteroidia,Flavobacteriales,Flavobacteriaceae,Salinimicrobium,Unclassified
SRR19594459.bin.47,Bacteria,Bacteroidota,Bacteroidia,Flavobacteriales,Flavobacteriaceae,Gillisia,Unclassified
SRR19594459.bin.52,Bacteria,Pseudomonadota,Gammaproteobacteria,Xanthomonadales,Xanthomonadaceae,Pseudoxanthomonas_A,Unclassified
SRR19594459.bin.53,Bacteria,Gemmatimonadota,Gemmatimonadetes,Longimicrobiales,Longimicrobiaceae,JAQBQD01,Unclassified
SRR19594459.bin.54,Bacteria,Bacteroidota,Rhodothermia,Balneolales,Balneolaceae,Gracilimonas,Unclassified
SRR19594459.bin.56,Bacteria,Pseudomonadota,Alphaproteobacteria,Sphingomonadales,Sphingomonadaceae,Tsuneonella,Unclassified
SRR19594459.bin.58,Bacteria,Bacteroidota,Rhodothermia,Balneolales,Balneolaceae,Unclassified,Unclassified
SRR19594459.bin.65,Bacteria,Bacteroidota,Bacteroidia,Flavobacteriales,Flavobacteriaceae,Salinimicrobium,Unclassified
SRR19594459.bin.66,Bacteria,Pseudomonadota,Gammaproteobacteria,Pseudomonadales,Cellvibrionaceae,Unclassified,Unclassified
SRR19594460.bin.16,Bacteria,Nitrospirota,Nitrospiria,Nitrospirales,UBA8639,UBA8639,Unclassified
SRR19594460.bin.19,Bacteria,Pseudomonadota,Gammaproteobacteria,Xanthomonadales,SZUA-36,JAUIBE01,Unclassified
SRR19594460.bin.5,Bacteria,Acidobacteriota,Thermoanaerobaculia,Multivoradales,UBA5704,Unclassified,Unclassified
SRR19594461.bin.10,Bacteria,Bacteroidota,Rhodothermia,Balneolales,Balneolaceae,SMO-BIN1,Unclassified
SRR19594461.bin.19,Bacteria,Gemmatimonadota,Gemmatimonadetes,Longimicrobiales,UBA6960,JAJCZZ01,Unclassified
SRR19594461.bin.25,Bacteria,Pseudomonadota,Gammaproteobacteria,Pseudomonadales,Alcanivoracaceae,SLJS01,Unclassified
SRR19594461.bin.31,Bacteria,Bacteroidota,Rhodothermia,Balneolales,Balneolaceae,Fodinibius,Unclassified
SRR19594461.bin.33,Bacteria,Bacteroidota,Bacteroidia,Cytophagales,Cyclobacteriaceae,Nafulsella,Unclassified
SRR19594461.bin.36,Bacteria,Bacteroidota,Bacteroidia,Flavobacteriales,Flavobacteriaceae,Gramella,Unclassified
SRR19594461.bin.38,Bacteria,Bacteroidota,Bacteroidia,Flavobacteriales,Flavobacteriaceae,Salinimicrobium,Unclassified
SRR19594461.bin.47,Bacteria,Bacteroidota,Rhodothermia,Balneolales,Balneolaceae,SMO-BIN1,Unclassified
SRR19594461.bin.5,Bacteria,Actinomycetota,Nitriliruptoria,Nitriliruptorales,Nitriliruptoraceae,Unclassified,Unclassified
SRR19594461.bin.50,Bacteria,Pseudomonadota,Gammaproteobacteria,Pseudomonadales,Alcanivoracaceae,Alcanivorax,Unclassified
SRR19594461.bin.60,Bacteria,Bacteroidota,Bacteroidia,Cytophagales,Cyclobacteriaceae,Cesiribacter,Unclassified
SRR19594461.bin.62,Bacteria,Bacteroidota,Rhodothermia,Balneolales,Balneolaceae,SMO-BIN1,Unclassified
SRR19594461.bin.63,Bacteria,Bacteroidota,Rhodothermia,Rhodothermales,VXPQ01,Unclassified,Unclassified
SRR19594461.bin.65,Bacteria,Gemmatimonadota,Gemmatimonadetes,Longimicrobiales,UBA6960,Unclassified,Unclassified
SRR19594461.bin.66,Bacteria,Gemmatimonadota,Gemmatimonadetes,Longimicrobiales,Longimicrobiaceae,Unclassified,Unclassified
SRR19594461.bin.68,Bacteria,Pseudomonadota,Gammaproteobacteria,Xanthomonadales,Xanthomonadaceae,Lysobacter,Unclassified
SRR19594461.bin.70,Bacteria,Bacteroidota,Bacteroidia,Cytophagales,Cyclobacteriaceae,Cesiribacter,Unclassified
SRR19594461.bin.77,Bacteria,Bacteroidota,Bacteroidia,Cytophagales,Hymenobacteraceae,Pontibacter,Unclassified
SRR19594461.bin.81,Bacteria,Gemmatimonadota,Gemmatimonadetes,Longimicrobiales,Longimicrobiaceae,Unclassified,Unclassified
SRR19594461.bin.83,Bacteria,Pseudomonadota,Gammaproteobacteria,Pseudomonadales,Alcanivoracaceae,SLJS01,Unclassified
SRR19594462.bin.10,Bacteria,Chloroflexota,Anaerolineae,Anaerolineales,UBA11579,QWJF01,Unclassified
SRR19594462.bin.17,Bacteria,Chloroflexota,Dehalococcoidia,DSTF01,RBG-16-68-14,Unclassified,Unclassified
SRR19594462.bin.27,Bacteria,Acidobacteriota,Vicinamibacteria,Marinacidobacterales,SMYC01,Unclassified,Unclassified
SRR19594462.bin.29,Bacteria,Pseudomonadota,Gammaproteobacteria,Woeseiales,Woeseiaceae,Unclassified,Unclassified
SRR19594462.bin.31,Bacteria,Pseudomonadota,Alphaproteobacteria,Rhizobiales,Afifellaceae,Faunimonas,Unclassified
SRR19594462.bin.5,Bacteria,Gemmatimonadota,Gemmatimonadetes,Gemmatimonadales,GWC2-71-9,Unclassified,Unclassified
SRR19594462.bin.6,Bacteria,SAR324,SAR324,SAR324,JACQKK01,JACZVE01,Unclassified
SRR19594462.bin.7,Bacteria,Acidobacteriota,Terriglobia,Acidoferrales,2-02-FULL-67-57,JACPRL01,Unclassified
SRR19594463.bin.1,Bacteria,Pseudomonadota,Gammaproteobacteria,Xanthomonadales,Wenzhouxiangellaceae,GCA-2722315,Unclassified
SRR19594463.bin.27,Bacteria,Desulfobacterota,Desulfovibrionia,Desulfovibrionales,Desulfovibrionaceae,Unclassified,Unclassified
SRR19594463.bin.37,Bacteria,Desulfobacterota,Desulfuromonadia,Desulfuromonadales,BM103,Unclassified,Unclassified
SRR19594463.bin.40,Bacteria,Gemmatimonadota,Gemmatimonadetes,Palauibacterales,Palauibacteraceae,Unclassified,Unclassified
SRR19594464.bin.1,Bacteria,Chloroflexota,Anaerolineae,Anaerolineales,UBA4823,Kmv39,Unclassified
SRR19594464.bin.15,Bacteria,Pseudomonadota,Gammaproteobacteria,Xanthomonadales,SZUA-36,JAUIBE01,Unclassified
SRR19594464.bin.18,Bacteria,Pseudomonadota,Gammaproteobacteria,UBA4486,UBA4486,Unclassified,Unclassified
SRR19594464.bin.26,Bacteria,Gemmatimonadota,Gemmatimonadetes,Gemmatimonadales,GWC2-71-9,Unclassified,Unclassified
SRR19594464.bin.27,Bacteria,Chloroflexota,Dehalococcoidia,SM23-28-2,RBG-16-64-32,JACZRQ01,Unclassified
SRR19594464.bin.31,Bacteria,Acidobacteriota,Thermoanaerobaculia,Multivoradales,Unclassified,Unclassified,Unclassified
SRR19594465.bin.10,Bacteria,Pseudomonadota,Gammaproteobacteria,JAABTG01,JAABTG01,JAABTG01,Unclassified
SRR19594465.bin.11,Bacteria,Acidobacteriota,Thermoanaerobaculia,Multivoradales,UBA5704,JAUIJL01,Unclassified
SRR19594465.bin.18,Bacteria,Pseudomonadota,Gammaproteobacteria,Xanthomonadales,Wenzhouxiangellaceae,GCA-2722315,Unclassified
SRR19594465.bin.20,Bacteria,Marinisomatota,JAANXI01,JAANXI01,JAANXI01,Unclassified,Unclassified
SRR19594465.bin.28,Bacteria,Pseudomonadota,Alphaproteobacteria,DSM-16000,Inquilinaceae,JAAAOG01,JAAAOG01 sp009909005
SRR19594465.bin.29,Bacteria,Bacteroidota,Rhodothermia,Balneolales,Balneolaceae,Fodinibius,Unclassified
SRR19594465.bin.38,Bacteria,Pseudomonadota,Gammaproteobacteria,Xanthomonadales,Wenzhouxiangellaceae,GCA-2722315,Unclassified
SRR19594465.bin.39,Bacteria,Acidobacteriota,Thermoanaerobaculia,Multivoradales,Unclassified,Unclassified,Unclassified
SRR19594465.bin.43,Bacteria,Acidobacteriota,Thermoanaerobaculia,Multivoradales,UBA5704,Unclassified,Unclassified
SRR19594465.bin.44,Bacteria,Gemmatimonadota,Gemmatimonadetes,Longimicrobiales,UBA6960,IDS-52,Unclassified
SRR19594465.bin.45,Bacteria,Pseudomonadota,Gammaproteobacteria,Nitrococcales,Nitrococcaceae,Unclassified,Unclassified
SRR19594466.bin.10,Bacteria,Acidobacteriota,Thermoanaerobaculia,Multivoradales,UBA5704,Unclassified,Unclassified
SRR19594466.bin.22,Bacteria,Actinomycetota,Acidimicrobiia,IMCC26256,JACPCJ01,Unclassified,Unclassified
SRR19594466.bin.23,Bacteria,Pseudomonadota,Gammaproteobacteria,Enterobacterales,Kangiellaceae,Kangiella,Unclassified
SRR19594466.bin.26,Bacteria,Chloroflexota,Anaerolineae,Anaerolineales,E44-bin32,MGOM01,Unclassified
SRR19594466.bin.3,Bacteria,Pseudomonadota,Gammaproteobacteria,Methylococcales,Methylomonadaceae,Methylobacter,Unclassified
SRR19594466.bin.4,Bacteria,Acidobacteriota,Terriglobia,Acidoferrales,2-02-FULL-67-57,JACPRL01,Unclassified
SRR19594466.bin.7,Bacteria,Actinomycetota,Acidimicrobiia,UBA5794,ZC4RG35,Unclassified,Unclassified
SRR19594466.bin.9,Bacteria,Acidobacteriota,Thermoanaerobaculia,Multivoradales,UBA5704,Unclassified,Unclassified
SRR19594467.bin.10,Bacteria,Pseudomonadota,Gammaproteobacteria,Xanthomonadales,Unclassified,Unclassified,Unclassified
SRR19594467.bin.18,Bacteria,Gemmatimonadota,Gemmatimonadetes,Longimicrobiales,UBA6960,Unclassified,Unclassified
SRR19594467.bin.19,Bacteria,Verrucomicrobiota,Verrucomicrobiae,Verrucomicrobiales,Akkermansiaceae,Haloferula,Unclassified
SRR19594467.bin.25,Bacteria,Bacteroidota,Rhodothermia,Balneolales,Balneolaceae,Fodinibius,Unclassified
SRR19594467.bin.33,Bacteria,Bacteroidota,Bacteroidia,Flavobacteriales,Flavobacteriaceae,Salinimicrobium,Unclassified
SRR19594467.bin.45,Bacteria,Pseudomonadota,Alphaproteobacteria,Sphingomonadales,Sphingomonadaceae,Alteriqipengyuania_A,Alteriqipengyuania_A marina
SRR19594467.bin.53,Bacteria,Pseudomonadota,Alphaproteobacteria,Rhodobacterales,Rhodobacteraceae,Sulfitobacter,Sulfitobacter sp025143985
SRR19594467.bin.56,Bacteria,Actinomycetota,Acidimicrobiia,Acidimicrobiales,JACDCH01,UBA9382,Unclassified
SRR19594467.bin.59,Bacteria,Bacteroidota,Bacteroidia,Flavobacteriales,Flavobacteriaceae,Gillisia,Unclassified
SRR19594467.bin.60,Bacteria,Pseudomonadota,Gammaproteobacteria,Pseudomonadales,Pseudohongiellaceae,PWQG01,Unclassified
SRR19594467.bin.61,Bacteria,Pseudomonadota,Alphaproteobacteria,Rhodobacterales,Rhodobacteraceae,Palleronia,Unclassified
SRR19594467.bin.63,Bacteria,Bacteroidota,Rhodothermia,Balneolales,Balneolaceae,Fodinibius,Unclassified
SRR19594467.bin.69,Bacteria,Pseudomonadota,Gammaproteobacteria,Pseudomonadales,Oleiphilaceae,Marinobacter,Unclassified
SRR19594467.bin.70,Bacteria,Bacteroidota,Rhodothermia,Balneolales,Balneolaceae,Fodinibius,Unclassified
SRR19594468.bin.10,Bacteria,Myxococcota,Polyangia,Polyangiales,Polyangiaceae,NIC37A-2,Unclassified
SRR19594468.bin.25,Bacteria,Chloroflexota,Anaerolineae,Anaerolineales,E44-bin32,Unclassified,Unclassified
SRR19594468.bin.3,Bacteria,Patescibacteria,Paceibacteria,UBA9973,UBA12088,Unclassified,Unclassified
SRR19594468.bin.30,Bacteria,Chloroflexota,Anaerolineae,Promineifilales,Promineifilaceae,Unclassified,Unclassified
SRR19594468.bin.37,Bacteria,Myxococcota,Myxococcia,Myxococcales,Anaeromyxobacteraceae,Anaeromyxobacter,Unclassified
SRR19594468.bin.42,Bacteria,Gemmatimonadota,Gemmatimonadetes,Longimicrobiales,UBA6960,Unclassified,Unclassified
SRR19594468.bin.45,Bacteria,Gemmatimonadota,Gemmatimonadetes,Palauibacterales,Palauibacteraceae,Unclassified,Unclassified
SRR19594468.bin.46,Bacteria,Gemmatimonadota,Gemmatimonadetes,Longimicrobiales,UBA6960,UBA2589,Unclassified
SRR19594468.bin.48,Bacteria,Chloroflexota,Anaerolineae,Aggregatilineales,Phototrophicaceae,Unclassified,Unclassified
SRR19594468.bin.5,Bacteria,Desulfobacterota_E,Deferrimicrobia,Deferrimicrobiales,Deferrimicrobiaceae,GWC2-65-14,Unclassified
SRR19594468.bin.50,Bacteria,Acidobacteriota,Thermoanaerobaculia,Multivoradales,UBA5704,Unclassified,Unclassified
SRR19594468.bin.51,Bacteria,Bacteroidota,Rhodothermia,Balneolales,Balneolaceae,Unclassified,Unclassified
SRR19594468.bin.52,Bacteria,Pseudomonadota,Gammaproteobacteria,HK1,HK1,CAMYJH01,Unclassified
SRR19594468.bin.53,Bacteria,Pseudomonadota,Gammaproteobacteria,UBA4486,UBA4486,Unclassified,Unclassified
SRR19594468.bin.59,Bacteria,Acidobacteriota,Terriglobia,Acidoferrales,2-02-FULL-67-57,JACPRL01,Unclassified
SRR19594468.bin.6,Bacteria,Pseudomonadota,Alphaproteobacteria,Sphingomonadales,SMXR01,Unclassified,Unclassified
SRR19594468.bin.60,Bacteria,Pseudomonadota,Alphaproteobacteria,Sphingomonadales,SMXR01,JADFIA01,Unclassified
SRR19594468.bin.66,Bacteria,Gemmatimonadota,Gemmatimonadetes,Longimicrobiales,RSA9,JAHWKI01,Unclassified
SRR19594468.bin.67,Bacteria,Pseudomonadota,Gammaproteobacteria,Woeseiales,Woeseiaceae,JADFGH01,Unclassified
SRR19594468.bin.70,Bacteria,JADFOP01,JADFOP01,JADFOP01,JADFOP01,Unclassified,Unclassified
SRR19594469.bin.25,Bacteria,Gemmatimonadota,Gemmatimonadetes,Longimicrobiales,RSA9,SLCC01,Unclassified
SRR19594469.bin.3,Bacteria,Desulfobacterota,Desulfuromonadia,Desulfuromonadales,BM103,BM103,Unclassified
SRR19594469.bin.31,Bacteria,Electryoneota,Electryoneia,Electryoneales,Electryoneaceae,Unclassified,Unclassified
SRR19594469.bin.35,Bacteria,Pseudomonadota,Gammaproteobacteria,XN24,XN24,XN24,Unclassified
SRR19594469.bin.37,Bacteria,Bacteroidota,Rhodothermia,Balneolales,Balneolaceae,Fodinibius,Unclassified
SRR19594469.bin.38,Bacteria,Acidobacteriota,Thermoanaerobaculia,Multivoradales,UBA5704,Unclassified,Unclassified
SRR21412968.bin.18,Bacteria,Actinomycetota,Actinomycetes,Actinomycetales,Micrococcaceae,Kocuria,Kocuria sp031179495
SRR21412968.bin.2,Bacteria,Bacteroidota,Bacteroidia,Cytophagales,Cyclobacteriaceae,Nafulsella,Unclassified
SRR21412968.bin.24,Bacteria,Bacteroidota,Bacteroidia,Flavobacteriales,Flavobacteriaceae,Salinimicrobium,Unclassified
SRR21412968.bin.5,Bacteria,Bacteroidota,Bacteroidia,Flavobacteriales,Flavobacteriaceae,Gillisia,Unclassified
SRR21412969.bin.13,Bacteria,Gemmatimonadota,Gemmatimonadetes,Palauibacterales,Palauibacteraceae,Unclassified,Unclassified
SRR21412969.bin.18,Bacteria,Pseudomonadota,Gammaproteobacteria,XJ16,Halofilaceae,Halofilum,Unclassified
SRR21412969.bin.19,Bacteria,Actinomycetota,Nitriliruptoria,Euzebyales,Egibacteraceae,Unclassified,Unclassified
SRR21412969.bin.22,Bacteria,Pseudomonadota,Gammaproteobacteria,Pseudomonadales,Halomonadaceae,Aidingimonas,Aidingimonas halophila
SRR21412969.bin.23,Bacteria,Pseudomonadota,Gammaproteobacteria,Pseudomonadales,Pseudohongiellaceae,Unclassified,Unclassified
SRR21412969.bin.29,Bacteria,Actinomycetota,Nitriliruptoria,Euzebyales,Egibacteraceae,Unclassified,Unclassified
SRR21412969.bin.31,Bacteria,Pseudomonadota,Alphaproteobacteria,Kiloniellales,DSM-21159,Fodinicurvata,Unclassified
SRR21412969.bin.34,Bacteria,Pseudomonadota,Gammaproteobacteria,Xanthomonadales,Wenzhouxiangellaceae,Unclassified,Unclassified
SRR21412969.bin.39,Bacteria,Gemmatimonadota,Gemmatimonadetes,Longimicrobiales,UBA6960,Unclassified,Unclassified
SRR21412969.bin.4,Bacteria,Actinomycetota,Nitriliruptoria,Nitriliruptorales,Nitriliruptoraceae,Unclassified,Unclassified
SRR21412969.bin.41,Bacteria,Bacteroidota,Rhodothermia,Balneolales,Balneolaceae,Rhodohalobacter,Unclassified
SRR21412969.bin.50,Bacteria,Actinomycetota,Actinomycetes,Mycobacteriales,Micromonosporaceae,Natronosporangium,Unclassified
SRR21412969.bin.7,Bacteria,Gemmatimonadota,Gemmatimonadetes,Longimicrobiales,UBA6960,Unclassified,Unclassified
SRR21412970.bin.25,Bacteria,Actinomycetota,UBA4738,JAHWKV01,JAHWKV01,JAHWKV01,Unclassified
SRR21412971.bin.13,Bacteria,Bacteroidota,Bacteroidia,Chitinophagales,S012-47,Unclassified,Unclassified
SRR21412971.bin.20,Bacteria,Gemmatimonadota,Gemmatimonadetes,Palauibacterales,Palauibacteraceae,Unclassified,Unclassified
SRR21412971.bin.24,Bacteria,Pseudomonadota,Gammaproteobacteria,XJ16,Halofilaceae,Halofilum,Unclassified
SRR21412971.bin.28,Bacteria,Patescibacteria,Saccharimonadia,QS-5-54-17,QS-5-54-17,Unclassified,Unclassified
SRR21412972.bin.10,Bacteria,Bacteroidota,Rhodothermia,Rhodothermales,Salinibacteraceae,JAAAPH01,Unclassified
SRR21412972.bin.12,Bacteria,Desulfobacterota,Desulfobacteria,Desulfobacterales,SKZT01,SKZT01,Unclassified
SRR21412972.bin.24,Bacteria,Pseudomonadota,Gammaproteobacteria,Chromatiales,Chromatiaceae,Lamprobacter,Unclassified
SRR21412972.bin.27,Bacteria,Bacteroidota,Rhodothermia,Balneolales,Balneolaceae,Fodinibius,Unclassified
SRR21412972.bin.28,Bacteria,Bacteroidota,Rhodothermia,Balneolales,Balneolaceae,Rhodohalobacter,Unclassified
SRR21412972.bin.31,Bacteria,Bacteroidota,Rhodothermia,Rhodothermales,Salinibacteraceae,Salinibacter,Unclassified
SRR21412972.bin.4,Bacteria,Desulfobacterota,Desulfobacteria,Desulfobacterales,Desulfosalsimonadaceae,Desulfosalsimonas,Unclassified
SRR21412972.bin.46,Bacteria,Chloroflexota,Anaerolineae,Anaerolineales,Anaerolineaceae,Brevefilum,Unclassified
SRR21412972.bin.49,Bacteria,Bacteroidota,Rhodothermia,Balneolales,Balneolaceae,Rhodohalobacter,Unclassified
SRR21412972.bin.50,Bacteria,Gemmatimonadota,Gemmatimonadetes,Longimicrobiales,RSA9,SLCC01,Unclassified
SRR21412972.bin.57,Bacteria,Desulfobacterota,Desulfobulbia,Desulfobulbales,Desulfocapsaceae,Desulforhopalus,Unclassified
SRR21412972.bin.59,Bacteria,Bacteroidota,Rhodothermia,Balneolales,Balneolaceae,Fodinibius,Unclassified
SRR21412972.bin.69,Bacteria,Pseudomonadota,Gammaproteobacteria,SLND01,SLND01,Natronospira,Unclassified
SRR21412972.bin.71,Bacteria,Pseudomonadota,Gammaproteobacteria,Nitrococcales,Aquisalimonadaceae,Aquisalimonas,Unclassified
SRR21412972.bin.9,Bacteria,Bacillota,Bacilli,Bacillales_A,Planococcaceae,Planococcus,Unclassified
SRR21412974.bin.11,Bacteria,Actinomycetota,Nitriliruptoria,Euzebyales,Egibacteraceae,QS-5-72-10,Unclassified
SRR21412975.bin.10,Bacteria,Hydrogenedentota,Hydrogenedentia,Hydrogenedentiales,GCA-2746185,Unclassified,Unclassified
SRR21412975.bin.11,Bacteria,Gemmatimonadota,Gemmatimonadetes,Longimicrobiales,UBA6960,UBA2589,Unclassified
SRR21412975.bin.14,Bacteria,Gemmatimonadota,Gemmatimonadetes,Palauibacterales,KS3-K002,Unclassified,Unclassified
SRR21412975.bin.15,Bacteria,Bacteroidota,Bacteroidia,Bacteroidales,UBA10428,JAAAOM01,Unclassified
SRR21412975.bin.16,Bacteria,Pseudomonadota,Gammaproteobacteria,UBA4486,UBA4486,Unclassified,Unclassified
SRR21412975.bin.18,Bacteria,Chloroflexota,Anaerolineae,Aggregatilineales,Phototrophicaceae,JAUZRW01,Unclassified
SRR21412975.bin.2,Bacteria,Gemmatimonadota,Gemmatimonadetes,Longimicrobiales,UBA6960,Unclassified,Unclassified
SRR21412975.bin.30,Bacteria,Actinomycetota,Nitriliruptoria,Euzebyales,JAHELV01,Unclassified,Unclassified
SRR21412975.bin.34,Bacteria,Verrucomicrobiota,Verrucomicrobiae,Opitutales,T3Sed10-336,Unclassified,Unclassified
SRR21412975.bin.36,Bacteria,Pseudomonadota,Gammaproteobacteria,Xanthomonadales,SZUA-36,JABDJL01,Unclassified
SRR21412975.bin.4,Bacteria,Bacteroidota,Rhodothermia,Balneolales,Balneolaceae,Rhodohalobacter,Unclassified
SRR21412975.bin.41,Bacteria,Bacteroidota,Bacteroidia,Cytophagales,Cyclobacteriaceae,Unclassified,Unclassified
SRR21412975.bin.43,Bacteria,Pseudomonadota,Gammaproteobacteria,Pseudomonadales,Cellvibrionaceae,Marinimicrobium,Unclassified
SRR21412975.bin.54,Bacteria,Bacteroidota,Rhodothermia,Balneolales,Balneolaceae,SKRC01,Unclassified
SRR21412975.bin.57,Bacteria,Chloroflexota,Anaerolineae,Aggregatilineales,J027,JAKEEQ01,Unclassified
SRR21412975.bin.6,Bacteria,Nitrospinota,Nitrospinia,Nitrospinales,Nitrospinaceae,Unclassified,Unclassified
SRR21412975.bin.7,Bacteria,Verrucomicrobiota,Verrucomicrobiae,Opitutales,Opitutaceae,Pelagicoccus,Unclassified
SRR21412976.bin.13,Bacteria,Actinomycetota,Actinomycetes,Streptosporangiales,Streptosporangiaceae,Unclassified,Unclassified
SRR21412976.bin.14,Bacteria,Bacteroidota,Rhodothermia,Rhodothermales,Salinibacteraceae,Unclassified,Unclassified
SRR21412976.bin.2,Bacteria,Patescibacteria,Paceibacteria,UBA9973,SW-6-46-9,Unclassified,Unclassified
SRR21412976.bin.21,Bacteria,Gemmatimonadota,Gemmatimonadetes,Palauibacterales,Palauibacteraceae,Caribbeanibacter,Unclassified
SRR21412976.bin.5,Bacteria,Bacteroidota,Rhodothermia,Rhodothermales,Salinibacteraceae,Salinibacter,Unclassified
SRR21412976.bin.8,Bacteria,Pseudomonadota,Alphaproteobacteria,Geminicoccales,Geminicoccaceae,Unclassified,Unclassified
SRR21412977.bin.10,Bacteria,Deinococcota,Deinococci,Deinococcales,Trueperaceae,Unclassified,Unclassified
SRR21412977.bin.11,Bacteria,Actinomycetota,Nitriliruptoria,Nitriliruptorales,Unclassified,Unclassified,Unclassified
SRR21412977.bin.15,Bacteria,Gemmatimonadota,Gemmatimonadetes,Longimicrobiales,Longimicrobiaceae,JAFAYN01,Unclassified
SRR21412977.bin.21,Bacteria,Planctomycetota,Planctomycetia,Pirellulales,Pirellulaceae,Unclassified,Unclassified
SRR21412977.bin.25,Bacteria,Actinomycetota,Thermoleophilia,Gaiellales,SKUG01,JAGQUL01,Unclassified
SRR21412977.bin.26,Bacteria,Actinomycetota,Nitriliruptoria,Euzebyales,Egibacteraceae,Unclassified,Unclassified
SRR21412977.bin.28,Bacteria,Bacteroidota,Rhodothermia,Balneolales,Balneolaceae,Fodinibius,Unclassified
SRR21412977.bin.29,Bacteria,Bacteroidota,Rhodothermia,Rhodothermales,Salinibacteraceae,Unclassified,Unclassified
SRR21412977.bin.32,Bacteria,Actinomycetota,JAICYB01,JAICYB01,Unclassified,Unclassified,Unclassified
SRR21412977.bin.43,Bacteria,Actinomycetota,Actinomycetes,Mycobacteriales,Pseudonocardiaceae,WHSY01,Unclassified
SRR21412977.bin.44,Bacteria,Bacteroidota,Bacteroidia,Cytophagales,Cyclobacteriaceae,Nafulsella,Unclassified
SRR21412977.bin.45,Bacteria,Planctomycetota,Phycisphaerae,Phycisphaerales,Zrk34,Unclassified,Unclassified
SRR21412977.bin.5,Bacteria,Bacteroidota,Rhodothermia,Balneolales,Balneolaceae,Unclassified,Unclassified
SRR21412977.bin.50,Bacteria,Actinomycetota,Nitriliruptoria,Nitriliruptorales,Nitriliruptoraceae,Unclassified,Unclassified
SRR21412977.bin.54,Bacteria,Pseudomonadota,Gammaproteobacteria,Pseudomonadales,Halomonadaceae,Litchfieldella,Unclassified
SRR21412977.bin.62,Bacteria,Bacteroidota,Rhodothermia,Balneolales,Balneolaceae,Unclassified,Unclassified
SRR21412977.bin.64,Bacteria,Actinomycetota,Nitriliruptoria,Euzebyales,Egibacteraceae,QS-5-72-10,Unclassified
SRR21412977.bin.66,Bacteria,Actinomycetota,Nitriliruptoria,Euzebyales,Egibacteraceae,Unclassified,Unclassified
SRR21412977.bin.68,Bacteria,Deinococcota,Deinococci,Deinococcales,Trueperaceae,CALKAI01,Unclassified
SRR21412977.bin.71,Bacteria,Actinomycetota,Nitriliruptoria,Nitriliruptorales,JAHWKO01,Unclassified,Unclassified
SRR21412977.bin.76,Bacteria,Bacteroidota,Rhodothermia,Rhodothermales,Salinibacteraceae,Unclassified,Unclassified
SRR21412977.bin.77,Bacteria,Gemmatimonadota,Gemmatimonadetes,Longimicrobiales,RSA9,JAHWKI01,Unclassified
SRR21412977.bin.78,Bacteria,Planctomycetota,Planctomycetia,Planctomycetales,Planctomycetaceae,Unclassified,Unclassified
SRR21412977.bin.80,Bacteria,Acidobacteriota,Thermoanaerobaculia,Gp7-AA8,JAHWKK01,Unclassified,Unclassified
SRR21412977.bin.81,Bacteria,Actinomycetota,Actinomycetes,Mycobacteriales,Pseudonocardiaceae,Haloechinothrix,Unclassified
SRR21412978.bin.11,Bacteria,Pseudomonadota,Gammaproteobacteria,Enterobacterales,Enterobacteriaceae,Pantoea,Pantoea agglomerans
SRR21412978.bin.14,Bacteria,Actinomycetota,Nitriliruptoria,Nitriliruptorales,Unclassified,Unclassified,Unclassified
SRR21412978.bin.16,Bacteria,Actinomycetota,Nitriliruptoria,Euzebyales,Egibacteraceae,Unclassified,Unclassified
SRR21412978.bin.19,Bacteria,Pseudomonadota,Gammaproteobacteria,Pseudomonadales,Moraxellaceae,Acinetobacter,Acinetobacter nosocomialis
SRR21412978.bin.8,Bacteria,Actinomycetota,Nitriliruptoria,Euzebyales,Egibacteraceae,Unclassified,Unclassified
SRR21412979.bin.11,Bacteria,Actinomycetota,Nitriliruptoria,Euzebyales,Egibacteraceae,Unclassified,Unclassified
SRR21412979.bin.3,Bacteria,Actinomycetota,Nitriliruptoria,Euzebyales,Egibacteraceae,QS-5-72-10,Unclassified
SRR21412979.bin.32,Bacteria,Actinomycetota,Nitriliruptoria,Nitriliruptorales,Unclassified,Unclassified,Unclassified
SRR21412979.bin.8,Bacteria,Actinomycetota,Nitriliruptoria,Nitriliruptorales,Nitriliruptoraceae,SKLC01,Unclassified
SRR21412980.bin.14,Bacteria,Actinomycetota,Nitriliruptoria,Euzebyales,Egibacteraceae,Unclassified,Unclassified
SRR21412980.bin.15,Bacteria,Actinomycetota,Nitriliruptoria,Euzebyales,Egibacteraceae,Unclassified,Unclassified
SRR21412980.bin.21,Bacteria,Gemmatimonadota,Gemmatimonadetes,Palauibacterales,Palauibacteraceae,Caribbeanibacter,Unclassified
SRR21412981.bin.17,Bacteria,Actinomycetota,Actinomycetes,Actinomycetales,Bifidobacteriaceae,Bifidobacterium,Bifidobacterium animalis_B
SRR21412981.bin.23,Bacteria,Myxococcota,Myxococcia,Myxococcales,Myxococcaceae,Hyalangium,Unclassified
SRR21412981.bin.7,Bacteria,Actinomycetota,Nitriliruptoria,Euzebyales,Egibacteraceae,Unclassified,Unclassified
SRR21412982.bin.11,Bacteria,Pseudomonadota,Gammaproteobacteria,Enterobacterales,Enterobacteriaceae,Escherichia,Escherichia coli
SRR21412983.bin.19,Bacteria,Actinomycetota,Nitriliruptoria,Euzebyales,Egibacteraceae,QS-5-72-10,Unclassified
SRR21412985.bin.20,Bacteria,Pseudomonadota,Gammaproteobacteria,XJ16,Halofilaceae,Halofilum,Unclassified
SRR21412985.bin.21,Bacteria,Bacteroidota,Rhodothermia,Rhodothermales,Salinibacteraceae,Salinibacter,Unclassified
SRR21412985.bin.37,Bacteria,Gemmatimonadota,Gemmatimonadetes,Palauibacterales,Palauibacteraceae,Unclassified,Unclassified
SRR21412986.bin.10,Bacteria,Bacteroidota,Bacteroidia,Bacteroidales,VadinHA17,UBA9300,Unclassified
SRR21412986.bin.100,Bacteria,Bacteroidota,Bacteroidia,Bacteroidales,VadinHA17,UBA9300,Unclassified
SRR21412986.bin.13,Bacteria,Bacillota_F,Halanaerobiia,Halanaerobiales,M55B127,M55B127,Unclassified
SRR21412986.bin.18,Bacteria,Chloroflexota,Anaerolineae,Anaerolineales,UBA11858,B10-G9,Unclassified
SRR21412986.bin.19,Bacteria,Bacteroidota,Bacteroidia,Flavobacteriales,Flavobacteriaceae,Gillisia,Unclassified
SRR21412986.bin.22,Bacteria,Desulfobacterota,Desulfobacteria,Desulfobacterales,Desulfosalsimonadaceae,M55B175,Unclassified
SRR21412986.bin.37,Bacteria,Desulfobacterota,Desulfobacteria,Desulfobacterales,Desulfosalsimonadaceae,Unclassified,Unclassified
SRR21412986.bin.45,Bacteria,Bacillota_I,Bacilli_A,Izemoplasmatales,Izemoplasmataceae,UBA3566,Unclassified
SRR21412986.bin.50,Bacteria,Bacteroidota,Bacteroidia,Bacteroidales,GCA-2748055,M55B112,Unclassified
SRR21412986.bin.53,Bacteria,Desulfobacterota,Desulfobacteria,Desulfobacterales,Desulfosalsimonadaceae,Desulfosalsimonas,Unclassified
SRR21412986.bin.55,Bacteria,Bacteroidota,Bacteroidia,Bacteroidales,JAGXLC01,Unclassified,Unclassified
SRR21412986.bin.57,Bacteria,Patescibacteria,Paceibacteria,UBA9973,CSBR16-193,SKVL01,Unclassified
SRR21412986.bin.6,Bacteria,Spirochaetota,Spirochaetia,DSM-16054,Sediminispirochaetaceae,DSBN01,Unclassified
SRR21412986.bin.60,Bacteria,Desulfobacterota,Desulfobacteria,Desulfobacterales,Desulfobacteraceae,Desulfotignum,Unclassified
SRR21412986.bin.61,Bacteria,Pseudomonadota,Gammaproteobacteria,Thiohalorhabdales,Thiohalorhabdaceae,Unclassified,Unclassified
SRR21412986.bin.62,Bacteria,Bacteroidota,Bacteroidia,Bacteroidales,JAGOPY01,DAOWEV01,Unclassified
SRR21412986.bin.71,Bacteria,Desulfobacterota,Desulfobacteria,Desulfobacterales,Desulfosalsimonadaceae,Desulfosalsimonas,Unclassified
SRR21412986.bin.86,Bacteria,Bacteroidota,Rhodothermia,Balneolales,Balneolaceae,Halalkalibaculum,Unclassified
SRR21412986.bin.87,Bacteria,Pseudomonadota,Gammaproteobacteria,XJ16,Halofilaceae,Halofilum,Unclassified
SRR21412986.bin.89,Bacteria,Pseudomonadota,Gammaproteobacteria,Thiohalospirales,Thiohalospiraceae,Thiohalospira,Unclassified
SRR21412986.bin.91,Bacteria,Bacillota_I,Bacilli_A,Izemoplasmatales,Izemoplasmataceae,Unclassified,Unclassified
SRR21412986.bin.93,Bacteria,Desulfobacterota,Desulfobacteria,Desulfobacterales,Desulfobacteraceae,Desulfotignum,Desulfotignum sp011389835
SRR21412986.bin.96,Bacteria,Pseudomonadota,Gammaproteobacteria,Thiohalospirales,Thiohalospiraceae,Thiohalospira,Unclassified
SRR21412986.bin.98,Bacteria,Bacillota_A,Clostridia,Peptostreptococcales,Acidaminobacteraceae,Unclassified,Unclassified
SRR21412986.bin.99,Bacteria,Pseudomonadota,Gammaproteobacteria,Pseudomonadales,Oleiphilaceae,Halospina,Unclassified
SRR21412987.bin.1,Bacteria,Bacillota,Bacilli,Staphylococcales,Staphylococcaceae,Staphylococcus,Staphylococcus aureus
SRR21412988.bin.21,Bacteria,Actinomycetota,Nitriliruptoria,Nitriliruptorales,Nitriliruptoraceae,Unclassified,Unclassified
SRR21412988.bin.22,Bacteria,Actinomycetota,Nitriliruptoria,Euzebyales,Egibacteraceae,QS-5-72-10,Unclassified
SRR21412988.bin.8,Bacteria,Bacteroidota,Rhodothermia,Rhodothermales,Salinibacteraceae,Salinibacter,Unclassified
SRR21412989.bin.12,Bacteria,Pseudomonadota,Gammaproteobacteria,Arenicellales,JAANXG01,JAANXG01,Unclassified
SRR21412989.bin.6,Bacteria,Bacteroidota,Bacteroidia,Flavobacteriales,Flavobacteriaceae,Salinimicrobium,Unclassified
SRR21412990.bin.14,Bacteria,Actinomycetota,JAICYB01,JAICYB01,JAICYB01,Unclassified,Unclassified
SRR21412990.bin.20,Bacteria,Actinomycetota,Nitriliruptoria,Euzebyales,Egibacteraceae,QS-5-72-10,Unclassified
SRR21412990.bin.4,Bacteria,Actinomycetota,Nitriliruptoria,Euzebyales,Egibacteraceae,QS-5-72-10,Unclassified
SRR21412991.bin.11,Bacteria,Pseudomonadota,Alphaproteobacteria,Rhodobacterales,Rhodobacteraceae,Palleronia,Unclassified
SRR21412991.bin.13,Bacteria,Actinomycetota,Actinomycetes,Actinomycetales,Cellulomonadaceae,Actinotalea,Unclassified
SRR21412991.bin.15,Bacteria,Bacteroidota,Bacteroidia,Cytophagales,Cyclobacteriaceae,Nafulsella,Unclassified
SRR21412991.bin.19,Bacteria,Pseudomonadota,Gammaproteobacteria,Xanthomonadales,Unclassified,Unclassified,Unclassified
SRR21412991.bin.2,Bacteria,Pseudomonadota,Gammaproteobacteria,Pseudomonadales,Cellvibrionaceae,Unclassified,Unclassified
SRR21412992.bin.15,Bacteria,Pseudomonadota,Gammaproteobacteria,XJ16,Halofilaceae,Halofilum,Unclassified
SRR21412992.bin.18,Bacteria,Pseudomonadota,Gammaproteobacteria,Xanthomonadales,Wenzhouxiangellaceae,Wenzhouxiangella,Unclassified
SRR21412992.bin.19,Bacteria,Pseudomonadota,Gammaproteobacteria,Xanthomonadales,Unclassified,Unclassified,Unclassified
SRR21412993.bin.1,Bacteria,Pseudomonadota,Alphaproteobacteria,Sphingomonadales,Sphingomonadaceae,Sphingomonas,Sphingomonas sp003355005
SRR21412993.bin.10,Bacteria,Actinomycetota,Actinomycetes,Propionibacteriales,Propionibacteriaceae,Cutibacterium,Cutibacterium acnes
SRR21412993.bin.11,Bacteria,Pseudomonadota,Gammaproteobacteria,Pseudomonadales,Pseudomonadaceae,Pseudomonas_E,Pseudomonas_E putida_H
SRR21412993.bin.13,Bacteria,Patescibacteria,Saccharimonadia,QS-5-54-17,QS-5-54-17,Unclassified,Unclassified
SRR21412993.bin.17,Bacteria,Bacillota,Bacilli,Paenibacillales,Paenibacillaceae,Paenibacillus,Paenibacillus chibensis
SRR21412993.bin.18,Bacteria,Bacillota,Bacilli,Staphylococcales,Staphylococcaceae,Staphylococcus,Staphylococcus epidermidis
SRR21412993.bin.6,Bacteria,Actinomycetota,Actinomycetes,Mycobacteriales,Mycobacteriaceae,Corynebacterium,Corynebacterium kefirresidentii
SRR21412993.bin.7,Bacteria,Actinomycetota,Actinomycetes,Mycobacteriales,Mycobacteriaceae,Lawsonella,Lawsonella clevelandensis_A
SRR21412994.bin.1,Bacteria,Actinomycetota,Acidimicrobiia,UBA5794,ZC4RG35,JANQRA01,Unclassified
SRR21412994.bin.17,Bacteria,Bacteroidota,Rhodothermia,Balneolales,Balneolaceae,Unclassified,Unclassified
SRR21412994.bin.18,Bacteria,Gemmatimonadota,Gemmatimonadetes,Palauibacterales,Palauibacteraceae,Unclassified,Unclassified
SRR21412994.bin.19,Bacteria,Actinomycetota,Nitriliruptoria,Nitriliruptorales,Nitriliruptoraceae,Unclassified,Unclassified
SRR21412994.bin.33,Bacteria,Actinomycetota,JAICYB01,JAICYB01,Unclassified,Unclassified,Unclassified
SRR21412994.bin.46,Bacteria,Bacteroidota,Rhodothermia,Rhodothermales,Salinibacteraceae,Unclassified,Unclassified
SRR21412994.bin.5,Bacteria,Pseudomonadota,Gammaproteobacteria,XJ16,Halofilaceae,Halofilum,Unclassified
SRR21412995.bin.11,Bacteria,T1Sed10-126,T1Sed10-126,T1Sed10-126,Unclassified,Unclassified,Unclassified
SRR21412995.bin.16,Bacteria,Pseudomonadota,Gammaproteobacteria,Rariloculales,Rariloculaceae,JAHEEO01,Unclassified
SRR21412995.bin.22,Bacteria,Bacteroidota,Bacteroidia,Flavobacteriales,PHOS-HE28,Unclassified,Unclassified
SRR21412995.bin.28,Bacteria,Pseudomonadota,Gammaproteobacteria,Xanthomonadales,Unclassified,Unclassified,Unclassified
SRR21412995.bin.43,Bacteria,Myxococcota,Polyangia,Haliangiales,Haliangiaceae,SLNH01,Unclassified
SRR21412995.bin.45,Bacteria,Pseudomonadota,Gammaproteobacteria,XJ16,Halofilaceae,Halofilum,Unclassified
SRR21412995.bin.55,Bacteria,Actinomycetota,Nitriliruptoria,Euzebyales,Egibacteraceae,Unclassified,Unclassified
SRR21412995.bin.59,Bacteria,Bacteroidota,Bacteroidia,Flavobacteriales,PHOS-HE28,Unclassified,Unclassified
SRR21412995.bin.60,Bacteria,Myxococcota,Bradymonadia,Bradymonadales,Bradymonadaceae,CAJXPB01,Unclassified
SRR21412995.bin.62,Bacteria,Bacteroidota,Bacteroidia,Flavobacteriales,PHOS-HE28,Unclassified,Unclassified
SRR21412995.bin.7,Bacteria,Actinomycetota,Nitriliruptoria,Nitriliruptorales,Nitriliruptoraceae,SKLC01,Unclassified
SRR21412996.bin.1,Bacteria,Bacteroidota,Bacteroidia,Cytophagales,Cyclobacteriaceae,Nafulsella,Unclassified
SRR21412997.bin.2,Bacteria,Pseudomonadota,Gammaproteobacteria,Enterobacterales,Enterobacteriaceae,Klebsiella,Klebsiella pneumoniae
SRR21412997.bin.9,Bacteria,Bacteroidota,Bacteroidia,Bacteroidales,Bacteroidaceae,Phocaeicola,Phocaeicola vulgatus
SRR21412998.bin.2,Bacteria,Pseudomonadota,Gammaproteobacteria,Pseudomonadales,Pseudomonadaceae,Pseudomonas_E,Unclassified
SRR21413000.bin.10,Bacteria,Myxococcota,Polyangia,Polyangiales,Polyangiaceae,Unclassified,Unclassified
SRR21413000.bin.13,Bacteria,Pseudomonadota,Gammaproteobacteria,XN24,XN24,XN24,Unclassified
SRR21413000.bin.26,Bacteria,Pseudomonadota,Alphaproteobacteria,Sphingomonadales,Sphingomonadaceae,Croceibacterium,Unclassified
SRR21413000.bin.36,Bacteria,Pseudomonadota,Gammaproteobacteria,XN24,XN24,Unclassified,Unclassified
SRR21413001.bin.13,Bacteria,Chloroflexota,Limnocylindria,QHBO01,QHBO01,JACDBZ01,Unclassified
SRR21413001.bin.20,Bacteria,Pseudomonadota,Gammaproteobacteria,Nitrococcales,Aquisalimonadaceae,Aquisalimonas,Unclassified
SRR21413001.bin.25,Bacteria,Actinomycetota,Actinomycetes,Jiangellales,Jiangellaceae,JASLBX01,Unclassified
SRR21413001.bin.3,Bacteria,Actinomycetota,Actinomycetes,Actinomycetales,Micrococcaceae,Kocuria,Unclassified
SRR21413001.bin.31,Bacteria,Actinomycetota,Acidimicrobiia,Acidimicrobiales,JACDCH01,Unclassified,Unclassified
SRR21413001.bin.32,Bacteria,Actinomycetota,Nitriliruptoria,Euzebyales,Egibacteraceae,WHTC01,Unclassified
SRR21413001.bin.39,Bacteria,Bacillota,Bacilli,Bacillales_A,Planococcaceae,Planococcus,Unclassified
SRR21413001.bin.45,Bacteria,Actinomycetota,Actinomycetes,Streptosporangiales,Streptosporangiaceae,Spiractinospora,Unclassified
SRR21413001.bin.5,Bacteria,Pseudomonadota,Gammaproteobacteria,SLND01,SLND01,Natronospira,Unclassified
SRR21413001.bin.51,Bacteria,Bacteroidota,Bacteroidia,Cytophagales,Cyclobacteriaceae,Anditalea,Unclassified
SRR21413001.bin.54,Bacteria,Bacillota,Bacilli,Bacillales_H,Salisediminibacteriaceae,Alkalicoccus,Unclassified
SRR21413001.bin.55,Bacteria,Actinomycetota,Nitriliruptoria,Euzebyales,JAHELV01,Unclassified,Unclassified
SRR21413001.bin.57,Bacteria,Actinomycetota,UBA4738,UBA4738,CALAEC01,CALAEC01,Unclassified
SRR21413001.bin.58,Bacteria,Actinomycetota,Actinomycetes,Actinomycetales,Micrococcaceae,Citricoccus,Unclassified
SRR21413001.bin.6,Bacteria,Pseudomonadota,Alphaproteobacteria,Caulobacterales,Hyphomonadaceae,Hyphomonas,Unclassified
SRR21413002.bin.31,Bacteria,Pseudomonadota,Gammaproteobacteria,Xanthomonadales,Wenzhouxiangellaceae,SLIZ01,Unclassified
SRR21413002.bin.4,Bacteria,Pseudomonadota,Alphaproteobacteria,Geminicoccales,Geminicoccaceae,Unclassified,Unclassified
SRR21413002.bin.41,Bacteria,Pseudomonadota,Gammaproteobacteria,Pseudomonadales,Cellvibrionaceae,Marinimicrobium,Unclassified
SRR21413002.bin.5,Bacteria,Actinomycetota,Actinomycetes,Mycobacteriales,Pseudonocardiaceae,WHSY01,Unclassified
SRR21413002.bin.53,Bacteria,Actinomycetota,Acidimicrobiia,UBA5794,ZC4RG35,JANQRA01,Unclassified
SRR21413003.bin.17,Bacteria,Actinomycetota,Actinomycetes,Actinomycetales,Dermatophilaceae,Ornithinicoccus_A,Unclassified
SRR21413003.bin.2,Bacteria,Gemmatimonadota,Gemmatimonadetes,Longimicrobiales,UBA6960,Unclassified,Unclassified
SRR21413003.bin.20,Bacteria,Pseudomonadota,Gammaproteobacteria,Pseudomonadales,Cellvibrionaceae,Marinimicrobium,Unclassified
SRR21413003.bin.21,Bacteria,Pseudomonadota,Gammaproteobacteria,SLND01,SLND01,Natronospira,Unclassified
SRR21413003.bin.37,Bacteria,Pseudomonadota,Gammaproteobacteria,Xanthomonadales,Xanthomonadaceae,Lysobacter_C,Unclassified
SRR21413003.bin.40,Bacteria,Chloroflexota,Chloroflexia,Thermomicrobiales,UBA6265,UBA6265,Unclassified
SRR21413003.bin.46,Bacteria,Pseudomonadota,Gammaproteobacteria,Pseudomonadales,Cellvibrionaceae,Unclassified,Unclassified
SRR21413003.bin.48,Bacteria,Chloroflexota,Limnocylindria,QHBO01,QHBO01,JACDBZ01,Unclassified
SRR21413003.bin.52,Bacteria,Bacteroidota,Bacteroidia,Flavobacteriales,Flavobacteriaceae,Gillisia,Unclassified
SRR21413003.bin.6,Bacteria,Actinomycetota,Nitriliruptoria,Nitriliruptorales,JAHWKO01,Unclassified,Unclassified
SRR21413004.bin.14,Bacteria,Gemmatimonadota,Gemmatimonadetes,Longimicrobiales,UBA6960,Unclassified,Unclassified
SRR21413004.bin.24,Bacteria,Bacteroidota,Bacteroidia,Cytophagales,Cyclobacteriaceae,JALZND01,Unclassified
SRR21413004.bin.3,Bacteria,Actinomycetota,UBA4738,JAHWKV01,JAHWKV01,JAHWKV01,Unclassified
SRR21413004.bin.31,Bacteria,Actinomycetota,Nitriliruptoria,Euzebyales,Egibacteraceae,SKQL01,Unclassified
SRR21413004.bin.39,Bacteria,Pseudomonadota,Alphaproteobacteria,Sphingomonadales,Sphingomonadaceae,Allosphingosinicella,Unclassified
SRR21413004.bin.41,Bacteria,Bacteroidota,Rhodothermia,Balneolales,Balneolaceae,Rhodohalobacter,Unclassified
SRR21413004.bin.9,Bacteria,Bacteroidota,Bacteroidia,Cytophagales,Cyclobacteriaceae,Nafulsella,Unclassified
SRR21413005.bin.1,Bacteria,Actinomycetota,Rubrobacteria,Rubrobacterales,Rubrobacteraceae,Rubrobacter_A,Unclassified
SRR21413005.bin.10,Bacteria,Pseudomonadota,Gammaproteobacteria,Pseudomonadales,Oleiphilaceae,Marinobacter,Unclassified
SRR21413005.bin.11,Bacteria,Actinomycetota,Nitriliruptoria,Nitriliruptorales,Nitriliruptoraceae,SKLC01,Unclassified
SRR21413005.bin.15,Bacteria,Bacteroidota,Bacteroidia,Flavobacteriales,Flavobacteriaceae,Salinimicrobium,Unclassified
SRR21413005.bin.25,Bacteria,Actinomycetota,Rubrobacteria,Rubrobacterales,Rubrobacteraceae,Unclassified,Unclassified
SRR21413005.bin.36,Bacteria,Actinomycetota,Nitriliruptoria,Euzebyales,Egibacteraceae,Unclassified,Unclassified
SRR21413005.bin.6,Bacteria,Bacteroidota,Rhodothermia,Balneolales,Balneolaceae,Unclassified,Unclassified
SRR21413006.bin.14,Bacteria,Bacteroidota,Bacteroidia,Cytophagales,Hymenobacteraceae,Pontibacter,Unclassified
SRR21413006.bin.19,Bacteria,Pseudomonadota,Alphaproteobacteria,Sphingomonadales,Sphingomonadaceae,Allosphingosinicella,Unclassified
SRR21413006.bin.2,Bacteria,Bacteroidota,Bacteroidia,Cytophagales,Cyclobacteriaceae,Cesiribacter,Unclassified
SRR21413006.bin.31,Bacteria,Actinomycetota,Actinomycetes,Actinomycetales,Dermatophilaceae,Ornithinimicrobium,Unclassified
SRR21413006.bin.7,Bacteria,Actinomycetota,Actinomycetes,Actinomycetales,Micrococcaceae,Arthrobacter_D,Unclassified
SRR21413007.bin.13,Bacteria,Pseudomonadota,Gammaproteobacteria,Burkholderiales,Burkholderiaceae,Sutterella,Sutterella wadsworthensis
SRR21413007.bin.15,Bacteria,Bacteroidota,Bacteroidia,Bacteroidales,Bacteroidaceae,Phocaeicola,Phocaeicola coprocola
SRR21413007.bin.24,Bacteria,Bacillota_A,Clostridia,Lachnospirales,Lachnospiraceae,Lachnospira,Lachnospira pectinoschiza_A
SRR21413007.bin.32,Bacteria,Bacteroidota,Bacteroidia,Flavobacteriales,Flavobacteriaceae,Gillisia,Unclassified
SRR21413008.bin.1,Bacteria,Acidobacteriota,Thermoanaerobaculia,Multivoradales,JAIOJS01,Unclassified,Unclassified
SRR21413008.bin.10,Bacteria,Actinomycetota,Actinomycetes,Actinomycetales,Bifidobacteriaceae,Bifidobacterium,Bifidobacterium longum
SRR21413008.bin.13,Bacteria,Pseudomonadota,Alphaproteobacteria,Caulobacterales,Caulobacteraceae,PUIC01,PUIC01 sp017418605
SRR21413008.bin.3,Bacteria,Pseudomonadota,Gammaproteobacteria,Xanthomonadales,Wenzhouxiangellaceae,Wenzhouxiangella,Unclassified
SRR21413008.bin.7,Bacteria,Pseudomonadota,Gammaproteobacteria,XJ16,Halofilaceae,Halofilum,Unclassified
SRR21413009.bin.1,Bacteria,Actinomycetota,Nitriliruptoria,Nitriliruptorales,Unclassified,Unclassified,Unclassified
SRR21413009.bin.4,Bacteria,Actinomycetota,Acidimicrobiia,UBA5794,ZC4RG35,JANQRA01,Unclassified
SRR23851168.bin.16,Bacteria,Chloroflexota,Anaerolineae,Anaerolineales,Villigracilaceae,Defluviilinea,Unclassified
SRR23851170.bin.25,Bacteria,Pseudomonadota,Gammaproteobacteria,Burkholderiales,SG8-41,CAKKQX01,Unclassified
SRR23851171.bin.11,Bacteria,Actinomycetota,Acidimicrobiia,Acidimicrobiales,JACDCH01,UBA9382,Unclassified
SRR23851171.bin.14,Bacteria,Gemmatimonadota,Gemmatimonadetes,Longimicrobiales,RSA9,SH-MAG3,Unclassified
SRR23851171.bin.17,Bacteria,Pseudomonadota,Alphaproteobacteria,Sphingomonadales,Sphingomonadaceae,Sphingomicrobium,Unclassified
SRR23851171.bin.18,Bacteria,Pseudomonadota,Gammaproteobacteria,Xanthomonadales,Xanthomonadaceae,CAMPJU01,Unclassified
SRR23851171.bin.20,Bacteria,Gemmatimonadota,Gemmatimonadetes,Gemmatimonadales,Gemmatimonadaceae,Unclassified,Unclassified
SRR23851171.bin.22,Bacteria,Cyanobacteriota,Cyanobacteriia,Cyanobacteriales,Coleofasciculaceae,Allocoleopsis,Unclassified
SRR23851171.bin.3,Bacteria,Myxococcota,Polyangia,Polyangiales,Unclassified,Unclassified,Unclassified
SRR23851172.bin.13,Bacteria,Acidobacteriota,Thermoanaerobaculia,Multivoradales,UBA5704,UBA5704,Unclassified
SRR23851173.bin.10,Bacteria,Actinomycetota,Thermoleophilia,Solirubrobacterales,Solirubrobacteraceae,CADCVQ01,Unclassified
SRR23851173.bin.3,Bacteria,Actinomycetota,Actinomycetes,Actinomycetales,Microbacteriaceae,Microbacterium,Microbacterium sp002979655
SRR23851173.bin.6,Bacteria,Pseudomonadota,Gammaproteobacteria,Enterobacterales,Enterobacteriaceae,Dryocola,Unclassified
SRR23851174.bin.24,Bacteria,Acidobacteriota,UBA890,UBA890,Unclassified,Unclassified,Unclassified
SRR23851175.bin.35,Bacteria,Bacteroidota,Bacteroidia,Flavobacteriales,Flavobacteriaceae,Salinimicrobium,Salinimicrobium sp026676115
SRR23851175.bin.37,Bacteria,Gemmatimonadota,Gemmatimonadetes,Palauibacterales,Palauibacteraceae,Unclassified,Unclassified
SRR23851175.bin.55,Bacteria,Gemmatimonadota,Gemmatimonadetes,Palauibacterales,KS3-K002,Unclassified,Unclassified
SRR23851175.bin.59,Bacteria,Chloroflexota,Anaerolineae,Promineifilales,Promineifilaceae,JAAYYY01,Unclassified
SRR23851175.bin.6,Bacteria,Gemmatimonadota,Gemmatimonadetes,Palauibacterales,Palauibacteraceae,Unclassified,Unclassified
SRR23851175.bin.67,Bacteria,Chloroflexota,Anaerolineae,Anaerolineales,E44-bin32,Unclassified,Unclassified
SRR23851176.bin.13,Bacteria,Gemmatimonadota,Gemmatimonadetes,Longimicrobiales,RSA9,Unclassified,Unclassified
SRR23851176.bin.16,Bacteria,Pseudomonadota,Gammaproteobacteria,Pseudomonadales,Cellvibrionaceae,Microbulbifer,Unclassified
SRR23851176.bin.2,Bacteria,Gemmatimonadota,Gemmatimonadetes,Longimicrobiales,RSA9,Unclassified,Unclassified
SRR23851176.bin.21,Bacteria,Pseudomonadota,Gammaproteobacteria,Burkholderiales,Burkholderiaceae,Comamonas,Comamonas tsuruhatensis
SRR23851176.bin.26,Bacteria,Chloroflexota,Anaerolineae,Ardenticatenales,Ardenticatenaceae,Unclassified,Unclassified
SRR23851176.bin.32,Bacteria,Chloroflexota,Dehalococcoidia,SM23-28-2,RBG-16-64-32,JACZRQ01,Unclassified
SRR23851176.bin.34,Bacteria,Actinomycetota,Acidimicrobiia,UBA5794,ZC4RG35,ZC4RG17,Unclassified
SRR23851176.bin.35,Bacteria,Actinomycetota,Actinomycetes,Jiangellales,Jiangellaceae,JASLBX01,Unclassified
SRR23851176.bin.46,Bacteria,Chloroflexota,Anaerolineae,Promineifilales,Promineifilaceae,JAAYYY01,Unclassified
SRR23851176.bin.48,Bacteria,Gemmatimonadota,Gemmatimonadetes,Palauibacterales,Palauibacteraceae,Unclassified,Unclassified
SRR23851176.bin.5,Bacteria,Actinomycetota,Actinomycetes,Mycobacteriales,Micromonosporaceae,Natronosporangium,Unclassified
SRR23851176.bin.56,Bacteria,Pseudomonadota,Gammaproteobacteria,Woeseiales,Woeseiaceae,JACZWL01,Unclassified
SRR23851176.bin.60,Bacteria,Pseudomonadota,Gammaproteobacteria,Nevskiales,Salinisphaeraceae,Unclassified,Unclassified
SRR23851176.bin.62,Bacteria,Chloroflexota,Dehalococcoidia,UBA3495,UBA3495,Unclassified,Unclassified
SRR23851177.bin.1,Bacteria,Gemmatimonadota,Gemmatimonadetes,Palauibacterales,Palauibacteraceae,Unclassified,Unclassified
SRR23851177.bin.19,Bacteria,Actinomycetota,Acidimicrobiia,UBA5794,UBA11373,Unclassified,Unclassified
SRR23851177.bin.2,Bacteria,Gemmatimonadota,Gemmatimonadetes,JACCXV01,JAHWKZ01,Unclassified,Unclassified
SRR23851177.bin.32,Bacteria,Pseudomonadota,Alphaproteobacteria,Geminicoccales,Geminicoccaceae,Unclassified,Unclassified
SRR23851177.bin.34,Bacteria,Actinomycetota,Actinomycetes,Mycobacteriales,Mycobacteriaceae,Rhodococcus,Rhodococcus qingshengii
SRR23851177.bin.38,Bacteria,Acidobacteriota,Vicinamibacteria,Marinacidobacterales,SMYC01,CAMYKY01,Unclassified
SRR23851177.bin.56,Bacteria,Planctomycetota,Planctomycetia,Planctomycetales,Planctomycetaceae,Unclassified,Unclassified
SRR23851178.bin.5,Bacteria,Actinomycetota,Actinomycetes,Propionibacteriales,Nocardioidaceae,Nocardioides,Unclassified
SRR23851178.bin.7,Bacteria,Actinomycetota,UBA4738,JAHWKV01,JAHWKV01,JAHWKV01,Unclassified
SRR23851179.bin.14,Bacteria,Acidobacteriota,Thermoanaerobaculia,Multivoradales,UBA5704,Unclassified,Unclassified
SRR23851179.bin.8,Bacteria,Pseudomonadota,Alphaproteobacteria,UBA8366,JADFVY01,Unclassified,Unclassified
SRR23851181.bin.1,Bacteria,Bacteroidota,Bacteroidia,Flavobacteriales,Flavobacteriaceae,Salinimicrobium,Unclassified
SRR23851181.bin.11,Bacteria,Bacteroidota,Bacteroidia,Flavobacteriales,Flavobacteriaceae,Salinimicrobium,Unclassified
SRR23851181.bin.18,Bacteria,Actinomycetota,Acidimicrobiia,IMCC26256,JAOSJL01,Unclassified,Unclassified
SRR23851181.bin.3,Bacteria,Actinomycetota,Thermoleophilia,Solirubrobacterales,Sep-70,VRUE01,Unclassified
SRR23851182.bin.19,Bacteria,Pseudomonadota,Gammaproteobacteria,Pseudomonadales,Cellvibrionaceae,Marinimicrobium,Unclassified
SRR23851183.bin.23,Bacteria,Myxococcota_A,UBA9160,UBA9160,UBA4427,Unclassified,Unclassified
SRR23851183.bin.25,Bacteria,Bacteroidota,Bacteroidia,Cytophagales,Cyclobacteriaceae,Echinicola,Unclassified
SRR23851183.bin.28,Bacteria,Acidobacteriota,Thermoanaerobaculia,Multivoradales,UBA5704,Unclassified,Unclassified
SRR23851184.bin.7,Bacteria,Actinomycetota,Actinomycetes,Actinomycetales,Microbacteriaceae,Microcella,Unclassified
SRR23851184.bin.8,Bacteria,Cyanobacteriota,Cyanobacteriia,Phormidesmiales,Phormidesmiaceae,Nodosilinea,Unclassified
SRR23851185.bin.10,Bacteria,Pseudomonadota,Gammaproteobacteria,Xanthomonadales,Xanthomonadaceae,Arenimonas,Unclassified
SRR23851185.bin.4,Bacteria,Pseudomonadota,Gammaproteobacteria,Burkholderiales,Thiobacillaceae,Thiobacillus,Unclassified
SRR23851186.bin.1,Bacteria,Pseudomonadota,Alphaproteobacteria,Kiloniellales,J153,JACZVL01,Unclassified
SRR23851186.bin.10,Bacteria,Acidobacteriota,UBA6911,RPQK01,RPQK01,JANQFM01,Unclassified
SRR23851186.bin.12,Bacteria,Acidobacteriota,Thermoanaerobaculia,Multivoradales,UBA5704,Unclassified,Unclassified
SRR23851186.bin.22,Bacteria,Actinomycetota,Actinomycetes,Jiangellales,Jiangellaceae,JASLBX01,Unclassified
SRR23851186.bin.3,Bacteria,Pseudomonadota,Gammaproteobacteria,HK1,Unclassified,Unclassified,Unclassified
SRR23851186.bin.32,Bacteria,Gemmatimonadota,Gemmatimonadetes,Palauibacterales,KS3-K002,Kutchimonas,Unclassified
SRR23851187.bin.14,Bacteria,Pseudomonadota,Gammaproteobacteria,SLDE01,SLDE01,JAPHTQ01,Unclassified
SRR23851188.bin.9,Bacteria,Chloroflexota,Anaerolineae,Anaerolineales,Villigracilaceae,Defluviilinea,Unclassified
SRR23851189.bin.1,Bacteria,Actinomycetota,UBA4738,UBA4738,CALAEC01,Unclassified,Unclassified
SRR23851189.bin.11,Bacteria,Acidobacteriota,Vicinamibacteria,Marinacidobacterales,SMYC01,Unclassified,Unclassified
SRR23851189.bin.14,Bacteria,Gemmatimonadota,Gemmatimonadetes,Palauibacterales,KS3-K002,Unclassified,Unclassified
SRR23851189.bin.17,Bacteria,Gemmatimonadota,Gemmatimonadetes,JACCXV01,JAHWKZ01,JAHWKZ01,Unclassified
SRR23851189.bin.20,Bacteria,Chloroflexota,Anaerolineae,Anaerolineales,UBA4823,Kmv39,Unclassified
SRR23851189.bin.32,Bacteria,KSB1,UBA2214,CR04bin15,Unclassified,Unclassified,Unclassified
SRR23851189.bin.36,Bacteria,Chloroflexota,Anaerolineae,Promineifilales,Promineifilaceae,Leptofilum,Unclassified
SRR23851189.bin.46,Bacteria,Chloroflexota,Anaerolineae,Anaerolineales,E44-bin32,Unclassified,Unclassified
SRR23851189.bin.48,Bacteria,Gemmatimonadota,Gemmatimonadetes,Palauibacterales,KS3-K002,Unclassified,Unclassified
SRR23851189.bin.62,Bacteria,Gemmatimonadota,Gemmatimonadetes,Palauibacterales,Palauibacteraceae,Unclassified,Unclassified
SRR23851189.bin.7,Bacteria,Calditrichota,Calditrichia,RBG-13-44-9,J042,Unclassified,Unclassified
SRR23851190.bin.16,Bacteria,Chloroflexota,Anaerolineae,Anaerolineales,E44-bin32,Unclassified,Unclassified
SRR23851190.bin.2,Bacteria,Pseudomonadota,Gammaproteobacteria,Thiohalobacterales,Thiohalobacteraceae,Thiohalobacter,Unclassified
SRR23851190.bin.25,Bacteria,Pseudomonadota,Gammaproteobacteria,Rariloculales,Rariloculaceae,JAHEEO01,Unclassified
SRR23851190.bin.27,Bacteria,Actinomycetota,Acidimicrobiia,UBA5794,ZC4RG35,JAHEDH01,Unclassified
SRR23851190.bin.28,Bacteria,Bacteroidota,Rhodothermia,Balneolales,Balneolaceae,Unclassified,Unclassified
SRR23851190.bin.29,Bacteria,Bacteroidota,Rhodothermia,Rhodothermales,Salinibacteraceae,JAAAPH01,Unclassified
SRR23851190.bin.31,Bacteria,Chloroflexota,Anaerolineae,Aggregatilineales,UBA3940,UBA3940,Unclassified
SRR23851190.bin.33,Bacteria,Chloroflexota,Anaerolineae,Anaerolineales,UBA4823,Kmv39,Unclassified
SRR23851190.bin.37,Bacteria,Pseudomonadota,Gammaproteobacteria,XJ16,Halofilaceae,Halofilum,Unclassified
SRR23851190.bin.39,Bacteria,Desulfobacterota,Desulfuromonadia,Desulfuromonadales,BM103,Unclassified,Unclassified
SRR23851190.bin.40,Bacteria,Gemmatimonadota,Gemmatimonadetes,Palauibacterales,Palauibacteraceae,Unclassified,Unclassified
SRR23851190.bin.42,Bacteria,Bacteroidota,Ignavibacteria,Ignavibacteriales,Ignavibacteriaceae,Unclassified,Unclassified
SRR23851190.bin.47,Bacteria,Pseudomonadota,Gammaproteobacteria,Competibacterales,Competibacteraceae,Unclassified,Unclassified
SRR23851190.bin.50,Bacteria,Gemmatimonadota,Gemmatimonadetes,Palauibacterales,Palauibacteraceae,Unclassified,Unclassified
SRR23851190.bin.52,Bacteria,Actinomycetota,Acidimicrobiia,UBA5794,ZC4RG35,ZC4RG17,Unclassified
SRR23851190.bin.54,Bacteria,Bacteroidota,Rhodothermia,Balneolales,Balneolaceae,Halalkalibaculum,Unclassified
SRR23851190.bin.58,Bacteria,Pseudomonadota,Alphaproteobacteria,Kiloniellales,Kiloniellaceae,Pelagibius,Unclassified
SRR23851190.bin.59,Bacteria,Gemmatimonadota,Gemmatimonadetes,Longimicrobiales,UBA6960,UBA2589,Unclassified
SRR23851191.bin.10,Bacteria,Actinomycetota,UBA4738,UBA4738,CALAEC01,Unclassified,Unclassified
SRR23851191.bin.14,Bacteria,Chloroflexota,Anaerolineae,Anaerolineales,E44-bin32,Unclassified,Unclassified
SRR23851191.bin.15,Bacteria,Gemmatimonadota,Gemmatimonadetes,Palauibacterales,Palauibacteraceae,Unclassified,Unclassified
SRR23851191.bin.17,Bacteria,Actinomycetota,Thermoleophilia,Solirubrobacterales,Sep-70,VRUE01,Unclassified
SRR23851191.bin.24,Bacteria,Pseudomonadota,Gammaproteobacteria,Pseudomonadales,Oleiphilaceae,Marinobacter,Unclassified
SRR23851191.bin.32,Bacteria,Chloroflexota,Anaerolineae,Anaerolineales,E44-bin32,Unclassified,Unclassified
SRR23851191.bin.72,Bacteria,Pseudomonadota,Gammaproteobacteria,XJ16,Halofilaceae,Halofilum,Unclassified
SRR23851191.bin.74,Bacteria,Acidobacteriota,Thermoanaerobaculia,Multivoradales,UBA5704,Unclassified,Unclassified
SRR23851192.bin.15,Bacteria,Actinomycetota,Acidimicrobiia,Acidimicrobiales,JACDCH01,Unclassified,Unclassified
SRR23851192.bin.2,Bacteria,Pseudomonadota,Gammaproteobacteria,Burkholderiales,SG8-39,JAABQT01,Unclassified
SRR23851192.bin.21,Bacteria,Pseudomonadota,Alphaproteobacteria,Kiloniellales,Kiloniellaceae,Unclassified,Unclassified
SRR23851192.bin.26,Bacteria,Gemmatimonadota,Gemmatimonadetes,JACCXV01,JAHWKZ01,Unclassified,Unclassified
SRR23851193.bin.11,Bacteria,Pseudomonadota,Alphaproteobacteria,Kiloniellales,J153,Unclassified,Unclassified
SRR23851193.bin.18,Bacteria,Pseudomonadota,Gammaproteobacteria,Pseudomonadales,Oleiphilaceae,Marinobacter,Unclassified
SRR23851193.bin.3,Bacteria,Pseudomonadota,Alphaproteobacteria,Sphingomonadales,SMXR01,Unclassified,Unclassified
SRR23851193.bin.33,Bacteria,Pseudomonadota,Gammaproteobacteria,Arenicellales,JAANXG01,JAANXG01,Unclassified
SRR23851193.bin.35,Bacteria,Planctomycetota,Planctomycetia,Planctomycetales,Planctomycetaceae,JABURQ01,Unclassified
SRR23851193.bin.39,Bacteria,Gemmatimonadota,Gemmatimonadetes,Palauibacterales,Palauibacteraceae,Unclassified,Unclassified
SRR23851193.bin.42,Bacteria,Pseudomonadota,Gammaproteobacteria,UBA4486,UBA4486,Unclassified,Unclassified
SRR23851193.bin.50,Bacteria,Bacteroidota,Rhodothermia,Unclassified,Unclassified,Unclassified,Unclassified
SRR23851193.bin.60,Bacteria,Acidobacteriota,Thermoanaerobaculia,Multivoradales,UBA5704,Unclassified,Unclassified
SRR23851194.bin.12,Bacteria,Bacteroidota,Rhodothermia,Balneolales,Balneolaceae,Unclassified,Unclassified
SRR23851194.bin.17,Bacteria,Chloroflexota,Anaerolineae,Promineifilales,Promineifilaceae,JAAYYY01,Unclassified
SRR23851194.bin.23,Bacteria,Desulfobacterota_D,UBA1144,RKRQ01,JAJCZQ01,Unclassified,Unclassified
SRR23851194.bin.26,Bacteria,SAR324,SAR324,SAR324,JACQKK01,JACZVE01,Unclassified
SRR23851194.bin.3,Bacteria,Gemmatimonadota,Gemmatimonadetes,Longimicrobiales,RSA9,SLCC01,Unclassified
SRR23851194.bin.38,Bacteria,Acidobacteriota,Vicinamibacteria,Marinacidobacterales,SMYC01,CAMYKY01,Unclassified
SRR23851194.bin.52,Bacteria,Desulfobacterota_D,UBA1144,UBA2774,Unclassified,Unclassified,Unclassified
SRR23851194.bin.60,Bacteria,Chloroflexota,Anaerolineae,Anaerolineales,E44-bin32,Unclassified,Unclassified
SRR23851194.bin.67,Bacteria,Gemmatimonadota,Gemmatimonadetes,Longimicrobiales,UBA6960,Unclassified,Unclassified
SRR23851194.bin.71,Bacteria,Planctomycetota,UBA8108,UBA8108,UBA8108,Unclassified,Unclassified
SRR23851194.bin.8,Bacteria,Actinomycetota,Thermoleophilia,Solirubrobacterales,Thermoleophilaceae,JAAYBF01,Unclassified
SRR23851195.bin.11,Bacteria,Nitrospirota,Nitrospiria,Nitrospirales,Unclassified,Unclassified,Unclassified
SRR23851195.bin.15,Bacteria,Acidobacteriota,Thermoanaerobaculia,Multivoradales,UBA5704,Unclassified,Unclassified
SRR23851195.bin.16,Bacteria,Desulfobacterota_B,Binatia,UBA9968,UBA9968,JAUXIP01,Unclassified
SRR23851195.bin.23,Bacteria,Planctomycetota,Planctomycetia,Pirellulales,Lacipirellulaceae,Unclassified,Unclassified
SRR23851195.bin.30,Bacteria,Myxococcota_A,UBA9160,UBA9160,JAFDET01,Unclassified,Unclassified
SRR23851195.bin.31,Bacteria,Planctomycetota,Planctomycetia,Planctomycetales,Planctomycetaceae,Unclassified,Unclassified
SRR23851195.bin.44,Bacteria,Pseudomonadota,Alphaproteobacteria,Kiloniellales,J153,J153,Unclassified
SRR23851195.bin.55,Bacteria,Pseudomonadota,Gammaproteobacteria,Pseudomonadales,Oleiphilaceae,Marinobacter,Unclassified
SRR23851195.bin.57,Bacteria,Bacteroidota,Rhodothermia,Unclassified,Unclassified,Unclassified,Unclassified
SRR23851195.bin.58,Bacteria,Methylomirabilota,Methylomirabilia,Methylomirabilales,CSP1-5,CSP1-5,Unclassified
SRR23851195.bin.59,Bacteria,Pseudomonadota,Alphaproteobacteria,MPNO01,Unclassified,Unclassified,Unclassified
SRR23851195.bin.7,Bacteria,Pseudomonadota,Gammaproteobacteria,Acidiferrobacterales,Sulfurifustaceae,JACQFZ01,Unclassified
SRR23851196.bin.11,Bacteria,Actinomycetota,Acidimicrobiia,UBA5794,ZC4RG35,MA-ANB-1,Unclassified
SRR23851196.bin.29,Bacteria,Bacteroidota,Bacteroidia,Flavobacteriales,Flavobacteriaceae,Lutibacter,Unclassified
SRR23851196.bin.8,Bacteria,Pseudomonadota,Alphaproteobacteria,UBA8366,JADFVY01,Unclassified,Unclassified
SRR23851197.bin.20,Bacteria,Actinomycetota,Nitriliruptoria,Nitriliruptorales,Nitriliruptoraceae,Unclassified,Unclassified
SRR23851197.bin.22,Bacteria,Acidobacteriota,UBA6911,RPQK01,RPQK01,Unclassified,Unclassified
SRR23851197.bin.25,Bacteria,Chloroflexota,Anaerolineae,Promineifilales,Promineifilaceae,JAAYYY01,Unclassified
SRR23851197.bin.8,Bacteria,Chloroflexota,Anaerolineae,Promineifilales,Promineifilaceae,CAADGU01,Unclassified
SRR23851198.bin.15,Bacteria,Actinomycetota,Actinomycetes,Streptomycetales,Streptomycetaceae,Streptomyces,Unclassified
SRR23851198.bin.2,Bacteria,Acidobacteriota,Thermoanaerobaculia,Multivoradales,Unclassified,Unclassified,Unclassified
SRR23851198.bin.21,Bacteria,Acidobacteriota,Vicinamibacteria,Marinacidobacterales,SMYC01,Unclassified,Unclassified
SRR23851198.bin.25,Bacteria,Acidobacteriota,Thermoanaerobaculia,Multivoradales,UBA5704,Unclassified,Unclassified
SRR23851198.bin.26,Bacteria,Gemmatimonadota,Gemmatimonadetes,Longimicrobiales,RSA9,Unclassified,Unclassified
SRR23851198.bin.28,Bacteria,Pseudomonadota,Gammaproteobacteria,Pseudomonadales,Cellvibrionaceae,Microbulbifer,Unclassified
SRR23851198.bin.29,Bacteria,Actinomycetota,Actinomycetes,Mycobacteriales,Micromonosporaceae,Natronosporangium,Unclassified
SRR23851198.bin.38,Bacteria,Myxococcota_A,UBA9160,UBA9160,SMWR01,CALDCK01,Unclassified
SRR23851198.bin.7,Bacteria,Acidobacteriota,Thermoanaerobaculia,Multivoradales,UBA5704,Unclassified,Unclassified
SRR23851199.bin.10,Bacteria,Actinomycetota,Acidimicrobiia,UBA5794,ZC4RG35,Ww567,Unclassified
SRR23851199.bin.11,Bacteria,Chloroflexota,Anaerolineae,Aggregatilineales,UBA3940,UBA3940,Unclassified
SRR23851199.bin.19,Bacteria,Pseudomonadota,Gammaproteobacteria,SLDE01,SLDE01,JAPHTQ01,Unclassified
SRR23851199.bin.28,Bacteria,Gemmatimonadota,Gemmatimonadetes,Longimicrobiales,UBA6960,Unclassified,Unclassified
SRR23851199.bin.30,Bacteria,Myxococcota,Polyangia,Polyangiales,SG8-38,Unclassified,Unclassified
SRR23851200.bin.39,Bacteria,Gemmatimonadota,Gemmatimonadetes,Longimicrobiales,RSA9,SLCC01,Unclassified
SRR23851201.bin.14,Bacteria,Desulfobacterota,Desulfobulbia,Desulfobulbales,Desulfurivibrionaceae,BM506,Unclassified
SRR23851201.bin.15,Bacteria,Pseudomonadota,Gammaproteobacteria,UBA6429,Unclassified,Unclassified,Unclassified
SRR23851201.bin.41,Bacteria,Pseudomonadota,Gammaproteobacteria,Pseudomonadales,Oleiphilaceae,Marinobacter,Unclassified
SRR23851202.bin.10,Bacteria,Pseudomonadota,Gammaproteobacteria,Xanthomonadales,SZUA-36,JABDJL01,Unclassified
SRR23851203.bin.11,Bacteria,Actinomycetota,Actinomycetes,Jiangellales,Jiangellaceae,JASLBX01,Unclassified
SRR23851203.bin.13,Bacteria,Actinomycetota,Acidimicrobiia,UBA5794,ZC4RG35,JANQRA01,Unclassified
SRR23851203.bin.19,Bacteria,Actinomycetota,Nitriliruptoria,Euzebyales,Egibacteraceae,Unclassified,Unclassified
SRR23851203.bin.5,Bacteria,Actinomycetota,Acidimicrobiia,UBA5794,ZC4RG35,JANQRA01,Unclassified
SRR23851205.bin.16,Bacteria,Myxococcota,Polyangia,Polyangiales,Polyangiaceae,JAICQQ01,Unclassified
SRR23851205.bin.19,Bacteria,Pseudomonadota,Gammaproteobacteria,Woeseiales,Woeseiaceae,Unclassified,Unclassified
SRR23851205.bin.2,Bacteria,Pseudomonadota,Alphaproteobacteria,Caulobacterales,Parvularculaceae,Hyphococcus,Unclassified
SRR23851205.bin.24,Bacteria,Acidobacteriota,Thermoanaerobaculia,Multivoradales,UBA5704,Unclassified,Unclassified
SRR23851205.bin.28,Bacteria,Desulfobacterota,Desulfuromonadia,Desulfuromonadales,WTL,Deferrimonas,Unclassified
SRR23851205.bin.40,Bacteria,Pseudomonadota,Gammaproteobacteria,Rariloculales,Rariloculaceae,JAHEEO01,Unclassified
SRR23851205.bin.7,Bacteria,Gemmatimonadota,Gemmatimonadetes,Longimicrobiales,RSA9,SLCC01,Unclassified
SRR23851206.bin.11,Bacteria,Actinomycetota,UBA4738,CADDZG01,WHSQ01,CALMBW01,Unclassified
SRR23851206.bin.12,Bacteria,Actinomycetota,Acidimicrobiia,Acidimicrobiales,GCA-2861595,JAHFUS01,Unclassified
SRR23851206.bin.19,Bacteria,Cyanobacteriota,Cyanobacteriia,Cyanobacteriales,Coleofasciculaceae,Allocoleopsis,Unclassified
SRR23851206.bin.2,Bacteria,Actinomycetota,Acidimicrobiia,UBA5794,ZC4RG35,ZC4RG17,Unclassified
SRR23851206.bin.22,Bacteria,Actinomycetota,Acidimicrobiia,Acidimicrobiales,AC-14,Unclassified,Unclassified
SRR23851206.bin.9,Bacteria,Actinomycetota,UBA4738,CADDZG01,WHSQ01,Unclassified,Unclassified
SRR23851207.bin.24,Bacteria,Actinomycetota,Nitriliruptoria,Nitriliruptorales,Nitriliruptoraceae,Unclassified,Unclassified
SRR23851208.bin.15,Bacteria,Pseudomonadota,Gammaproteobacteria,Pseudomonadales,Oleiphilaceae,Marinobacter,Unclassified
SRR23851209.bin.9,Bacteria,Chloroflexota,Limnocylindria,QHBO01,QHBO01,JACDBZ01,Unclassified
SRR23851210.bin.19,Bacteria,Cyanobacteriota,Cyanobacteriia,Phormidesmiales,Phormidesmiaceae,Unclassified,Unclassified
SRR23851210.bin.20,Bacteria,Actinomycetota,Acidimicrobiia,UBA5794,ZC4RG35,ZC4RG17,Unclassified
SRR23851210.bin.9,Bacteria,Pseudomonadota,Gammaproteobacteria,SLDE01,SLDE01,JAPHTQ01,Unclassified
SRR23851211.bin.1,Bacteria,Actinomycetota,Actinomycetes,Actinomycetales,Microbacteriaceae,Microbacterium,Unclassified
SRR23851212.bin.12,Bacteria,Pseudomonadota,Gammaproteobacteria,XN24,XN24,XN24,Unclassified
SRR23851212.bin.14,Bacteria,Pseudomonadota,Gammaproteobacteria,DSM-19610,DSM-19610,JAIVHA01,Unclassified
SRR23851212.bin.6,Bacteria,Chloroflexota,Anaerolineae,Promineifilales,Promineifilaceae,JAAYYY01,Unclassified
SRR23851213.bin.11,Bacteria,Actinomycetota,Nitriliruptoria,Nitriliruptorales,Nitriliruptoraceae,Unclassified,Unclassified
SRR23851213.bin.13,Bacteria,Gemmatimonadota,Gemmatimonadetes,Longimicrobiales,UBA6960,UBA2589,Unclassified
SRR23851213.bin.19,Bacteria,Pseudomonadota,Alphaproteobacteria,UBA8366,UBA8366,WHUA01,Unclassified
SRR23851213.bin.9,Bacteria,Pseudomonadota,Gammaproteobacteria,Burkholderiales,SG8-39,JAABQT01,Unclassified
SRR23851214.bin.11,Bacteria,Desulfobacterota,Desulfobacteria,Desulfobacterales,UBA11574,UBA11574,Unclassified
SRR23851214.bin.22,Bacteria,Gemmatimonadota,Gemmatimonadetes,Longimicrobiales,UBA6960,SZUA-318,Unclassified
SRR23851215.bin.17,Bacteria,Pseudomonadota,Alphaproteobacteria,Rhizobiales,Devosiaceae,Devosia,Unclassified
SRR23851215.bin.29,Bacteria,Pseudomonadota,Alphaproteobacteria,Rhodobacterales,Rhodobacteraceae,Paracoccus,Paracoccus marcusii
SRR23851216.bin.20,Bacteria,Actinomycetota,Nitriliruptoria,Euzebyales,Egibacteraceae,Unclassified,Unclassified
SRR23851216.bin.3,Bacteria,Pseudomonadota,Gammaproteobacteria,Pseudomonadales,Pseudomonadaceae,Stutzerimonas,Stutzerimonas zhaodongensis
SRR23851216.bin.4,Bacteria,Pseudomonadota,Gammaproteobacteria,Nitrosococcales,Methylophagaceae,Methylophaga,Unclassified
SRR23851217.bin.12,Bacteria,Myxococcota,Polyangia,Polyangiales,SG8-38,SG8-38,Unclassified
SRR23851217.bin.17,Bacteria,Actinomycetota,Actinomycetes,Mycobacteriales,Micromonosporaceae,Natronosporangium,Unclassified
SRR23851217.bin.27,Bacteria,Pseudomonadota,Gammaproteobacteria,Pseudomonadales,Nitrincolaceae,Marinobacterium_A,Unclassified
SRR23851217.bin.33,Bacteria,Pseudomonadota,Gammaproteobacteria,Woeseiales,Woeseiaceae,IDS-8,Unclassified
SRR23851217.bin.4,Bacteria,Pseudomonadota,Gammaproteobacteria,JAJUFS01,JAJUFS01,JAJUFS01,Unclassified
SRR23851217.bin.8,Bacteria,Pseudomonadota,Gammaproteobacteria,Pseudomonadales,Halomonadaceae,Bisbaumannia,Unclassified
SRR23929137.bin.7,Bacteria,Actinomycetota,Actinomycetes,Mycobacteriales,Mycobacteriaceae,Mycobacterium,Mycobacterium monacense
SRR23929139.bin.23,Bacteria,Pseudomonadota,Gammaproteobacteria,Burkholderiales,Burkholderiaceae,Methylibium,Unclassified
SRR23929140.bin.19,Bacteria,Actinomycetota,Actinomycetes,Propionibacteriales,Nocardioidaceae,Nocardioides_C,Unclassified
SRR23929140.bin.20,Bacteria,Actinomycetota,Actinomycetes,Propionibacteriales,Nocardioidaceae,Nocardioides,Unclassified
SRR23929144.bin.12,Bacteria,Actinomycetota,Actinomycetes,Actinomycetales,Micrococcaceae,Arthrobacter,Arthrobacter sp018613835
SRR23929144.bin.17,Bacteria,Actinomycetota,Actinomycetes,Actinomycetales,Micrococcaceae,Arthrobacter,Unclassified
SRR23929150.bin.12,Bacteria,Actinomycetota,Actinomycetes,Actinomycetales,Microbacteriaceae,Agromyces,Unclassified
SRR23929150.bin.4,Bacteria,Actinomycetota,Actinomycetes,Mycobacteriales,Mycobacteriaceae,Mycobacterium,Mycobacterium neoaurum
SRR23929152.bin.6,Bacteria,Patescibacteria,Saccharimonadia,Saccharimonadales,UBA5946,UBA5946,Unclassified
SRR23929155.bin.2,Bacteria,Pseudomonadota,Gammaproteobacteria,Pseudomonadales,Pseudomonadaceae,Pseudomonas_E,Pseudomonas_E putida_Y
SRR23929166.bin.15,Bacteria,Actinomycetota,Actinomycetes,Mycobacteriales,Mycobacteriaceae,Mycobacterium,Mycobacterium gallinarum
SRR23929179.bin.1,Bacteria,Actinomycetota,Actinomycetes,Mycobacteriales,Mycobacteriaceae,Rhodococcus,Rhodococcus aetherivorans
SRR23929179.bin.11,Bacteria,Pseudomonadota,Gammaproteobacteria,Burkholderiales,Burkholderiaceae,Paucimonas,Paucimonas sp003537575
SRR23929180.bin.14,Bacteria,Actinomycetota,Actinomycetes,Actinomycetales,Micrococcaceae,Arthrobacter,Unclassified
SRR23929181.bin.8,Bacteria,Pseudomonadota,Gammaproteobacteria,Pseudomonadales,Pseudomonadaceae,Pseudomonas_E,Pseudomonas_E bijieensis
SRR23929182.bin.1,Bacteria,Chloroflexota,Limnocylindria,QHBO01,QHBO01,JACDBZ01,JACDBZ01 sp025937535
SRR23929191.bin.7,Bacteria,Chloroflexota,Anaerolineae,Aggregatilineales,Phototrophicaceae,Flexicrinis,Unclassified
SRR26786791.bin.16,Bacteria,Patescibacteria,Paceibacteria,UBA9973,PALSA-1337,CAIOGI01,Unclassified
SRR26786791.bin.18,Bacteria,Patescibacteria,Saccharimonadia,Saccharimonadales,VXPC01,Unclassified,Unclassified
SRR26786791.bin.19,Bacteria,Patescibacteria,Paceibacteria,UBA9973,21-14-all-36-13,21-14-all-36-13,Unclassified
SRR26786791.bin.31,Bacteria,Pseudomonadota,Alphaproteobacteria,JAUHZY01,Unclassified,Unclassified,Unclassified
SRR26786792.bin.16,Bacteria,Patescibacteria,Paceibacteria,UBA9973,DSPV01,Unclassified,Unclassified
SRR28842982.bin.10,Bacteria,Pseudomonadota,Gammaproteobacteria,JAJUFS01,JAJUFS01,JAJUFS01,Unclassified
SRR28842982.bin.102,Bacteria,Pseudomonadota,Gammaproteobacteria,Nevskiales,Nevskiaceae,Solimonas,Unclassified
SRR28842982.bin.104,Bacteria,Actinomycetota,Acidimicrobiia,UBA5794,ZC4RG35,Unclassified,Unclassified
SRR28842982.bin.106,Bacteria,Pseudomonadota,Gammaproteobacteria,Pseudomonadales,Porticoccaceae,JAGPUQ01,Unclassified
SRR28842982.bin.107,Bacteria,Pseudomonadota,Gammaproteobacteria,Halothiobacillales,Halothiobacillaceae,Halothiobacillus,Halothiobacillus sp002282715
SRR28842982.bin.112,Bacteria,Pseudomonadota,Gammaproteobacteria,Nevskiales,Nevskiaceae,Polycyclovorans,Polycyclovorans sp002706265
SRR28842982.bin.114,Bacteria,Pseudomonadota,Gammaproteobacteria,Steroidobacterales,Steroidobacteraceae,SCUD01,Unclassified
SRR28842982.bin.115,Bacteria,Pseudomonadota,Gammaproteobacteria,Nevskiales,Nevskiaceae,CAU-1509,Unclassified
SRR28842982.bin.117,Bacteria,Gemmatimonadota,Gemmatimonadetes,Gemmatimonadales,GWC2-71-9,Unclassified,Unclassified
SRR28842982.bin.119,Bacteria,Pseudomonadota,Gammaproteobacteria,Halothiobacillales,Halothiobacillaceae,Halothiobacillus,Unclassified
SRR28842982.bin.120,Bacteria,Pseudomonadota,Alphaproteobacteria,Sphingomonadales,Sphingomonadaceae,Qipengyuania,Unclassified
SRR28842982.bin.121,Bacteria,Actinomycetota,Actinomycetes,Actinomycetales,Microbacteriaceae,Terrimesophilobacter,Unclassified
SRR28842982.bin.122,Bacteria,Pseudomonadota,Gammaproteobacteria,Pseudomonadales,Alcanivoracaceae,Alloalcanivorax,Unclassified
SRR28842982.bin.126,Bacteria,Pseudomonadota,Alphaproteobacteria,Ferrovibrionales,Ferrovibrionaceae,Ferrovibrio,Unclassified
SRR28842982.bin.128,Bacteria,Eisenbacteria,RBG-16-71-46,JABDJR01,Unclassified,Unclassified,Unclassified
SRR28842982.bin.129,Bacteria,Myxococcota,Polyangia,Haliangiales,Haliangiaceae,JABFXX01,Unclassified
SRR28842982.bin.13,Bacteria,Actinomycetota,Acidimicrobiia,UBA5794,ZC4RG35,Unclassified,Unclassified
SRR28842982.bin.17,Bacteria,Actinomycetota,UBA4738,JAHWKV01,JAHWKV01,JAJCYE01,Unclassified
SRR28842982.bin.18,Bacteria,Pseudomonadota,Alphaproteobacteria,Caulobacterales,Caulobacteraceae,Brevundimonas,Unclassified
SRR28842982.bin.20,Bacteria,Pseudomonadota,Gammaproteobacteria,Halothiobacillales,Halothiobacillaceae,Halothiobacillus,Unclassified
SRR28842982.bin.21,Bacteria,Pseudomonadota,Gammaproteobacteria,Burkholderiales,Burkholderiaceae,Pusillimonas_C,Pusillimonas_C sp000209655
SRR28842982.bin.24,Bacteria,Actinomycetota,Acidimicrobiia,UBA5794,ZC4RG35,Unclassified,Unclassified
SRR28842982.bin.32,Bacteria,Pseudomonadota,Gammaproteobacteria,JAHJQQ01,JAHJQQ01,JAHJQQ01,Unclassified
SRR28842982.bin.37,Bacteria,Acidobacteriota,Polarisedimenticolia,Polarisedimenticolales,JAIQFR01,Unclassified,Unclassified
SRR28842982.bin.39,Bacteria,Pseudomonadota,Gammaproteobacteria,Xanthomonadales,Xanthomonadaceae,Lysobacter,Unclassified
SRR28842982.bin.41,Bacteria,Pseudomonadota,Gammaproteobacteria,DSM-19610,DSM-19610,JAIVHA01,Unclassified
SRR28842982.bin.43,Bacteria,Pseudomonadota,Gammaproteobacteria,Xanthomonadales,Xanthomonadaceae,Lysobacter,Unclassified
SRR28842982.bin.44,Bacteria,Pseudomonadota,Alphaproteobacteria,Caulobacterales,Parvularculaceae,CV81,Unclassified
SRR28842982.bin.58,Bacteria,Pseudomonadota,Gammaproteobacteria,Burkholderiales,Thiobacillaceae,Unclassified,Unclassified
SRR28842982.bin.6,Bacteria,Pseudomonadota,Gammaproteobacteria,Acidiferrobacterales,Sulfurifustaceae,Unclassified,Unclassified
SRR28842982.bin.60,Bacteria,Gemmatimonadota,Gemmatimonadetes,Gemmatimonadales,GWC2-71-9,Palsa-1233,Unclassified
SRR28842982.bin.64,Bacteria,Gemmatimonadota,Gemmatimonadetes,Gemmatimonadales,Gemmatimonadaceae,UBA4720,Unclassified
SRR28842982.bin.70,Bacteria,Pseudomonadota,Alphaproteobacteria,Sphingomonadales,Sphingomonadaceae,Qipengyuania,Unclassified
SRR28842982.bin.77,Bacteria,Pseudomonadota,Alphaproteobacteria,Sphingomonadales,Sphingomonadaceae,Erythrobacter,Unclassified
SRR28842982.bin.8,Bacteria,Actinomycetota,Acidimicrobiia,Acidimicrobiales,Ilumatobacteraceae,Ilumatobacter,Unclassified
SRR28842982.bin.83,Bacteria,Actinomycetota,Thermoleophilia,Gaiellales,Gaiellaceae,Gaiellasilicea,Unclassified
SRR28842982.bin.86,Bacteria,Pseudomonadota,Gammaproteobacteria,Acidiferrobacterales,UBA6901,UBA6901,Unclassified
SRR28842982.bin.90,Bacteria,Pseudomonadota,Gammaproteobacteria,Burkholderiales,Burkholderiaceae,Hydrogenophaga,Hydrogenophaga intermedia_A
SRR28842982.bin.92,Bacteria,Pseudomonadota,Alphaproteobacteria,Sphingomonadales,Sphingomonadaceae,Allosphingosinicella,Unclassified
SRR28842982.bin.96,Bacteria,Pseudomonadota,Gammaproteobacteria,Pseudomonadales,Porticoccaceae,Unclassified,Unclassified
SRR28842982.bin.97,Bacteria,Pseudomonadota,Gammaproteobacteria,JAIVGZ01,JAIVGZ01,Unclassified,Unclassified
SRR28842986.bin.1,Bacteria,Pseudomonadota,Gammaproteobacteria,Burkholderiales,Burkholderiaceae,Acidovorax,Acidovorax sp000238595
SRR28842986.bin.14,Bacteria,Actinomycetota,Actinomycetes,Actinomycetales,Microbacteriaceae,Agrococcus,Agrococcus sediminis
SRR28842986.bin.16,Bacteria,Pseudomonadota,Alphaproteobacteria,UBA11222,Unclassified,Unclassified,Unclassified
SRR28842986.bin.17,Bacteria,Pseudomonadota,Alphaproteobacteria,Caulobacterales,Caulobacteraceae,Phenylobacterium,Phenylobacterium sp002441055
SRR28842986.bin.18,Bacteria,Pseudomonadota,Alphaproteobacteria,Rhodobacterales,Rhodobacteraceae,Tabrizicola,Unclassified
SRR28842986.bin.2,Bacteria,Pseudomonadota,Gammaproteobacteria,Pseudomonadales,Pseudomonadaceae,Pseudomonas_E,Pseudomonas_E alcaliphila_B
SRR28842986.bin.24,Bacteria,Pseudomonadota,Alphaproteobacteria,Sphingomonadales,Sphingomonadaceae,34-65-8,34-65-8 sp002278985
SRR28842986.bin.34,Bacteria,Actinomycetota,Actinomycetes,Actinomycetales,Microbacteriaceae,Microcella,Microcella sp005502445
SRR28842986.bin.46,Bacteria,Actinomycetota,Acidimicrobiia,Acidimicrobiales,JACDCH01,UBA9382,Unclassified
SRR28842986.bin.56,Bacteria,Pseudomonadota,Gammaproteobacteria,Xanthomonadales,Xanthomonadaceae,Aquimonas,Unclassified
SRR28842986.bin.58,Bacteria,Actinomycetota,Actinomycetes,Mycobacteriales,Mycobacteriaceae,Dietzia,Dietzia maris
SRR28842986.bin.66,Bacteria,Pseudomonadota,Gammaproteobacteria,Burkholderiales,Thiobacillaceae,UBA6918,UBA6918 sp021847835
SRR28842987.bin.103,Bacteria,Desulfobacterota,Desulfobulbia,Desulfobulbales,Desulfurivibrionaceae,Thiovibrio,Unclassified
SRR28842987.bin.104,Bacteria,Pseudomonadota,Gammaproteobacteria,Xanthomonadales,Xanthomonadaceae,Silanimonas,Silanimonas sp018333835
SRR28842987.bin.106,Bacteria,Pseudomonadota,Gammaproteobacteria,Burkholderiales,Gallionellaceae,Gallionella,Unclassified
SRR28842987.bin.108,Bacteria,Pseudomonadota,Alphaproteobacteria,Rhizobiales,Stappiaceae,Pannonibacter,Pannonibacter sp026672425
SRR28842987.bin.22,Bacteria,Pseudomonadota,Alphaproteobacteria,Rhodobacterales,Rhodobacteraceae,Tabrizicola,Tabrizicola sp013824055
SRR28842987.bin.35,Bacteria,Pseudomonadota,Alphaproteobacteria,Sphingomonadales,Sphingomonadaceae,Sphingorhabdus_B,Unclassified
SRR28842987.bin.42,Bacteria,Actinomycetota,Actinomycetes,Actinomycetales,Dermatophilaceae,Ornithinimicrobium,Ornithinimicrobium kibberense
SRR28842987.bin.43,Bacteria,Pseudomonadota,Gammaproteobacteria,Xanthomonadales,Xanthomonadaceae,Pseudomarimonas,Unclassified
SRR28842987.bin.47,Bacteria,Pseudomonadota,Gammaproteobacteria,JAHJQQ01,JAHJQQ01,JAHJQQ01,Unclassified
SRR28842987.bin.48,Bacteria,Pseudomonadota,Gammaproteobacteria,Burkholderiales,Rhodocyclaceae,Pseudazoarcus,Unclassified
SRR28842987.bin.50,Bacteria,Acidobacteriota,Thermoanaerobaculia,Gp7-AA8,Gp7-AA8,Unclassified,Unclassified
SRR28842987.bin.52,Bacteria,Pseudomonadota,Alphaproteobacteria,Sphingomonadales,Sphingomonadaceae,Qipengyuania,Qipengyuania huizhouensis
SRR28842987.bin.53,Bacteria,Pseudomonadota,Gammaproteobacteria,Burkholderiales,Burkholderiaceae,Diaphorobacter,Diaphorobacter nitroreducens
SRR28842987.bin.54,Bacteria,Pseudomonadota,Gammaproteobacteria,Burkholderiales,Burkholderiaceae,Aquabacterium,Aquabacterium sp017989885
SRR28842987.bin.55,Bacteria,Pseudomonadota,Gammaproteobacteria,Burkholderiales,Burkholderiaceae,Limnohabitans_A,Unclassified
SRR28842987.bin.59,Bacteria,Pseudomonadota,Alphaproteobacteria,Sphingomonadales,Sphingomonadaceae,Novosphingobium,Unclassified
SRR28842987.bin.61,Bacteria,Pseudomonadota,Alphaproteobacteria,Rhodobacterales,Rhodobacteraceae,EhC02,EhC02 sp002282555
SRR28842987.bin.62,Bacteria,Elusimicrobiota,Elusimicrobia,Elusimicrobiales,UBA9959,UBA2231,Unclassified
SRR28842987.bin.64,Bacteria,Actinomycetota,Actinomycetes,Actinomycetales,Dermatophilaceae,Marihabitans,Unclassified
SRR28842987.bin.66,Bacteria,Pseudomonadota,Gammaproteobacteria,Burkholderiales,Thiobacillaceae,PFJX01,Unclassified
SRR28842987.bin.68,Bacteria,Gemmatimonadota,Gemmatimonadetes,Longimicrobiales,UBA6960,SZUA-318,Unclassified
SRR28842987.bin.77,Bacteria,Pseudomonadota,Alphaproteobacteria,Sphingomonadales,Sphingomonadaceae,Novosphingobium,Unclassified
SRR28842987.bin.79,Bacteria,Pseudomonadota,Gammaproteobacteria,Burkholderiales,Burkholderiaceae,Giesbergeria,Unclassified
SRR28842987.bin.80,Bacteria,Pseudomonadota,Alphaproteobacteria,Rhodobacterales,Rhodobacteraceae,Paracoccus,Unclassified
SRR28842987.bin.81,Bacteria,Pseudomonadota,Gammaproteobacteria,Pseudomonadales,Porticoccaceae,BRH-c0,Unclassified
SRR28842987.bin.84,Bacteria,Pseudomonadota,Gammaproteobacteria,Thiomicrospirales,Thiomicrospiraceae,GCA-002282575,GCA-002282575 sp002281095
SRR28842987.bin.85,Bacteria,Pseudomonadota,Alphaproteobacteria,Rhodobacterales,Rhodobacteraceae,Paracoccus,Unclassified
SRR28842987.bin.87,Bacteria,Pseudomonadota,Gammaproteobacteria,Xanthomonadales,Xanthomonadaceae,UBA11164,Unclassified
SRR28842987.bin.89,Bacteria,Pseudomonadota,Gammaproteobacteria,Burkholderiales,Burkholderiaceae,Quisquiliibacterium,Unclassified
SRR28842987.bin.90,Bacteria,Chloroflexota,Anaerolineae,Anaerolineales,Villigracilaceae,Villigracilis,Unclassified
SRR28842987.bin.94,Bacteria,Actinomycetota,Thermoleophilia,Miltoncostaeales,Miltoncostaeaceae,Unclassified,Unclassified
SRR28842987.bin.99,Bacteria,Pseudomonadota,Alphaproteobacteria,Caulobacterales,Caulobacteraceae,Brevundimonas,Brevundimonas sp937870815
SRR28842988.bin.100,Bacteria,Pseudomonadota,Alphaproteobacteria,Sphingomonadales,Sphingomonadaceae,Sphingomicrobium,Unclassified
SRR28842988.bin.102,Bacteria,Pseudomonadota,Gammaproteobacteria,JAADHS01,JAADHS01,Unclassified,Unclassified
SRR28842988.bin.113,Bacteria,Pseudomonadota,Gammaproteobacteria,Burkholderiales,Usitatibacteraceae,Usitatibacter,Unclassified
SRR28842988.bin.118,Bacteria,Pseudomonadota,Gammaproteobacteria,Burkholderiales,Unclassified,Unclassified,Unclassified
SRR28842988.bin.119,Bacteria,Actinomycetota,Actinomycetes,Propionibacteriales,Nocardioidaceae,Nocardioides,Unclassified
SRR28842988.bin.12,Bacteria,Pseudomonadota,Gammaproteobacteria,Burkholderiales,Thiobacillaceae,Unclassified,Unclassified
SRR28842988.bin.120,Bacteria,Myxococcota,Polyangia,Haliangiales,Haliangiaceae,JABFXX01,Unclassified
SRR28842988.bin.122,Bacteria,Nitrospirota,Nitrospiria,Nitrospirales,Nitrospiraceae,Nitrospira_C,Nitrospira_C sp002420105
SRR28842988.bin.124,Bacteria,Actinomycetota,Actinomycetes,Propionibacteriales,Nocardioidaceae,Nocardioides,Unclassified
SRR28842988.bin.130,Bacteria,Pseudomonadota,Alphaproteobacteria,Micropepsales,Micropepsaceae,JACADY01,Unclassified
SRR28842988.bin.136,Bacteria,Pseudomonadota,Gammaproteobacteria,Acidiferrobacterales,Acidiferrobacteraceae,Unclassified,Unclassified
SRR28842988.bin.139,Bacteria,Pseudomonadota,Gammaproteobacteria,Burkholderiales,Burkholderiaceae,Burkholderia,Burkholderia contaminans
SRR28842988.bin.147,Bacteria,Pseudomonadota,Alphaproteobacteria,Caulobacterales,TH1-2,Vitreimonas,Unclassified
SRR28842988.bin.16,Bacteria,Actinomycetota,Acidimicrobiia,Acidimicrobiales,JACDCH01,UBA9382,Unclassified
SRR28842988.bin.28,Bacteria,Pseudomonadota,Alphaproteobacteria,Caulobacterales,TH1-2,Vitreimonas,Unclassified
SRR28842988.bin.3,Bacteria,Pseudomonadota,Gammaproteobacteria,Burkholderiales,REEB80,Unclassified,Unclassified
SRR28842988.bin.30,Bacteria,Nitrospirota,Nitrospiria,Nitrospirales,Nitrospiraceae,Nitrospira_D,Unclassified
SRR28842988.bin.34,Bacteria,Pseudomonadota,Gammaproteobacteria,JAHJQQ01,JAHJQQ01,JAHJQQ01,Unclassified
SRR28842988.bin.36,Bacteria,Pseudomonadota,Alphaproteobacteria,Acetobacterales,Acetobacteraceae,Neoroseomonas,Unclassified
SRR28842988.bin.4,Bacteria,Gemmatimonadota,Gemmatimonadetes,Gemmatimonadales,GWC2-71-9,SZUA-320,Unclassified
SRR28842988.bin.43,Bacteria,Pseudomonadota,Alphaproteobacteria,Caulobacterales,Caulobacteraceae,Unclassified,Unclassified
SRR28842988.bin.46,Bacteria,Actinomycetota,Actinomycetes,Propionibacteriales,Nocardioidaceae,Nocardioides_C,Unclassified
SRR28842988.bin.48,Bacteria,Acidobacteriota,Thermoanaerobaculia,Gp7-AA8,Gp7-AA8,Unclassified,Unclassified
SRR28842988.bin.56,Bacteria,Pseudomonadota,Gammaproteobacteria,Burkholderiales,Burkholderiaceae,Hydrogenophaga,Hydrogenophaga sp021166755
SRR28842988.bin.7,Bacteria,Pseudomonadota,Gammaproteobacteria,Burkholderiales,REEB80,Unclassified,Unclassified
SRR28842988.bin.74,Bacteria,Bacteroidota,Rhodothermia,Balneolales,HLUCCA01,UBA11400,Unclassified
SRR28842988.bin.77,Bacteria,Pseudomonadota,Alphaproteobacteria,Caulobacterales,Caulobacteraceae,Brevundimonas,Unclassified
SRR28842988.bin.81,Bacteria,Pseudomonadota,Alphaproteobacteria,Sphingomonadales,Sphingomonadaceae,Sphingomicrobium,Unclassified
SRR28842988.bin.83,Bacteria,Pseudomonadota,Alphaproteobacteria,Sphingomonadales,Sphingomonadaceae,Tsuneonella,Unclassified
SRR28842988.bin.84,Bacteria,Acidobacteriota,Thermoanaerobaculia,Gp7-AA8,Gp7-AA8,QHVT01,Unclassified
SRR28842988.bin.85,Bacteria,Planctomycetota,Planctomycetia,Gemmatales,Gemmataceae,JAIXLE01,Unclassified
SRR28842988.bin.86,Bacteria,Acidobacteriota,Thermoanaerobaculia,Gp7-AA8,Gp7-AA8,JAENWF01,Unclassified
SRR28842988.bin.90,Bacteria,Myxococcota,Myxococcia,Myxococcales,Myxococcaceae,JALYOC01,Unclassified
SRR28842988.bin.93,Bacteria,Pseudomonadota,Gammaproteobacteria,Burkholderiales,JAJZQI01,JAJZQI01,JAJZQI01 sp021851875
SRR28842988.bin.94,Bacteria,Chloroflexota,Chloroflexia,Thermomicrobiales,UBA6265,UBA6265,Unclassified
SRR28842988.bin.95,Bacteria,Pseudomonadota,Alphaproteobacteria,Caulobacterales,TH1-2,Vitreimonas,Unclassified
SRR28842989.bin.1,Bacteria,Pseudomonadota,Gammaproteobacteria,Enterobacterales,Alteromonadaceae,Rheinheimera,Unclassified
SRR28842989.bin.13,Bacteria,Pseudomonadota,Alphaproteobacteria,Caulobacterales,Hyphomonadaceae,Hyphomonas,Unclassified
SRR28842989.bin.15,Bacteria,Pseudomonadota,Alphaproteobacteria,Micavibrionales,UBA2020,Unclassified,Unclassified
SRR28842989.bin.18,Bacteria,Pseudomonadota,Gammaproteobacteria,JAHJQQ01,JAHJQQ01,JAHJQQ01,Unclassified
SRR28842989.bin.2,Bacteria,Pseudomonadota,Gammaproteobacteria,Pseudomonadales,Moraxellaceae,UBA2031,Unclassified
SRR28842989.bin.24,Bacteria,Pseudomonadota,Alphaproteobacteria,Sphingomonadales,Sphingomonadaceae,Qipengyuania,Qipengyuania gaetbuli
SRR28842989.bin.27,Bacteria,Verrucomicrobiota,Verrucomicrobiae,Opitutales,Opitutaceae,Didemnitutus,Unclassified
SRR28842989.bin.30,Bacteria,Pseudomonadota,Alphaproteobacteria,Sphingomonadales,Sphingomonadaceae,Sphingopyxis,Unclassified
SRR28842989.bin.42,Bacteria,Myxococcota,Bradymonadia,Bradymonadales,Bradymonadaceae,Microvenator,Unclassified
SRR28842989.bin.43,Bacteria,Pseudomonadota,Gammaproteobacteria,Burkholderiales,Burkholderiaceae,Limnobacter,Limnobacter sp018815245
SRR28842989.bin.49,Bacteria,Pseudomonadota,Gammaproteobacteria,Halothiobacillales,Halothiobacillaceae,JARJMX02,Unclassified
SRR28842989.bin.5,Bacteria,Pseudomonadota,Gammaproteobacteria,SURF-13,SURF-13,SURF-13,SURF-13 sp003599485
SRR28842989.bin.51,Bacteria,Pseudomonadota,Alphaproteobacteria,Sphingomonadales,Sphingomonadaceae,Alteraurantiacibacter,Unclassified
SRR28842989.bin.61,Bacteria,Pseudomonadota,Gammaproteobacteria,SURF-13,SURF-13,JAQBXX01,Unclassified
SRR28842989.bin.65,Bacteria,Pseudomonadota,Alphaproteobacteria,Sphingomonadales,Sphingomonadaceae,Qipengyuania,Unclassified
SRR28842989.bin.66,Bacteria,Pseudomonadota,Alphaproteobacteria,Caulobacterales,Caulobacteraceae,Brevundimonas,Unclassified
SRR28842989.bin.75,Bacteria,Bdellovibrionota,Bdellovibrionia,Bdellovibrionales,Bdellovibrionaceae,Bdellovibrio,Unclassified
SRR28842989.bin.8,Bacteria,Verrucomicrobiota,Verrucomicrobiae,Limisphaerales,RI-55,RI-55,Unclassified
SRR28842989.bin.83,Bacteria,Bdellovibrionota,Bdellovibrionia,Bdellovibrionales,Bdellovibrionaceae,UBA2316,Unclassified
SRR28842989.bin.93,Bacteria,Pseudomonadota,Alphaproteobacteria,Sphingomonadales,Sphingomonadaceae,Qipengyuania,Qipengyuania sp021794525
SRR28842989.bin.94,Bacteria,Pseudomonadota,Gammaproteobacteria,Burkholderiales,Burkholderiaceae,Serpentinimonas,Unclassified
SRR28842992.bin.1,Bacteria,Pseudomonadota,Gammaproteobacteria,Burkholderiales,Rhodocyclaceae,Pseudothauera,Pseudothauera hydrothermalis
SRR28842992.bin.11,Bacteria,Pseudomonadota,Alphaproteobacteria,Rhodobacterales,Rhodobacteraceae,Paracoccus,Paracoccus sp009696685
SRR28842992.bin.12,Bacteria,Planctomycetota,Phycisphaerae,Phycisphaerales,UBA1924,JACKHC01,Unclassified
SRR28842992.bin.13,Bacteria,Pseudomonadota,Alphaproteobacteria,Rhodobacterales,Rhodobacteraceae,JAOADN01,Unclassified
SRR28842992.bin.15,Bacteria,Pseudomonadota,Gammaproteobacteria,Burkholderiales,Rhodocyclaceae,Methyloversatilis,Unclassified
SRR28842992.bin.21,Bacteria,Pseudomonadota,Gammaproteobacteria,Burkholderiales,Burkholderiaceae,Tepidimonas,Tepidimonas fonticaldi
SRR28842992.bin.27,Bacteria,Actinomycetota,Actinomycetes,Actinomycetales,Microbacteriaceae,Microbacterium,Unclassified
SRR28842992.bin.29,Bacteria,Verrucomicrobiota,Verrucomicrobiae,Verrucomicrobiales,Akkermansiaceae,Luteolibacter,Unclassified
SRR28842992.bin.31,Bacteria,Pseudomonadota,Gammaproteobacteria,Burkholderiales,Burkholderiaceae,Tepidicella,Tepidicella xavieri
SRR28842992.bin.7,Bacteria,Pseudomonadota,Alphaproteobacteria,Rhodobacterales,Rhodobacteraceae,Tabrizicola,Unclassified
SRR28842992.bin.9,Bacteria,Bacillota,Bacilli,Exiguobacterales,Exiguobacteraceae,Exiguobacterium,Exiguobacterium chiriqhucha
SRR29646150.bin.11,Bacteria,Actinomycetota,Actinomycetes,Propionibacteriales,Nocardioidaceae,Aeromicrobium,Unclassified
SRR29646150.bin.17,Bacteria,Pseudomonadota,Alphaproteobacteria,Rhizobiales,Rhizobiaceae,JAURWE01,Unclassified
SRR29646150.bin.22,Bacteria,Bacteroidota,Bacteroidia,Flavobacteriales,Flavobacteriaceae,HKST-UBA85,Unclassified
SRR29646150.bin.26,Bacteria,Pseudomonadota,Alphaproteobacteria,Rhodobacterales,Rhodobacteraceae,Albidovulum,Unclassified
SRR29646150.bin.29,Bacteria,Pseudomonadota,Gammaproteobacteria,Pseudomonadales,Nitrincolaceae,Marinobacterium_A,Unclassified
SRR29646150.bin.43,Bacteria,Pseudomonadota,Alphaproteobacteria,Zavarziniales,Zavarziniaceae,JAJFJE01,Unclassified
SRR29646150.bin.48,Bacteria,Pseudomonadota,Alphaproteobacteria,Sphingomonadales,Rhodothalassiaceae,Unclassified,Unclassified
SRR29646150.bin.5,Bacteria,Acidobacteriota,Blastocatellia,Pyrinomonadales,Pyrinomonadaceae,OLB17,Unclassified
SRR29646150.bin.6,Bacteria,Pseudomonadota,Gammaproteobacteria,Burkholderiales,SG8-41,Ga0077527,Unclassified
SRR29646150.bin.60,Bacteria,Bacteroidota,Bacteroidia,Chitinophagales,Chitinophagaceae,Niastella,Unclassified
SRR29646151.bin.22,Bacteria,Actinomycetota,Actinomycetes,Actinomycetales,Demequinaceae,Unclassified,Unclassified
SRR29646151.bin.27,Bacteria,Bacteroidota,Bacteroidia,Cytophagales,Cyclobacteriaceae,ZC4RG29,Unclassified
SRR29646151.bin.30,Bacteria,Pseudomonadota,Gammaproteobacteria,JAHJQQ01,JAHJQQ01,JAHJQQ01,Unclassified
SRR29646151.bin.34,Bacteria,Planctomycetota,Phycisphaerae,Phycisphaerales,UBA1924,UBA1924,Unclassified
SRR29646151.bin.35,Bacteria,Chloroflexota,Anaerolineae,Anaerolineales,UBA11579,JAMCZK01,Unclassified
SRR29646151.bin.39,Bacteria,Pseudomonadota,Gammaproteobacteria,Steroidobacterales,Steroidobacteraceae,Povalibacter,Unclassified
SRR29646151.bin.40,Bacteria,Myxococcota,Polyangia,Polyangiales,Polyangiaceae,SZUA-265,Unclassified
SRR29646152.bin.12,Bacteria,Chlamydiota,Chlamydiia,Chlamydiales,SM23-39,O2-12-FULL-49-9,Unclassified
SRR29646152.bin.27,Bacteria,Planctomycetota,B15-G4,B15-G4,Unclassified,Unclassified,Unclassified
SRR29646152.bin.3,Bacteria,Pseudomonadota,Gammaproteobacteria,Pseudomonadales,Pseudomonadaceae,Pseudomonas_E,Unclassified
SRR29646152.bin.5,Bacteria,Pseudomonadota,Gammaproteobacteria,Rariloculales,Rariloculaceae,FEN-1219,Unclassified
SRR29646154.bin.1,Bacteria,Actinomycetota,Actinomycetes,Actinomycetales,Microbacteriaceae,Pseudolysinimonas,Unclassified
SRR29646154.bin.11,Bacteria,Gemmatimonadota,Gemmatimonadetes,Gemmatimonadales,GWC2-71-9,Palsa-1233,Unclassified
SRR29646154.bin.12,Bacteria,Acidobacteriota,Vicinamibacteria,Vicinamibacterales,UBA2999,Gp6-AA40,Unclassified
SRR29646154.bin.13,Bacteria,Bacteroidota,Bacteroidia,Cytophagales,Cyclobacteriaceae,Chryseolinea,Unclassified
SRR29646154.bin.15,Bacteria,Gemmatimonadota,Gemmatimonadetes,Longimicrobiales,RSA9,SH-MAG3,Unclassified
SRR29646154.bin.19,Bacteria,Pseudomonadota,Gammaproteobacteria,Steroidobacterales,Steroidobacteraceae,CADEED01,CADEED01 sp023423065
SRR29646154.bin.2,Bacteria,Myxococcota,Polyangia,Polyangiales,Polyangiaceae,SZUA-265,Unclassified
SRR29646154.bin.30,Bacteria,Bacteroidota,Bacteroidia,Cytophagales,Cyclobacteriaceae,Chryseolinea,Unclassified
SRR29646154.bin.34,Bacteria,Pseudomonadota,Alphaproteobacteria,Micropepsales,Micropepsaceae,Rhizomicrobium,Unclassified
SRR29646154.bin.36,Bacteria,Bacteroidota,Bacteroidia,Chitinophagales,Chitinophagaceae,JJ008,Unclassified
SRR29646154.bin.37,Bacteria,Desulfobacterota_B,Binatia,UBA1149,CAITLU01,Unclassified,Unclassified
SRR29646154.bin.4,Bacteria,Bacteroidota,Bacteroidia,Flavobacteriales,Flavobacteriaceae,Zeaxanthinibacter,Unclassified
SRR29646154.bin.43,Bacteria,Acidobacteriota,Blastocatellia,Pyrinomonadales,Pyrinomonadaceae,OLB17,Unclassified
SRR29646154.bin.46,Bacteria,Pseudomonadota,Gammaproteobacteria,Steroidobacterales,Steroidobacteraceae,CADEED01,Unclassified
SRR29646154.bin.48,Bacteria,Acidobacteriota,Thermoanaerobaculia,Multivoradales,Unclassified,Unclassified,Unclassified
SRR29646154.bin.51,Bacteria,Myxococcota,Polyangia,Polyangiales,Polyangiaceae,JAICQQ01,Unclassified
SRR29646154.bin.6,Bacteria,Myxococcota,Polyangia,Polyangiales,Polyangiaceae,SZUA-265,Unclassified
SRR29646155.bin.13,Bacteria,Acidobacteriota,Terriglobia,Bryobacterales,UBA6623,CAMPKL01,Unclassified
SRR29646155.bin.15,Bacteria,Chloroflexota,Anaerolineae,Aggregatilineales,Phototrophicaceae,JAUZRW01,Unclassified
SRR29646155.bin.21,Bacteria,Bacteroidota,Ignavibacteria,SJA-28,B-1AR,JAEYVS01,Unclassified
SRR29646155.bin.23,Bacteria,Actinomycetota,Actinomycetes,Propionibacteriales,Nocardioidaceae,Nocardioides_C,Unclassified
SRR29646155.bin.25,Bacteria,Pseudomonadota,Gammaproteobacteria,Burkholderiales,SG8-41,Ga0077527,Unclassified
SRR29646155.bin.28,Bacteria,Bacteroidota,Bacteroidia,Cytophagales,Cyclobacteriaceae,UBA2336,Unclassified
SRR29646155.bin.30,Bacteria,Acidobacteriota,Vicinamibacteria,Vicinamibacterales,SCN-69-37,SCN-69-37,Unclassified
SRR29646155.bin.35,Bacteria,Pseudomonadota,Alphaproteobacteria,Sphingomonadales,Sphingomonadaceae,Sphingomicrobium,Unclassified
SRR29646155.bin.41,Bacteria,Pseudomonadota,Gammaproteobacteria,Methylococcales,Methylomonadaceae,Methylomicrobium,Unclassified
SRR29646155.bin.43,Bacteria,Pseudomonadota,Gammaproteobacteria,Xanthomonadales,Xanthomonadaceae,CAMPJU01,Unclassified
SRR29646155.bin.47,Bacteria,Gemmatimonadota,Gemmatimonadetes,Longimicrobiales,RSA9,SLCC01,Unclassified
SRR29646156.bin.16,Bacteria,Pseudomonadota,Alphaproteobacteria,Caulobacterales,Parvularculaceae,Hyphococcus,Unclassified
SRR29646156.bin.21,Bacteria,Pseudomonadota,Gammaproteobacteria,Woeseiales,Woeseiaceae,JAOUIH01,Unclassified
SRR29646156.bin.22,Bacteria,Pseudomonadota,Alphaproteobacteria,Sphingomonadales,Sphingomonadaceae,Qipengyuania,Qipengyuania mangrovi
SRR29646156.bin.23,Bacteria,Pseudomonadota,Gammaproteobacteria,Pseudomonadales,Cellvibrionaceae,GCA-2746115,Unclassified
SRR29646156.bin.28,Bacteria,Pseudomonadota,Gammaproteobacteria,Pseudomonadales,Oleiphilaceae,Hahella,Hahella sp030719035
SRR29646156.bin.32,Bacteria,Gemmatimonadota,Gemmatimonadetes,Palauibacterales,Palauibacteraceae,Unclassified,Unclassified
SRR29646156.bin.33,Bacteria,Chloroflexota,Anaerolineae,Promineifilales,Promineifilaceae,JAAYYY01,Unclassified
SRR29646156.bin.39,Bacteria,Pseudomonadota,Gammaproteobacteria,Pseudomonadales,Moraxellaceae,Acinetobacter,Acinetobacter junii
SRR29646156.bin.43,Bacteria,Pseudomonadota,Gammaproteobacteria,Nitrosococcales,Methylophagaceae,GCA-002733105,Unclassified
SRR29646157.bin.1,Bacteria,Pseudomonadota,Alphaproteobacteria,Micavibrionales,Micavibrionaceae,UM-FILTER-47-13,Unclassified
SRR29646157.bin.13,Bacteria,Pseudomonadota,Alphaproteobacteria,Sphingomonadales,Sphingomonadaceae,Sphingorhabdus_B,Unclassified
SRR29646157.bin.14,Bacteria,Bacteroidota,Bacteroidia,Flavobacteriales,Flavobacteriaceae,Flagellimonas,Flagellimonas sp000745185
SRR29646157.bin.2,Bacteria,Verrucomicrobiota,Verrucomicrobiae,Limisphaerales,DSYF01,JALOTU01,Unclassified
SRR29646157.bin.20,Bacteria,Chloroflexota,Anaerolineae,Anaerolineales,Villigracilaceae,Defluviilinea,Unclassified
SRR29646157.bin.21,Bacteria,Gemmatimonadota,Gemmatimonadetes,Longimicrobiales,UBA6960,SZUA-318,Unclassified
SRR29646157.bin.30,Bacteria,Desulfobacterota,Desulfuromonadia,Desulfuromonadales,DDH964,Unclassified,Unclassified
SRR29646157.bin.36,Bacteria,Planctomycetota,Phycisphaerae,UBA1845,UBA1845,JACKHG01,Unclassified
SRR29646157.bin.37,Bacteria,Pseudomonadota,Gammaproteobacteria,Methylococcales,UBA2778,Unclassified,Unclassified
SRR29646157.bin.39,Bacteria,Pseudomonadota,Gammaproteobacteria,Burkholderiales,Methylophilaceae,GCA-2401735,Unclassified
SRR29646157.bin.42,Bacteria,Pseudomonadota,Alphaproteobacteria,Sphingomonadales,Sphingomonadaceae,Erythrobacter,Unclassified
SRR29646157.bin.44,Bacteria,Desulfobacterota,Desulfuromonadia,Desulfuromonadales,DDH964,Unclassified,Unclassified
SRR29646157.bin.9,Bacteria,Pseudomonadota,Gammaproteobacteria,Methylococcales,Methylomonadaceae,Methylomarinum,Unclassified
SRR29646158.bin.10,Bacteria,Pseudomonadota,Alphaproteobacteria,CALKHQ01,CALKHQ01,CALKHQ01,Unclassified
SRR29646158.bin.2,Bacteria,Bacteroidota,Ignavibacteria,SJA-28,B-1AR,JAEYVS01,Unclassified
SRR29646158.bin.23,Bacteria,Pseudomonadota,Alphaproteobacteria,Dongiales,Dongiaceae,Unclassified,Unclassified
SRR29646158.bin.25,Bacteria,Bacteroidota,Bacteroidia,Cytophagales,Cyclobacteriaceae,ZC4RG29,Unclassified
SRR29646158.bin.28,Bacteria,Bacteroidota,Bacteroidia,Flavobacteriales,Flavobacteriaceae,Flagellimonas,Unclassified
SRR29646158.bin.31,Bacteria,Acidobacteriota,Blastocatellia,Pyrinomonadales,Pyrinomonadaceae,OLB17,OLB17 sp021155145
SRR29646158.bin.32,Bacteria,Acidobacteriota,Vicinamibacteria,Vicinamibacterales,JAFNAJ01,JAHDVQ01,JAHDVQ01 sp023384595
SRR29646158.bin.38,Bacteria,Pseudomonadota,Gammaproteobacteria,Xanthomonadales,Rhodanobacteraceae,Mizugakiibacter,Mizugakiibacter sediminis
SRR29646158.bin.39,Bacteria,Bacteroidota,Bacteroidia,Cytophagales,Cyclobacteriaceae,ZC4RG29,Unclassified
SRR29646158.bin.43,Bacteria,Chloroflexota,Anaerolineae,Anaerolineales,Villigracilaceae,Defluviilinea,Unclassified
SRR29646158.bin.50,Bacteria,Pseudomonadota,Alphaproteobacteria,Sphingomonadales,Sphingomonadaceae,Unclassified,Unclassified
SRR29646158.bin.56,Bacteria,Deinococcota,Deinococci,Deinococcales,Trueperaceae,Unclassified,Unclassified
SRR29646158.bin.57,Bacteria,Bacteroidota,Bacteroidia,J057,JADKCL01,Unclassified,Unclassified
SRR29646158.bin.6,Bacteria,Pseudomonadota,Gammaproteobacteria,Pseudomonadales,Pseudohongiellaceae,RFVC01,Unclassified
SRR29646158.bin.60,Bacteria,Bacteroidota,Bacteroidia,Flavobacteriales,Flavobacteriaceae,Flagellimonas,Flagellimonas beolgyonensis
SRR29646158.bin.63,Bacteria,Actinomycetota,Actinomycetes,Mycobacteriales,Micromonosporaceae,Micromonospora,Unclassified
SRR29646158.bin.67,Bacteria,Pseudomonadota,Gammaproteobacteria,Burkholderiales,Burkholderiaceae,Zeimonas,Zeimonas sp001724315
SRR29646158.bin.69,Bacteria,Bacteroidota,Ignavibacteria,Ignavibacteriales,Ignavibacteriaceae,IGN3,Unclassified
SRR29646158.bin.7,Bacteria,Chloroflexota,Anaerolineae,Aggregatilineales,Aggregatilineaceae,DYGX01,Unclassified
SRR29646158.bin.73,Bacteria,Chloroflexota,Anaerolineae,Aggregatilineales,Phototrophicaceae,Unclassified,Unclassified
SRR29646158.bin.82,Bacteria,Chloroflexota,Anaerolineae,Aggregatilineales,Phototrophicaceae,Flexifilum,Unclassified
SRR29646158.bin.83,Bacteria,Pseudomonadota,Alphaproteobacteria,Caulobacterales,TH1-2,Vitreimonas,Unclassified
SRR29646158.bin.86,Bacteria,Bacteroidota,Bacteroidia,Cytophagales,Cyclobacteriaceae,ELB16-189,Unclassified
SRR29646158.bin.9,Bacteria,Myxococcota,Polyangia,Polyangiales,Polyangiaceae,SZUA-265,Unclassified
SRR29646159.bin.10,Bacteria,Bacteroidota,Bacteroidia,Flavobacteriales,Crocinitomicaceae,Fluviicola,Unclassified
SRR29646159.bin.12,Bacteria,Bacteroidota,Bacteroidia,Flavobacteriales,Flavobacteriaceae,Flavobacterium,Unclassified
SRR29646159.bin.14,Bacteria,Pseudomonadota,Gammaproteobacteria,Pseudomonadales,Pseudomonadaceae,Pseudomonas_E,Pseudomonas_E composti_A
SRR29646159.bin.17,Bacteria,Bacteroidota,Bacteroidia,Chitinophagales,Chitinophagaceae,Chitinophaga,Unclassified
SRR29646159.bin.19,Bacteria,Bacteroidota,Bacteroidia,Flavobacteriales,Flavobacteriaceae,DJVA01,Unclassified
SRR29646159.bin.2,Bacteria,Pseudomonadota,Alphaproteobacteria,Rhizobiales,Rhizobiaceae,Sinorhizobium,Sinorhizobium alkalisoli
SRR29646159.bin.22,Bacteria,Pseudomonadota,Gammaproteobacteria,Burkholderiales,Burkholderiaceae,Achromobacter,Achromobacter pulmonis
SRR29646159.bin.23,Bacteria,Pseudomonadota,Gammaproteobacteria,Burkholderiales,Burkholderiaceae,Hydrogenophaga,Hydrogenophaga intermedia
SRR29646159.bin.5,Bacteria,Bacteroidota,Bacteroidia,Cytophagales,Cyclobacteriaceae,Ohtaekwangia,Unclassified
SRR29646159.bin.7,Bacteria,Bacteroidota,Bacteroidia,Chitinophagales,Chitinophagaceae,Chitinophaga,Chitinophaga cymbidii
SRR29646160.bin.13,Bacteria,Acidobacteriota,Thermoanaerobaculia,Multivoradales,UBA5704,Unclassified,Unclassified
SRR29646160.bin.16,Bacteria,Myxococcota,Polyangia,Polyangiales,Polyangiaceae,SZUA-265,Unclassified
SRR29646160.bin.17,Bacteria,Acidobacteriota,Terriglobia,Bryobacterales,Bryobacteraceae,CADEFT01,Unclassified
SRR29646160.bin.21,Bacteria,Bacteroidota,Bacteroidia,Cytophagales,Cyclobacteriaceae,ZC4RG29,Unclassified
SRR29646160.bin.22,Bacteria,Pseudomonadota,Gammaproteobacteria,Steroidobacterales,Steroidobacteraceae,JADGHX01,Unclassified
SRR29646160.bin.23,Bacteria,Pseudomonadota,Gammaproteobacteria,Woeseiales,Woeseiaceae,JAACFE01,Unclassified
SRR29646160.bin.27,Bacteria,Bacteroidota,Bacteroidia,Flavobacteriales,Flavobacteriaceae,Salinimicrobium,Unclassified
SRR29646160.bin.3,Bacteria,Pseudomonadota,Alphaproteobacteria,Rhizobiales,Hyphomicrobiaceae,Unclassified,Unclassified
SRR29646160.bin.35,Bacteria,Bacteroidota,Bacteroidia,Cytophagales,Cyclobacteriaceae,ZC4RG29,Unclassified
SRR29646160.bin.40,Bacteria,Actinomycetota,Actinomycetes,Streptosporangiales,Streptosporangiaceae,Spirillospora,Unclassified
SRR29646160.bin.41,Bacteria,Gemmatimonadota,Gemmatimonadetes,Gemmatimonadales,Gemmatimonadaceae,JADGGM01,Unclassified
SRR29646160.bin.42,Bacteria,Pseudomonadota,Gammaproteobacteria,Rariloculales,Rariloculaceae,Unclassified,Unclassified
SRR29646160.bin.8,Bacteria,Pseudomonadota,Alphaproteobacteria,Bin65,Bin65,SBBV01,Unclassified
SRR29646161.bin.18,Bacteria,Acidobacteriota,Thermoanaerobaculia,Multivoradales,UBA5704,Unclassified,Unclassified
SRR29646161.bin.27,Bacteria,Pseudomonadota,Gammaproteobacteria,Xanthomonadales,SZUA-36,JABDJL01,Unclassified
SRR29646161.bin.28,Bacteria,Pseudomonadota,Alphaproteobacteria,Sphingomonadales,Sphingomonadaceae,Parasphingopyxis,Unclassified
SRR29646161.bin.33,Bacteria,Pseudomonadota,Gammaproteobacteria,Burkholderiales,SG8-39,JAABQT01,Unclassified
SRR29646161.bin.37,Bacteria,Pseudomonadota,Gammaproteobacteria,SZUA-152,SZUA-152,JAKEGK01,Unclassified
SRR29646161.bin.39,Bacteria,Acidobacteriota,Thermoanaerobaculia,Multivoradales,UBA5704,Unclassified,Unclassified
SRR29646161.bin.4,Bacteria,Pseudomonadota,Gammaproteobacteria,SLDE01,SLDE01,JAPHTQ01,Unclassified
SRR29646161.bin.40,Bacteria,Pseudomonadota,Alphaproteobacteria,Kiloniellales,CECT-8803,Limibacillus,Unclassified
SRR29646161.bin.45,Bacteria,Bacteroidota,Bacteroidia,Flavobacteriales,Flavobacteriaceae,Zeaxanthinibacter,Unclassified
SRR29646161.bin.51,Bacteria,Gemmatimonadota,Gemmatimonadetes,JACCXV01,JAHWKZ01,JAHWKZ01,Unclassified
SRR29646161.bin.53,Bacteria,Pseudomonadota,Alphaproteobacteria,UBA8366,JADFVY01,GCA-020356105,Unclassified
SRR29689609.bin.11,Bacteria,Pseudomonadota,Gammaproteobacteria,Pseudomonadales,Cellvibrionaceae,UBA5868,UBA5868 sp002432095
SRR29689609.bin.2,Bacteria,Bacteroidota,Rhodothermia,Balneolales,Balneolaceae,Gracilimonas,Gracilimonas tropica
SRR29689609.bin.32,Bacteria,Pseudomonadota,Gammaproteobacteria,Pseudomonadales,Alcanivoracaceae,Alloalcanivorax,Alloalcanivorax venustensis
SRR29689609.bin.34,Bacteria,Actinomycetota,Actinomycetes,Propionibacteriales,Nocardioidaceae,Aeromicrobium,Unclassified
SRR29689609.bin.57,Bacteria,Bacteroidota,Bacteroidia,Flavobacteriales,Flavobacteriaceae,Salinimicrobium,Unclassified
SRR29689609.bin.59,Bacteria,Pseudomonadota,Gammaproteobacteria,Pseudomonadales,Halomonadaceae,Halomonas,Unclassified
SRR29689609.bin.6,Bacteria,Pseudomonadota,Gammaproteobacteria,Pseudomonadales,Pseudomonadaceae,Stutzerimonas,Stutzerimonas xanthomarina_A
SRR29689609.bin.67,Bacteria,Pseudomonadota,Gammaproteobacteria,Pseudomonadales,Pseudomonadaceae,Pseudomonas_E,Unclassified
SRR29689609.bin.68,Bacteria,Pseudomonadota,Gammaproteobacteria,Pseudomonadales,Halomonadaceae,Vreelandella,Unclassified
SRR29689609.bin.71,Bacteria,Actinomycetota,Actinomycetes,Actinomycetales,Demequinaceae,Demequina,Unclassified
SRR29689609.bin.76,Bacteria,Pseudomonadota,Gammaproteobacteria,Enterobacterales,Aeromonadaceae,Zobellella_C,Unclassified
SRR29689609.bin.78,Bacteria,Pseudomonadota,Gammaproteobacteria,Pseudomonadales,Cellvibrionaceae,UBA5868,Unclassified
SRR29689609.bin.8,Bacteria,Bacteroidota,Bacteroidia,Flavobacteriales,Flavobacteriaceae,Aequorivita,Aequorivita aquimaris
SRR29689609.bin.82,Bacteria,Bacteroidota,Bacteroidia,Cytophagales,Cyclobacteriaceae,Marivirga,Unclassified
SRR29689609.bin.83,Bacteria,Pseudomonadota,Gammaproteobacteria,Pseudomonadales,Halomonadaceae,Halomonas,Halomonas cupida
SRR29689609.bin.84,Bacteria,Bacteroidota,Bacteroidia,Cytophagales,Cyclobacteriaceae,Fulvivirga,Unclassified
SRR29689609.bin.88,Bacteria,Pseudomonadota,Alphaproteobacteria,Rhizobiales,Devosiaceae,Pelagibacterium,Pelagibacterium sp002375765
SRR29689609.bin.93,Bacteria,Pseudomonadota,Gammaproteobacteria,Enterobacterales,Alteromonadaceae,Bowmanella,Bowmanella dokdonensis
SRR29689609.bin.94,Bacteria,Pseudomonadota,Alphaproteobacteria,Sphingomonadales,Kordiimonadaceae,Pseudokordiimonas,Pseudokordiimonas caeni
SRR29689609.bin.99,Bacteria,Myxococcota,Bradymonadia,Bradymonadales,Bradymonadaceae,Lujinxingia,Unclassified
SRR29689610.bin.15,Bacteria,Pseudomonadota,Gammaproteobacteria,Enterobacterales,Alteromonadaceae,Pseudidiomarina,Unclassified
SRR29689610.bin.20,Bacteria,Verrucomicrobiota,Verrucomicrobiae,Verrucomicrobiales,Akkermansiaceae,Haloferula,Unclassified
SRR29689610.bin.29,Bacteria,Pseudomonadota,Gammaproteobacteria,Pseudomonadales,Cellvibrionaceae,Marinimicrobium,Unclassified
SRR29689610.bin.50,Bacteria,Pseudomonadota,Gammaproteobacteria,Enterobacterales,Alteromonadaceae,Idiomarina,Unclassified
SRR29689610.bin.58,Bacteria,Bacteroidota,Bacteroidia,Chitinophagales,Saprospiraceae,Membranihabitans,Unclassified
SRR29689610.bin.59,Bacteria,Myxococcota,Myxococcia,Myxococcales,Myxococcaceae,Unclassified,Unclassified
SRR29689610.bin.73,Bacteria,Fibrobacterota,Fibrobacteria,UBA11236,UBA11236,UBA11236,Unclassified
SRR29689610.bin.76,Bacteria,Pseudomonadota,Gammaproteobacteria,Pseudomonadales,Cellvibrionaceae,UBA5868,Unclassified
SRR29689610.bin.79,Bacteria,Pseudomonadota,Gammaproteobacteria,Pseudomonadales,Cellvibrionaceae,Microbulbifer,Unclassified
SRR29689610.bin.86,Bacteria,Planctomycetota,Planctomycetia,Planctomycetales,Planctomycetaceae,Gimesia,Gimesia chilikensis_A
SRR29689611.bin.10,Bacteria,Pseudomonadota,Gammaproteobacteria,Pseudomonadales,Cellvibrionaceae,Cellvibrio,Cellvibrio sp946481735
SRR29689611.bin.16,Bacteria,Pseudomonadota,Alphaproteobacteria,UBA1280,UBA6503,Unclassified,Unclassified
SRR29689611.bin.2,Bacteria,Verrucomicrobiota,Verrucomicrobiae,Opitutales,Opitutaceae,Pelagicoccus,Unclassified
SRR29689611.bin.26,Bacteria,Pseudomonadota,Gammaproteobacteria,Enterobacterales,Alteromonadaceae,Idiomarina,Unclassified
SRR29689611.bin.28,Bacteria,Bacteroidota,Bacteroidia,Flavobacteriales,Flavobacteriaceae,Flagellimonas,Flagellimonas sp030148335
SRR29689611.bin.29,Bacteria,Pseudomonadota,Gammaproteobacteria,Enterobacterales,Alteromonadaceae,Pseudidiomarina,Unclassified
SRR29689611.bin.4,Bacteria,Pseudomonadota,Gammaproteobacteria,Enterobacterales,DSM-103792,Permianibacter,Unclassified
SRR29689611.bin.44,Bacteria,Pseudomonadota,Gammaproteobacteria,Pseudomonadales,Halomonadaceae,Vreelandella,Vreelandella campaniensis_A
SRR29689611.bin.48,Bacteria,Pseudomonadota,Alphaproteobacteria,Rhodospirillales_A,Thalassospiraceae,Thalassospira,Thalassospira lucentensis_A
SRR29689611.bin.54,Bacteria,Pseudomonadota,Alphaproteobacteria,Rhizobiales,Devosiaceae,Devosia,Unclassified
SRR29689611.bin.6,Bacteria,Bacteroidota,Bacteroidia,Flavobacteriales,Flavobacteriaceae,Flagellimonas,Unclassified
SRR29689611.bin.65,Bacteria,Verrucomicrobiota,Verrucomicrobiae,Opitutales,Opitutaceae,Pelagicoccus,Unclassified
SRR29689611.bin.69,Bacteria,Pseudomonadota,Gammaproteobacteria,Enterobacterales,Alteromonadaceae,Rheinheimera,Unclassified
SRR29689611.bin.75,Bacteria,Bacillota,Bacilli,Bacillales_B,Bacillaceae_B,Rossellomorea,Unclassified
SRR29689611.bin.78,Bacteria,Myxococcota,Polyangia,Polyangiales,Polyangiaceae,NIC37A-2,Unclassified
SRR29689611.bin.90,Bacteria,Myxococcota,Polyangia,Polyangiales,Polyangiaceae,NIC37A-2,Unclassified
SRR29792380.bin.3,Bacteria,Gemmatimonadota,Gemmatimonadetes,Gemmatimonadales,GWC2-71-9,JABFSM01,Unclassified
SRR29792381.bin.4,Bacteria,Pseudomonadota,Gammaproteobacteria,Burkholderiales,SG8-39,SCGC-AG-212-J23,Unclassified
SRR29792384.bin.9,Bacteria,Pseudomonadota,Gammaproteobacteria,Xanthomonadales,Xanthomonadaceae,Luteimonas_B,Unclassified
SRR31572237.bin.2,Bacteria,Bacteroidota,Bacteroidia,Flavobacteriales,Flavobacteriaceae,Salinimicrobium,Unclassified
SRR31572239.bin.17,Bacteria,Pseudomonadota,Gammaproteobacteria,Enterobacterales,Alteromonadaceae,Pararheinheimera,Pararheinheimera tangshanensis
SRR31572239.bin.5,Bacteria,Bdellovibrionota,Bacteriovoracia,Bacteriovoracales,Bacteriovoracaceae,Bacteriovorax,Unclassified
SRR31572239.bin.6,Bacteria,Pseudomonadota,Gammaproteobacteria,Burkholderiales,Chitinimonadaceae,Chitinimonas,Chitinimonas taiwanensis
SRR31572239.bin.7,Bacteria,Pseudomonadota,Gammaproteobacteria,Burkholderiales,Burkholderiaceae,Comamonas,Comamonas aquatica
SRR31572241.bin.1,Bacteria,Pseudomonadota,Alphaproteobacteria,Sphingomonadales,Sphingomonadaceae,Novosphingobium,Unclassified
SRR31572241.bin.15,Bacteria,Pseudomonadota,Gammaproteobacteria,Pseudomonadales,Pseudomonadaceae,Stutzerimonas,Unclassified
SRR31572241.bin.18,Bacteria,Bacteroidota,Bacteroidia,Flavobacteriales,Flavobacteriaceae,Flavobacterium,Flavobacterium anhuiense
SRR31572241.bin.20,Bacteria,Pseudomonadota,Gammaproteobacteria,Xanthomonadales,Rhodanobacteraceae,Dokdonella_A,Dokdonella_A sp023430685
SRR31572241.bin.27,Bacteria,Pseudomonadota,Gammaproteobacteria,Pseudomonadales,Pseudomonadaceae,Pseudomonas_E,Pseudomonas_E rhodesiae
SRR31572241.bin.32,Bacteria,Pseudomonadota,Gammaproteobacteria,Enterobacterales,Enterobacteriaceae,Serratia,Serratia ureilytica
SRR31572241.bin.33,Bacteria,Pseudomonadota,Gammaproteobacteria,Enterobacterales,Enterobacteriaceae,Hafnia,Hafnia alvei
SRR31572242.bin.1,Bacteria,Actinomycetota,Actinomycetes,Mycobacteriales,Mycobacteriaceae,Hoyosella,Unclassified
SRR31572242.bin.11,Bacteria,Actinomycetota,Rubrobacteria,Rubrobacterales,Rubrobacteraceae,JACCWD01,Unclassified
SRR31572242.bin.21,Bacteria,Pseudomonadota,Gammaproteobacteria,Pseudomonadales,Halomonadaceae,Vreelandella,Vreelandella stevensii
SRR31572242.bin.29,Bacteria,Pseudomonadota,Alphaproteobacteria,Caulobacterales,Caulobacteraceae,Brevundimonas,Brevundimonas diminuta
SRR31572242.bin.3,Bacteria,Bacillota_A,Clostridia,Lachnospirales,Lachnospiraceae,Lacrimispora,Lacrimispora xylanolytica_C
SRR31572242.bin.4,Bacteria,Pseudomonadota,Gammaproteobacteria,Burkholderiales,Burkholderiaceae,Achromobacter,Achromobacter xylosoxidans
SRR31572242.bin.5,Bacteria,Pseudomonadota,Gammaproteobacteria,Pseudomonadales,Pseudomonadaceae,Halopseudomonas,Halopseudomonas phragmitis
SRR31572242.bin.7,Bacteria,Pseudomonadota,Gammaproteobacteria,Enterobacterales,Enterobacteriaceae,Pantoea,Pantoea dispersa
SRR31572243.bin.1,Bacteria,Bacillota_A,Clostridia,Lachnospirales,Lachnospiraceae,Lacrimispora,Lacrimispora xylanolytica
SRR31572243.bin.12,Bacteria,Pseudomonadota,Alphaproteobacteria,Rhizobiales,Rhizobiaceae,Agrobacterium,Agrobacterium pusense
SRR31572243.bin.14,Bacteria,Pseudomonadota,Gammaproteobacteria,Enterobacterales,Aeromonadaceae,Aeromonas,Aeromonas caviae
SRR31572243.bin.16,Bacteria,Actinomycetota,Actinomycetes,Mycobacteriales,Mycobacteriaceae,Hoyosella,Hoyosella sp026041215
SRR31572243.bin.2,Bacteria,Pseudomonadota,Gammaproteobacteria,Pseudomonadales,Pseudomonadaceae,Pseudomonas_E,Pseudomonas_E sp900156465
SRR31572243.bin.22,Bacteria,Pseudomonadota,Gammaproteobacteria,Burkholderiales,Burkholderiaceae,Variovorax,Unclassified
SRR31572243.bin.26,Bacteria,Actinomycetota,Rubrobacteria,Rubrobacterales,Rubrobacteraceae,JACCWD01,Unclassified
SRR31572243.bin.32,Bacteria,Pseudomonadota,Alphaproteobacteria,Sphingomonadales,Sphingomonadaceae,Novosphingobium,Unclassified
SRR31572243.bin.33,Bacteria,Pseudomonadota,Gammaproteobacteria,Enterobacterales,Enterobacteriaceae,Franconibacter,Franconibacter pulveris
SRR31572244.bin.11,Bacteria,Bacteroidota,Bacteroidia,Chitinophagales,Chitinophagaceae,Niastella,Unclassified
SRR31572244.bin.12,Bacteria,Pseudomonadota,Gammaproteobacteria,Enterobacterales,Enterobacteriaceae,Enterobacter,Enterobacter bugandensis
SRR31572244.bin.13,Bacteria,Pseudomonadota,Gammaproteobacteria,Burkholderiales,Burkholderiaceae,Variovorax,Unclassified
SRR31572244.bin.15,Bacteria,Pseudomonadota,Alphaproteobacteria,Caulobacterales,Caulobacteraceae,Caulobacter,Unclassified
SRR31572244.bin.16,Bacteria,Bacillota,Bacilli,Lactobacillales,Enterococcaceae,Enterococcus_D,Enterococcus_D innesii
SRR31572244.bin.18,Bacteria,Bacillota_A,Clostridia,Clostridiales,Clostridiaceae,Clostridium,Clostridium beijerinckii
SRR31572244.bin.21,Bacteria,Bacillota_A,Clostridia,Lachnospirales,Lachnospiraceae,Lacrimispora,Lacrimispora sp015057715
SRR31572244.bin.5,Bacteria,Actinomycetota,Actinomycetes,Streptosporangiales,Streptosporangiaceae,Nonomuraea,Unclassified
SRR31674855.bin.18,Bacteria,Acidobacteriota,Blastocatellia,Pyrinomonadales,Pyrinomonadaceae,PSRF01,Unclassified
SRR31674855.bin.2,Bacteria,Bacteroidota,Ignavibacteria,Ignavibacteriales,Ignavibacteriaceae,JAGXRK01,Unclassified
SRR31674855.bin.3,Bacteria,Actinomycetota,Nitriliruptoria,Euzebyales,JAHELV01,Unclassified,Unclassified
SRR31674855.bin.4,Bacteria,Actinomycetota,Actinomycetes,Jiangellales,Jiangellaceae,JASLBX01,Unclassified
SRR31674855.bin.7,Bacteria,Pseudomonadota,Gammaproteobacteria,Burkholderiales,Burkholderiaceae,JAOUJD01,Unclassified
SRR31674856.bin.10,Bacteria,Pseudomonadota,Gammaproteobacteria,Burkholderiales,SG8-39,SCGC-AG-212-J23,SCGC-AG-212-J23 sp029266935
SRR31674856.bin.15,Bacteria,Actinomycetota,Acidimicrobiia,UBA5794,ZC4RG35,Unclassified,Unclassified
SRR31674856.bin.19,Bacteria,Methylomirabilota,Methylomirabilia,Rokubacteriales,CSP1-6,AR5,Unclassified
SRR31674856.bin.20,Bacteria,Actinomycetota,Acidimicrobiia,UBA5794,ZC4RG35,JANQRA01,Unclassified
SRR31674856.bin.23,Bacteria,Pseudomonadota,Gammaproteobacteria,Burkholderiales,SG8-41,DSOT01,Unclassified
SRR31674856.bin.26,Bacteria,Pseudomonadota,Gammaproteobacteria,Burkholderiales,Thiobacillaceae,Thiobacillus,Unclassified
SRR31674856.bin.28,Bacteria,Acidobacteriota,Thermoanaerobaculia,Multivoradales,Unclassified,Unclassified,Unclassified
SRR31674856.bin.32,Bacteria,Actinomycetota,Acidimicrobiia,Acidimicrobiales,JACDCH01,Unclassified,Unclassified
SRR31674856.bin.4,Bacteria,Acidobacteriota,Blastocatellia,Pyrinomonadales,Pyrinomonadaceae,PSRF01,Unclassified
SRR32147493.bin.14,Bacteria,Pseudomonadota,Alphaproteobacteria,Sphingomonadales,Sphingomonadaceae,Parasphingopyxis,Unclassified
SRR32147493.bin.27,Bacteria,Acidobacteriota,Vicinamibacteria,Vicinamibacterales,UBA2999,WHSN01,Unclassified
SRR32147493.bin.28,Bacteria,Chloroflexota,Dehalococcoidia,DSTF01,RBG-16-68-14,Unclassified,Unclassified
SRR32147493.bin.29,Bacteria,Actinomycetota,Acidimicrobiia,UBA5794,ZC4RG35,MA-ANB-1,Unclassified
SRR32147493.bin.32,Bacteria,Eisenbacteria,RBG-16-71-46,RBG-16-71-46,Unclassified,Unclassified,Unclassified
SRR32147493.bin.34,Bacteria,Pseudomonadota,Alphaproteobacteria,Sphingomonadales,Sphingomonadaceae,Sphingomicrobium,Unclassified
SRR32147493.bin.4,Bacteria,Chloroflexota,Limnocylindria,QHBO01,QHBO01,JACDBZ01,Unclassified
SRR32147493.bin.42,Bacteria,Pseudomonadota,Gammaproteobacteria,Burkholderiales,CALJLA01,CALJLA01,Unclassified
SRR32147493.bin.45,Bacteria,Actinomycetota,Acidimicrobiia,IMCC26256,IMCC26256,Unclassified,Unclassified
SRR32147493.bin.46,Bacteria,Chloroflexota,Limnocylindria,Limnocylindrales,CSP1-4,CAKKPP01,Unclassified
SRR32147493.bin.51,Bacteria,Actinomycetota,Thermoleophilia,Gaiellales,Gaiellaceae,Gaiella,Unclassified
SRR32147493.bin.58,Bacteria,Actinomycetota,Acidimicrobiia,UBA5794,ZC4RG35,MA-ANB-1,Unclassified
SRR32147493.bin.59,Bacteria,Actinomycetota,Acidimicrobiia,UBA5794,ZC4RG35,JANQRA01,Unclassified
SRR32147493.bin.60,Bacteria,Actinomycetota,Thermoleophilia,Solirubrobacterales,Solirubrobacteraceae,CADCVQ01,Unclassified
SRR32147493.bin.68,Bacteria,Pseudomonadota,Gammaproteobacteria,Burkholderiales,SG8-39,JAABQT01,Unclassified
SRR32147493.bin.74,Bacteria,Planctomycetota,UBA1135,UBA2386,UBA2386,Unclassified,Unclassified
SRR32147493.bin.77,Bacteria,Chloroflexota,Anaerolineae,Aggregatilineales,Phototrophicaceae,Unclassified,Unclassified
SRR32147493.bin.8,Bacteria,Chloroflexota,Anaerolineae,Anaerolineales,Villigracilaceae,Defluviilinea,Unclassified
SRR32147493.bin.80,Bacteria,Acidobacteriota,Vicinamibacteria,Vicinamibacterales,SCN-69-37,Unclassified,Unclassified
SRR32147493.bin.81,Bacteria,Acidobacteriota,Terriglobia,Bryobacterales,Unclassified,Unclassified,Unclassified
SRR32147494.bin.11,Bacteria,Acidobacteriota,Vicinamibacteria,Vicinamibacterales,UBA2999,CADEFD01,Unclassified
SRR32147494.bin.13,Bacteria,Bacteroidota,Bacteroidia,Flavobacteriales,Flavobacteriaceae,Zeaxanthinibacter,Unclassified
SRR32147494.bin.15,Bacteria,Pseudomonadota,Gammaproteobacteria,Burkholderiales,SG8-41,JAQGMV01,Unclassified
SRR32147494.bin.16,Bacteria,Verrucomicrobiota,Verrucomicrobiae,Verrucomicrobiales,Akkermansiaceae,Roseibacillus_B,Unclassified
SRR32147494.bin.17,Bacteria,Chloroflexota,Limnocylindria,Limnocylindrales,CSP1-4,SPCO01,Unclassified
SRR32147494.bin.24,Bacteria,Desulfobacterota_B,Binatia,HRBIN30,JAGDMS01,Unclassified,Unclassified
SRR32147494.bin.26,Bacteria,Pseudomonadota,Alphaproteobacteria,Rhizobiales,Afifellaceae,Faunimonas,Unclassified
SRR32147494.bin.31,Bacteria,Acidobacteriota,Thermoanaerobaculia,Multivoradales,Unclassified,Unclassified,Unclassified
SRR32147494.bin.39,Bacteria,Pseudomonadota,Gammaproteobacteria,Competibacterales,Competibacteraceae,Unclassified,Unclassified
SRR32147494.bin.5,Bacteria,Actinomycetota,Actinomycetes,JACCUZ01,JACCUZ01,JACCUZ01,Unclassified
SRR32147494.bin.52,Bacteria,Gemmatimonadota,Gemmatimonadetes,Longimicrobiales,UBA6960,JAHWKH01,Unclassified
SRR32147494.bin.53,Bacteria,Pseudomonadota,Alphaproteobacteria,Rhodobacterales,Rhodobacteraceae,Thermohalobaculum,Unclassified
SRR32147494.bin.54,Bacteria,Acidobacteriota,Thermoanaerobaculia,Multivoradales,UBA5704,J023,Unclassified
SRR32147494.bin.56,Bacteria,Gemmatimonadota,Gemmatimonadetes,Palauibacterales,Palauibacteraceae,Unclassified,Unclassified
SRR32147494.bin.59,Bacteria,Planctomycetota,Planctomycetia,Planctomycetales,Planctomycetaceae,Unclassified,Unclassified
SRR32147494.bin.6,Bacteria,Pseudomonadota,Alphaproteobacteria,Rhizobiales,Methyloligellaceae,UBA2767,Unclassified
SRR32147494.bin.60,Bacteria,Pseudomonadota,Gammaproteobacteria,Woeseiales,Woeseiaceae,UBA1844,Unclassified
SRR32147494.bin.64,Bacteria,Hydrogenedentota,Hydrogenedentia,Hydrogenedentiales,GCA-2746185,Unclassified,Unclassified
SRR32147494.bin.68,Bacteria,Nitrospirota,Nitrospiria,Nitrospirales,Nitrospiraceae,Nitrospira_D,Unclassified
SRR32147494.bin.69,Bacteria,Actinomycetota,Acidimicrobiia,Acidimicrobiales,JACDCH01,VFJN01,Unclassified
SRR32147494.bin.74,Bacteria,Actinomycetota,Actinomycetes,Propionibacteriales,Nocardioidaceae,Nocardioides,Unclassified
SRR32147494.bin.77,Bacteria,Planctomycetota,UBA1135,UBA2386,UBA2386,Unclassified,Unclassified
SRR32147495.bin.14,Bacteria,Pseudomonadota,Alphaproteobacteria,Rhodobacterales,Rhodobacteraceae,Thermohalobaculum,Unclassified
SRR32147495.bin.17,Bacteria,Pseudomonadota,Alphaproteobacteria,Geminicoccales,Geminicoccaceae,Unclassified,Unclassified
SRR32147495.bin.26,Bacteria,Pseudomonadota,Alphaproteobacteria,Sphingomonadales,Sphingomonadaceae,Alg239-R122,Unclassified
SRR32147495.bin.32,Bacteria,Gemmatimonadota,Gemmatimonadetes,Gemmatimonadales,GWC2-71-9,SZUA-320,Unclassified
SRR32147495.bin.36,Bacteria,Chloroflexota,Limnocylindria,QHBO01,QHBO01,JAPSGM01,Unclassified
SRR32147495.bin.37,Bacteria,Actinomycetota,Acidimicrobiia,UBA5794,ZC4RG35,JANQRA01,Unclassified
SRR32147495.bin.44,Bacteria,Actinomycetota,Acidimicrobiia,Acidimicrobiales,Ilumatobacteraceae,Ilumatobacter_A,Unclassified
SRR32147495.bin.47,Bacteria,Pseudomonadota,Alphaproteobacteria,Rhodobacterales,Rhodobacteraceae,Thermohalobaculum,Unclassified
SRR32147495.bin.51,Bacteria,Gemmatimonadota,Gemmatimonadetes,Gemmatimonadales,GWC2-71-9,JABFSM01,Unclassified
SRR32147495.bin.66,Bacteria,Actinomycetota,Acidimicrobiia,Acidimicrobiales,JACDCH01,VFJN01,Unclassified
SRR32147495.bin.69,Bacteria,Planctomycetota,Planctomycetia,Pirellulales,JAEUIK01,JAEUIK01,Unclassified
SRR32147495.bin.70,Bacteria,Desulfobacterota_B,Binatia,UBA9968,UBA9968,DP-20,Unclassified
SRR32147495.bin.76,Bacteria,Actinomycetota,Acidimicrobiia,UBA5794,JAENVV01,JAENVV01,Unclassified
SRR32147495.bin.91,Bacteria,Acidobacteriota,Vicinamibacteria,Vicinamibacterales,UBA2999,JACCSI01,Unclassified
SRR32147496.bin.10,Bacteria,Actinomycetota,Rubrobacteria,Rubrobacterales,Rubrobacteraceae,Rubrobacter_D,Rubrobacter_D sp021156345
SRR32147497.bin.17,Bacteria,Actinomycetota,Actinomycetes,Propionibacteriales,Propionibacteriaceae,JAJTCL01,JAJTCL01 sp021323255
SRR32147497.bin.2,Bacteria,Actinomycetota,UBA4738,UBA4738,HRBIN12,CALGFI01,Unclassified
SRR32147498.bin.11,Bacteria,Actinomycetota,Actinomycetes,Actinomycetales,Dermatophilaceae,Intrasporangium,Unclassified
SRR32147498.bin.22,Bacteria,Nitrospirota,Nitrospiria,Nitrospirales,Nitrospiraceae,Nitrospira_C,Nitrospira_C sp029240595
SRR32147498.bin.6,Bacteria,Actinomycetota,Actinomycetes,Jiangellales,Jiangellaceae,JACVRX01,Unclassified
SRR32147499.bin.10,Bacteria,Pseudomonadota,Gammaproteobacteria,Woeseiales,Woeseiaceae,SZUA-117,Unclassified
SRR32147499.bin.11,Bacteria,Pseudomonadota,Alphaproteobacteria,Rhizobiales,Methyloligellaceae,JAJFHN01,Unclassified
SRR32147499.bin.16,Bacteria,Acidobacteriota,UBA6911,RPQK01,RPQK01,Unclassified,Unclassified
SRR32147499.bin.18,Bacteria,Pseudomonadota,Alphaproteobacteria,Kiloniellales,J153,J153,Unclassified
SRR32147499.bin.2,Bacteria,Pseudomonadota,Gammaproteobacteria,Burkholderiales,Nitrosomonadaceae,Nitrosomonas,Unclassified
SRR32147499.bin.26,Bacteria,Pseudomonadota,Alphaproteobacteria,Rhizobiales,NORP267,Unclassified,Unclassified
SRR32147499.bin.3,Bacteria,Pseudomonadota,Gammaproteobacteria,Pseudomonadales,Azotimanducaceae_A,UBA7803,Unclassified
SRR32147499.bin.36,Bacteria,Planctomycetota,Phycisphaerae,Phycisphaerales,UBA1924,Unclassified,Unclassified
SRR32147499.bin.37,Bacteria,Acidobacteriota,Thermoanaerobaculia,Multivoradales,UBA5704,Unclassified,Unclassified
SRR32147499.bin.38,Bacteria,Pseudomonadota,Gammaproteobacteria,Woeseiales,Woeseiaceae,Unclassified,Unclassified
SRR32147499.bin.44,Bacteria,Pseudomonadota,Gammaproteobacteria,Xanthomonadales,Xanthomonadaceae,Lysobacter_C,Unclassified
SRR32147499.bin.55,Bacteria,Myxococcota_A,UBA9160,UBA9160,SMWR01,JAHEJV01,Unclassified
SRR32147499.bin.60,Bacteria,Pseudomonadota,Alphaproteobacteria,Rhodobacterales,Rhodobacteraceae,PHEG01,Unclassified
SRR32147499.bin.62,Bacteria,Myxococcota_A,UBA9160,UBA9160,UBA6930,Unclassified,Unclassified
SRR32147499.bin.64,Bacteria,Planctomycetota,Planctomycetia,Pirellulales,JAGQOS01,Unclassified,Unclassified
SRR32147499.bin.65,Bacteria,Planctomycetota,Phycisphaerae,UBA1845,UBA1845,JAJRSP01,Unclassified
SRR32147499.bin.67,Bacteria,Gemmatimonadota,Gemmatimonadetes,Gemmatimonadales,GWC2-71-9,OFTM291,Unclassified
SRR32147499.bin.68,Bacteria,Hydrogenedentota,Hydrogenedentia,Hydrogenedentiales,Unclassified,Unclassified,Unclassified
SRR32147499.bin.69,Bacteria,Gemmatimonadota,Gemmatimonadetes,Palauibacterales,Palauibacteraceae,Unclassified,Unclassified
SRR32147499.bin.78,Bacteria,Planctomycetota,Planctomycetia,Planctomycetales,Planctomycetaceae,Unclassified,Unclassified
SRR32147499.bin.8,Bacteria,Gemmatimonadota,Gemmatimonadetes,Longimicrobiales,UBA6960,UBA2589,Unclassified
SRR32147499.bin.89,Bacteria,Bacteroidota,Bacteroidia,Flavobacteriales,Flavobacteriaceae,Lutibacter,Unclassified
SRR32147508.bin.10,Bacteria,Planctomycetota,Phycisphaerae,UBA1845,UBA1845,Unclassified,Unclassified
SRR32147508.bin.100,Bacteria,Pseudomonadota,Gammaproteobacteria,Xanthomonadales,Xanthomonadaceae,Lysobacter_C,Unclassified
SRR32147508.bin.101,Bacteria,Planctomycetota,Planctomycetia,Pirellulales,JAGQOS01,Unclassified,Unclassified
SRR32147508.bin.102,Bacteria,Planctomycetota,Phycisphaerae,UBA1845,UBA1845,Unclassified,Unclassified
SRR32147508.bin.103,Bacteria,Planctomycetota,Phycisphaerae,UBA1845,UBA1845,Unclassified,Unclassified
SRR32147508.bin.105,Bacteria,Pseudomonadota,Alphaproteobacteria,MPNO01,UBA2964,Unclassified,Unclassified
SRR32147508.bin.112,Bacteria,Pseudomonadota,Alphaproteobacteria,Sphingomonadales,Rhodothalassiaceae,Unclassified,Unclassified
SRR32147508.bin.14,Bacteria,Planctomycetota,Planctomycetia,Gemmatales,Gemmataceae,Unclassified,Unclassified
SRR32147508.bin.19,Bacteria,Planctomycetota,Planctomycetia,Pirellulales,Pirellulaceae,CALBTA01,Unclassified
SRR32147508.bin.23,Bacteria,Planctomycetota,Phycisphaerae,UBA1845,UBA1845,JAJRSP01,Unclassified
SRR32147508.bin.24,Bacteria,Planctomycetota,Planctomycetia,Planctomycetales,Planctomycetaceae,Unclassified,Unclassified
SRR32147508.bin.27,Bacteria,Cyanobacteriota,Cyanobacteriia,Cyanobacteriales,MRBY01,Limnothrix,Unclassified
SRR32147508.bin.3,Bacteria,Pseudomonadota,Alphaproteobacteria,Rhizobiales,Methyloligellaceae,Unclassified,Unclassified
SRR32147508.bin.36,Bacteria,Planctomycetota,Phycisphaerae,Phycisphaerales,UBA1924,Unclassified,Unclassified
SRR32147508.bin.37,Bacteria,Planctomycetota,Phycisphaerae,Phycisphaerales,UBA1924,J020,Unclassified
SRR32147508.bin.4,Bacteria,Pseudomonadota,Alphaproteobacteria,Caulobacterales,Caulobacteraceae,Caulobacter,Unclassified
SRR32147508.bin.43,Bacteria,Planctomycetota,Planctomycetia,Pirellulales,Pirellulaceae,CALBTA01,Unclassified
SRR32147508.bin.47,Bacteria,Pseudomonadota,Alphaproteobacteria,Rhizobiales,JALURZ01,Unclassified,Unclassified
SRR32147508.bin.48,Bacteria,Pseudomonadota,Gammaproteobacteria,Pseudomonadales,Azotimanducaceae_A,HKST-UBA223,Unclassified
SRR32147508.bin.54,Bacteria,Pseudomonadota,Alphaproteobacteria,Sphingomonadales,Sphingomonadaceae,Allopontixanthobacter,Allopontixanthobacter sp024636575
SRR32147508.bin.61,Bacteria,Pseudomonadota,Alphaproteobacteria,Rhodobacterales,Rhodobacteraceae,Thermohalobaculum,Unclassified
SRR32147508.bin.64,Bacteria,Actinomycetota,Thermoleophilia,Solirubrobacterales,Sep-70,VRUE01,Unclassified
SRR32147508.bin.69,Bacteria,Gemmatimonadota,Gemmatimonadetes,Longimicrobiales,UBA6960,UBA2589,Unclassified
SRR32147508.bin.70,Bacteria,Pseudomonadota,Alphaproteobacteria,Rhizobiales,Methyloligellaceae,Unclassified,Unclassified
SRR32147508.bin.71,Bacteria,Pseudomonadota,Gammaproteobacteria,Arenicellales,JAANXG01,JAANXG01,Unclassified
SRR32147508.bin.72,Bacteria,Pseudomonadota,Alphaproteobacteria,Sphingomonadales,Rhodothalassiaceae,Unclassified,Unclassified
SRR32147508.bin.73,Bacteria,Gemmatimonadota,Gemmatimonadetes,Palauibacterales,Palauibacteraceae,JAOTZH01,Unclassified
SRR32147508.bin.76,Bacteria,Tectomicrobia,Entotheonellia,Entotheonellales,Entotheonellaceae,Entotheonella,Unclassified
SRR32147508.bin.82,Bacteria,Desulfobacterota_B,Binatia,UBA9968,JAJDTQ01,Unclassified,Unclassified
SRR32147508.bin.90,Bacteria,Desulfobacterota_D,UBA1144,RKRQ01,JAJCZQ01,Unclassified,Unclassified
SRR32147508.bin.91,Bacteria,Hydrogenedentota,Hydrogenedentia,Hydrogenedentiales,Unclassified,Unclassified,Unclassified
SRR32147508.bin.93,Bacteria,Pseudomonadota,Gammaproteobacteria,Woeseiales,Woeseiaceae,Unclassified,Unclassified
SRR32147508.bin.95,Bacteria,Gemmatimonadota,Gemmatimonadetes,Longimicrobiales,RSA9,Unclassified,Unclassified
SRR32147508.bin.96,Bacteria,Pseudomonadota,Gammaproteobacteria,Pseudomonadales,Azotimanducaceae_A,UBA7803,Unclassified
SRR32147508.bin.97,Bacteria,Gemmatimonadota,Gemmatimonadetes,JACCXV01,JAHWKZ01,Unclassified,Unclassified
SRR32147508.bin.98,Bacteria,Planctomycetota,Planctomycetia,Pirellulales,JANQPP01,Unclassified,Unclassified
SRR32147509.bin.1,Bacteria,Myxococcota_A,UBA9160,UBA9160,SMWR01,JAHEJV01,Unclassified
SRR32147509.bin.104,Bacteria,Bacteroidota,Rhodothermia,Balneolales,Balneolaceae,Halalkalibaculum,Unclassified
SRR32147509.bin.107,Bacteria,Pseudomonadota,Gammaproteobacteria,Pseudomonadales,Halieaceae,Halioglobus,Unclassified
SRR32147509.bin.108,Bacteria,Actinomycetota,Acidimicrobiia,Acidimicrobiales,JACDCH01,UBA9382,Unclassified
SRR32147509.bin.110,Bacteria,Pseudomonadota,Gammaproteobacteria,UBA4486,UBA4486,Methylohalomonas,Unclassified
SRR32147509.bin.111,Bacteria,Bacteroidota,Bacteroidia,Cytophagales,Cyclobacteriaceae,Unclassified,Unclassified
SRR32147509.bin.113,Bacteria,Pseudomonadota,Alphaproteobacteria,Geminicoccales,Geminicoccaceae,Unclassified,Unclassified
SRR32147509.bin.114,Bacteria,Planctomycetota,Planctomycetia,Pirellulales,Pirellulaceae,Unclassified,Unclassified
SRR32147509.bin.13,Bacteria,Pseudomonadota,Gammaproteobacteria,XJ16,Halofilaceae,Halofilum,Unclassified
SRR32147509.bin.14,Bacteria,Planctomycetota,Planctomycetia,Planctomycetales,Planctomycetaceae,Unclassified,Unclassified
SRR32147509.bin.17,Bacteria,Actinomycetota,Actinomycetes,Actinomycetales,Dermatophilaceae,Ornithinimicrobium_A,Unclassified
SRR32147509.bin.20,Bacteria,Planctomycetota,Planctomycetia,Pirellulales,Pirellulaceae,Unclassified,Unclassified
SRR32147509.bin.27,Bacteria,Actinomycetota,Actinomycetes,Mycobacteriales,Micromonosporaceae,Micromonospora,Unclassified
SRR32147509.bin.31,Bacteria,Pseudomonadota,Alphaproteobacteria,Rhizobiales,Rhodomicrobiaceae,JAHQVI01,Unclassified
SRR32147509.bin.36,Bacteria,Planctomycetota,Planctomycetia,Pirellulales,Lacipirellulaceae,Posidoniimonas,Unclassified
SRR32147509.bin.39,Bacteria,Pseudomonadota,Alphaproteobacteria,Caulobacterales,Parvularculaceae,Hyphococcus,Unclassified
SRR32147509.bin.43,Bacteria,Pseudomonadota,Alphaproteobacteria,Rhodospirillales_A,UXAT02,Unclassified,Unclassified
SRR32147509.bin.44,Bacteria,Pseudomonadota,Gammaproteobacteria,Nevskiales,Salinisphaeraceae,Salinisphaera,Unclassified
SRR32147509.bin.46,Bacteria,Actinomycetota,Acidimicrobiia,UBA5794,ZC4RG35,JANQRA01,Unclassified
SRR32147509.bin.49,Bacteria,Planctomycetota,Planctomycetia,Planctomycetales,Planctomycetaceae,JABURQ01,Unclassified
SRR32147509.bin.5,Bacteria,Actinomycetota,Nitriliruptoria,Nitriliruptorales,Nitriliruptoraceae,Unclassified,Unclassified
SRR32147509.bin.55,Bacteria,Planctomycetota,Planctomycetia,Pirellulales,Lacipirellulaceae,Bythopirellula,Unclassified
SRR32147509.bin.58,Bacteria,Gemmatimonadota,Gemmatimonadetes,Longimicrobiales,UBA6960,Unclassified,Unclassified
SRR32147509.bin.60,Bacteria,Pseudomonadota,Gammaproteobacteria,Xanthomonadales,Wenzhouxiangellaceae,GCA-2722315,Unclassified
SRR32147509.bin.61,Bacteria,Pseudomonadota,Gammaproteobacteria,Arenicellales,JAANXG01,JAANXG01,Unclassified
SRR32147509.bin.67,Bacteria,Gemmatimonadota,Gemmatimonadetes,Palauibacterales,Palauibacteraceae,Unclassified,Unclassified
SRR32147509.bin.69,Bacteria,Pseudomonadota,Alphaproteobacteria,Kiloniellales,Rhodovibrionaceae,SKZV01,Unclassified
SRR32147509.bin.70,Bacteria,Planctomycetota,Planctomycetia,Pirellulales,Lacipirellulaceae,Unclassified,Unclassified
SRR32147509.bin.71,Bacteria,Pseudomonadota,Gammaproteobacteria,Arenicellales,JAANXG01,JAANXG01,Unclassified
SRR32147509.bin.79,Bacteria,Sumerlaeota,Sumerlaeia,MVZB01,JAJFLK01,Unclassified,Unclassified
SRR32147509.bin.81,Bacteria,Planctomycetota,Phycisphaerae,Phycisphaerales,Phycisphaeraceae,JANQKH01,Unclassified
SRR32147509.bin.84,Bacteria,Planctomycetota,UBA1135,UBA1135,GCA-002686595,JACKHV01,Unclassified
SRR32147509.bin.85,Bacteria,Pseudomonadota,Alphaproteobacteria,Rhizobiales,Hyphomicrobiaceae,Hyphomicrobium_B,Unclassified
SRR32147509.bin.87,Bacteria,Pseudomonadota,Gammaproteobacteria,Pseudomonadales,Porticoccaceae,DGNJ01,DGNJ01 sp002388905
SRR32147509.bin.89,Bacteria,Pseudomonadota,Gammaproteobacteria,Competibacterales,Competibacteraceae,Unclassified,Unclassified
SRR32147509.bin.9,Bacteria,Hydrogenedentota,Hydrogenedentia,Hydrogenedentiales,GCA-2746185,Unclassified,Unclassified
SRR32147509.bin.94,Bacteria,Chloroflexota,Anaerolineae,Promineifilales,Promineifilaceae,JAAYYY01,Unclassified
SRR32147509.bin.96,Bacteria,Pseudomonadota,Alphaproteobacteria,Rhizobiales,Methyloligellaceae,Unclassified,Unclassified
SRR32774196.bin.13,Bacteria,Pseudomonadota,Gammaproteobacteria,Enterobacterales,Alteromonadaceae,Pseudoalteromonas,Pseudoalteromonas sp001974855
SRR32774196.bin.15,Bacteria,Bacillota,Bacilli,Lactobacillales,Carnobacteriaceae,Carnobacterium,Carnobacterium maltaromaticum
SRR32774196.bin.16,Bacteria,Pseudomonadota,Gammaproteobacteria,Enterobacterales,Vibrionaceae,Vibrio,Vibrio toranzoniae
SRR32774196.bin.18,Bacteria,Pseudomonadota,Gammaproteobacteria,Pseudomonadales,Pseudomonadaceae,Pseudomonas_E,Unclassified
SRR32774196.bin.3,Bacteria,Pseudomonadota,Gammaproteobacteria,Enterobacterales,Enterobacteriaceae,Rouxiella,Unclassified
SRR32774197.bin.12,Bacteria,Actinomycetota,Actinomycetes,Actinomycetales,Micrococcaceae,Arthrobacter,Arthrobacter sp014217545
SRR32774197.bin.13,Bacteria,Pseudomonadota,Gammaproteobacteria,Enterobacterales,Vibrionaceae,Photobacterium,Photobacterium halotolerans
SRR32774197.bin.14,Bacteria,Bacillota,Bacilli,Bacillales,Bacillaceae_H,Priestia,Priestia megaterium_C
SRR32774197.bin.20,Bacteria,Actinomycetota,Actinomycetes,Actinomycetales,Micrococcaceae,Paeniglutamicibacter,Unclassified
SRR32774197.bin.21,Bacteria,Pseudomonadota,Gammaproteobacteria,Enterobacterales,Alteromonadaceae,Rheinheimera,Unclassified
SRR32774197.bin.22,Bacteria,Pseudomonadota,Gammaproteobacteria,Enterobacterales,Shewanellaceae,Shewanella,Shewanella vesiculosa
SRR32774197.bin.26,Bacteria,Pseudomonadota,Gammaproteobacteria,Pseudomonadales,Pseudomonadaceae,Pseudomonas_E,Pseudomonas_E silesiensis
SRR32774197.bin.27,Bacteria,Pseudomonadota,Gammaproteobacteria,Pseudomonadales,Pseudomonadaceae,Pseudomonas_E,Pseudomonas_E taeanensis
SRR32774197.bin.29,Bacteria,Pseudomonadota,Gammaproteobacteria,Pseudomonadales,Nitrincolaceae,Marinobacterium_A,Unclassified
SRR32774197.bin.31,Bacteria,Pseudomonadota,Gammaproteobacteria,Pseudomonadales,Marinomonadaceae,Marinomonas,Unclassified
SRR32774197.bin.32,Bacteria,Bacillota,Bacilli,Bacillales_G,HB172195,Anaerobacillus_A,Anaerobacillus_A sp009818105
SRR32774197.bin.33,Bacteria,Pseudomonadota,Gammaproteobacteria,Enterobacterales,Alteromonadaceae,Pseudoalteromonas,Pseudoalteromonas rhizosphaerae
SRR32774197.bin.34,Bacteria,Pseudomonadota,Alphaproteobacteria,Rhodobacterales,Rhodobacteraceae,Unclassified,Unclassified
SRR32774197.bin.37,Bacteria,Bacillota,Bacilli,Bacillales_A,Planococcaceae,Sporosarcina,Unclassified
SRR32774197.bin.38,Bacteria,Pseudomonadota,Gammaproteobacteria,Enterobacterales,Shewanellaceae,Shewanella,Unclassified
SRR32774197.bin.6,Bacteria,Actinomycetota,Actinomycetes,Actinomycetales,Micrococcaceae,Arthrobacter,Unclassified
SRR32774198.bin.11,Bacteria,Pseudomonadota,Gammaproteobacteria,Pseudomonadales,Pseudomonadaceae,Pseudomonas_E,Unclassified
SRR32774198.bin.12,Bacteria,Pseudomonadota,Gammaproteobacteria,Pseudomonadales,Halomonadaceae,Bisbaumannia,Bisbaumannia pacifica
SRR32774198.bin.18,Bacteria,Pseudomonadota,Gammaproteobacteria,Enterobacterales,Enterobacteriaceae,Lelliottia,Lelliottia nimipressuralis
SRR32774198.bin.21,Bacteria,Bacillota,Bacilli,Bacillales_A,Planococcaceae,Solibacillus,Solibacillus silvestris
SRR32774198.bin.22,Bacteria,Pseudomonadota,Gammaproteobacteria,Pseudomonadales,Moraxellaceae,Acinetobacter,Acinetobacter johnsonii
SRR32774198.bin.24,Bacteria,Pseudomonadota,Gammaproteobacteria,Pseudomonadales,Pseudomonadaceae,Pseudomonas_E,Pseudomonas_E atacamensis
SRR32774198.bin.29,Bacteria,Pseudomonadota,Gammaproteobacteria,Enterobacterales,Alteromonadaceae,Pseudoalteromonas,Unclassified
SRR32774198.bin.7,Bacteria,Pseudomonadota,Gammaproteobacteria,Enterobacterales,Vibrionaceae,Vibrio,Unclassified
SRR32774198.bin.9,Bacteria,Bacillota,Bacilli,Bacillales_A,Planococcaceae,Paenisporosarcina,Paenisporosarcina sp000411295
SRR32774199.bin.1,Bacteria,Actinomycetota,Actinomycetes,Actinomycetales,Micrococcaceae,Paeniglutamicibacter,Paeniglutamicibacter sulfureus
SRR32774199.bin.10,Bacteria,Bacillota,Bacilli,Bacillales,Bacillaceae,Bacillus_P,Bacillus_P dongyingensis
SRR32774199.bin.12,Bacteria,Actinomycetota,Actinomycetes,Actinomycetales,Cellulomonadaceae,Oerskovia,Oerskovia rustica
SRR32774199.bin.16,Bacteria,Pseudomonadota,Gammaproteobacteria,Enterobacterales,Enterobacteriaceae,Buttiauxella,Buttiauxella agrestis
SRR32774199.bin.19,Bacteria,Pseudomonadota,Gammaproteobacteria,Enterobacterales,Enterobacteriaceae,Buttiauxella,Buttiauxella massiliensis
SRR32774199.bin.23,Bacteria,Pseudomonadota,Gammaproteobacteria,Enterobacterales,Alteromonadaceae,Rheinheimera,Rheinheimera aquimaris
SRR32774199.bin.27,Bacteria,Pseudomonadota,Gammaproteobacteria,Enterobacterales,Aeromonadaceae,Aeromonas,Aeromonas rivipollensis
SRR32774200.bin.1,Bacteria,Pseudomonadota,Gammaproteobacteria,Enterobacterales,Alteromonadaceae,Thalassotalea_B,Unclassified
SRR32774200.bin.11,Bacteria,Bacillota,Bacilli,Bacillales_B,Bacillaceae_B,Rossellomorea,Rossellomorea aquimaris_C
SRR32774200.bin.13,Bacteria,Pseudomonadota,Gammaproteobacteria,Enterobacterales,Shewanellaceae,Shewanella,Shewanella baltica
SRR32774200.bin.15,Bacteria,Pseudomonadota,Gammaproteobacteria,Pseudomonadales,Halomonadaceae,Onishia,Unclassified
SRR32774200.bin.20,Bacteria,Pseudomonadota,Gammaproteobacteria,Pseudomonadales,Marinomonadaceae,Marinomonas,Marinomonas rhizomae_A
SRR32774200.bin.23,Bacteria,Pseudomonadota,Gammaproteobacteria,Pseudomonadales,Moraxellaceae,Psychrobacter,Unclassified
SRR32774200.bin.33,Bacteria,Pseudomonadota,Gammaproteobacteria,Enterobacterales,Vibrionaceae,Vibrio,Vibrio sp014694375
SRR32774200.bin.7,Bacteria,Pseudomonadota,Gammaproteobacteria,Pseudomonadales,Pseudomonadaceae,Pseudomonas_E,Pseudomonas_E reinekei
SRR32774201.bin.16,Bacteria,Pseudomonadota,Alphaproteobacteria,Rhodobacterales,Rhodobacteraceae,Sulfitobacter,Sulfitobacter dubius
SRR32774201.bin.24,Bacteria,Pseudomonadota,Gammaproteobacteria,Enterobacterales,Alteromonadaceae,Pseudidiomarina,Pseudidiomarina gelatinasegens
SRR32774201.bin.28,Bacteria,Bacillota,Bacilli,Bacillales_D,Amphibacillaceae,Virgibacillus,Virgibacillus jordanicus
SRR32774201.bin.29,Bacteria,Pseudomonadota,Gammaproteobacteria,Enterobacterales,Shewanellaceae,Shewanella,Shewanella sp002836315
SRR32774201.bin.30,Bacteria,Pseudomonadota,Gammaproteobacteria,Pseudomonadales,Halomonadaceae,Pistricoccus,Unclassified
SRR32774201.bin.36,Bacteria,Bacillota,Bacilli,Bacillales_B,Bacillaceae_B,Bacillus_BM,Unclassified
SRR32774201.bin.37,Bacteria,Pseudomonadota,Gammaproteobacteria,Enterobacterales,Shewanellaceae,Shewanella,Shewanella litoralis
SRR32774201.bin.40,Bacteria,Bacillota,Bacilli,Bacillales_H,Bacillaceae_D,Alkalicoccobacillus,Unclassified
SRR32774201.bin.41,Bacteria,Pseudomonadota,Gammaproteobacteria,Xanthomonadales,Xanthomonadaceae,Lysobacter_C,Lysobacter_C spongiicola
SRR32774201.bin.44,Bacteria,Pseudomonadota,Alphaproteobacteria,Rhodobacterales,Rhodobacteraceae,Paracoccus,Paracoccus sp001887735
SRR32774201.bin.48,Bacteria,Pseudomonadota,Alphaproteobacteria,Rhodobacterales,Rhodobacteraceae,Pseudooceanicola,Pseudooceanicola nanhaiensis
SRR32774201.bin.50,Bacteria,Pseudomonadota,Alphaproteobacteria,Rhodobacterales,Rhodobacteraceae,Sulfitobacter,Unclassified
SRR32774201.bin.53,Bacteria,Bacillota,Bacilli,Bacillales_A,Planococcaceae,Planococcus,Unclassified
SRR33545835.bin.10,Bacteria,Pseudomonadota,Alphaproteobacteria,Caulobacterales,Parvularculaceae,Hyphococcus,Unclassified
SRR33545835.bin.6,Bacteria,Pseudomonadota,Gammaproteobacteria,Steroidobacterales,Steroidobacteraceae,Steroidobacter_A,Unclassified
SRR33545836.bin.15,Bacteria,Pseudomonadota,Gammaproteobacteria,Enterobacterales,Alteromonadaceae,Idiomarina,Unclassified
SRR33545836.bin.24,Bacteria,Bacteroidota,Bacteroidia,Flavobacteriales,Flavobacteriaceae,Mariniflexile,Mariniflexile sp002848895
SRR33545837.bin.1,Bacteria,Actinomycetota,Acidimicrobiia,UBA5794,ZC4RG35,JACCTH01,Unclassified
SRR33545837.bin.16,Bacteria,Gemmatimonadota,Gemmatimonadetes,Gemmatimonadales,GWC2-71-9,Palsa-1233,Unclassified
SRR33545837.bin.19,Bacteria,Pseudomonadota,Gammaproteobacteria,Burkholderiales,Nitrosomonadaceae,Nitrosomonas,Nitrosomonas nitrosa
SRR33545837.bin.20,Bacteria,Pseudomonadota,Alphaproteobacteria,Sphingomonadales,Sphingomonadaceae,Sphingobium,Unclassified
SRR33545837.bin.24,Bacteria,Acidobacteriota,Thermoanaerobaculia,Multivoradales,UBA5704,Unclassified,Unclassified
SRR33545838.bin.14,Bacteria,Actinomycetota,Nitriliruptoria,Nitriliruptorales,Nitriliruptoraceae,Unclassified,Unclassified
SRR33545838.bin.15,Bacteria,Actinomycetota,Acidimicrobiia,UBA5794,ZC4RG35,JANQRA01,Unclassified
SRR33545838.bin.6,Bacteria,Gemmatimonadota,Gemmatimonadetes,JACCXV01,JAHWKZ01,JAICNR01,Unclassified
SRR33545843.bin.11,Bacteria,Acidobacteriota,Thermoanaerobaculia,Multivoradales,UBA5704,Unclassified,Unclassified
SRR33545844.bin.1,Bacteria,Acidobacteriota,Thermoanaerobaculia,Multivoradales,Unclassified,Unclassified,Unclassified
SRR33545844.bin.7,Bacteria,Chloroflexota,Anaerolineae,Aggregatilineales,Phototrophicaceae,Flexifilum,Unclassified
SRR33545845.bin.2,Bacteria,Pseudomonadota,Gammaproteobacteria,Burkholderiales,Nitrosomonadaceae,Nitrosospira,Unclassified
SRR34563345.bin.1,Bacteria,Cyanobacteriota,Cyanobacteriia,CAKZMO01,CAKZMO01,Unclassified,Unclassified
SRR34563345.bin.16,Bacteria,Chloroflexota,Anaerolineae,Aggregatilineales,Phototrophicaceae,JAUZRW01,Unclassified
SRR34563345.bin.19,Bacteria,Cyanobacteriota,Cyanobacteriia,Cyanobacteriales,SIO1D9,IIICB1,Unclassified
SRR34563345.bin.2,Bacteria,Cyanobacteriota,Cyanobacteriia,Elainellales,Elainellaceae,Unclassified,Unclassified
SRR34563345.bin.20,Bacteria,Pseudomonadota,Gammaproteobacteria,Burkholderiales,Burkholderiaceae,Hylemonella,Unclassified
SRR34563345.bin.23,Bacteria,Bacteroidota,Bacteroidia,Chitinophagales,Chitinophagaceae,Sediminibacterium,Sediminibacterium magnilacihabitans
SRR34563345.bin.28,Bacteria,Bacteroidota,Rhodothermia,Balneolales,Balneolaceae,Fodinibius,Unclassified
SRR34563345.bin.31,Bacteria,Bacteroidota,Rhodothermia,Rhodothermales,Salinibacteraceae,Salinibacter,Unclassified
SRR34563345.bin.33,Bacteria,Pseudomonadota,Alphaproteobacteria,Rhizobiales,Beijerinckiaceae,Salinarimonas,Unclassified
SRR34563345.bin.37,Bacteria,Chloroflexota,Anaerolineae,Aggregatilineales,Phototrophicaceae,JAUZRW01,Unclassified
SRR34563345.bin.39,Bacteria,Cyanobacteriota,Cyanobacteriia,Phormidesmiales,Phormidesmiaceae,CCP5,Unclassified
SRR34563345.bin.47,Bacteria,Bacteroidota,Rhodothermia,Rhodothermales,Salinibacteraceae,Longibacter,Unclassified
SRR34563345.bin.48,Bacteria,Chloroflexota,Anaerolineae,Aggregatilineales,Phototrophicaceae,JAUZRW01,Unclassified
SRR34563345.bin.49,Bacteria,Cyanobacteriota,Cyanobacteriia,Cyanobacteriales,Coleofasciculaceae,Unclassified,Unclassified
SRR34563345.bin.5,Bacteria,Bacteroidota,Bacteroidia,Cytophagales,Cyclobacteriaceae,Fulvivirga,Unclassified
SRR34563345.bin.53,Bacteria,Cyanobacteriota,Cyanobacteriia,Cyanobacteriales,Microcoleaceae,Limnoraphis,Unclassified
SRR34576098.bin.10,Bacteria,Chlamydiota,Chlamydiia,Chlamydiales,Simkaniaceae,Neptunochlamydia,Unclassified
SRR34576098.bin.12,Bacteria,Chlamydiota,Chlamydiia,Chlamydiales,SM23-39,Unclassified,Unclassified
SRR34576098.bin.14,Bacteria,Pseudomonadota,Gammaproteobacteria,UBA4486,UBA4486,SZUA-592,Unclassified
SRR34576098.bin.15,Bacteria,Desulfobacterota_D,UBA1144,UBA2774,UBA2774,CR02bin9,Unclassified
SRR34576098.bin.8,Bacteria,Bacteroidota,Bacteroidia,Cytophagales,Cyclobacteriaceae,JAHEMU01,Unclassified
SRR34576099.bin.14,Bacteria,Pseudomonadota,Gammaproteobacteria,UBA4486,UBA4486,SMWN01,Unclassified
SRR34576099.bin.3,Bacteria,Pseudomonadota,Gammaproteobacteria,Woeseiales,Woeseiaceae,Woeseia,Unclassified
SRR34576099.bin.31,Bacteria,Actinomycetota,UBA4738,JAHWKV01,JAHWKV01,JAJCYE01,Unclassified
SRR34576099.bin.4,Bacteria,Pseudomonadota,Gammaproteobacteria,Nevskiales,Nevskiaceae,Panacagrimonas,Unclassified
SRR34576099.bin.41,Bacteria,Pseudomonadota,Gammaproteobacteria,Xanthomonadales,SZUA-36,SHZL01,Unclassified
SRR34576099.bin.42,Bacteria,Pseudomonadota,Gammaproteobacteria,Pseudomonadales,Nitrincolaceae,Marinobacterium_A,Marinobacterium_A rhizophilum
SRR34576099.bin.47,Bacteria,Cyanobacteriota,Cyanobacteriia,CAKZMO01,CAKZMO01,CAKZMO01,Unclassified
SRR34576099.bin.51,Bacteria,Cyanobacteriota,Cyanobacteriia,Phormidesmiales,Phormidesmiaceae,Unclassified,Unclassified
SRR34576099.bin.55,Bacteria,Pseudomonadota,Gammaproteobacteria,Pseudomonadales,Nitrincolaceae,Amphritea,Amphritea atlantica_B
SRR34576099.bin.57,Bacteria,Bacteroidota,Rhodothermia,Balneolales,Balneolaceae,Gracilimonas,Unclassified
SRR34576099.bin.61,Bacteria,Actinomycetota,Nitriliruptoria,Nitriliruptorales,Nitriliruptoraceae,Unclassified,Unclassified
SRR34576099.bin.67,Bacteria,Pseudomonadota,Alphaproteobacteria,Rhodobacterales,Rhodobacteraceae,Amylibacter,Unclassified
SRR34576099.bin.69,Bacteria,Pseudomonadota,Gammaproteobacteria,Pseudomonadales,Azotimanducaceae_A,UBA7803,Unclassified
SRR34576099.bin.7,Bacteria,Pseudomonadota,Alphaproteobacteria,Rhodobacterales,Rhodobacteraceae,Aliishimia,Unclassified
SRR34576099.bin.72,Bacteria,Gemmatimonadota,Gemmatimonadetes,Longimicrobiales,UBA6960,IDS-52,Unclassified
SRR34576099.bin.76,Bacteria,Verrucomicrobiota,Verrucomicrobiae,Limisphaerales,RI-55,Unclassified,Unclassified
SRR34576099.bin.85,Bacteria,Bacteroidota,Bacteroidia,Flavobacteriales,Flavobacteriaceae,Gramella,Unclassified
SRR34576099.bin.89,Bacteria,Pseudomonadota,Gammaproteobacteria,Pseudomonadales,Halomonadaceae,Halomonas,Halomonas ventosae
SRR34576099.bin.93,Bacteria,Gemmatimonadota,Gemmatimonadetes,Gemmatimonadales,Gemmatimonadaceae,PNKF01,Unclassified
SRR34576099.bin.94,Bacteria,Gemmatimonadota,Gemmatimonadetes,Gemmatimonadales,GWC2-71-9,Palsa-1233,Unclassified
SRR34576099.bin.95,Bacteria,Pseudomonadota,Gammaproteobacteria,Nitrosococcales,Methylophagaceae,GCA-002733105,Unclassified
SRR5209947.bin.10,Bacteria,Pseudomonadota,Gammaproteobacteria,Nitrococcales,Nitrococcaceae,Spiribacter,Unclassified
SRR5209947.bin.14,Bacteria,Bacteroidota,Bacteroidia,Flavobacteriales,Flavobacteriaceae,Psychroflexus,Psychroflexus sp913056525
SRR5209947.bin.2,Bacteria,Actinomycetota,Actinomycetes,Actinomycetales,Microbacteriaceae,CAJXVY01,Unclassified
SRR5210209.bin.14,Bacteria,Actinomycetota,Actinomycetes,Actinomycetales,Microbacteriaceae,Pontimonas,Unclassified
SRR5210209.bin.5,Bacteria,Actinomycetota,Actinomycetes,S36-B12,S36-B12,S36-B12,Unclassified
SRR5210317.bin.12,Bacteria,Bacteroidota,Bacteroidia,Flavobacteriales,Flavobacteriaceae,MAG-120531,MAG-120531 sp937136755
SRR5210317.bin.18,Bacteria,Pseudomonadota,Gammaproteobacteria,Chromatiales,Sedimenticolaceae,VMDJ01,VMDJ01 sp008080925
SRR6056279.bin.17,Bacteria,Pseudomonadota,Alphaproteobacteria,Rhodobacterales,Rhodobacteraceae,HIMB11,Unclassified
SRR6056279.bin.18,Bacteria,Bacteroidota,Bacteroidia,Flavobacteriales,Flavobacteriaceae,MS024-2A,MS024-2A sp017852075
SRR6056279.bin.21,Bacteria,Pseudomonadota,Gammaproteobacteria,Pseudomonadales,Litorivicinaceae,HIMB30,HIMB30 sp002691485
SRR6056279.bin.4,Bacteria,Bacteroidota,Bacteroidia,Flavobacteriales,Flavobacteriaceae,MAG-120531,MAG-120531 sp013373635
SRR6056296.bin.12,Bacteria,Bacteroidota,Bacteroidia,Flavobacteriales,Flavobacteriaceae,Psychroflexus,Unclassified
SRR6056296.bin.14,Bacteria,Bacteroidota,Bacteroidia,Flavobacteriales,Schleiferiaceae,CAJXMS01,CAJXMS01 sp913056475
SRR6056296.bin.15,Bacteria,Bacteroidota,Bacteroidia,Flavobacteriales,Flavobacteriaceae,Psychroflexus,Unclassified
SRR6056296.bin.19,Bacteria,Pseudomonadota,Gammaproteobacteria,Nitrococcales,Nitrococcaceae,Spiribacter,Spiribacter sp913061005
SRR6056296.bin.20,Bacteria,Pseudomonadota,Gammaproteobacteria,Pseudomonadales,Halomonadaceae,Vreelandella,Unclassified
SRR6056296.bin.3,Bacteria,Pseudomonadota,Gammaproteobacteria,Thiotrichales,Thiotrichaceae,Thiolinea,Unclassified
SRR6056296.bin.38,Bacteria,Pseudomonadota,Gammaproteobacteria,Halothiobacillales,Halothiobacillaceae,Guyparkeria,Unclassified
SRR6056300.bin.10,Bacteria,Pseudomonadota,Gammaproteobacteria,Pseudomonadales,Pseudohongiellaceae,RFVC01,RFVC01 sp030828385
SRR6056300.bin.12,Bacteria,Bacteroidota,Bacteroidia,Flavobacteriales,Flavobacteriaceae,MS024-2A,MS024-2A sp017851655
SRR6056300.bin.14,Bacteria,Bacteroidota,Bacteroidia,Flavobacteriales,Schleiferiaceae,UBA10364,UBA10364 sp018402665
SRR6056300.bin.17,Bacteria,Pseudomonadota,Gammaproteobacteria,Burkholderiales,Methylophilaceae,BACL14,BACL14 sp017852315
SRR6056300.bin.19,Bacteria,Pseudomonadota,Alphaproteobacteria,Rhodobacterales,Rhodobacteraceae,HIMB11,HIMB11 sp003486095
SRR6056300.bin.29,Bacteria,Pseudomonadota,Gammaproteobacteria,Pseudomonadales,Halieaceae,Aequoribacter,Unclassified
SRR6056300.bin.8,Bacteria,Pseudomonadota,Alphaproteobacteria,Puniceispirillales,Puniceispirillaceae,UBA3439,UBA3439 sp017859295
SRR7976302.bin.15,Bacteria,Myxococcota,Polyangia,Polyangiales,Polyangiaceae,NIC37A-2,Unclassified
SRR7976302.bin.19,Bacteria,Pseudomonadota,Gammaproteobacteria,Pseudomonadales,Cellvibrionaceae,1162T-S-0a-05,Unclassified
SRR7976302.bin.2,Bacteria,Planctomycetota,GCA-002687715,GCA-002687715,DRQF01,JACKGY01,Unclassified
SRR7976302.bin.20,Bacteria,Bacteroidota,Bacteroidia,Cytophagales,Cyclobacteriaceae,ZC4RG29,Unclassified
SRR7976302.bin.25,Bacteria,Bacteroidota,Bacteroidia,Chitinophagales,Chitinophagaceae,Terrimonas_A,Unclassified
SRR7976302.bin.32,Bacteria,Bacteroidota,Bacteroidia,Flavobacteriales,Flavobacteriaceae,Flagellimonas,Unclassified
SRR7976302.bin.36,Bacteria,Chloroflexota,Anaerolineae,Aggregatilineales,Aggregatilineaceae,DYGX01,Unclassified
SRR7976302.bin.4,Bacteria,Bacteroidota,Bacteroidia,Flavobacteriales,Flavobacteriaceae,Abyssalbus,Unclassified
SRR7976302.bin.5,Bacteria,Bacteroidota,Bacteroidia,Cytophagales,Cyclobacteriaceae,ZC4RG29,Unclassified
SRR7976302.bin.8,Bacteria,Myxococcota,Polyangia,Nannocystales,Nannocystaceae,Unclassified,Unclassified
SRR7976303.bin.17,Bacteria,Bacillota,Bacilli,Lactobacillales,Lactobacillaceae,Lactiplantibacillus,Lactiplantibacillus plantarum
SRR7976303.bin.18,Bacteria,Chloroflexota,Anaerolineae,Aggregatilineales,Phototrophicaceae,Flexifilum,Unclassified
SRR7976303.bin.23,Bacteria,Bacteroidota,Rhodothermia,Rhodothermales,JAAAOL01,JAUIDY01,Unclassified
SRR7976303.bin.29,Bacteria,Myxococcota,Polyangia,Polyangiales,Polyangiaceae,JAICQQ01,Unclassified
SRR9952631.bin.10,Bacteria,Pseudomonadota,Alphaproteobacteria,Sphingomonadales,Sphingomonadaceae,Allosphingosinicella,Unclassified
SRR9952631.bin.13,Bacteria,Pseudomonadota,Gammaproteobacteria,Steroidobacterales,Steroidobacteraceae,JAIBJL01,Unclassified
SRR9952631.bin.15,Bacteria,Actinomycetota,Actinomycetes,Propionibacteriales,Propionibacteriaceae,JAJTCL01,Unclassified
SRR9952631.bin.18,Bacteria,Desulfobacterota_B,Binatia,UBA9968,UBA9968,DP-20,Unclassified
SRR9952631.bin.2,Bacteria,Actinomycetota,Nitriliruptoria,Euzebyales,JAHELV01,Unclassified,Unclassified
SRR9952631.bin.20,Bacteria,Actinomycetota,Thermoleophilia,Solirubrobacterales,Sep-70,VRUE01,Unclassified
SRR9952631.bin.27,Bacteria,Pseudomonadota,Alphaproteobacteria,Rhizobiales,Aestuariivirgaceae,Aestuariivirga,Unclassified
SRR9952631.bin.29,Bacteria,Pseudomonadota,Gammaproteobacteria,CAJXQU01,CAJXQU01,Unclassified,Unclassified
SRR9952631.bin.30,Bacteria,Pseudomonadota,Gammaproteobacteria,Burkholderiales,SG8-39,SCGC-AG-212-J23,Unclassified
SRR9952631.bin.31,Bacteria,Verrucomicrobiota,Verrucomicrobiae,Chthoniobacterales,UBA10450,CATPCN01,Unclassified
SRR9952631.bin.6,Bacteria,Methylomirabilota,Methylomirabilia,Rokubacteriales,CSP1-6,CAMLFJ01,Unclassified
SRR9952631.bin.9,Bacteria,Gemmatimonadota,Gemmatimonadetes,Gemmatimonadales,GWC2-71-9,JABFSM01,Unclassified
SRR9952634.bin.9,Bacteria,Actinomycetota,CALGFH01,CALGFH01,CALGFH01,CALGFH01,CALGFH01 sp937881255
SRR9952635.bin.2,Bacteria,Actinomycetota,Acidimicrobiia,UBA5794,UBA5794,JACDBE01,Unclassified
SRR9952635.bin.24,Bacteria,Actinomycetota,Actinomycetes,JACCYY01,JACCYY01,Unclassified,Unclassified
SRR9952635.bin.28,Bacteria,Pseudomonadota,Gammaproteobacteria,Pseudomonadales,Cellvibrionaceae,Cellvibrio,Unclassified
SRR9952635.bin.29,Bacteria,Gemmatimonadota,Gemmatimonadetes,Gemmatimonadales,Gemmatimonadaceae,JACDCY01,Unclassified
SRR9952635.bin.32,Bacteria,Chloroflexota,Chloroflexia,Thermomicrobiales,UBA6265,CADCWJ01,Unclassified
SRR9952635.bin.35,Bacteria,Bacteroidota,Bacteroidia,Chitinophagales,Chitinophagaceae,Unclassified,Unclassified
SRR9952635.bin.46,Bacteria,Gemmatimonadota,Gemmatimonadetes,Gemmatimonadales,Gemmatimonadaceae,Unclassified,Unclassified
SRR9952635.bin.49,Bacteria,Cyanobacteriota,Cyanobacteriia,Cyanobacteriales,Microcoleaceae,Microcoleus,Unclassified
SRR9952635.bin.51,Bacteria,Actinomycetota,Thermoleophilia,Solirubrobacterales,Solirubrobacteraceae,CADCVQ01,Unclassified
SRR9952635.bin.59,Bacteria,Actinomycetota,Actinomycetes,Mycobacteriales,Geodermatophilaceae,JACCQS01,Unclassified
SRR9952635.bin.60,Bacteria,Actinomycetota,UBA4738,JAHWKV01,JAHWKV01,JAJCYE01,Unclassified
SRR9952635.bin.61,Bacteria,Gemmatimonadota,Gemmatimonadetes,Gemmatimonadales,Gemmatimonadaceae,Unclassified,Unclassified
SRR9952635.bin.65,Bacteria,Actinomycetota,UBA4738,CADDZG01,WHSQ01,JACDDL01,JACDDL01 sp030860205
SRR9952635.bin.66,Bacteria,Chloroflexota,Limnocylindria,P2-11E,P2-11E,JACDAF01,Unclassified
SRR9952635.bin.70,Bacteria,Actinomycetota,Nitriliruptoria,Euzebyales,Egibacteraceae,JAHWKQ01,Unclassified
SRR9952635.bin.71,Bacteria,Actinomycetota,Thermoleophilia,Solirubrobacterales,Thermoleophilaceae,JAUJOA01,Unclassified
13-b.bin.1,Archaea,Thermoplasmatota,SW-10-69-26,SW-10-69-26,Unclassified,Unclassified,Unclassified
13-b.bin.62,Archaea,Halobacteriota,Halobacteria,Halobacteriales,Unclassified,Unclassified,Unclassified
14-C.bin.44,Archaea,Thermoplasmatota,E2,JACPAO01,JAHWKR01,Unclassified,Unclassified
17-A.bin.26,Archaea,Thermoplasmatota,SW-10-69-26,SW-10-69-26,Unclassified,Unclassified,Unclassified
17-B.bin.108,Archaea,Thermoplasmatota,SW-10-69-26,SW-10-69-26,SW-10-69-26,Unclassified,Unclassified
17-B.bin.109,Archaea,Thermoproteota,Nitrososphaeria,Nitrososphaerales,Nitrososphaeraceae,Nitrososphaera,Unclassified
17-B.bin.113,Archaea,Thermoplasmatota,E2,JACPAO01,JACPAO01,Unclassified,Unclassified
17-B.bin.164,Archaea,Nanoarchaeota,Nanoarchaeia,Woesearchaeales,JAGVZT01,JAGVZT01,Unclassified
17-B.bin.201,Archaea,Thermoplasmatota,E2,JACPAO01,JAHFTW01,JANQNI01,Unclassified
17-C.bin.13,Archaea,Thermoplasmatota,SW-10-69-26,SW-10-69-26,SW-10-69-26,Unclassified,Unclassified
17-C.bin.137,Archaea,Thermoplasmatota,SW-10-69-26,JACQPN01,JAJPHT01,Unclassified,Unclassified
17-C.bin.161,Archaea,Thermoplasmatota,E2,JACPAO01,JACPAO01,Unclassified,Unclassified
17-C.bin.178,Archaea,Thermoproteota,Nitrososphaeria,Nitrososphaerales,Nitrosopumilaceae,Unclassified,Unclassified
18-A.bin.45,Archaea,Thermoplasmatota,E2,JACPAO01,JACPAO01,Unclassified,Unclassified
18-A.bin.7,Archaea,Thermoproteota,Nitrososphaeria,Nitrososphaerales,Nitrososphaeraceae,Nitrososphaera,Unclassified
2-b.bin.42,Archaea,Thermoplasmatota,E2,JACPAO01,JACPAO01,Unclassified,Unclassified
4-C.bin.22,Archaea,Thermoproteota,Nitrososphaeria,Nitrososphaerales,Nitrosopumilaceae,Unclassified,Unclassified
6-B.bin.41,Archaea,Thermoproteota,Nitrososphaeria,Nitrososphaerales,Nitrosopumilaceae,Unclassified,Unclassified
6-B.bin.52,Archaea,Thermoplasmatota,E2,JACPAO01,JACPAO01,Unclassified,Unclassified
7-c.bin.57,Archaea,Thermoplasmatota,SW-10-69-26,SW-10-69-26,SW-10-69-26,Unclassified,Unclassified
7-D.bin.12,Archaea,Thermoplasmatota,Thermoplasmata,RBG-16-68-12,JAJISG01,Unclassified,Unclassified
9-D.bin.44,Archaea,Thermoplasmatota,SW-10-69-26,SW-10-69-26,Unclassified,Unclassified,Unclassified
SRR14626313.bin.26,Archaea,Halobacteriota,Halobacteria,Halobacteriales,Haloferacaceae,Halorubrum,Unclassified
SRR14626314.bin.11,Archaea,Nanohaloarchaeota,Nanosalinia,Nanosalinales,Nanosalinaceae,B1-Br10-U2g21,Unclassified
SRR14626314.bin.16,Archaea,Nanohaloarchaeota,Nanosalinia,Nanosalinales,Nanosalinaceae,Nanosalina,Unclassified
SRR14626314.bin.17,Archaea,Nanohaloarchaeota,Nanosalinia,Nanosalinales,Nanosalinaceae,M3-22,Unclassified
SRR14626314.bin.2,Archaea,Halobacteriota,Halobacteria,Halobacteriales,Haloferacaceae,Halorubrum,Unclassified
SRR14626314.bin.21,Archaea,Halobacteriota,Halobacteria,Halobacteriales,Haloferacaceae,Haloplanus,Unclassified
SRR14626314.bin.23,Archaea,Halobacteriota,Halobacteria,Halobacteriales,Haloarculaceae,Halosegnis,Halosegnis rubeus
SRR14626314.bin.24,Archaea,Halobacteriota,Halobacteria,Halobacteriales,Haloarculaceae,Natronomonas,Unclassified
SRR14626314.bin.3,Archaea,Halobacteriota,Halobacteria,Halobacteriales,Haloferacaceae,Halobellus,Unclassified
SRR14626314.bin.6,Archaea,Halobacteriota,Halobacteria,Halobacteriales,Haloarculaceae,Natronomonas,Unclassified
SRR14626314.bin.8,Archaea,Halobacteriota,Halobacteria,Halobacteriales,Haloferacaceae,Haloquadratum,Haloquadratum walsbyi
SRR19594459.bin.44,Archaea,Halobacteriota,Halobacteria,Halobacteriales,Haloferacaceae,Haloplanus,Unclassified
SRR19594459.bin.68,Archaea,Halobacteriota,Halobacteria,Halobacteriales,Haloferacaceae,Halobaculum,Unclassified
SRR19594460.bin.17,Archaea,Thermoproteota,Nitrososphaeria,Nitrososphaerales,Nitrosopumilaceae,DRGT01,Unclassified
SRR19594461.bin.14,Archaea,Halobacteriota,Halobacteria,Halobacteriales,Haloarculaceae,Haloglomus,Unclassified
SRR19594461.bin.48,Archaea,Halobacteriota,Halobacteria,Halobacteriales,Haloferacaceae,Unclassified,Unclassified
SRR19594461.bin.7,Archaea,Halobacteriota,Halobacteria,Halobacteriales,Haloferacaceae,Halogeometricum,Unclassified
SRR19594463.bin.12,Archaea,Halobacteriota,Halobacteria,Halobacteriales,Haloarculaceae,Haloarcula,Unclassified
SRR19594463.bin.17,Archaea,Halobacteriota,Halobacteria,Halobacteriales,Natrialbaceae,Halorubellus,Unclassified
SRR19594463.bin.44,Archaea,Halobacteriota,Halobacteria,Halobacteriales,Haloferacaceae,Unclassified,Unclassified
SRR19594463.bin.6,Archaea,Halobacteriota,Halobacteria,Halobacteriales,Haloarculaceae,Haloarcula,Unclassified
SRR19594464.bin.9,Archaea,Thermoproteota,Nitrososphaeria,Nitrososphaerales,Nitrosopumilaceae,Unclassified,Unclassified
SRR19594465.bin.41,Archaea,Halobacteriota,Halobacteria,Halobacteriales,Haloferacaceae,Haloplanus,Unclassified
SRR19594465.bin.52,Archaea,Halobacteriota,Halobacteria,Halobacteriales,Haloferacaceae,Salinirubrum,Unclassified
SRR19594467.bin.37,Archaea,Halobacteriota,Halobacteria,Halobacteriales,Haloferacaceae,Halobaculum,Unclassified
SRR19594467.bin.65,Archaea,Thermoplasmatota,SW-10-69-26,SW-10-69-26,SW-10-69-26,Unclassified,Unclassified
SRR19594467.bin.68,Archaea,Halobacteriota,Halobacteria,Halobacteriales,Haloarculaceae,Halosegnis,Unclassified
SRR19594469.bin.1,Archaea,Halobacteriota,Halobacteria,Halobacteriales,Halobacteriaceae,Halodesulfurarchaeum,Unclassified
SRR19594469.bin.14,Archaea,Halobacteriota,Halobacteria,Halobacteriales,Halobacteriaceae,Halodesulfurarchaeum,Unclassified
SRR21412968.bin.14,Archaea,Halobacteriota,Halobacteria,Halobacteriales,Haloarculaceae,Natronomonas,Unclassified
SRR21412970.bin.24,Archaea,Halobacteriota,Halobacteria,Halobacteriales,Haladaptataceae,Halorussus,Unclassified
SRR21412970.bin.44,Archaea,Thermoplasmatota,SW-10-69-26,SW-10-69-26,SW-10-69-26,Unclassified,Unclassified
SRR21412971.bin.34,Archaea,Halobacteriota,Halobacteria,Halobacteriales,Halalkalicoccaceae,Halalkalicoccus,Unclassified
SRR21412971.bin.45,Archaea,Halobacteriota,Halobacteria,Halobacteriales,Salinarchaeaceae,Salinarchaeum,Unclassified
SRR21412972.bin.42,Archaea,Halobacteriota,Halobacteria,Halobacteriales,Haladaptataceae,Halorussus,Unclassified
SRR21412972.bin.68,Archaea,Halobacteriota,Halobacteria,Halobacteriales,Unclassified,Unclassified,Unclassified
SRR21412973.bin.15,Archaea,Halobacteriota,Halobacteria,Halobacteriales,Halobacteriaceae,Unclassified,Unclassified
SRR21412973.bin.17,Archaea,Halobacteriota,Halobacteria,Halobacteriales,Haloarculaceae,Unclassified,Unclassified
SRR21412973.bin.19,Archaea,Halobacteriota,Halobacteria,Halobacteriales,Haladaptataceae,Haladaptatus,Haladaptatus sp003298465
SRR21412973.bin.9,Archaea,Halobacteriota,Halobacteria,Halobacteriales,Haladaptataceae,Unclassified,Unclassified
SRR21412974.bin.20,Archaea,Nanohaloarchaeota,Nanosalinia,Nanosalinales,Nanohalalkaliarchaeacea,Nanohalalkaliarchaeum,Unclassified
SRR21412974.bin.22,Archaea,Thermoplasmatota,SW-10-69-26,SW-10-69-26,SW-10-69-26,SW-10-69-26,Unclassified
SRR21412975.bin.29,Archaea,Thermoproteota,Nitrososphaeria,Nitrososphaerales,Nitrosopumilaceae,Unclassified,Unclassified
SRR21412976.bin.15,Archaea,Halobacteriota,Halobacteria,Halobacteriales,Unclassified,Unclassified,Unclassified
SRR21412976.bin.23,Archaea,Thermoplasmatota,SW-10-69-26,SW-10-69-26,SW-10-69-26,SW-10-69-26,Unclassified
SRR21412976.bin.3,Archaea,Halobacteriota,Halobacteria,Halobacteriales,Haloarculaceae,Unclassified,Unclassified
SRR21412976.bin.9,Archaea,Thermoplasmatota,SW-10-69-26,SW-10-69-26,SW-10-69-26,SW-10-69-26,Unclassified
SRR21412977.bin.17,Archaea,Halobacteriota,Halobacteria,Halobacteriales,Haloferacaceae,Unclassified,Unclassified
SRR21412979.bin.18,Archaea,Halobacteriota,Halobacteria,Halobacteriales,Natrialbaceae,Unclassified,Unclassified
SRR21412979.bin.29,Archaea,Halobacteriota,Halobacteria,Halobacteriales,Natrialbaceae,Saliphagus,Unclassified
SRR21412979.bin.34,Archaea,Halobacteriota,Halobacteria,Halobacteriales,Natrialbaceae,Halopiger,Unclassified
SRR21412979.bin.35,Archaea,Halobacteriota,Halobacteria,Halobacteriales,Haloferacaceae,Halolamina,Unclassified
SRR21412980.bin.11,Archaea,Thermoplasmatota,SW-10-69-26,SW-10-69-26,SW-10-69-26,SW-10-69-26,Unclassified
SRR21412980.bin.18,Archaea,Halobacteriota,Halobacteria,Halobacteriales,Haloarculaceae,Unclassified,Unclassified
SRR21412981.bin.1,Archaea,Halobacteriota,Halobacteria,Halobacteriales,SKNY01,SKNY01,Unclassified
SRR21412981.bin.11,Archaea,Halobacteriota,Halobacteria,Halobacteriales,SW-7-71-33,SW-7-71-33,Unclassified
SRR21412983.bin.10,Archaea,Thermoplasmatota,SW-10-69-26,SW-10-69-26,Unclassified,Unclassified,Unclassified
SRR21412983.bin.17,Archaea,Halobacteriota,Halobacteria,Halobacteriales,Haloarculaceae,Unclassified,Unclassified
SRR21412983.bin.23,Archaea,Thermoplasmatota,SW-10-69-26,SW-10-69-26,Unclassified,Unclassified,Unclassified
SRR21412983.bin.3,Archaea,Halobacteriota,Halobacteria,Halobacteriales,Haloarculaceae,Natronomonas,Unclassified
SRR21412983.bin.35,Archaea,Halobacteriota,Halobacteria,Halobacteriales,Haloarculaceae,Salinibaculum,Unclassified
SRR21412983.bin.9,Archaea,Halobacteriota,Halobacteria,Halobacteriales,Unclassified,Unclassified,Unclassified
SRR21412984.bin.1,Archaea,Halobacteriota,Halobacteria,Halobacteriales,Haloferacaceae,Halohasta,Unclassified
SRR21412984.bin.15,Archaea,Halobacteriota,Halobacteria,Halobacteriales,Unclassified,Unclassified,Unclassified
SRR21412984.bin.21,Archaea,Halobacteriota,Halobacteria,Halobacteriales,Haloferacaceae,J07HR59,Unclassified
SRR21412984.bin.31,Archaea,Halobacteriota,Halobacteria,Halobacteriales,Haloarculaceae,Unclassified,Unclassified
SRR21412984.bin.6,Archaea,Halobacteriota,Halobacteria,Halobacteriales,Haloferacaceae,Halohasta,Unclassified
SRR21412985.bin.12,Archaea,Halobacteriota,Halobacteria,Halobacteriales,Halalkalicoccaceae,Halalkalicoccus,Unclassified
SRR21412985.bin.27,Archaea,Halobacteriota,Halobacteria,Halobacteriales,SKNY01,SKQO01,Unclassified
SRR21412985.bin.4,Archaea,Thermoplasmatota,SW-10-69-26,SW-10-69-26,SW-10-69-26,PWVY01,Unclassified
SRR21412985.bin.8,Archaea,Thermoplasmatota,SW-10-69-26,SW-10-69-26,SW-10-69-26,PWVY01,Unclassified
SRR21412985.bin.9,Archaea,Halobacteriota,Halobacteria,Halobacteriales,Haloarculaceae,Unclassified,Unclassified
SRR21412986.bin.17,Archaea,Nanoarchaeota,Nanoarchaeia,SCGC-AAA011-G17,GW2011-AR17,JAHIMK01,Unclassified
SRR21412986.bin.33,Archaea,Halobacteriota,Halobacteria,Halobacteriales,PXRE01,PXRE01,Unclassified
SRR21412986.bin.41,Archaea,Halobacteriota,Halobacteria,Halobacteriales,Haloarculaceae,Natronomonas,Unclassified
SRR21412986.bin.51,Archaea,Halobacteriota,Halobacteria,Halobacteriales,Halobacteriaceae,Unclassified,Unclassified
SRR21412986.bin.83,Archaea,Nanoarchaeota,Nanoarchaeia,Woesearchaeales,JACJVW01,Unclassified,Unclassified
SRR21412987.bin.13,Archaea,Halobacteriota,Halobacteria,Halobacteriales,Haloarculaceae,Natronomonas,Unclassified
SRR21412988.bin.1,Archaea,Halobacteriota,Halobacteria,Halobacteriales,Salinarchaeaceae,Salinarchaeum,Unclassified
SRR21412988.bin.15,Archaea,Halobacteriota,Halobacteria,Halobacteriales,Halobacteriaceae,Unclassified,Unclassified
SRR21412989.bin.13,Archaea,Halobacteriota,Halobacteria,Halobacteriales,PXRE01,PXRE01,Unclassified
SRR21412989.bin.2,Archaea,Nanohaloarchaeota,Nanosalinia,Nanosalinales,Nanohalalkaliarchaeacea,Nanohalalkaliarchaeum,Unclassified
SRR21412989.bin.3,Archaea,Nanohaloarchaeota,Nanosalinia,Nanosalinales,Nanosalinaceae,SVXNc,Unclassified
SRR21412990.bin.18,Archaea,Halobacteriota,Halobacteria,Halobacteriales,Unclassified,Unclassified,Unclassified
SRR21412990.bin.22,Archaea,Halobacteriota,Halobacteria,Halobacteriales,SKNY01,SKNY01,Unclassified
SRR21412992.bin.20,Archaea,Thermoplasmatota,SW-10-69-26,SW-10-69-26,SW-10-69-26,PWVY01,Unclassified
SRR21412994.bin.21,Archaea,Halobacteriota,Halobacteria,Halorutilales,Halorutilaceae,JAQZDA01,Unclassified
SRR21412994.bin.22,Archaea,Thermoplasmatota,SW-10-69-26,SW-10-69-26,SW-10-69-26,PWVY01,Unclassified
SRR21412994.bin.26,Archaea,Thermoplasmatota,SW-10-69-26,SW-10-69-26,SW-10-69-26,Unclassified,Unclassified
SRR21412994.bin.28,Archaea,Halobacteriota,Halobacteria,Halobacteriales,Halalkalicoccaceae,Halalkalicoccus,Unclassified
SRR21412994.bin.40,Archaea,Halobacteriota,Halobacteria,Halobacteriales,Unclassified,Unclassified,Unclassified
SRR21412994.bin.42,Archaea,Thermoplasmatota,SW-10-69-26,SW-10-69-26,SW-10-69-26,PWVY01,Unclassified
SRR21412994.bin.51,Archaea,Halobacteriota,Halobacteria,Halobacteriales,Natrialbaceae,Saliphagus,Unclassified
SRR21412994.bin.7,Archaea,Halobacteriota,Halobacteria,Halobacteriales,SKSH01,SKSH01,Unclassified
SRR21412995.bin.1,Archaea,Nanohaloarchaeota,Nanosalinia,Nanosalinales,Nanohalalkaliarchaeacea,JALIDP01,Unclassified
SRR21412995.bin.14,Archaea,Thermoplasmatota,SW-10-69-26,SW-10-69-26,Unclassified,Unclassified,Unclassified
SRR21412995.bin.27,Archaea,Thermoplasmatota,SW-10-69-26,SW-10-69-26,SW-10-69-26,SW-10-69-26,Unclassified
SRR21412995.bin.31,Archaea,Halobacteriota,Halobacteria,Halorutilales,Halorutilaceae,JAQZDA01,Unclassified
SRR21412995.bin.46,Archaea,Halobacteriota,Halobacteria,Halobacteriales,SKNY01,SKNY01,Unclassified
SRR21412995.bin.53,Archaea,Halobacteriota,Halobacteria,Halobacteriales,SKNY01,SKNY01,Unclassified
SRR21412996.bin.8,Archaea,Halobacteriota,Halobacteria,Halobacteriales,Halobacteriaceae,Unclassified,Unclassified
SRR21413000.bin.22,Archaea,Halobacteriota,Halobacteria,Halobacteriales,Natrialbaceae,Natronococcus,Unclassified
SRR21413000.bin.41,Archaea,Halobacteriota,Halobacteria,Halobacteriales,Natrialbaceae,Saliphagus,Unclassified
SRR21413000.bin.7,Archaea,Halobacteriota,Halobacteria,Halobacteriales,Natrialbaceae,Natronobiforma,Unclassified
SRR21413001.bin.15,Archaea,Halobacteriota,Halobacteria,Halobacteriales,Halalkalicoccaceae,Halalkalicoccus,Unclassified
SRR21413006.bin.35,Archaea,Halobacteriota,Halobacteria,Halobacteriales,Natrialbaceae,Saliphagus,Unclassified
SRR23851177.bin.27,Archaea,Thermoproteota,Nitrososphaeria,Nitrososphaerales,Nitrososphaeraceae,TH5896,Unclassified
SRR23851178.bin.10,Archaea,Halobacteriota,Halobacteria,Halobacteriales,Halobacteriaceae,Unclassified,Unclassified
SRR23851185.bin.6,Archaea,Thermoplasmatota,E2,JACPAO01,JAHFTW01,Unclassified,Unclassified
SRR23851187.bin.3,Archaea,Thermoproteota,Nitrososphaeria,Nitrososphaerales,Nitrosopumilaceae,JACEMX01,JACEMX01 sp025922755
SRR23851188.bin.2,Archaea,Thermoplasmatota,E2,JACPAO01,JAHFTW01,Unclassified,Unclassified
SRR23851190.bin.36,Archaea,Halobacteriota,Halobacteria,Halobacteriales,Haloarculaceae,Salinirubellus,Unclassified
SRR23851190.bin.46,Archaea,Thermoplasmatota,SW-10-69-26,SW-10-69-26,SW-10-69-26,PWVY01,Unclassified
SRR23851191.bin.21,Archaea,Halobacteriota,Halobacteria,Halobacteriales,Haloferacaceae,Halorubrum,Unclassified
SRR23851191.bin.23,Archaea,Halobacteriota,Halobacteria,Halobacteriales,Haloarculaceae,Salinirubellus,Unclassified
SRR23851191.bin.3,Archaea,Thermoplasmatota,Thermoplasmata,RBG-16-68-12,JAJISG01,Unclassified,Unclassified
SRR23851194.bin.31,Archaea,Thermoproteota,Nitrososphaeria,Nitrososphaerales,Nitrosopumilaceae,Unclassified,Unclassified
SRR23851203.bin.24,Archaea,Halobacteriota,Halobacteria,Halobacteriales,Haloarculaceae,Salinirubellus,Unclassified
SRR23851213.bin.14,Archaea,Thermoproteota,Nitrososphaeria,Nitrososphaerales,Nitrosopumilaceae,Nitrosopumilus,Unclassified
SRR26786791.bin.27,Archaea,Nanoarchaeota,Nanoarchaeia,CSSed11-243R1,CSSed11-243R1,JAQTNH01,Unclassified
SRR26786793.bin.29,Archaea,Nanoarchaeota,Nanoarchaeia,Woesearchaeales,JAGWAF01,Unclassified,Unclassified
SRR26786794.bin.29,Archaea,SpSt-1190,SpSt-1190,DYHY01,Unclassified,Unclassified,Unclassified
SRR26786830.bin.1,Archaea,Nanoarchaeota,Nanoarchaeia,Woesearchaeales,UBA11576,Unclassified,Unclassified
SRR29646157.bin.8,Archaea,Thermoproteota,Nitrososphaeria,Nitrososphaerales,Nitrosopumilaceae,Nitrosopumilus,Nitrosopumilus koreensis
SRR29792384.bin.10,Archaea,Thermoproteota,Nitrososphaeria,Nitrososphaerales,Nitrososphaeraceae,Nitrososphaera,Unclassified
SRR29792384.bin.4,Archaea,Thermoproteota,Nitrososphaeria,Nitrososphaerales,Nitrososphaeraceae,TA-21,TA-21 sp014523595
SRR31572237.bin.4,Archaea,Thermoproteota,Nitrososphaeria,Nitrososphaerales,Nitrososphaeraceae,Nitrososphaera,Nitrososphaera sp946480575
SRR31674855.bin.25,Archaea,Thermoproteota,Nitrososphaeria,Nitrososphaerales,Nitrososphaeraceae,TH1177,TH1177 sp025922715
SRR32147493.bin.33,Archaea,Thermoplasmatota,E2,JACPAO01,JAHFTW01,Unclassified,Unclassified
SRR32147494.bin.35,Archaea,Thermoproteota,Nitrososphaeria,Nitrososphaerales,Nitrososphaeraceae,TH5896,TH5896 sp014523695
SRR32147494.bin.57,Archaea,Thermoproteota,Nitrososphaeria,Nitrososphaerales,Nitrososphaeraceae,Nitrosocosmicus,Unclassified
SRR32147495.bin.28,Archaea,Thermoproteota,Nitrososphaeria,Nitrososphaerales,Nitrososphaeraceae,TA-21,Unclassified
SRR32147497.bin.16,Archaea,Thermoproteota,Nitrososphaeria,Nitrososphaerales,Nitrososphaeraceae,JAJNBK01,JAJNBK01 sp021155845
SRR32147498.bin.20,Archaea,Thermoproteota,Nitrososphaeria,Nitrososphaerales,Nitrososphaeraceae,Nitrososphaera,Nitrososphaera sp025922735
SRR32147508.bin.52,Archaea,Thermoproteota,Nitrososphaeria,Nitrososphaerales,Nitrosopumilaceae,Nitrosopumilus,Unclassified
SRR32147509.bin.8,Archaea,Halobacteriota,Halobacteria,Halobacteriales,Unclassified,Unclassified,Unclassified
SRR33545838.bin.9,Archaea,Thermoproteota,Nitrososphaeria,Nitrososphaerales,Nitrososphaeraceae,TH5893,TH5893 sp029240395
SRR34563345.bin.22,Archaea,Halobacteriota,Halobacteria,Halobacteriales,Haloferacaceae,Halalkalirubrum,Unclassified
SRR34563345.bin.34,Archaea,Halobacteriota,Halobacteria,Halobacteriales,Haloferacaceae,Salinirubrum,Unclassified
SRR34563345.bin.52,Archaea,Halobacteriota,Halobacteria,Halobacteriales,Haloarculaceae,Halapricum,Unclassified
SRR34563345.bin.8,Archaea,Halobacteriota,Halobacteria,Halobacteriales,QS-9-68-17,Unclassified,Unclassified
SRR34576099.bin.1,Archaea,Halobacteriota,Halobacteria,Halobacteriales,Haloarculaceae,Haloarcula,Unclassified
SRR34576099.bin.10,Archaea,Thermoplasmatota,E2,JACPAO01,JAHWKR01,Unclassified,Unclassified
SRR34576099.bin.21,Archaea,Halobacteriota,Halobacteria,Halobacteriales,Haloferacaceae,Halolamina,Unclassified
SRR34576099.bin.28,Archaea,Thermoplasmatota,E2,JACPAO01,JAHFTW01,JANQNI01,Unclassified
SRR34576099.bin.34,Archaea,Thermoplasmatota,E2,JACPAO01,JAHFTW01,JANQNI01,Unclassified
SRR34576099.bin.38,Archaea,Halobacteriota,Halobacteria,Halobacteriales,Haloferacaceae,Halolamina,Unclassified
SRR34576099.bin.60,Archaea,Halobacteriota,Halobacteria,Halobacteriales,Haloferacaceae,Halogranum,Unclassified
SRR34576099.bin.65,Archaea,Thermoplasmatota,E2,JACPAO01,JAHFTW01,JANQNI01,Unclassified
SRR34576099.bin.92,Archaea,Halobacteriota,Halobacteria,Halobacteriales,Haloferacaceae,Halolamina,Unclassified
SRR5209947.bin.26,Archaea,Halobacteriota,Halobacteria,Halobacteriales,Haloferacaceae,Haloquadratum,Unclassified
SRR5209947.bin.5,Archaea,Halobacteriota,Halobacteria,Halobacteriales,Haloferacaceae,Haloquadratum,Unclassified
SRR6056296.bin.32,Archaea,Halobacteriota,Halobacteria,Halobacteriales,Haloferacaceae,Haloquadratum,Unclassified
SRR6056296.bin.6,Archaea,Halobacteriota,Halobacteria,Halobacteriales,Haloferacaceae,Halohasta,Unclassified
SRR9952635.bin.50,Archaea,Thermoproteota,Nitrososphaeria,Nitrososphaerales,Nitrososphaeraceae,Nitrosocosmicus,Unclassified
SRR9952635.bin.53,Archaea,Thermoproteota,Nitrososphaeria,Nitrososphaerales,Nitrososphaeraceae,TH5893,Unclassified
